ts,iso,energy_mj,power_mw,util_gpu,mem_used_mib,sm_clock_mhz,temp_c
1784781429.8354,12:37:09,2831138680330,64470,0,23257,2520,37
1784781430.0355,12:37:10,2831138684032,64470,0,23257,2520,37
1784781430.2355,12:37:10,2831138687692,64470,0,23257,2520,37
1784781430.4355,12:37:10,2831138692292,64470,0,23257,2520,37
1784781430.6355,12:37:10,2831138695959,56694,0,23257,405,36
1784781430.8355,12:37:10,2831138699135,56694,0,23257,405,36
1784781431.0355,12:37:11,2831138702203,56694,0,23257,405,36
1784781431.2355,12:37:11,2831138705252,56694,0,23257,405,36
1784781431.4355,12:37:11,2831138708409,56694,0,23257,405,36
1784781431.6355,12:37:11,2831138711464,38962,0,23257,255,36
1784781431.8355,12:37:11,2831138714523,38962,0,23257,255,36
1784781432.0355,12:37:12,2831138717595,38962,0,23257,255,36
1784781432.2355,12:37:12,2831138720634,38962,0,23257,255,36
1784781432.4355,12:37:12,2831138723668,38962,0,23257,255,36
1784781432.6355,12:37:12,2831138726668,27829,0,23257,210,35
1784781432.8355,12:37:12,2831138729662,27829,0,23257,210,35
1784781433.0355,12:37:13,2831138732626,27829,0,23257,210,35
1784781433.2355,12:37:13,2831138735575,27829,0,23257,210,35
1784781433.4355,12:37:13,2831138738569,27829,0,23257,210,35
1784781433.6355,12:37:13,2831138741571,26467,0,23257,210,35
1784781433.8355,12:37:13,2831138744547,26467,0,23257,210,35
1784781434.0355,12:37:14,2831138747488,26467,0,23257,210,35
1784781434.2355,12:37:14,2831138750487,26467,0,23257,210,35
1784781434.4355,12:37:14,2831138753485,26467,0,23257,210,35
1784781434.6355,12:37:14,2831138756500,26315,0,23257,210,35
1784781434.8355,12:37:14,2831138759489,26315,0,23257,210,35
1784781435.0355,12:37:15,2831138762504,26315,0,23257,210,35
1784781435.2355,12:37:15,2831138765493,26315,0,23257,210,35
1784781435.4355,12:37:15,2831138768476,26315,0,23257,210,35
1784781435.6355,12:37:15,2831138771472,26426,0,23257,210,35
1784781435.8355,12:37:15,2831138774448,26426,0,23257,210,35
1784781436.0355,12:37:16,2831138777390,26426,0,23257,210,35
1784781436.2355,12:37:16,2831138780350,26426,0,23257,210,35
1784781436.4355,12:37:16,2831138783284,26426,0,23257,210,35
1784781436.6355,12:37:16,2831138786253,26383,0,23257,210,34
1784781436.8355,12:37:16,2831138789208,26383,0,23257,210,34
1784781437.0355,12:37:17,2831138792200,26383,0,23257,210,34
1784781437.2355,12:37:17,2831138795196,26383,0,23257,210,34
1784781437.4355,12:37:17,2831138798165,26383,0,23257,210,34
1784781437.6355,12:37:17,2831138801131,26341,0,23257,210,34
1784781437.8355,12:37:17,2831138804069,26341,0,23257,210,34
1784781438.0355,12:37:18,2831138807042,26341,0,23257,210,34
1784781438.2355,12:37:18,2831138810002,26341,0,23257,210,34
1784781438.4355,12:37:18,2831138812952,26341,0,23257,210,34
1784781438.6355,12:37:18,2831138815905,26357,0,23257,210,34
1784781438.8355,12:37:18,2831138818860,26357,0,23257,210,34
1784781439.0355,12:37:19,2831138821838,26357,0,23257,210,34
1784781439.2355,12:37:19,2831138824827,26357,0,23257,210,34
1784781439.4355,12:37:19,2831138827809,26357,0,23257,210,34
1784781439.6355,12:37:19,2831138830842,26392,0,23257,210,34
1784781439.8355,12:37:19,2831138833834,26392,0,23257,210,34
1784781440.0355,12:37:20,2831138836815,26392,0,23257,210,34
1784781440.2355,12:37:20,2831138839731,26392,0,23257,210,34
1784781440.4355,12:37:20,2831138842716,26392,0,23257,210,34
1784781440.6355,12:37:20,2831138845671,26624,0,23257,210,33
1784781440.8355,12:37:20,2831138848621,26624,0,23257,210,33
1784781441.0355,12:37:21,2831138851572,26624,0,23257,210,33
1784781441.2355,12:37:21,2831138854532,26624,0,23257,210,33
1784781441.4355,12:37:21,2831138857481,26624,0,23257,210,33
1784781441.6355,12:37:21,2831138860472,26632,0,23257,210,33
1784781441.8355,12:37:21,2831138863447,26632,0,23257,210,33
1784781442.0355,12:37:22,2831138866421,26632,0,23257,210,33
1784781442.2355,12:37:22,2831138869387,26632,0,23257,210,33
1784781442.4355,12:37:22,2831138872330,26632,0,23257,210,33
1784781442.6355,12:37:22,2831138875236,26596,0,23257,210,33
1784781442.8355,12:37:22,2831138878144,26596,0,23257,210,33
1784781443.0355,12:37:23,2831138881055,26596,0,23257,210,33
1784781443.2355,12:37:23,2831138883964,26596,0,23257,210,33
1784781443.4355,12:37:23,2831138886872,26596,0,23257,210,33
1784781443.6355,12:37:23,2831138889749,26497,0,23257,210,33
1784781443.8355,12:37:23,2831138892654,26497,0,23257,210,33
1784781444.0355,12:37:24,2831138895631,26497,0,23257,210,33
1784781444.2355,12:37:24,2831138898590,26497,0,23257,210,33
1784781444.4355,12:37:24,2831138901535,26497,0,23257,210,33
1784781444.6355,12:37:24,2831138904534,26416,0,23257,210,33
1784781444.8355,12:37:24,2831138907466,26416,0,23257,210,33
1784781445.0355,12:37:25,2831138910412,26416,0,23257,210,33
1784781445.2355,12:37:25,2831138913322,26416,0,23257,210,33
1784781445.4355,12:37:25,2831138916246,26416,0,23257,210,33
1784781445.6355,12:37:25,2831138919177,26654,0,23257,210,33
1784781445.8355,12:37:25,2831138922095,26654,0,23257,210,33
1784781446.0355,12:37:26,2831138924958,26654,0,23257,210,33
1784781446.2355,12:37:26,2831138927867,26654,0,23257,210,33
1784781446.4355,12:37:26,2831138930779,26654,0,23257,210,33
1784781446.6355,12:37:26,2831138933716,26616,0,23257,210,32
1784781446.8355,12:37:26,2831138936665,26616,0,23257,210,32
1784781447.0355,12:37:27,2831138939570,26616,0,23257,210,32
1784781447.2355,12:37:27,2831138942513,26616,0,23257,210,32
1784781447.4355,12:37:27,2831138945419,26616,0,23257,210,32
1784781447.6355,12:37:27,2831138948355,26618,0,23257,210,32
1784781447.8355,12:37:27,2831138951244,26618,0,23257,210,32
1784781448.0355,12:37:28,2831138954143,26618,0,23257,210,32
1784781448.2355,12:37:28,2831138957088,26618,0,23257,210,32
1784781448.4355,12:37:28,2831138960012,26618,0,23257,210,32
1784781448.6355,12:37:28,2831138962924,26708,0,23257,210,32
1784781448.8355,12:37:28,2831138965884,26708,0,23257,210,32
1784781449.0355,12:37:29,2831138968803,26708,0,23257,210,32
1784781449.2355,12:37:29,2831138971713,26708,0,23257,210,32
1784781449.4355,12:37:29,2831138974631,26708,0,23257,210,32
1784781449.6355,12:37:29,2831138977547,26772,0,23257,210,32
1784781449.8355,12:37:29,2831138980436,26772,0,23257,210,32
1784781450.0355,12:37:30,2831138983325,26772,0,23257,210,32
1784781450.2355,12:37:30,2831138986199,26772,0,23257,210,32
1784781450.4355,12:37:30,2831138989083,26772,0,23257,210,32
1784781450.6355,12:37:30,2831138991922,26756,0,23257,210,32
1784781450.8355,12:37:30,2831138994805,26756,0,23257,210,32
1784781451.0355,12:37:31,2831138997693,26756,0,23257,210,32
1784781451.2355,12:37:31,2831139000579,26756,0,23257,210,32
1784781451.4355,12:37:31,2831139003490,26756,0,23257,210,32
1784781451.6355,12:37:31,2831139006406,26589,0,23257,210,32
1784781451.8355,12:37:31,2831139009270,26589,0,23257,210,32
1784781452.0355,12:37:32,2831139012119,26589,0,23257,210,32
1784781452.2355,12:37:32,2831139014984,26589,0,23257,210,32
1784781452.4355,12:37:32,2831139017822,26589,0,23257,210,32
1784781452.6355,12:37:32,2831139020677,26612,0,23257,210,32
1784781452.8355,12:37:32,2831139023521,26612,0,23257,210,32
1784781453.0355,12:37:33,2831139026357,26612,0,23257,210,32
1784781453.2355,12:37:33,2831139029163,26612,0,23257,210,32
1784781453.4355,12:37:33,2831139031980,26612,0,23257,210,32
1784781453.6355,12:37:33,2831139034789,26402,0,23257,210,31
1784781453.8355,12:37:33,2831139037622,26402,0,23257,210,31
1784781454.0355,12:37:34,2831139040476,26402,0,23257,210,31
1784781454.2355,12:37:34,2831139043302,26402,0,23257,210,31
1784781454.4355,12:37:34,2831139046127,26402,0,23257,210,31
1784781454.6355,12:37:34,2831139048961,26256,0,23257,210,31
1784781454.8355,12:37:34,2831139051769,26256,0,23257,210,31
1784781455.0355,12:37:35,2831139054578,26256,0,23257,210,31
1784781455.2355,12:37:35,2831139057389,26256,0,23257,210,31
1784781455.4355,12:37:35,2831139060197,26256,0,23257,210,31
1784781455.6355,12:37:35,2831139063045,26315,0,23257,210,31
1784781455.8355,12:37:35,2831139065862,26315,0,23257,210,31
1784781456.0355,12:37:36,2831139068666,26315,0,23257,210,31
1784781456.2355,12:37:36,2831139071474,26315,0,23257,210,31
1784781456.4355,12:37:36,2831139074300,26315,0,23257,210,31
1784781456.6355,12:37:36,2831139077143,26297,0,23257,210,31
1784781456.8355,12:37:36,2831139079993,26297,0,23257,210,31
1784781457.0355,12:37:37,2831139082852,26297,0,23257,210,31
1784781457.2355,12:37:37,2831139085662,26297,0,23257,210,31
1784781457.4355,12:37:37,2831139088472,26297,0,23257,210,31
1784781457.6355,12:37:37,2831139091223,26481,0,23257,210,31
1784781457.8355,12:37:37,2831139093992,26481,0,23257,210,31
1784781458.0355,12:37:38,2831139096712,26481,0,23257,210,31
1784781458.2355,12:37:38,2831139099490,26481,0,23257,210,31
1784781458.4355,12:37:38,2831139102270,26481,0,23257,210,31
1784781458.6355,12:37:38,2831139105103,26316,0,23257,210,31
1784781458.8355,12:37:38,2831139107953,26316,0,23257,210,31
1784781459.0355,12:37:39,2831139110802,26316,0,23257,210,31
1784781459.2355,12:37:39,2831139113628,26316,0,23257,210,31
1784781459.4355,12:37:39,2831139116449,26316,0,23257,210,31
1784781459.6355,12:37:39,2831139121810,26357,0,23257,210,31
1784781459.8355,12:37:39,2831139127111,26357,0,23257,210,31
1784781460.0355,12:37:40,2831139132377,26357,0,23257,210,31
1784781460.2355,12:37:40,2831139137532,26357,0,23257,210,31
1784781460.4355,12:37:40,2831139142749,26357,0,23257,210,31
1784781460.6355,12:37:40,2831139147968,26509,0,23257,210,31
1784781460.8355,12:37:40,2831139153180,26509,0,23257,210,31
1784781461.0355,12:37:41,2831139158374,26509,0,23257,210,31
1784781461.2355,12:37:41,2831139163520,26509,0,23257,210,31
1784781461.4355,12:37:41,2831139168657,26509,0,23257,210,31
1784781461.6355,12:37:41,2831139173847,26171,0,23257,210,31
1784781461.8355,12:37:41,2831139179034,26171,0,23257,210,31
1784781462.0355,12:37:42,2831139184210,26171,0,23257,210,31
1784781462.2355,12:37:42,2831139189390,26171,0,23257,210,31
1784781462.4355,12:37:42,2831139194592,26171,0,23257,210,31
1784781462.6355,12:37:42,2831139199705,25998,0,23257,210,30
1784781462.8355,12:37:42,2831139204812,25998,0,23257,210,30
1784781463.0355,12:37:43,2831139209895,25998,0,23257,210,30
1784781463.2355,12:37:43,2831139215005,25998,0,23257,210,30
1784781463.4355,12:37:43,2831139220119,25998,0,23257,210,30
1784781463.6355,12:37:43,2831139225259,25846,0,23257,210,30
1784781463.8355,12:37:43,2831139230396,25846,0,23257,210,30
1784781464.0355,12:37:44,2831139235617,25846,0,23257,210,30
1784781464.2355,12:37:44,2831139240798,25846,0,23257,210,30
1784781464.4355,12:37:44,2831139245971,25846,0,23257,210,30
1784781464.6355,12:37:44,2831139251125,25848,0,23257,210,30
1784781464.8355,12:37:44,2831139256351,25848,0,23257,210,30
1784781465.0355,12:37:45,2831139261572,25848,0,23257,210,30
1784781465.2355,12:37:45,2831139266848,25848,0,23257,210,30
1784781465.4355,12:37:45,2831139272079,25848,0,23257,210,30
1784781465.6355,12:37:45,2831139277287,26117,0,23257,210,30
1784781465.8355,12:37:45,2831139282539,26117,0,23257,210,30
1784781466.0355,12:37:46,2831139287647,26117,0,23257,210,30
1784781466.2355,12:37:46,2831139292726,26117,0,23257,210,30
1784781466.4355,12:37:46,2831139297875,26117,0,23257,210,30
1784781466.6355,12:37:46,2831139303014,26213,0,23257,210,30
1784781466.8355,12:37:46,2831139308070,26213,0,23257,210,30
1784781467.0355,12:37:47,2831139313158,26213,0,23257,210,30
1784781467.2355,12:37:47,2831139318269,26213,0,23257,210,30
1784781467.4355,12:37:47,2831139323421,26213,0,23257,210,30
1784781467.6355,12:37:47,2831139328579,25974,0,23257,210,30
1784781467.8355,12:37:47,2831139333690,25974,0,23257,210,30
1784781468.0355,12:37:48,2831139338858,25974,0,23257,210,30
1784781468.2355,12:37:48,2831139343993,25974,0,23257,210,30
1784781468.4355,12:37:48,2831139349124,25974,0,23257,210,30
1784781468.6355,12:37:48,2831139354304,25937,0,23257,210,30
1784781468.8355,12:37:48,2831139359493,25937,0,23257,210,30
1784781469.0355,12:37:49,2831139364707,25937,0,23257,210,30
1784781469.2355,12:37:49,2831139369873,25937,0,23257,210,30
1784781469.4355,12:37:49,2831139375072,25937,0,23257,210,30
1784781469.6355,12:37:49,2831139380257,26150,0,23257,210,30
1784781469.8355,12:37:49,2831139385459,26150,0,23257,210,30
1784781470.0355,12:37:50,2831139390646,26150,0,23257,210,30
1784781470.2355,12:37:50,2831139395771,26150,0,23257,210,30
1784781470.4355,12:37:50,2831139400916,26150,0,23257,210,30
1784781470.6355,12:37:50,2831139406037,26269,0,23257,210,30
1784781470.8355,12:37:50,2831139411127,26269,0,23257,210,30
1784781471.0355,12:37:51,2831139416247,26269,0,23257,210,30
1784781471.2355,12:37:51,2831139421344,26269,0,23257,210,30
1784781471.4355,12:37:51,2831139426496,26269,0,23257,210,30
1784781471.6355,12:37:51,2831139431740,26171,0,23257,210,30
1784781471.8355,12:37:51,2831139436875,26171,0,23257,210,30
1784781472.0355,12:37:52,2831139442053,26171,0,23257,210,30
1784781472.2355,12:37:52,2831139447258,26171,0,23257,210,30
1784781472.4355,12:37:52,2831139452481,26171,0,23257,210,30
1784781472.6355,12:37:52,2831139457670,26247,0,23257,210,30
1784781472.8355,12:37:52,2831139462820,26247,0,23257,210,30
1784781473.0355,12:37:53,2831139467986,26247,0,23257,210,30
1784781473.2355,12:37:53,2831139473067,26247,0,23257,210,30
1784781473.4355,12:37:53,2831139478183,26247,0,23257,210,30
1784781473.6355,12:37:53,2831139483240,26419,0,23257,210,30
1784781473.8355,12:37:53,2831139488376,26419,0,23257,210,30
1784781474.0355,12:37:54,2831139493529,26419,0,23257,210,30
1784781474.2355,12:37:54,2831139498721,26419,0,23257,210,30
1784781474.4355,12:37:54,2831139503871,26419,0,23257,210,30
1784781474.6355,12:37:54,2831139508970,26300,0,23257,210,30
1784781474.8355,12:37:54,2831139514091,26300,0,23257,210,30
1784781475.0355,12:37:55,2831139548174,29160,73,23257,2520,30
1784781475.2355,12:37:55,2831139596039,29160,73,23257,2520,30
1784781475.4355,12:37:55,2831139646813,29160,73,23257,2520,30
1784781475.6355,12:37:55,2831139698927,131708,73,23257,2745,37
1784781475.8355,12:37:55,2831139750409,131708,73,23257,2745,37
1784781476.0355,12:37:56,2831139803072,268888,100,23257,2745,38
1784781476.2355,12:37:56,2831139862902,268888,100,23257,2745,38
1784781476.4355,12:37:56,2831139914385,268888,100,23257,2745,38
1784781476.6355,12:37:56,2831139966848,277071,100,23257,2745,39
1784781476.8355,12:37:56,2831140019452,277071,100,23257,2745,39
1784781477.0355,12:37:57,2831140072256,277928,100,23257,2745,39
1784781477.2355,12:37:57,2831140133047,277928,100,23257,2745,39
1784781477.4355,12:37:57,2831140187093,277928,100,23257,2745,39
1784781477.6355,12:37:57,2831140239728,279374,100,23257,2745,40
1784781477.8355,12:37:57,2831140293007,279374,100,23257,2745,40
1784781478.0355,12:37:58,2831140345700,279963,100,23257,2745,40
1784781478.2355,12:37:58,2831140398343,279963,100,23257,2745,40
1784781478.4355,12:37:58,2831140451091,279963,100,23257,2745,40
1784781478.6355,12:37:58,2831140503943,271389,100,23257,2745,40
1784781478.8355,12:37:58,2831140556857,271389,100,23257,2745,40
1784781479.0355,12:37:59,2831140609589,271158,100,23257,2745,40
1784781479.2355,12:37:59,2831140667063,271158,100,23257,2745,40
1784781479.4355,12:37:59,2831140719889,271158,100,23257,2745,40
1784781479.6355,12:37:59,2831140772623,275162,100,23257,2745,41
1784781479.8355,12:37:59,2831140833328,275162,100,23257,2745,41
1784781480.0355,12:38:00,2831140886065,281353,100,23257,2745,41
1784781480.2355,12:38:00,2831140938772,281353,100,23257,2745,41
1784781480.4355,12:38:00,2831140998192,281353,100,23257,2745,41
1784781480.6355,12:38:00,2831141050969,284793,100,23257,2745,41
1784781480.8355,12:38:00,2831141103748,284793,100,23257,2745,41
1784781481.0355,12:38:01,2831141161617,283177,100,23257,2730,46
1784781481.2355,12:38:01,2831141214435,283177,100,23257,2730,46
1784781481.4355,12:38:01,2831141270735,283177,100,23257,2730,46
1784781481.6355,12:38:01,2831141327195,285067,100,23257,2730,42
1784781481.8355,12:38:01,2831141379860,285067,100,23257,2730,42
1784781482.0355,12:38:02,2831141432589,281704,100,23257,2730,42
1784781482.2355,12:38:02,2831141485829,281704,100,23257,2730,42
1784781482.4355,12:38:02,2831141539640,281704,100,23257,2730,42
1784781482.6355,12:38:02,2831141592253,275925,100,23257,2730,42
1784781482.8355,12:38:02,2831141645014,275925,100,23257,2730,42
1784781483.0355,12:38:03,2831141703812,274449,100,23257,2730,42
1784781483.2355,12:38:03,2831141758463,274449,100,23257,2730,42
1784781483.4355,12:38:03,2831141812178,274449,100,23257,2730,42
1784781483.6355,12:38:03,2831141869269,281166,100,23257,2730,43
1784781483.8355,12:38:03,2831141922355,281166,100,23257,2730,43
1784781484.0355,12:38:04,2831141975271,285970,100,23257,2730,43
1784781484.2355,12:38:04,2831142031451,285970,100,23257,2730,43
1784781484.4355,12:38:04,2831142084766,285970,100,23257,2730,43
1784781484.6355,12:38:04,2831142137426,279389,100,23257,2730,44
1784781484.8355,12:38:04,2831142190754,279389,100,23257,2730,44
1784781485.0355,12:38:05,2831142243423,275315,100,23257,2730,43
1784781485.2355,12:38:05,2831142296213,275315,100,23257,2730,43
1784781485.4355,12:38:05,2831142354200,275315,100,23257,2730,43
1784781485.6355,12:38:05,2831142412347,277868,100,23257,2730,43
1784781485.8355,12:38:05,2831142465334,277868,100,23257,2730,43
1784781486.0355,12:38:06,2831142518310,281807,100,23257,2730,44
1784781486.2355,12:38:06,2831142571073,281807,100,23257,2730,44
1784781486.4355,12:38:06,2831142623806,281807,100,23257,2730,44
1784781486.6355,12:38:06,2831142676585,282234,100,23257,2730,44
1784781486.8355,12:38:06,2831142729894,282234,100,23257,2730,44
1784781487.0355,12:38:07,2831142785590,275338,100,23257,2730,45
1784781487.2355,12:38:07,2831142838256,275338,100,23257,2730,45
1784781487.4355,12:38:07,2831142890907,275338,100,23257,2730,45
1784781487.6355,12:38:07,2831142943637,277016,100,23257,2730,44
1784781487.8355,12:38:07,2831142999993,277016,100,23257,2730,44
1784781488.0355,12:38:08,2831143058980,278828,100,23257,2730,45
1784781488.2355,12:38:08,2831143111870,278828,100,23257,2730,45
1784781488.4355,12:38:08,2831143168219,278828,100,23257,2730,45
1784781488.6355,12:38:08,2831143222927,285397,100,23257,2730,45
1784781488.8355,12:38:08,2831143275742,285397,100,23257,2730,45
1784781489.0355,12:38:09,2831143328111,284750,100,23257,2730,45
1784781489.2355,12:38:09,2831143380469,284750,100,23257,2730,45
1784781489.4355,12:38:09,2831143432825,284750,100,23257,2730,45
1784781489.6355,12:38:09,2831143485284,278196,100,23257,2730,45
1784781489.8355,12:38:09,2831143537216,278196,100,23257,2730,45
1784781490.0355,12:38:10,2831143588846,271056,100,23257,2730,45
1784781490.2355,12:38:10,2831143640476,271056,100,23257,2730,45
1784781490.4355,12:38:10,2831143692138,271056,100,23257,2730,45
1784781490.6355,12:38:10,2831143743641,269470,100,23257,2730,45
1784781490.8355,12:38:10,2831143795036,269470,100,23257,2730,45
1784781491.0355,12:38:11,2831143846611,267999,100,23257,2730,45
1784781491.2355,12:38:11,2831143898179,267999,100,23257,2730,45
1784781491.4355,12:38:11,2831143949795,267999,100,23257,2730,45
1784781491.6355,12:38:11,2831144001338,268036,100,23257,2730,45
1784781491.8355,12:38:11,2831144052913,268036,100,23257,2730,45
1784781492.0355,12:38:12,2831144104373,268325,100,23257,2730,45
1784781492.2355,12:38:12,2831144155782,268325,100,23257,2730,45
1784781492.4355,12:38:12,2831144195147,268325,100,23257,2730,45
1784781492.6355,12:38:12,2831144211345,256256,100,23257,2730,44
1784781492.8355,12:38:12,2831144226412,256256,100,23257,2730,44
1784781493.0355,12:38:13,2831144241555,170495,0,23257,2745,40
1784781493.2355,12:38:13,2831144256691,170495,0,23257,2745,40
1784781493.4355,12:38:13,2831144271855,170495,0,23257,2745,40
1784781493.6355,12:38:13,2831144286687,101646,0,23257,2745,40
1784781493.8355,12:38:13,2831144301543,101646,0,23257,2745,40
1784781494.0355,12:38:14,2831144316381,101646,0,23257,2745,40
1784781494.2355,12:38:14,2831144331143,101646,0,23257,2745,40
1784781494.4355,12:38:14,2831144343734,101646,0,23257,2745,40
1784781494.6355,12:38:14,2831144355973,77214,0,23257,2520,39
1784781494.8355,12:38:14,2831144368214,77214,0,23257,2520,39
1784781495.0355,12:38:15,2831144380441,77214,0,23257,2520,39
1784781495.2355,12:38:15,2831144392690,77214,0,23257,2520,39
1784781495.4355,12:38:15,2831144404929,77214,0,23257,2520,39
1784781495.6355,12:38:15,2831144417124,70879,0,23257,2520,38
1784781495.8355,12:38:15,2831144429308,70879,0,23257,2520,38
1784781496.0355,12:38:16,2831144441520,70879,0,23257,2520,38
1784781496.2355,12:38:16,2831144453717,70879,0,23257,2520,38
1784781496.4355,12:38:16,2831144465923,70879,0,23257,2520,38
1784781496.6355,12:38:16,2831144478103,64685,0,23257,2520,38
1784781496.8355,12:38:16,2831144490259,64685,0,23257,2520,38
1784781497.0355,12:38:17,2831144502432,64685,0,23257,2520,38
1784781497.2355,12:38:17,2831144514626,64685,0,23257,2520,38
1784781497.4355,12:38:17,2831144526791,64685,0,23257,2520,38
1784781497.6355,12:38:17,2831144538932,64618,0,23257,2520,38
1784781497.8355,12:38:17,2831144551061,64618,0,23257,2520,38
1784781498.0355,12:38:18,2831144563203,64618,0,23257,2520,38
1784781498.2355,12:38:18,2831144575317,64618,0,23257,2520,38
1784781498.4355,12:38:18,2831144587430,64618,0,23257,2520,38
1784781498.6355,12:38:18,2831144599544,64549,0,23257,2520,38
1784781498.8355,12:38:18,2831144611652,64549,0,23257,2520,38
1784781499.0355,12:38:19,2831144623747,64549,0,23257,2520,38
1784781499.2355,12:38:19,2831144635835,64549,0,23257,2520,38
1784781499.4355,12:38:19,2831144647956,64549,0,23257,2520,38
1784781499.6355,12:38:19,2831144660061,64468,0,23257,2520,37
1784781499.8355,12:38:19,2831144672141,64468,0,23257,2520,37
1784781500.0355,12:38:20,2831144684220,64468,0,23257,2520,37
1784781500.2355,12:38:20,2831144696315,64468,0,23257,2520,37
1784781500.4355,12:38:20,2831144708384,64468,0,23257,2520,37
1784781500.6355,12:38:20,2831144720446,64453,0,23257,2520,37
1784781500.8355,12:38:20,2831144732495,64453,0,23257,2520,37
1784781501.0355,12:38:21,2831144744555,64453,0,23257,2520,37
1784781501.2355,12:38:21,2831144756608,64453,0,23257,2520,37
1784781501.4355,12:38:21,2831144768672,64453,0,23257,2520,37
1784781501.6355,12:38:21,2831144780725,64430,0,23257,2520,37
1784781501.8355,12:38:21,2831144792781,64430,0,23257,2520,37
1784781502.0355,12:38:22,2831144804816,64430,0,23257,2520,37
1784781502.2355,12:38:22,2831144816861,64430,0,23257,2520,37
1784781502.4355,12:38:22,2831144828911,64430,0,23257,2520,37
1784781502.6355,12:38:22,2831144840938,64438,0,23257,2520,37
1784781502.8355,12:38:22,2831144852965,64438,0,23257,2520,37
1784781503.0355,12:38:23,2831144864985,64438,0,23257,2520,37
1784781503.2355,12:38:23,2831144877009,64438,0,23257,2520,37
1784781503.4355,12:38:23,2831144889033,64438,0,23257,2520,37
1784781503.6355,12:38:23,2831144901050,64473,0,23257,2520,37
1784781503.8355,12:38:23,2831144913068,64473,0,23257,2520,37
1784781504.0355,12:38:24,2831144925096,64473,0,23257,2520,37
1784781504.2355,12:38:24,2831144937113,64473,0,23257,2520,37
1784781504.4355,12:38:24,2831144949145,64473,0,23257,2520,37
1784781504.6355,12:38:24,2831144961164,64491,0,23257,2520,36
1784781504.8355,12:38:24,2831144973179,64491,0,23257,2520,36
1784781505.0355,12:38:25,2831144985174,64491,0,23257,2520,36
1784781505.2355,12:38:25,2831144997199,64491,0,23257,2520,36
1784781505.4355,12:38:25,2831145009202,64491,0,23257,2520,36
1784781505.6355,12:38:25,2831145020598,64553,0,23257,2520,36
1784781505.8355,12:38:25,2831145032582,64553,0,23257,2520,36
1784781506.0355,12:38:26,2831145044566,64553,0,23257,2520,36
1784781506.2355,12:38:26,2831145056533,64553,0,23257,2520,36
1784781506.4355,12:38:26,2831145068515,64553,0,23257,2520,36
1784781506.6355,12:38:26,2831145080487,64561,0,23257,2520,36
1784781506.8355,12:38:26,2831145092449,64561,0,23257,2520,36
1784781507.0355,12:38:27,2831145120564,65365,48,23257,2520,36
1784781507.2355,12:38:27,2831145170704,65365,48,23257,2520,36
1784781507.4355,12:38:27,2831145221303,65365,48,23257,2520,36
1784781507.6355,12:38:27,2831145271952,154919,48,23257,2745,42
1784781507.8355,12:38:27,2831145322526,154919,48,23257,2745,42
1784781508.0355,12:38:28,2831145373426,264262,100,23257,2745,43
1784781508.2355,12:38:28,2831145424007,264262,100,23257,2745,43
1784781508.4355,12:38:28,2831145474835,264262,100,23257,2745,43
1784781508.6355,12:38:28,2831145525551,271187,100,23257,2745,43
1784781508.8355,12:38:28,2831145576327,271187,100,23257,2745,43
1784781509.0355,12:38:29,2831145627168,271884,100,23257,2745,44
1784781509.2355,12:38:29,2831145677911,271884,100,23257,2745,44
1784781509.4355,12:38:29,2831145728639,271884,100,23257,2745,44
1784781509.6355,12:38:29,2831145779432,272130,100,23257,2745,44
1784781509.8355,12:38:29,2831145830100,272130,100,23257,2745,44
1784781510.0355,12:38:30,2831145880853,272496,100,23257,2745,44
1784781510.2355,12:38:30,2831145931311,272496,100,23257,2745,44
1784781510.4355,12:38:30,2831145982123,272496,100,23257,2745,44
1784781510.6355,12:38:30,2831146031845,272723,100,23257,2745,44
1784781510.8355,12:38:30,2831146082543,272723,100,23257,2745,44
1784781511.0355,12:38:31,2831146133311,272950,100,23257,2745,44
1784781511.2355,12:38:31,2831146184001,272950,100,23257,2745,44
1784781511.4355,12:38:31,2831146234652,272950,100,23257,2745,44
1784781511.6355,12:38:31,2831146285405,272962,100,23257,2745,45
1784781511.8355,12:38:31,2831146335946,272962,100,23257,2745,45
1784781512.0355,12:38:32,2831146386457,272810,100,23257,2745,45
1784781512.2355,12:38:32,2831146436992,272810,100,23257,2745,45
1784781512.4355,12:38:32,2831146487674,272810,100,23257,2745,45
1784781512.6355,12:38:32,2831146538360,272890,100,23257,2745,45
1784781512.8355,12:38:32,2831146588852,272890,100,23257,2745,45
1784781513.0355,12:38:33,2831146639440,273193,100,23257,2745,45
1784781513.2355,12:38:33,2831146689873,273193,100,23257,2745,45
1784781513.4355,12:38:33,2831146740544,273193,100,23257,2745,45
1784781513.6355,12:38:33,2831146791002,273414,100,23257,2745,45
1784781513.8355,12:38:33,2831146841582,273414,100,23257,2745,45
1784781514.0355,12:38:34,2831146892212,273477,100,23257,2745,46
1784781514.2355,12:38:34,2831146942579,273477,100,23257,2745,46
1784781514.4355,12:38:34,2831146992997,273477,100,23257,2745,46
1784781514.6355,12:38:34,2831147043812,273257,100,23257,2745,46
1784781514.8355,12:38:34,2831147094040,273257,100,23257,2745,46
1784781515.0355,12:38:35,2831147144498,273282,100,23257,2730,46
1784781515.2355,12:38:35,2831147194801,273282,100,23257,2730,46
1784781515.4355,12:38:35,2831147245241,273282,100,23257,2730,46
1784781515.6355,12:38:35,2831147295595,273259,100,23257,2730,46
1784781515.8355,12:38:35,2831147345844,273259,100,23257,2730,46
1784781516.0355,12:38:36,2831147396159,273109,100,23257,2730,46
1784781516.2355,12:38:36,2831147446442,273109,100,23257,2730,46
1784781516.4355,12:38:36,2831147496851,273109,100,23257,2730,46
1784781516.6355,12:38:36,2831147547127,273093,100,23257,2730,46
1784781516.8355,12:38:36,2831147597352,273093,100,23257,2730,46
1784781517.0355,12:38:37,2831147647652,273079,100,23257,2730,47
1784781517.2355,12:38:37,2831147698100,273079,100,23257,2730,47
1784781517.4355,12:38:37,2831147748280,273079,100,23257,2730,47
1784781517.6356,12:38:37,2831147798448,273212,100,23257,2730,47
1784781517.8355,12:38:37,2831147848523,273212,100,23257,2730,47
1784781518.0355,12:38:38,2831147898650,273252,100,23257,2730,47
1784781518.2355,12:38:38,2831147948626,273252,100,23257,2730,47
1784781518.4355,12:38:38,2831147998880,273252,100,23257,2730,47
1784781518.6355,12:38:38,2831148049134,273223,100,23257,2730,47
1784781518.8355,12:38:38,2831148099316,273223,100,23257,2730,47
1784781519.0355,12:38:39,2831148149524,273677,100,23257,2730,47
1784781519.2355,12:38:39,2831148199648,273677,100,23257,2730,47
1784781519.4355,12:38:39,2831148249623,273677,100,23257,2730,47
1784781519.6355,12:38:39,2831148299734,273623,100,23257,2730,47
1784781519.8355,12:38:39,2831148349991,273623,100,23257,2730,47
1784781520.0355,12:38:40,2831148400223,273580,100,23257,2730,47
1784781520.2355,12:38:40,2831148450168,273580,100,23257,2730,47
1784781520.4355,12:38:40,2831148500890,273580,100,23257,2730,47
1784781520.6355,12:38:40,2831148550929,274382,100,23257,2730,47
1784781520.8355,12:38:40,2831148600936,274382,100,23257,2730,47
1784781521.0355,12:38:41,2831148652140,274438,100,23257,2730,48
1784781521.2355,12:38:41,2831148713634,274438,100,23257,2730,48
1784781521.4355,12:38:41,2831148772043,274438,100,23257,2730,48
1784781521.6355,12:38:41,2831148822611,293212,100,23257,2730,50
1784781521.8355,12:38:41,2831148872595,293212,100,23257,2730,50
1784781522.0355,12:38:42,2831148922593,293915,100,23257,2730,48
1784781522.2355,12:38:42,2831148972470,293915,100,23257,2730,48
1784781522.4355,12:38:42,2831149024389,293915,100,23257,2730,48
1784781522.6355,12:38:42,2831149074917,281158,100,23257,2730,48
1784781522.8355,12:38:42,2831149132526,281158,100,23257,2730,48
1784781523.0355,12:38:43,2831149182529,283690,100,23257,2730,48
1784781523.2355,12:38:43,2831149232324,283690,100,23257,2730,48
1784781523.4355,12:38:43,2831149282256,283690,100,23257,2730,48
1784781523.6355,12:38:43,2831149332207,283362,100,23257,2730,48
1784781523.8355,12:38:43,2831149382056,283362,100,23257,2730,48
1784781524.0355,12:38:44,2831149432100,274312,100,23257,2730,48
1784781524.2355,12:38:44,2831149481976,274312,100,23257,2730,48
1784781524.4355,12:38:44,2831149531862,274312,100,23257,2730,48
1784781524.6355,12:38:44,2831149591164,274516,100,23257,2730,48
1784781524.8355,12:38:44,2831149641600,274516,100,23257,2730,48
1784781525.0355,12:38:45,2831149694157,287518,100,23257,2730,49
1784781525.2355,12:38:45,2831149747410,287518,100,23257,2730,49
1784781525.4355,12:38:45,2831149798620,287518,100,23257,2730,49
1784781525.6355,12:38:45,2831149853518,294220,100,23257,2730,54
1784781525.8355,12:38:45,2831149903566,294220,100,23257,2730,54
1784781526.0355,12:38:46,2831149953265,291146,100,23257,2730,49
1784781526.2355,12:38:46,2831150006412,291146,100,23257,2730,49
1784781526.4355,12:38:46,2831150056252,291146,100,23257,2730,49
1784781526.6355,12:38:46,2831150106078,287051,100,23257,2730,49
1784781526.8355,12:38:46,2831150156744,287051,100,23257,2730,49
1784781527.0355,12:38:47,2831150210168,280531,100,23257,2730,51
1784781527.2355,12:38:47,2831150263035,280531,100,23257,2730,51
1784781527.4355,12:38:47,2831150312729,280531,100,23257,2730,51
1784781527.6355,12:38:47,2831150362874,282980,100,23257,2730,49
1784781527.8355,12:38:47,2831150412460,282980,100,23257,2730,49
1784781528.0355,12:38:48,2831150465724,282212,100,23257,2730,49
1784781528.2355,12:38:48,2831150515353,282212,100,23257,2730,49
1784781528.4355,12:38:48,2831150565048,282212,100,23257,2730,49
1784781528.6355,12:38:48,2831150614688,278133,100,23257,2730,49
1784781528.8355,12:38:48,2831150664265,278133,100,23257,2730,49
1784781529.0355,12:38:49,2831150713795,277661,100,23257,2730,49
1784781529.2355,12:38:49,2831150763276,277661,100,23257,2730,49
1784781529.4355,12:38:49,2831150812778,277661,100,23257,2730,49
1784781529.6355,12:38:49,2831150862260,274688,100,23257,2730,49
1784781529.8355,12:38:49,2831150918424,274688,100,23257,2730,49
1784781530.0355,12:38:50,2831150969387,280305,100,23257,2730,50
1784781530.2355,12:38:50,2831151025891,280305,100,23257,2730,50
1784781530.4355,12:38:50,2831151075424,280305,100,23257,2730,50
1784781530.6355,12:38:50,2831151126928,285644,100,23257,2730,50
1784781530.8355,12:38:50,2831151180565,285644,100,23257,2730,50
1784781531.0355,12:38:51,2831151234175,281756,100,23257,2730,50
1784781531.2355,12:38:51,2831151289395,281756,100,23257,2730,50
1784781531.4355,12:38:51,2831151343155,281756,100,23257,2730,50
1784781531.6355,12:38:51,2831151397560,277665,100,23257,2730,50
1784781531.8355,12:38:51,2831151451411,277665,100,23257,2730,50
1784781532.0355,12:38:52,2831151505312,276910,100,23257,2730,50
1784781532.2355,12:38:52,2831151559102,276910,100,23257,2730,50
1784781532.4355,12:38:52,2831151612995,276910,100,23257,2730,50
1784781532.6355,12:38:52,2831151666955,276433,100,23257,2730,50
1784781532.8355,12:38:52,2831151720851,276433,100,23257,2730,50
1784781533.0355,12:38:53,2831151774649,276072,100,23257,2730,50
1784781533.2355,12:38:53,2831151829738,276072,100,23257,2730,50
1784781533.4355,12:38:53,2831151883623,276072,100,23257,2730,50
1784781533.6355,12:38:53,2831151937483,277133,100,23257,2730,50
1784781533.8355,12:38:53,2831151991373,277133,100,23257,2730,50
1784781534.0355,12:38:54,2831152047538,279244,100,23257,2730,51
1784781534.2355,12:38:54,2831152103589,279244,100,23257,2730,51
1784781534.4355,12:38:54,2831152159567,279244,100,23257,2730,51
1784781534.6355,12:38:54,2831152213444,284480,100,23257,2730,51
1784781534.8355,12:38:54,2831152270224,284480,100,23257,2730,51
1784781535.0355,12:38:55,2831152326355,287015,100,23257,2730,51
1784781535.2355,12:38:55,2831152379542,287015,100,23257,2730,51
1784781535.4355,12:38:55,2831152433353,287015,100,23257,2730,51
1784781535.6355,12:38:55,2831152487352,282961,100,23257,2730,51
1784781535.8355,12:38:55,2831152544449,282961,100,23257,2730,51
1784781536.0355,12:38:56,2831152598342,282886,100,23257,2730,51
1784781536.2355,12:38:56,2831152652249,282886,100,23257,2730,51
1784781536.4355,12:38:56,2831152706173,282886,100,23257,2730,51
1784781536.6355,12:38:56,2831152760191,279990,100,23257,2730,51
1784781536.8355,12:38:56,2831152814289,279990,100,23257,2730,51
1784781537.0355,12:38:57,2831152875599,276920,100,23257,2730,56
1784781537.2355,12:38:57,2831152936761,276920,100,23257,2730,56
1784781537.4355,12:38:57,2831152998716,276920,100,23257,2730,56
1784781537.6355,12:38:57,2831153054564,295248,100,23257,2730,52
1784781537.8355,12:38:57,2831153108473,295248,100,23257,2730,52
1784781538.0355,12:38:58,2831153162453,296725,100,23257,2730,51
1784781538.2355,12:38:58,2831153216447,296725,100,23257,2730,51
1784781538.4355,12:38:58,2831153270418,296725,100,23257,2730,51
1784781538.6355,12:38:58,2831153324392,281677,100,23257,2730,51
1784781538.8355,12:38:58,2831153378363,281677,100,23257,2730,51
1784781539.0355,12:38:59,2831153433475,277115,100,23257,2730,51
1784781539.2355,12:38:59,2831153487485,277115,100,23257,2730,51
1784781539.4355,12:38:59,2831153542314,277115,100,23257,2730,51
1784781539.6355,12:38:59,2831153597113,278050,100,23257,2730,51
1784781539.8355,12:38:59,2831153653298,278050,100,23257,2730,51
1784781540.0355,12:39:00,2831153707209,280695,100,23257,2730,51
1784781540.2355,12:39:00,2831153762268,280695,100,23257,2730,51
1784781540.4355,12:39:00,2831153817456,280695,100,23257,2730,51
1784781540.6355,12:39:00,2831153871632,280834,100,23257,2730,51
1784781540.8355,12:39:00,2831153925784,280834,100,23257,2730,51
1784781541.0355,12:39:01,2831153979814,278861,100,23257,2730,51
1784781541.2355,12:39:01,2831154033942,278861,100,23257,2730,51
1784781541.4355,12:39:01,2831154087906,278861,100,23257,2730,51
1784781541.6355,12:39:01,2831154142712,276970,100,23257,2730,51
1784781541.8355,12:39:01,2831154201763,276970,100,23257,2730,51
1784781542.0355,12:39:02,2831154257168,282839,100,23257,2730,52
1784781542.2355,12:39:02,2831154317109,282839,100,23257,2730,52
1784781542.4355,12:39:02,2831154371133,282839,100,23257,2730,52
1784781542.6355,12:39:02,2831154428066,290746,100,23257,2730,52
1784781542.8355,12:39:02,2831154482042,290746,100,23257,2730,52
1784781543.0355,12:39:03,2831154536165,286947,100,23257,2730,52
1784781543.2355,12:39:03,2831154590340,286947,100,23257,2730,52
1784781543.4355,12:39:03,2831154644612,286947,100,23257,2730,52
1784781543.6355,12:39:03,2831154698743,279380,100,23257,2730,52
1784781543.8355,12:39:03,2831154755172,279380,100,23257,2730,52
1784781544.0355,12:39:04,2831154809273,280047,100,23257,2730,52
1784781544.2355,12:39:04,2831154863962,280047,100,23257,2730,52
1784781544.4355,12:39:04,2831154918102,280047,100,23257,2730,52
1784781544.6355,12:39:04,2831154974955,280606,100,23257,2730,52
1784781544.8355,12:39:04,2831155033936,280606,100,23257,2730,52
1784781545.0355,12:39:05,2831155088108,285729,100,23257,2730,52
1784781545.2355,12:39:05,2831155142819,285729,100,23257,2730,52
1784781545.4355,12:39:05,2831155196987,285729,100,23257,2730,52
1784781545.6355,12:39:05,2831155251783,285849,100,23257,2730,52
1784781545.8355,12:39:05,2831155306349,285849,100,23257,2730,52
1784781546.0355,12:39:06,2831155361070,280087,100,23257,2730,52
1784781546.2355,12:39:06,2831155421311,280087,100,23257,2730,52
1784781546.4355,12:39:06,2831155478268,280087,100,23257,2730,52
1784781546.6355,12:39:06,2831155532838,287659,100,23257,2730,52
1784781546.8355,12:39:06,2831155586682,287659,100,23257,2730,52
1784781547.0355,12:39:07,2831155641763,286988,100,23257,2730,52
1784781547.2355,12:39:07,2831155695642,286988,100,23257,2730,52
1784781547.4355,12:39:07,2831155750746,286988,100,23257,2730,52
1784781547.6355,12:39:07,2831155804682,282309,100,23257,2730,52
1784781547.8355,12:39:07,2831155858384,282309,100,23257,2730,52
1784781548.0355,12:39:08,2831155912893,279136,100,23257,2730,52
1784781548.2355,12:39:08,2831155966776,279136,100,23257,2730,52
1784781548.4355,12:39:08,2831156020639,279136,100,23257,2730,52
1784781548.6355,12:39:08,2831156074498,278221,100,23257,2730,52
1784781548.8355,12:39:08,2831156132911,278221,100,23257,2730,52
1784781549.0355,12:39:09,2831156186711,281976,100,23257,2730,52
1784781549.2355,12:39:09,2831156240592,281976,100,23257,2730,52
1784781549.4355,12:39:09,2831156294485,281976,100,23257,2730,52
1784781549.6355,12:39:09,2831156348343,281646,100,23257,2730,52
1784781549.8355,12:39:09,2831156402429,281646,100,23257,2730,52
1784781550.0355,12:39:10,2831156456234,278062,100,23257,2730,52
1784781550.2355,12:39:10,2831156509729,278062,100,23257,2730,52
1784781550.4355,12:39:10,2831156563642,278062,100,23257,2730,52
1784781550.6355,12:39:10,2831156617223,278130,100,23257,2730,52
1784781550.8355,12:39:10,2831156674486,278130,100,23257,2730,52
1784781551.0355,12:39:11,2831156731516,280885,100,23257,2730,52
1784781551.2355,12:39:11,2831156785987,280885,100,23257,2730,52
1784781551.4355,12:39:11,2831156839796,280885,100,23257,2730,52
1784781551.6355,12:39:11,2831156894612,285610,100,23257,2730,52
1784781551.8355,12:39:11,2831156948270,285610,100,23257,2730,52
1784781552.0355,12:39:12,2831157001954,283288,100,23257,2730,52
1784781552.2355,12:39:12,2831157057580,283288,100,23257,2730,52
1784781552.4355,12:39:12,2831157114033,283288,100,23257,2730,52
1784781552.6355,12:39:12,2831157168535,283920,100,23257,2730,54
1784781552.8355,12:39:12,2831157222817,283920,100,23257,2730,54
1784781553.0355,12:39:13,2831157277552,285245,100,23257,2730,53
1784781553.2355,12:39:13,2831157332881,285245,100,23257,2730,53
1784781553.4355,12:39:13,2831157386467,285245,100,23257,2730,53
1784781553.6355,12:39:13,2831157439810,282988,100,23257,2730,53
1784781553.8355,12:39:13,2831157493308,282988,100,23257,2730,53
1784781554.0355,12:39:14,2831157546670,281410,100,23257,2730,53
1784781554.2355,12:39:14,2831157600009,281410,100,23257,2730,53
1784781554.4355,12:39:14,2831157653320,281410,100,23257,2730,53
1784781554.6355,12:39:14,2831157706820,277291,100,23257,2730,53
1784781554.8355,12:39:14,2831157760067,277291,100,23257,2730,53
1784781555.0355,12:39:15,2831157815924,280011,100,23257,2730,53
1784781555.2355,12:39:15,2831157869413,280011,100,23257,2730,53
1784781555.4355,12:39:15,2831157924746,280011,100,23257,2730,53
1784781555.6355,12:39:15,2831157982916,282147,100,23257,2730,53
1784781555.8355,12:39:15,2831158039002,282147,100,23257,2730,53
1784781556.0355,12:39:16,2831158092516,290101,100,23257,2730,53
1784781556.2355,12:39:16,2831158145996,290101,100,23257,2730,53
1784781556.4355,12:39:16,2831158200630,290101,100,23257,2730,53
1784781556.6355,12:39:16,2831158257910,287167,100,23257,2730,53
1784781556.8355,12:39:16,2831158311385,287167,100,23257,2730,53
1784781557.0355,12:39:17,2831158364776,282938,100,23257,2730,53
1784781557.2355,12:39:17,2831158418071,282938,100,23257,2730,53
1784781557.4355,12:39:17,2831158475566,282938,100,23257,2730,53
1784781557.6355,12:39:17,2831158528725,286748,100,23257,2730,53
1784781557.8355,12:39:17,2831158581904,286748,100,23257,2730,53
1784781558.0355,12:39:18,2831158635580,282407,100,23257,2730,53
1784781558.2355,12:39:18,2831158688674,282407,100,23257,2730,53
1784781558.4355,12:39:18,2831158741767,282407,100,23257,2730,53
1784781558.6355,12:39:18,2831158794922,278758,100,23257,2730,53
1784781558.8355,12:39:18,2831158848108,278758,100,23257,2730,53
1784781559.0355,12:39:19,2831158906379,278594,100,23257,2730,56
1784781559.2355,12:39:19,2831158959682,278594,100,23257,2730,56
1784781559.4355,12:39:19,2831159018163,278594,100,23257,2730,56
1784781559.6355,12:39:19,2831159071441,287752,100,23257,2730,53
1784781559.8355,12:39:19,2831159124598,287752,100,23257,2730,53
1784781560.0355,12:39:20,2831159179594,288099,100,23257,2730,53
1784781560.2355,12:39:20,2831159233669,288099,100,23257,2730,53
1784781560.4355,12:39:20,2831159286824,288099,100,23257,2730,53
1784781560.6355,12:39:20,2831159339923,282868,100,23257,2730,53
1784781560.8355,12:39:20,2831159394208,282868,100,23257,2730,53
1784781561.0355,12:39:21,2831159447250,283656,100,23257,2730,53
1784781561.2355,12:39:21,2831159504395,283656,100,23257,2730,53
1784781561.4355,12:39:21,2831159558192,283656,100,23257,2730,53
1784781561.6355,12:39:21,2831159616664,283840,100,23257,2730,53
1784781561.8355,12:39:21,2831159669852,283840,100,23257,2730,53
1784781562.0355,12:39:22,2831159722832,288450,100,23257,2730,53
1784781562.2355,12:39:22,2831159775820,288450,100,23257,2730,53
1784781562.4355,12:39:22,2831159828807,288450,100,23257,2730,53
1784781562.6355,12:39:22,2831159881737,284857,100,23257,2730,53
1784781562.8355,12:39:22,2831159934596,284857,100,23257,2730,53
1784781563.0355,12:39:23,2831159987563,279132,100,23257,2730,53
1784781563.2355,12:39:23,2831160040494,279132,100,23257,2730,53
1784781563.4355,12:39:23,2831160099526,279132,100,23257,2730,53
1784781563.6355,12:39:23,2831160152413,284812,100,23257,2730,54
1784781563.8355,12:39:23,2831160209945,284812,100,23257,2730,54
1784781564.0355,12:39:24,2831160262975,288805,100,23257,2730,54
1784781564.2355,12:39:24,2831160315851,288805,100,23257,2730,54
1784781564.4355,12:39:24,2831160368838,288805,100,23257,2730,54
1784781564.6355,12:39:24,2831160421818,283559,100,23257,2730,53
1784781564.8355,12:39:24,2831160474712,283559,100,23257,2730,53
1784781565.0355,12:39:25,2831160528229,280372,100,23257,2730,53
1784781565.2355,12:39:25,2831160582229,280372,100,23257,2730,53
1784781565.4355,12:39:25,2831160635167,280372,100,23257,2730,53
1784781565.6355,12:39:25,2831160688299,281856,100,23257,2730,53
1784781565.8355,12:39:25,2831160741157,281856,100,23257,2730,53
1784781566.0355,12:39:26,2831160793970,282229,100,23257,2730,53
1784781566.2355,12:39:26,2831160846823,282229,100,23257,2730,53
1784781566.4355,12:39:26,2831160899639,282229,100,23257,2730,53
1784781566.6355,12:39:26,2831160958405,280550,100,23257,2730,53
1784781566.8355,12:39:26,2831161015325,280550,100,23257,2730,53
1784781567.0355,12:39:27,2831161071315,289526,100,23257,2730,54
1784781567.2355,12:39:27,2831161127437,289526,100,23257,2730,54
1784781567.4355,12:39:27,2831161184346,289526,100,23257,2730,54
1784781567.6355,12:39:27,2831161241184,300863,100,23257,2730,56
1784781567.8355,12:39:27,2831161294896,300863,100,23257,2730,56
1784781568.0355,12:39:28,2831161348243,298938,100,23257,2730,54
1784781568.2355,12:39:28,2831161407935,298938,100,23257,2730,54
1784781568.4355,12:39:28,2831161460683,298938,100,23257,2730,54
1784781568.6355,12:39:28,2831161513629,297132,100,23257,2730,55
1784781568.8355,12:39:28,2831161566379,297132,100,23257,2730,55
1784781569.0355,12:39:29,2831161618946,287947,100,23257,2730,54
1784781569.2355,12:39:29,2831161671341,287947,100,23257,2730,54
1784781569.4355,12:39:29,2831161724547,287947,100,23257,2730,54
1784781569.6355,12:39:29,2831161776871,281051,100,23257,2730,54
1784781569.8355,12:39:29,2831161829315,281051,100,23257,2730,54
1784781570.0355,12:39:30,2831161881639,280475,100,23257,2730,54
1784781570.2355,12:39:30,2831161933914,280475,100,23257,2730,54
1784781570.4355,12:39:30,2831161986261,280475,100,23257,2730,54
1784781570.6355,12:39:30,2831162038657,280048,100,23257,2730,54
1784781570.8355,12:39:30,2831162090991,280048,100,23257,2730,54
1784781571.0355,12:39:31,2831162143574,280279,100,23257,2730,54
1784781571.2355,12:39:31,2831162196823,280279,100,23257,2730,54
1784781571.4355,12:39:31,2831162251322,280279,100,23257,2730,54
1784781571.6355,12:39:31,2831162303986,283268,100,23257,2730,54
1784781571.8355,12:39:31,2831162356265,283268,100,23257,2730,54
1784781572.0355,12:39:32,2831162408542,283324,100,23257,2730,54
1784781572.2355,12:39:32,2831162461362,283324,100,23257,2730,54
1784781572.4355,12:39:32,2831162514122,283324,100,23257,2730,54
1784781572.6355,12:39:32,2831162569869,284177,100,23257,2730,54
1784781572.8355,12:39:32,2831162629439,284177,100,23257,2730,54
1784781573.0355,12:39:33,2831162683195,292185,100,23257,2730,55
1784781573.2355,12:39:33,2831162735402,292185,100,23257,2730,55
1784781573.4355,12:39:33,2831162787744,292185,100,23257,2730,55
1784781573.6355,12:39:33,2831162843185,293795,100,23257,2730,56
1784781573.8355,12:39:33,2831162895826,293795,100,23257,2730,56
1784781574.0355,12:39:34,2831162948534,285698,100,23257,2715,54
1784781574.2355,12:39:34,2831163000722,285698,100,23257,2715,54
1784781574.4355,12:39:34,2831163052779,285698,100,23257,2715,54
1784781574.6355,12:39:34,2831163104782,284946,100,23257,2715,54
1784781574.8355,12:39:34,2831163160996,284946,100,23257,2715,54
1784781575.0355,12:39:35,2831163213161,284259,100,23257,2715,54
1784781575.2355,12:39:35,2831163273874,284259,100,23257,2715,54
1784781575.4356,12:39:35,2831163332426,284259,100,23257,2715,54
1784781575.6355,12:39:35,2831163385809,299697,100,23257,2715,55
1784781575.8355,12:39:35,2831163443656,299697,100,23257,2715,55
1784781576.0355,12:39:36,2831163495672,301284,100,23257,2715,54
1784781576.2355,12:39:36,2831163547508,301284,100,23257,2715,54
1784781576.4355,12:39:36,2831163599947,301284,100,23257,2715,54
1784781576.6355,12:39:36,2831163654017,286814,100,23257,2715,54
1784781576.8355,12:39:36,2831163705872,286814,100,23257,2715,54
1784781577.0355,12:39:37,2831163760008,281942,100,23257,2715,55
1784781577.2355,12:39:37,2831163813243,281942,100,23257,2715,55
1784781577.4355,12:39:37,2831163865010,281942,100,23257,2715,55
1784781577.6355,12:39:37,2831163916831,286217,100,23257,2715,54
1784781577.8355,12:39:37,2831163968490,286217,100,23257,2715,54
1784781578.0355,12:39:38,2831164028966,289176,100,23257,2715,55
1784781578.2355,12:39:38,2831164078819,289176,100,23257,2715,55
1784781578.4355,12:39:38,2831164134729,289176,100,23257,2715,55
1784781578.6355,12:39:38,2831164186422,291786,100,23257,2715,54
1784781578.8355,12:39:38,2831164238092,291786,100,23257,2715,54
1784781579.0355,12:39:39,2831164290495,292421,100,23257,2715,54
1784781579.2355,12:39:39,2831164345831,292421,100,23257,2715,54
1784781579.4355,12:39:39,2831164397478,292421,100,23257,2715,54
1784781579.6355,12:39:39,2831164455561,283449,100,23257,2715,59
1784781579.8355,12:39:39,2831164507049,283449,100,23257,2715,59
1784781580.0355,12:39:40,2831164558416,289727,100,23257,2715,54
1784781580.2355,12:39:40,2831164611517,289727,100,23257,2715,54
1784781580.4355,12:39:40,2831164663859,289727,100,23257,2715,54
1784781580.6355,12:39:40,2831164716475,288612,100,23257,2715,54
1784781580.8355,12:39:40,2831164772833,288612,100,23257,2715,54
1784781581.0355,12:39:41,2831164824638,287298,100,23257,2715,54
1784781581.2355,12:39:41,2831164876035,287298,100,23257,2715,54
1784781581.4355,12:39:41,2831164928039,287298,100,23257,2715,54
1784781581.6355,12:39:41,2831164980669,286130,100,23257,2715,54
1784781581.8355,12:39:41,2831165031948,286130,100,23257,2715,54
1784781582.0355,12:39:42,2831165083274,281740,100,23257,2715,54
1784781582.2355,12:39:42,2831165134590,281740,100,23257,2715,54
1784781582.4355,12:39:42,2831165185945,281740,100,23257,2715,54
1784781582.6355,12:39:42,2831165237889,281127,100,23257,2715,54
1784781582.8355,12:39:42,2831165289158,281127,100,23257,2715,54
1784781583.0355,12:39:43,2831165340468,280252,100,23257,2715,54
1784781583.2355,12:39:43,2831165391813,280252,100,23257,2715,54
1784781583.4355,12:39:43,2831165443147,280252,100,23257,2715,54
1784781583.6355,12:39:43,2831165494514,280365,100,23257,2715,54
1784781583.8355,12:39:43,2831165554011,280365,100,23257,2715,54
1784781584.0355,12:39:44,2831165605531,288559,100,23257,2715,54
1784781584.2355,12:39:44,2831165661540,288559,100,23257,2715,54
1784781584.4355,12:39:44,2831165713040,288559,100,23257,2715,54
1784781584.6355,12:39:44,2831165764412,294267,100,23257,2715,54
1784781584.8355,12:39:44,2831165816206,294267,100,23257,2715,54
1784781585.0355,12:39:45,2831165867372,286381,100,23257,2715,54
1784781585.2355,12:39:45,2831165921479,286381,100,23257,2715,54
1784781585.4355,12:39:45,2831165973040,286381,100,23257,2715,54
1784781585.6355,12:39:45,2831166024206,285165,100,23257,2715,54
1784781585.8355,12:39:45,2831166075407,285165,100,23257,2715,54
1784781586.0355,12:39:46,2831166126542,284734,100,23257,2715,54
1784781586.2355,12:39:46,2831166177531,284734,100,23257,2715,54
1784781586.4355,12:39:46,2831166232621,284734,100,23257,2715,54
1784781586.6355,12:39:46,2831166283654,283686,100,23257,2715,54
1784781586.8355,12:39:46,2831166341371,283686,100,23257,2715,54
1784781587.0355,12:39:47,2831166400508,294000,100,23257,2715,58
1784781587.2355,12:39:47,2831166452026,294000,100,23257,2715,58
1784781587.4355,12:39:47,2831166504367,294000,100,23257,2715,58
1784781587.6355,12:39:47,2831166558885,297037,100,23257,2715,54
1784781587.8355,12:39:47,2831166610253,297037,100,23257,2715,54
1784781588.0355,12:39:48,2831166661162,292395,100,23257,2715,54
1784781588.2355,12:39:48,2831166712009,292395,100,23257,2715,54
1784781588.4355,12:39:48,2831166763692,292395,100,23257,2715,54
1784781588.6355,12:39:48,2831166814594,284635,100,23257,2715,54
1784781588.8355,12:39:48,2831166865373,284635,100,23257,2715,54
1784781589.0355,12:39:49,2831166916182,280680,100,23257,2715,54
1784781589.2355,12:39:49,2831166966924,280680,100,23257,2715,54
1784781589.4355,12:39:49,2831167023676,280680,100,23257,2715,54
1784781589.6355,12:39:49,2831167085392,286285,100,23257,2715,55
1784781589.8355,12:39:49,2831167136471,286285,100,23257,2715,55
1784781590.0355,12:39:50,2831167191204,298367,100,23257,2715,55
1784781590.2355,12:39:50,2831167243406,298367,100,23257,2715,55
1784781590.4355,12:39:50,2831167294223,298367,100,23257,2715,55
1784781590.6355,12:39:50,2831167345034,294672,100,23257,2715,54
1784781590.8355,12:39:50,2831167395669,294672,100,23257,2715,54
1784781591.0355,12:39:51,2831167447601,284668,100,23257,2715,54
1784781591.2355,12:39:51,2831167498898,284668,100,23257,2715,54
1784781591.4355,12:39:51,2831167549616,284668,100,23257,2715,54
1784781591.6355,12:39:51,2831167600287,281809,100,23257,2715,54
1784781591.8355,12:39:51,2831167650700,281809,100,23257,2715,54
1784781592.0355,12:39:52,2831167701017,281369,100,23257,2715,54
1784781592.2355,12:39:52,2831167753476,281369,100,23257,2715,54
1784781592.4355,12:39:52,2831167803722,281369,100,23257,2715,54
1784781592.6355,12:39:52,2831167854079,281184,100,23257,2715,54
1784781592.8355,12:39:52,2831167904335,281184,100,23257,2715,54
1784781593.0355,12:39:53,2831167954880,281672,100,23257,2715,54
1784781593.2355,12:39:53,2831168005185,281672,100,23257,2715,54
1784781593.4355,12:39:53,2831168055421,281672,100,23257,2715,54
1784781593.6355,12:39:53,2831168110541,279828,100,23257,2715,54
1784781593.8355,12:39:53,2831168165090,279828,100,23257,2715,54
1784781594.0355,12:39:54,2831168215459,284624,100,23257,2715,54
1784781594.2355,12:39:54,2831168269960,284624,100,23257,2715,54
1784781594.4355,12:39:54,2831168325473,284624,100,23257,2715,54
1784781594.6355,12:39:54,2831168380536,285952,100,23257,2715,55
1784781594.8355,12:39:54,2831168435661,285952,100,23257,2715,55
1784781595.0355,12:39:55,2831168490277,282942,100,23257,2715,54
1784781595.2355,12:39:55,2831168545653,282942,100,23257,2715,54
1784781595.4355,12:39:55,2831168600244,282942,100,23257,2715,54
1784781595.6355,12:39:55,2831168654985,283425,100,23257,2715,54
1784781595.8355,12:39:55,2831168711594,283425,100,23257,2715,54
1784781596.0355,12:39:56,2831168766096,282472,100,23257,2715,54
1784781596.2355,12:39:56,2831168822721,282472,100,23257,2715,54
1784781596.4355,12:39:56,2831168877609,282472,100,23257,2715,54
1784781596.6355,12:39:56,2831168936919,285764,100,23257,2715,54
1784781596.8355,12:39:56,2831168994507,285764,100,23257,2715,54
1784781597.0355,12:39:57,2831169049101,290521,100,23257,2715,55
1784781597.2355,12:39:57,2831169103647,290521,100,23257,2715,55
1784781597.4355,12:39:57,2831169158577,290521,100,23257,2715,55
1784781597.6355,12:39:57,2831169213519,287100,100,23257,2715,54
1784781597.8355,12:39:57,2831169268131,287100,100,23257,2715,54
1784781598.0355,12:39:58,2831169322879,280443,100,23257,2715,54
1784781598.2355,12:39:58,2831169377948,280443,100,23257,2715,54
1784781598.4355,12:39:58,2831169432709,280443,100,23257,2715,54
1784781598.6355,12:39:58,2831169487330,280760,100,23257,2715,54
1784781598.8355,12:39:58,2831169541986,280760,100,23257,2715,54
1784781599.0355,12:39:59,2831169599961,282566,100,23257,2715,55
1784781599.2355,12:39:59,2831169658995,282566,100,23257,2715,55
1784781599.4355,12:39:59,2831169714004,282566,100,23257,2715,55
1784781599.6355,12:39:59,2831169768814,287141,100,23257,2715,55
1784781599.8355,12:39:59,2831169826331,287141,100,23257,2715,55
1784781600.0355,12:40:00,2831169881042,289910,100,23257,2715,54
1784781600.2355,12:40:00,2831169935791,289910,100,23257,2715,54
1784781600.4355,12:40:00,2831169990729,289910,100,23257,2715,54
1784781600.6355,12:40:00,2831170045307,283083,100,23257,2715,54
1784781600.8355,12:40:00,2831170099956,283083,100,23257,2715,54
1784781601.0355,12:40:01,2831170155566,281038,100,23257,2715,54
1784781601.2355,12:40:01,2831170210169,281038,100,23257,2715,54
1784781601.4355,12:40:01,2831170264779,281038,100,23257,2715,54
1784781601.6355,12:40:01,2831170319566,280749,100,23257,2715,54
1784781601.8355,12:40:01,2831170374309,280749,100,23257,2715,54
1784781602.0355,12:40:02,2831170432694,284031,100,23257,2715,55
1784781602.2355,12:40:02,2831170488436,284031,100,23257,2715,55
1784781602.4355,12:40:02,2831170542850,284031,100,23257,2715,55
1784781602.6355,12:40:02,2831170597362,284300,100,23257,2715,54
1784781602.8355,12:40:02,2831170651829,284300,100,23257,2715,54
1784781603.0355,12:40:03,2831170712660,288802,100,23257,2715,55
1784781603.2355,12:40:03,2831170767341,288802,100,23257,2715,55
1784781603.4355,12:40:03,2831170823869,288802,100,23257,2715,55
1784781603.6355,12:40:03,2831170881887,287427,100,23257,2715,55
1784781603.8355,12:40:03,2831170936578,287427,100,23257,2715,55
1784781604.0355,12:40:04,2831170991100,291693,100,23257,2715,55
1784781604.2355,12:40:04,2831171045616,291693,100,23257,2715,55
1784781604.4355,12:40:04,2831171100298,291693,100,23257,2715,55
1784781604.6355,12:40:04,2831171157338,283322,100,23257,2715,54
1784781604.8355,12:40:04,2831171211992,283322,100,23257,2715,54
1784781605.0355,12:40:05,2831171267097,281628,100,23257,2715,54
1784781605.2355,12:40:05,2831171321715,281628,100,23257,2715,54
1784781605.4355,12:40:05,2831171376545,281628,100,23257,2715,54
1784781605.6355,12:40:05,2831171432024,282409,100,23257,2715,54
1784781605.8355,12:40:05,2831171486585,282409,100,23257,2715,54
1784781606.0355,12:40:06,2831171544513,282391,100,23257,2715,54
1784781606.2355,12:40:06,2831171599287,282391,100,23257,2715,54
1784781606.4355,12:40:06,2831171658781,282391,100,23257,2715,54
1784781606.6355,12:40:06,2831171713391,289616,100,23257,2715,55
1784781606.8355,12:40:06,2831171767984,289616,100,23257,2715,55
1784781607.0355,12:40:07,2831171822764,287367,100,23257,2715,55
1784781607.2355,12:40:07,2831171877676,287367,100,23257,2715,55
1784781607.4355,12:40:07,2831171935062,287367,100,23257,2715,55
1784781607.6355,12:40:07,2831171993862,286978,100,23257,2715,55
1784781607.8355,12:40:07,2831172048550,286978,100,23257,2715,55
1784781608.0355,12:40:08,2831172104570,287710,100,23257,2715,55
1784781608.2355,12:40:08,2831172159929,287710,100,23257,2715,55
1784781608.4355,12:40:08,2831172214679,287710,100,23257,2715,55
1784781608.6355,12:40:08,2831172269457,286524,100,23257,2715,55
1784781608.8355,12:40:08,2831172324195,286524,100,23257,2715,55
1784781609.0355,12:40:09,2831172378848,281794,100,23257,2715,54
1784781609.2355,12:40:09,2831172433403,281794,100,23257,2715,54
1784781609.4355,12:40:09,2831172488541,281794,100,23257,2715,54
1784781609.6355,12:40:09,2831172543205,280595,100,23257,2715,55
1784781609.8355,12:40:09,2831172599022,280595,100,23257,2715,55
1784781610.0355,12:40:10,2831172653624,281500,100,23257,2715,55
1784781610.2355,12:40:10,2831172708194,281500,100,23257,2715,55
1784781610.4355,12:40:10,2831172762788,281500,100,23257,2715,55
1784781610.6355,12:40:10,2831172817328,281558,100,23257,2715,54
1784781610.8355,12:40:10,2831172872935,281558,100,23257,2715,54
1784781611.0355,12:40:11,2831172927269,281134,100,23257,2715,55
1784781611.2355,12:40:11,2831172981627,281134,100,23257,2715,55
1784781611.4355,12:40:11,2831173035934,281134,100,23257,2715,55
1784781611.6355,12:40:11,2831173090244,280841,100,23257,2715,55
1784781611.8355,12:40:11,2831173144746,280841,100,23257,2715,55
1784781612.0355,12:40:12,2831173205086,284859,100,23257,2715,55
1784781612.2355,12:40:12,2831173259378,284859,100,23257,2715,55
1784781612.4355,12:40:12,2831173313876,284859,100,23257,2715,55
1784781612.6355,12:40:12,2831173368201,285295,100,23257,2715,55
1784781612.8355,12:40:12,2831173422528,285295,100,23257,2715,55
1784781613.0355,12:40:13,2831173476910,285276,100,23257,2715,55
1784781613.2355,12:40:13,2831173536012,285276,100,23257,2715,55
1784781613.4355,12:40:13,2831173590462,285276,100,23257,2715,55
1784781613.6355,12:40:13,2831173645376,285530,100,23257,2715,55
1784781613.8355,12:40:13,2831173704133,285530,100,23257,2715,55
1784781614.0355,12:40:14,2831173758381,290174,100,23257,2715,55
1784781614.2355,12:40:14,2831173815098,290174,100,23257,2715,55
1784781614.4355,12:40:14,2831173871723,290174,100,23257,2715,55
1784781614.6355,12:40:14,2831173930171,291255,100,23257,2715,59
1784781614.8355,12:40:14,2831173984625,291255,100,23257,2715,59
1784781615.0355,12:40:15,2831174038835,290348,100,23257,2715,55
1784781615.2355,12:40:15,2831174099114,290348,100,23257,2715,55
1784781615.4355,12:40:15,2831174158383,290348,100,23257,2715,55
1784781615.6355,12:40:15,2831174212776,292875,100,23257,2715,55
1784781615.8355,12:40:15,2831174267507,292875,100,23257,2715,55
1784781616.0355,12:40:16,2831174322031,289961,100,23257,2715,55
1784781616.2355,12:40:16,2831174381554,289961,100,23257,2715,55
1784781616.4355,12:40:16,2831174435497,289961,100,23257,2715,55
1784781616.6355,12:40:16,2831174489519,289563,100,23257,2715,55
1784781616.8355,12:40:16,2831174543469,289563,100,23257,2715,55
1784781617.0355,12:40:17,2831174597500,284821,100,23257,2715,55
1784781617.2355,12:40:17,2831174651443,284821,100,23257,2715,55
1784781617.4355,12:40:17,2831174705555,284821,100,23257,2715,55
1784781617.6355,12:40:17,2831174759494,280061,100,23257,2715,55
1784781617.8355,12:40:17,2831174813403,280061,100,23257,2715,55
1784781618.0355,12:40:18,2831174867310,280210,100,23257,2715,55
1784781618.2355,12:40:18,2831174924452,280210,100,23257,2715,55
1784781618.4355,12:40:18,2831174978459,280210,100,23257,2715,55
1784781618.6355,12:40:18,2831175039826,282868,100,23257,2715,55
1784781618.8355,12:40:18,2831175091058,282868,100,23257,2715,55
1784781619.0355,12:40:19,2831175145030,287527,100,23257,2715,55
1784781619.2355,12:40:19,2831175200071,287527,100,23257,2715,55
1784781619.4355,12:40:19,2831175254637,287527,100,23257,2715,55
1784781619.6355,12:40:19,2831175308403,286468,100,23257,2715,55
1784781619.8356,12:40:19,2831175362173,286468,100,23257,2715,55
1784781620.0355,12:40:20,2831175416461,282440,100,23257,2715,55
1784781620.2355,12:40:20,2831175470394,282440,100,23257,2715,55
1784781620.4355,12:40:20,2831175524238,282440,100,23257,2715,55
1784781620.6355,12:40:20,2831175581274,281673,100,23257,2715,55
1784781620.8355,12:40:20,2831175640060,281673,100,23257,2715,55
1784781621.0355,12:40:21,2831175692477,287615,100,23257,2715,55
1784781621.2355,12:40:21,2831175746115,287615,100,23257,2715,55
1784781621.4355,12:40:21,2831175799849,287615,100,23257,2715,55
1784781621.6355,12:40:21,2831175853581,286913,100,23257,2715,55
1784781621.8355,12:40:21,2831175907239,286913,100,23257,2715,55
1784781622.0356,12:40:22,2831175960899,280609,100,23257,2715,55
1784781622.2355,12:40:22,2831176014449,280609,100,23257,2715,55
1784781622.4355,12:40:22,2831176068602,280609,100,23257,2715,55
1784781622.6355,12:40:22,2831176122147,280971,100,23257,2715,55
1784781622.8355,12:40:22,2831176175661,280971,100,23257,2715,55
1784781623.0355,12:40:23,2831176229848,281361,100,23257,2715,55
1784781623.2355,12:40:23,2831176286577,281361,100,23257,2715,55
1784781623.4355,12:40:23,2831176339997,281361,100,23257,2715,55
1784781623.6355,12:40:23,2831176393992,283698,100,23257,2715,55
1784781623.8355,12:40:23,2831176447491,283698,100,23257,2715,55
1784781624.0355,12:40:24,2831176500794,284042,100,23257,2715,55
1784781624.2355,12:40:24,2831176554026,284042,100,23257,2715,55
1784781624.4355,12:40:24,2831176607233,284042,100,23257,2715,55
1784781624.6355,12:40:24,2831176661152,280744,100,23257,2715,55
1784781624.8355,12:40:24,2831176722366,280744,100,23257,2715,55
1784781625.0355,12:40:25,2831176775844,286776,100,23257,2715,55
1784781625.2355,12:40:25,2831176832103,286776,100,23257,2715,55
1784781625.4355,12:40:25,2831176888838,286776,100,23257,2715,55
1784781625.6355,12:40:25,2831176942099,294509,100,23257,2715,55
1784781625.8355,12:40:25,2831176995239,294509,100,23257,2715,55
1784781626.0355,12:40:26,2831177048385,287709,100,23257,2715,55
1784781626.2356,12:40:26,2831177101541,287709,100,23257,2715,55
1784781626.4355,12:40:26,2831177154705,287709,100,23257,2715,55
1784781626.6355,12:40:26,2831177209708,280016,100,23257,2715,55
1784781626.8355,12:40:26,2831177263616,280016,100,23257,2715,55
1784781627.0355,12:40:27,2831177316705,283444,100,23257,2715,55
1784781627.2355,12:40:27,2831177371068,283444,100,23257,2715,55
1784781627.4355,12:40:27,2831177424232,283444,100,23257,2715,55
1784781627.6355,12:40:27,2831177480038,285114,100,23257,2715,55
1784781627.8355,12:40:27,2831177536197,285114,100,23257,2715,55
1784781628.0355,12:40:28,2831177592948,289419,100,23257,2715,55
1784781628.2355,12:40:28,2831177650060,289419,100,23257,2715,55
1784781628.4355,12:40:28,2831177703046,289419,100,23257,2715,55
1784781628.6355,12:40:28,2831177756093,292424,100,23257,2715,55
1784781628.8355,12:40:28,2831177813911,292424,100,23257,2715,55
1784781629.0355,12:40:29,2831177867673,292930,100,23257,2715,56
1784781629.2355,12:40:29,2831177920701,292930,100,23257,2715,56
1784781629.4355,12:40:29,2831177973638,292930,100,23257,2715,56
1784781629.6355,12:40:29,2831178026519,286596,100,23257,2715,55
1784781629.8355,12:40:29,2831178080027,286596,100,23257,2715,55
1784781630.0355,12:40:30,2831178134918,281414,100,23257,2715,55
1784781630.2355,12:40:30,2831178191742,281414,100,23257,2715,55
1784781630.4355,12:40:30,2831178244981,281414,100,23257,2715,55
1784781630.6355,12:40:30,2831178302235,286452,100,23257,2715,57
1784781630.8355,12:40:30,2831178355154,286452,100,23257,2715,57
1784781631.0355,12:40:31,2831178408241,290401,100,23257,2715,55
1784781631.2355,12:40:31,2831178461039,290401,100,23257,2715,55
1784781631.4355,12:40:31,2831178513766,290401,100,23257,2715,55
1784781631.6355,12:40:31,2831178571068,285220,100,23257,2715,55
1784781631.8355,12:40:31,2831178623913,285220,100,23257,2715,55
1784781632.0355,12:40:32,2831178684270,292481,100,23257,2715,57
1784781632.2355,12:40:32,2831178736776,292481,100,23257,2715,57
1784781632.4355,12:40:32,2831178789435,292481,100,23257,2715,57
1784781632.6355,12:40:32,2831178842068,293116,100,23257,2715,55
1784781632.8355,12:40:32,2831178894383,293116,100,23257,2715,55
1784781633.0355,12:40:33,2831178946541,288768,100,23257,2715,55
1784781633.2355,12:40:33,2831178998635,288768,100,23257,2715,55
1784781633.4355,12:40:33,2831179050800,288768,100,23257,2715,55
1784781633.6355,12:40:33,2831179102866,278725,100,23257,2715,55
1784781633.8355,12:40:33,2831179154856,278725,100,23257,2715,55
1784781634.0355,12:40:34,2831179206807,277763,100,23257,2715,55
1784781634.2355,12:40:34,2831179258759,277763,100,23257,2715,55
1784781634.4355,12:40:34,2831179310659,277763,100,23257,2715,55
1784781634.6355,12:40:34,2831179362685,277490,100,23257,2715,55
1784781634.8355,12:40:34,2831179414193,277490,100,23257,2715,55
1784781635.0355,12:40:35,2831179465379,276693,100,23257,2715,55
1784781635.2355,12:40:35,2831179516156,276693,100,23257,2715,55
1784781635.4355,12:40:35,2831179567516,276693,100,23257,2715,55
1784781635.6355,12:40:35,2831179618641,275301,100,23257,2715,54
1784781635.8355,12:40:35,2831179669278,275301,100,23257,2715,54
1784781636.0356,12:40:36,2831179719928,273373,100,23257,2715,54
1784781636.2355,12:40:36,2831179770893,273373,100,23257,2715,54
1784781636.4355,12:40:36,2831179807839,273373,100,23257,2715,54
1784781636.6355,12:40:36,2831179823543,259265,100,23257,2730,51
1784781636.8355,12:40:36,2831179839062,259265,100,23257,2730,51
1784781637.0355,12:40:37,2831179854506,172989,0,23257,2730,49
1784781637.2355,12:40:37,2831179869933,172989,0,23257,2730,49
1784781637.4355,12:40:37,2831179885323,172989,0,23257,2730,49
1784781637.6355,12:40:37,2831179897148,103875,0,23257,2730,49
1784781637.8355,12:40:37,2831179908958,103875,0,23257,2730,49
1784781638.0355,12:40:38,2831179920796,103875,0,23257,2730,49
1784781638.2355,12:40:38,2831179932593,103875,0,23257,2730,49
1784781638.4355,12:40:38,2831179942256,103875,0,23257,2730,49
1784781638.6355,12:40:38,2831179951826,80399,0,23257,2520,48
1784781638.8355,12:40:38,2831179961402,80399,0,23257,2520,48
1784781639.0355,12:40:39,2831179970944,80399,0,23257,2520,48
1784781639.2355,12:40:39,2831179980483,80399,0,23257,2520,48
1784781639.4356,12:40:39,2831179990013,80399,0,23257,2520,48
1784781639.6355,12:40:39,2831179999500,73117,0,23257,2520,47
1784781639.8355,12:40:39,2831180009002,73117,0,23257,2520,47
1784781640.0355,12:40:40,2831180018508,73117,0,23257,2520,47
1784781640.2355,12:40:40,2831180028014,73117,0,23257,2520,47
1784781640.4355,12:40:40,2831180037531,73117,0,23257,2520,47
1784781640.6355,12:40:40,2831180047039,65941,0,23257,2520,46
1784781640.8356,12:40:40,2831180056514,65941,0,23257,2520,46
1784781641.0356,12:40:41,2831180066018,65941,0,23257,2520,46
1784781641.2356,12:40:41,2831180075504,65941,0,23257,2520,46
1784781641.4355,12:40:41,2831180084977,65941,0,23257,2520,46
1784781641.6355,12:40:41,2831180094451,65872,0,23257,2520,46
1784781641.8355,12:40:41,2831180103939,65872,0,23257,2520,46
1784781642.0355,12:40:42,2831180113447,65872,0,23257,2520,46
1784781642.2355,12:40:42,2831180122924,65872,0,23257,2520,46
1784781642.4355,12:40:42,2831180132412,65872,0,23257,2520,46
1784781642.6355,12:40:42,2831180141869,65904,0,23257,2520,45
1784781642.8355,12:40:42,2831180151325,65904,0,23257,2520,45
1784781643.0355,12:40:43,2831180160766,65904,0,23257,2520,45
1784781643.2355,12:40:43,2831180170191,65904,0,23257,2520,45
1784781643.4355,12:40:43,2831180179610,65904,0,23257,2520,45
1784781643.6355,12:40:43,2831180189051,65857,0,23257,2520,45
1784781643.8355,12:40:43,2831180198465,65857,0,23257,2520,45
1784781644.0355,12:40:44,2831180207873,65857,0,23257,2520,45
1784781644.2355,12:40:44,2831180217293,65857,0,23257,2520,45
1784781644.4355,12:40:44,2831180226692,65857,0,23257,2520,45
1784781644.6355,12:40:44,2831180236093,65759,0,23257,2520,44
1784781644.8355,12:40:44,2831180245446,65759,0,23257,2520,44
1784781645.0356,12:40:45,2831180254798,65759,0,23257,2520,44
1784781645.2356,12:40:45,2831180264131,65759,0,23257,2520,44
1784781645.4355,12:40:45,2831180273488,65759,0,23257,2520,44
1784781645.6355,12:40:45,2831180282863,65643,0,23257,2520,44
1784781645.8356,12:40:45,2831180292219,65643,0,23257,2520,44
1784781646.0355,12:40:46,2831180301545,65643,0,23257,2520,44
1784781646.2355,12:40:46,2831180310867,65643,0,23257,2520,44
1784781646.4355,12:40:46,2831180320194,65643,0,23257,2520,44
1784781646.6355,12:40:46,2831180329505,65534,0,23257,2520,44
1784781646.8355,12:40:46,2831180338795,65534,0,23257,2520,44
1784781647.0355,12:40:47,2831180348099,65534,0,23257,2520,44
1784781647.2355,12:40:47,2831180357380,65534,0,23257,2520,44
1784781647.4355,12:40:47,2831180366683,65534,0,23257,2520,44
1784781647.6356,12:40:47,2831180375967,65400,0,23257,2520,43
1784781647.8356,12:40:47,2831180385221,65400,0,23257,2520,43
1784781648.0355,12:40:48,2831180394476,65400,0,23257,2520,43
1784781648.2355,12:40:48,2831180403737,65400,0,23257,2520,43
1784781648.4355,12:40:48,2831180412994,65400,0,23257,2520,43
1784781648.6355,12:40:48,2831180422239,65274,0,23257,2520,43
1784781648.8355,12:40:48,2831180431487,65274,0,23257,2520,43
1784781649.0355,12:40:49,2831180440729,65274,0,23257,2520,43
1784781649.2355,12:40:49,2831180449963,65274,0,23257,2520,43
1784781649.4355,12:40:49,2831180459179,65274,0,23257,2520,43
1784781649.6355,12:40:49,2831180468394,65197,0,23257,2520,42
1784781649.8355,12:40:49,2831180477591,65197,0,23257,2520,42
1784781650.0355,12:40:50,2831180486814,65197,0,23257,2520,42
1784781650.2355,12:40:50,2831180497256,65197,0,23257,2520,42
1784781650.4355,12:40:50,2831180541782,65197,0,23257,2520,42
1784781650.6355,12:40:50,2831180592683,100612,0,23257,2730,47
1784781650.8355,12:40:50,2831180644241,100612,0,23257,2730,47
1784781651.0355,12:40:51,2831180695651,157165,100,23257,2730,49
1784781651.2355,12:40:51,2831180747237,157165,100,23257,2730,49
1784781651.4355,12:40:51,2831180798835,157165,100,23257,2730,49
1784781651.6355,12:40:51,2831180850599,279001,100,23257,2730,49
1784781651.8355,12:40:51,2831180902196,279001,100,23257,2730,49
1784781652.0355,12:40:52,2831180953854,283566,100,23257,2730,50
1784781652.2355,12:40:52,2831181005570,283566,100,23257,2730,50
1784781652.4355,12:40:52,2831181057367,283566,100,23257,2730,50
1784781652.6355,12:40:52,2831181109274,284291,100,23257,2730,50
1784781652.8355,12:40:52,2831181160921,284291,100,23257,2730,50
1784781653.0355,12:40:53,2831181212939,284930,100,23257,2730,50
1784781653.2355,12:40:53,2831181264436,284930,100,23257,2730,50
1784781653.4355,12:40:53,2831181316039,284930,100,23257,2730,50
1784781653.6355,12:40:53,2831181368186,285033,100,23257,2730,50
1784781653.8355,12:40:53,2831181419889,285033,100,23257,2730,50
1784781654.0356,12:40:54,2831181471688,285500,100,23257,2730,50
1784781654.2355,12:40:54,2831181523245,285500,100,23257,2730,50
1784781654.4356,12:40:54,2831181574872,285500,100,23257,2730,50
1784781654.6356,12:40:54,2831181626322,285566,100,23257,2730,50
1784781654.8356,12:40:54,2831181678209,285566,100,23257,2730,50
1784781655.0356,12:40:55,2831181730097,285822,100,23257,2730,51
1784781655.2356,12:40:55,2831181781445,285822,100,23257,2730,51
1784781655.4356,12:40:55,2831181833199,285822,100,23257,2730,51
1784781655.6356,12:40:55,2831181884850,285767,100,23257,2730,51
1784781655.8355,12:40:55,2831181936270,285767,100,23257,2730,51
1784781656.0356,12:40:56,2831181987656,285562,100,23257,2730,51
1784781656.2356,12:40:56,2831182038974,285562,100,23257,2730,51
1784781656.4356,12:40:56,2831182090234,285562,100,23257,2730,51
1784781656.6356,12:40:56,2831182145846,284786,100,23257,2730,51
1784781656.8356,12:40:56,2831182196955,284786,100,23257,2730,51
1784781657.0356,12:40:57,2831182248059,284126,100,23257,2730,51
1784781657.2356,12:40:57,2831182299120,284126,100,23257,2730,51
1784781657.4355,12:40:57,2831182350167,284126,100,23257,2730,51
1784781657.6356,12:40:57,2831182400361,283695,100,23257,2730,51
1784781657.8355,12:40:57,2831182454521,283695,100,23257,2730,51
1784781658.0355,12:40:58,2831182508680,280770,100,23257,2730,51
1784781658.2355,12:40:58,2831182562770,280770,100,23257,2730,51
1784781658.4356,12:40:58,2831182616734,280770,100,23257,2730,51
1784781658.6356,12:40:58,2831182670674,277794,100,23257,2730,51
1784781658.8356,12:40:58,2831182724197,277794,100,23257,2730,51
1784781659.0356,12:40:59,2831182777283,275863,100,23257,2730,51
1784781659.2356,12:40:59,2831182829854,275863,100,23257,2730,51
1784781659.4356,12:40:59,2831182882568,275863,100,23257,2730,51
1784781659.6356,12:40:59,2831182935576,272497,100,23257,2730,51
1784781659.8356,12:40:59,2831182988469,272497,100,23257,2730,51
1784781660.0356,12:41:00,2831183041508,270727,100,23257,2730,51
1784781660.2356,12:41:00,2831183094653,270727,100,23257,2730,51
1784781660.4356,12:41:00,2831183114256,270727,100,23257,2730,51
1784781660.6356,12:41:00,2831183130301,239577,100,23257,2730,46
1784781660.8356,12:41:00,2831183146284,239577,100,23257,2730,46
1784781661.0356,12:41:01,2831183162158,153531,0,23257,2730,45
1784781661.2356,12:41:01,2831183177956,153531,0,23257,2730,45
1784781661.4356,12:41:01,2831183189147,153531,0,23257,2730,45
1784781661.6356,12:41:01,2831183200118,101511,0,23257,2730,45
1784781661.8356,12:41:01,2831183211047,101511,0,23257,2730,45
1784781662.0356,12:41:02,2831183221991,101511,0,23257,2730,45
1784781662.2356,12:41:02,2831183230992,101511,0,23257,2730,45
1784781662.4356,12:41:02,2831183240158,101511,0,23257,2730,45
1784781662.6356,12:41:02,2831183249121,77199,0,23257,2520,44
1784781662.8356,12:41:02,2831183258090,77199,0,23257,2520,44
1784781663.0356,12:41:03,2831183267035,77199,0,23257,2520,44
1784781663.2356,12:41:03,2831183275982,77199,0,23257,2520,44
1784781663.4356,12:41:03,2831183285083,77199,0,23257,2520,44
1784781663.6356,12:41:03,2831183294030,71020,0,23257,2520,43
1784781663.8356,12:41:03,2831183302935,71020,0,23257,2520,43
1784781664.0356,12:41:04,2831183311851,71020,0,23257,2520,43
1784781664.2356,12:41:04,2831183320757,71020,0,23257,2520,43
1784781664.4356,12:41:04,2831183329828,71020,0,23257,2520,43
1784781664.6355,12:41:04,2831183338734,65106,0,23257,2520,43
1784781664.8356,12:41:04,2831183347623,65106,0,23257,2520,43
1784781665.0356,12:41:05,2831183356547,65106,0,23257,2520,43
1784781665.2356,12:41:05,2831183365448,65106,0,23257,2520,43
1784781665.4356,12:41:05,2831183374508,65106,0,23257,2520,43
1784781665.6356,12:41:05,2831183383384,65054,0,23257,2520,42
1784781665.8355,12:41:05,2831183392249,65054,0,23257,2520,42
1784781666.0356,12:41:06,2831183401122,65054,0,23257,2520,42
1784781666.2356,12:41:06,2831183409975,65054,0,23257,2520,42
1784781666.4356,12:41:06,2831183418999,65054,0,23257,2520,42
1784781666.6356,12:41:06,2831183427845,65036,0,23257,2520,42
1784781666.8356,12:41:06,2831183436689,65036,0,23257,2520,42
1784781667.0356,12:41:07,2831183445527,65036,0,23257,2520,42
1784781667.2356,12:41:07,2831183454371,65036,0,23257,2520,42
1784781667.4356,12:41:07,2831183463374,65036,0,23257,2520,42
1784781667.6356,12:41:07,2831183472195,64976,0,23257,2520,42
1784781667.8356,12:41:07,2831183481017,64976,0,23257,2520,42
1784781668.0356,12:41:08,2831183489831,64976,0,23257,2520,42
1784781668.2356,12:41:08,2831183498629,64976,0,23257,2520,42
1784781668.4356,12:41:08,2831183507604,64976,0,23257,2520,42
1784781668.6356,12:41:08,2831183516398,64924,0,23257,2520,41
1784781668.8356,12:41:08,2831183525187,64924,0,23257,2520,41
1784781669.0356,12:41:09,2831183533962,64924,0,23257,2520,41
1784781669.2356,12:41:09,2831183542752,64924,0,23257,2520,41
1784781669.4356,12:41:09,2831183551703,64924,0,23257,2520,41
1784781669.6356,12:41:09,2831183560490,64886,0,23257,2520,41
1784781669.8356,12:41:09,2831183569255,64886,0,23257,2520,41
1784781670.0356,12:41:10,2831183578030,64886,0,23257,2520,41
1784781670.2356,12:41:10,2831183586813,64886,0,23257,2520,41
1784781670.4356,12:41:10,2831183595721,64886,0,23257,2520,41
1784781670.6356,12:41:10,2831183604463,64882,0,23257,2520,41
1784781670.8356,12:41:10,2831183613212,64882,0,23257,2520,41
1784781671.0356,12:41:11,2831183621955,64882,0,23257,2520,41
1784781671.2356,12:41:11,2831183630698,64882,0,23257,2520,41
1784781671.4356,12:41:11,2831183639608,64882,0,23257,2520,41
1784781671.6356,12:41:11,2831183648320,64858,0,23257,2520,40
1784781671.8356,12:41:11,2831183657038,64858,0,23257,2520,40
1784781672.0356,12:41:12,2831183665767,64858,0,23257,2520,40
1784781672.2356,12:41:12,2831183674483,64858,0,23257,2520,40
1784781672.4356,12:41:12,2831183683363,64858,0,23257,2520,40
1784781672.6356,12:41:12,2831183692072,64801,0,23257,2520,40
1784781672.8356,12:41:12,2831183700778,64801,0,23257,2520,40
1784781673.0356,12:41:13,2831183709481,64801,0,23257,2520,40
1784781673.2356,12:41:13,2831183718171,64801,0,23257,2520,40
1784781673.4356,12:41:13,2831183727019,64801,0,23257,2520,40
1784781673.6356,12:41:13,2831183735676,64782,0,23257,2520,40
1784781673.8356,12:41:13,2831183744332,64782,0,23257,2520,40
1784781674.0356,12:41:14,2831183752996,64782,0,23257,2520,40
1784781674.2356,12:41:14,2831183761642,64782,0,23257,2520,40
1784781674.4356,12:41:14,2831183770458,64782,0,23257,2520,40
1784781674.6356,12:41:14,2831183779126,64693,0,23257,2520,40
1784781674.8356,12:41:14,2831183787776,64693,0,23257,2520,40
1784781675.0356,12:41:15,2831183797106,64648,0,23257,2520,39
1784781675.2356,12:41:15,2831183844028,64648,0,23257,2520,39
1784781675.4356,12:41:15,2831183897707,64648,0,23257,2520,39
1784781675.6356,12:41:15,2831183952232,131379,0,23257,2730,46
1784781675.8356,12:41:15,2831184006523,131379,0,23257,2730,46
1784781676.0356,12:41:16,2831184061143,175229,100,23257,2730,47
1784781676.2356,12:41:16,2831184115758,175229,100,23257,2730,47
1784781676.4356,12:41:16,2831184170407,175229,100,23257,2730,47
1784781676.6356,12:41:16,2831184225017,281218,100,23257,2730,47
1784781676.8356,12:41:16,2831184279604,281218,100,23257,2730,47
1784781677.0356,12:41:17,2831184334431,282034,100,23257,2730,47
1784781677.2356,12:41:17,2831184387527,282034,100,23257,2730,47
1784781677.4356,12:41:17,2831184442487,282034,100,23257,2730,47
1784781677.6356,12:41:17,2831184497015,282563,100,23257,2730,47
1784781677.8356,12:41:17,2831184552146,282563,100,23257,2730,47
1784781678.0356,12:41:18,2831184606560,282986,100,23257,2730,48
1784781678.2356,12:41:18,2831184660995,282986,100,23257,2730,48
1784781678.4356,12:41:18,2831184715906,282986,100,23257,2730,48
1784781678.6356,12:41:18,2831184770564,282767,100,23257,2730,48
1784781678.8356,12:41:18,2831184825273,282767,100,23257,2730,48
1784781679.0356,12:41:19,2831184879926,282889,100,23257,2730,48
1784781679.2356,12:41:19,2831184934681,282889,100,23257,2730,48
1784781679.4356,12:41:19,2831184989305,282889,100,23257,2730,48
1784781679.6356,12:41:19,2831185044169,283201,100,23257,2730,48
1784781679.8356,12:41:19,2831185098984,283201,100,23257,2730,48
1784781680.0356,12:41:20,2831185153687,283749,100,23257,2730,48
1784781680.2356,12:41:20,2831185208729,283749,100,23257,2730,48
1784781680.4356,12:41:20,2831185263759,283749,100,23257,2730,48
1784781680.6356,12:41:20,2831185318351,284399,100,23257,2730,49
1784781680.8356,12:41:20,2831185372948,284399,100,23257,2730,49
1784781681.0356,12:41:21,2831185427877,284434,100,23257,2730,49
1784781681.2356,12:41:21,2831185482815,284434,100,23257,2730,49
1784781681.4356,12:41:21,2831185537667,284434,100,23257,2730,49
1784781681.6356,12:41:21,2831185593224,284684,100,23257,2730,49
1784781681.8356,12:41:21,2831185648158,284684,100,23257,2730,49
1784781682.0356,12:41:22,2831185702965,285950,100,23257,2730,49
1784781682.2356,12:41:22,2831185757621,285950,100,23257,2730,49
1784781682.4356,12:41:22,2831185812802,285950,100,23257,2730,49
1784781682.6356,12:41:22,2831185868140,286348,100,23257,2730,49
1784781682.8356,12:41:22,2831185922869,286348,100,23257,2730,49
1784781683.0356,12:41:23,2831185977876,286240,100,23257,2730,50
1784781683.2356,12:41:23,2831186032686,286240,100,23257,2730,50
1784781683.4356,12:41:23,2831186088086,286240,100,23257,2730,50
1784781683.6356,12:41:23,2831186143019,286961,100,23257,2730,50
1784781683.8356,12:41:23,2831186198167,286961,100,23257,2730,50
1784781684.0356,12:41:24,2831186253176,287505,100,23257,2730,50
1784781684.2356,12:41:24,2831186308065,287505,100,23257,2730,50
1784781684.4356,12:41:24,2831186362927,287505,100,23257,2730,50
1784781684.6356,12:41:24,2831186417557,286866,100,23257,2730,50
1784781684.8356,12:41:24,2831186472063,286866,100,23257,2730,50
1784781685.0356,12:41:25,2831186526594,285891,100,23257,2730,50
1784781685.2356,12:41:25,2831186581195,285891,100,23257,2730,50
1784781685.4356,12:41:25,2831186635676,285891,100,23257,2730,50
1784781685.6356,12:41:25,2831186690107,285435,100,23257,2730,50
1784781685.8356,12:41:25,2831186744155,285435,100,23257,2730,50
1784781686.0356,12:41:26,2831186798294,284643,100,23257,2730,50
1784781686.2356,12:41:26,2831186852457,284643,100,23257,2730,50
1784781686.4356,12:41:26,2831186906720,284643,100,23257,2730,50
1784781686.6356,12:41:26,2831186960691,283846,100,23257,2730,50
1784781686.8356,12:41:26,2831187014823,283846,100,23257,2730,50
1784781687.0356,12:41:27,2831187068912,283707,100,23257,2730,50
1784781687.2356,12:41:27,2831187123000,283707,100,23257,2730,50
1784781687.4356,12:41:27,2831187177042,283707,100,23257,2730,50
1784781687.6356,12:41:27,2831187231124,283692,100,23257,2730,50
1784781687.8356,12:41:27,2831187285295,283692,100,23257,2730,50
1784781688.0356,12:41:28,2831187339684,284280,100,23257,2730,50
1784781688.2356,12:41:28,2831187393937,284280,100,23257,2730,50
1784781688.4356,12:41:28,2831187448242,284280,100,23257,2730,50
1784781688.6356,12:41:28,2831187502584,284947,100,23257,2730,51
1784781688.8356,12:41:28,2831187556768,284947,100,23257,2730,51
1784781689.0356,12:41:29,2831187611310,285689,100,23257,2730,51
1784781689.2356,12:41:29,2831187665419,285689,100,23257,2730,51
1784781689.4356,12:41:29,2831187719545,285689,100,23257,2730,51
1784781689.6356,12:41:29,2831187773487,285438,100,23257,2730,51
1784781689.8356,12:41:29,2831187827419,285438,100,23257,2730,51
1784781690.0356,12:41:30,2831187881475,284816,100,23257,2730,51
1784781690.2356,12:41:30,2831187936147,284816,100,23257,2730,51
1784781690.4356,12:41:30,2831187990399,284816,100,23257,2730,51
1784781690.6356,12:41:30,2831188044619,285248,100,23257,2730,51
1784781690.8356,12:41:30,2831188098652,285248,100,23257,2730,51
1784781691.0356,12:41:31,2831188152762,285947,100,23257,2730,51
1784781691.2356,12:41:31,2831188206955,285947,100,23257,2730,51
1784781691.4356,12:41:31,2831188260844,285947,100,23257,2730,51
1784781691.6356,12:41:31,2831188315025,285748,100,23257,2730,51
1784781691.8356,12:41:31,2831188369050,285748,100,23257,2730,51
1784781692.0356,12:41:32,2831188423189,285980,100,23257,2730,51
1784781692.2356,12:41:32,2831188476808,285980,100,23257,2730,51
1784781692.4356,12:41:32,2831188530373,285980,100,23257,2730,51
1784781692.6356,12:41:32,2831188584269,285577,100,23257,2730,51
1784781692.8356,12:41:32,2831188637837,285577,100,23257,2730,51
1784781693.0356,12:41:33,2831188691529,284573,100,23257,2730,51
1784781693.2356,12:41:33,2831188745283,284573,100,23257,2730,51
1784781693.4356,12:41:33,2831188798953,284573,100,23257,2730,51
1784781693.6356,12:41:33,2831188852825,284930,100,23257,2730,51
1784781693.8356,12:41:33,2831188906622,284930,100,23257,2730,51
1784781694.0356,12:41:34,2831188960666,285438,100,23257,2730,52
1784781694.2356,12:41:34,2831189014504,285438,100,23257,2730,52
1784781694.4356,12:41:34,2831189068198,285438,100,23257,2730,52
1784781694.6356,12:41:34,2831189121828,285760,100,23257,2730,52
1784781694.8356,12:41:34,2831189175305,285760,100,23257,2730,52
1784781695.0356,12:41:35,2831189228993,285111,100,23257,2730,52
1784781695.2356,12:41:35,2831189282638,285111,100,23257,2730,52
1784781695.4356,12:41:35,2831189336158,285111,100,23257,2730,52
1784781695.6356,12:41:35,2831189389848,284914,100,23257,2730,52
1784781695.8356,12:41:35,2831189443467,284914,100,23257,2730,52
1784781696.0356,12:41:36,2831189497039,285190,100,23257,2730,52
1784781696.2356,12:41:36,2831189550684,285190,100,23257,2730,52
1784781696.4356,12:41:36,2831189604436,285190,100,23257,2730,52
1784781696.6356,12:41:36,2831189658065,285634,100,23257,2730,52
1784781696.8356,12:41:36,2831189711762,285634,100,23257,2730,52
1784781697.0356,12:41:37,2831189765324,286028,100,23257,2730,52
1784781697.2356,12:41:37,2831189818782,286028,100,23257,2730,52
1784781697.4356,12:41:37,2831189872185,286028,100,23257,2730,52
1784781697.6356,12:41:37,2831189925555,285689,100,23257,2730,52
1784781697.8356,12:41:37,2831189979062,285689,100,23257,2730,52
1784781698.0356,12:41:38,2831190032475,285537,100,23257,2730,52
1784781698.2356,12:41:38,2831190085894,285537,100,23257,2730,52
1784781698.4356,12:41:38,2831190139379,285537,100,23257,2730,52
1784781698.6356,12:41:38,2831190192597,285639,100,23257,2730,52
1784781698.8356,12:41:38,2831190246009,285639,100,23257,2730,52
1784781699.0356,12:41:39,2831190299706,285991,100,23257,2730,52
1784781699.2356,12:41:39,2831190353539,285991,100,23257,2730,52
1784781699.4356,12:41:39,2831190406851,285991,100,23257,2730,52
1784781699.6356,12:41:39,2831190460540,286487,100,23257,2730,52
1784781699.8356,12:41:39,2831190514291,286487,100,23257,2730,52
1784781700.0356,12:41:40,2831190567566,287294,100,23257,2730,52
1784781700.2356,12:41:40,2831190620876,287294,100,23257,2730,52
1784781700.4356,12:41:40,2831190674386,287294,100,23257,2730,52
1784781700.6356,12:41:40,2831190727748,286881,100,23257,2730,52
1784781700.8356,12:41:40,2831190781131,286881,100,23257,2730,52
1784781701.0356,12:41:41,2831190834530,286482,100,23257,2730,52
1784781701.2356,12:41:41,2831190888064,286482,100,23257,2730,52
1784781701.4356,12:41:41,2831190942187,286482,100,23257,2730,52
1784781701.6356,12:41:41,2831190995859,287431,100,23257,2730,53
1784781701.8356,12:41:41,2831191049178,287431,100,23257,2730,53
1784781702.0356,12:41:42,2831191102633,288203,100,23257,2730,53
1784781702.2356,12:41:42,2831191156046,288203,100,23257,2730,53
1784781702.4356,12:41:42,2831191209539,288203,100,23257,2730,53
1784781702.6356,12:41:42,2831191263122,287904,100,23257,2730,53
1784781702.8356,12:41:42,2831191316480,287904,100,23257,2730,53
1784781703.0356,12:41:43,2831191369790,287589,100,23257,2730,53
1784781703.2356,12:41:43,2831191423156,287589,100,23257,2730,53
1784781703.4356,12:41:43,2831191476498,287589,100,23257,2730,53
1784781703.6356,12:41:43,2831191529940,287745,100,23257,2730,53
1784781703.8356,12:41:43,2831191583505,287745,100,23257,2730,53
1784781704.0356,12:41:44,2831191636881,288034,100,23257,2730,53
1784781704.2356,12:41:44,2831191690692,288034,100,23257,2730,53
1784781704.4356,12:41:44,2831191744455,288034,100,23257,2730,53
1784781704.6356,12:41:44,2831191797762,289198,100,23257,2730,53
1784781704.8356,12:41:44,2831191850943,289198,100,23257,2730,53
1784781705.0356,12:41:45,2831191904195,289027,100,23257,2730,53
1784781705.2356,12:41:45,2831191957404,289027,100,23257,2730,53
1784781705.4356,12:41:45,2831192010653,289027,100,23257,2730,53
1784781705.6356,12:41:45,2831192064352,288398,100,23257,2730,53
1784781705.8356,12:41:45,2831192117553,288398,100,23257,2730,53
1784781706.0356,12:41:46,2831192170846,288493,100,23257,2730,53
1784781706.2356,12:41:46,2831192223997,288493,100,23257,2730,53
1784781706.4356,12:41:46,2831192277313,288493,100,23257,2730,53
1784781706.6356,12:41:46,2831192330628,288734,100,23257,2730,53
1784781706.8356,12:41:46,2831192383836,288734,100,23257,2730,53
1784781707.0356,12:41:47,2831192437288,288793,100,23257,2730,53
1784781707.2356,12:41:47,2831192490789,288793,100,23257,2730,53
1784781707.4356,12:41:47,2831192543849,288793,100,23257,2730,53
1784781707.6356,12:41:47,2831192596986,289075,100,23257,2730,54
1784781707.8356,12:41:47,2831192649731,289075,100,23257,2730,54
1784781708.0356,12:41:48,2831192702626,288297,100,23257,2730,53
1784781708.2356,12:41:48,2831192755579,288297,100,23257,2730,53
1784781708.4356,12:41:48,2831192808592,288297,100,23257,2730,53
1784781708.6356,12:41:48,2831192861457,287621,100,23257,2730,53
1784781708.8356,12:41:48,2831192914638,287621,100,23257,2730,53
1784781709.0356,12:41:49,2831192967766,287932,100,23257,2730,53
1784781709.2356,12:41:49,2831193020721,287932,100,23257,2730,53
1784781709.4356,12:41:49,2831193073831,287932,100,23257,2730,53
1784781709.6356,12:41:49,2831193126784,288357,100,23257,2730,54
1784781709.8356,12:41:49,2831193179455,288357,100,23257,2730,54
1784781710.0356,12:41:50,2831193232250,287956,100,23257,2730,54
1784781710.2356,12:41:50,2831193284914,287956,100,23257,2730,54
1784781710.4356,12:41:50,2831193338039,287956,100,23257,2730,54
1784781710.6356,12:41:50,2831193390766,287760,100,23257,2730,54
1784781710.8356,12:41:50,2831193443714,287760,100,23257,2730,54
1784781711.0356,12:41:51,2831193496356,287887,100,23257,2730,54
1784781711.2356,12:41:51,2831193549294,287887,100,23257,2730,54
1784781711.4356,12:41:51,2831193602024,287887,100,23257,2730,54
1784781711.6356,12:41:51,2831193654707,288230,100,23257,2730,54
1784781711.8356,12:41:51,2831193707298,288230,100,23257,2730,54
1784781712.0356,12:41:52,2831193759981,288149,100,23257,2730,54
1784781712.2356,12:41:52,2831193812434,288149,100,23257,2730,54
1784781712.4356,12:41:52,2831193864807,288149,100,23257,2730,54
1784781712.6356,12:41:52,2831193917310,287526,100,23257,2730,54
1784781712.8356,12:41:52,2831193969695,287526,100,23257,2730,54
1784781713.0356,12:41:53,2831194022130,287135,100,23257,2730,54
1784781713.2356,12:41:53,2831194074545,287135,100,23257,2730,54
1784781713.4356,12:41:53,2831194127226,287135,100,23257,2730,54
1784781713.6356,12:41:53,2831194180006,287686,100,23257,2730,54
1784781713.8356,12:41:53,2831194232635,287686,100,23257,2730,54
1784781714.0356,12:41:54,2831194284982,288177,100,23257,2730,54
1784781714.2356,12:41:54,2831194337311,288177,100,23257,2730,54
1784781714.4356,12:41:54,2831194390058,288177,100,23257,2730,54
1784781714.6356,12:41:54,2831194442770,288328,100,23257,2730,54
1784781714.8356,12:41:54,2831194495513,288328,100,23257,2730,54
1784781715.0356,12:41:55,2831194548037,288636,100,23257,2730,54
1784781715.2356,12:41:55,2831194600331,288636,100,23257,2730,54
1784781715.4356,12:41:55,2831194653289,288636,100,23257,2730,54
1784781715.6356,12:41:55,2831194705923,289237,100,23257,2730,54
1784781715.8356,12:41:55,2831194758491,289237,100,23257,2730,54
1784781716.0356,12:41:56,2831194810977,289363,100,23257,2730,54
1784781716.2356,12:41:56,2831194863531,289363,100,23257,2730,54
1784781716.4356,12:41:56,2831194915988,289363,100,23257,2730,54
1784781716.6356,12:41:56,2831194968444,289268,100,23257,2730,54
1784781716.8356,12:41:56,2831195020919,289268,100,23257,2730,54
1784781717.0356,12:41:57,2831195073338,289117,100,23257,2730,54
1784781717.2356,12:41:57,2831195125611,289117,100,23257,2730,54
1784781717.4356,12:41:57,2831195177933,289117,100,23257,2730,54
1784781717.6356,12:41:57,2831195230320,289093,100,23257,2730,54
1784781717.8356,12:41:57,2831195282699,289093,100,23257,2730,54
1784781718.0356,12:41:58,2831195334916,288845,100,23257,2730,54
1784781718.2356,12:41:58,2831195387334,288845,100,23257,2730,54
1784781718.4356,12:41:58,2831195439557,288845,100,23257,2730,54
1784781718.6356,12:41:58,2831195491859,288998,100,23257,2730,54
1784781718.8356,12:41:58,2831195544069,288998,100,23257,2730,54
1784781719.0356,12:41:59,2831195596284,289017,100,23257,2730,54
1784781719.2356,12:41:59,2831195648514,289017,100,23257,2730,54
1784781719.4356,12:41:59,2831195700695,289017,100,23257,2730,54
1784781719.6356,12:41:59,2831195752718,288970,100,23257,2730,54
1784781719.8356,12:41:59,2831195804994,288970,100,23257,2730,54
1784781720.0356,12:42:00,2831195857081,289092,100,23257,2730,54
1784781720.2356,12:42:00,2831195909223,289092,100,23257,2730,54
1784781720.4356,12:42:00,2831195961692,289092,100,23257,2730,54
1784781720.6356,12:42:00,2831196013992,289608,100,23257,2730,54
1784781720.8356,12:42:00,2831196065435,289608,100,23257,2730,54
1784781721.0356,12:42:01,2831196117504,289205,100,23257,2730,54
1784781721.2356,12:42:01,2831196174051,289205,100,23257,2730,54
1784781721.4356,12:42:01,2831196230529,289205,100,23257,2730,54
1784781721.6356,12:42:01,2831196287371,289032,100,23257,2730,55
1784781721.8356,12:42:01,2831196343811,289032,100,23257,2730,55
1784781722.0356,12:42:02,2831196400238,289215,100,23257,2730,54
1784781722.2356,12:42:02,2831196457070,289215,100,23257,2730,54
1784781722.4356,12:42:02,2831196513460,289215,100,23257,2730,54
1784781722.6356,12:42:02,2831196569919,289279,100,23257,2730,54
1784781722.8356,12:42:02,2831196626628,289279,100,23257,2730,54
1784781723.0356,12:42:03,2831196683161,289244,100,23257,2730,54
1784781723.2356,12:42:03,2831196739455,289244,100,23257,2730,54
1784781723.4356,12:42:03,2831196795954,289244,100,23257,2730,54
1784781723.6356,12:42:03,2831196852347,289122,100,23257,2730,54
1784781723.8356,12:42:03,2831196908849,289122,100,23257,2730,54
1784781724.0356,12:42:04,2831196965190,288837,100,23257,2730,54
1784781724.2356,12:42:04,2831197021937,288837,100,23257,2730,54
1784781724.4356,12:42:04,2831197078422,288837,100,23257,2730,54
1784781724.6356,12:42:04,2831197134357,289105,100,23257,2730,54
1784781724.8356,12:42:04,2831197190828,289105,100,23257,2730,54
1784781725.0356,12:42:05,2831197247188,288722,100,23257,2730,55
1784781725.2356,12:42:05,2831197303454,288722,100,23257,2730,55
1784781725.4356,12:42:05,2831197360085,288722,100,23257,2730,55
1784781725.6356,12:42:05,2831197416496,288449,100,23257,2730,55
1784781725.8356,12:42:05,2831197472864,288449,100,23257,2730,55
1784781726.0356,12:42:06,2831197529323,288807,100,23257,2730,55
1784781726.2356,12:42:06,2831197585945,288807,100,23257,2730,55
1784781726.4356,12:42:06,2831197642094,288807,100,23257,2730,55
1784781726.6356,12:42:06,2831197698677,288674,100,23257,2730,55
1784781726.8356,12:42:06,2831197755034,288674,100,23257,2730,55
1784781727.0356,12:42:07,2831197811442,288887,100,23257,2730,55
1784781727.2356,12:42:07,2831197868022,288887,100,23257,2730,55
1784781727.4356,12:42:07,2831197924305,288887,100,23257,2730,55
1784781727.6356,12:42:07,2831197979957,288917,100,23257,2730,55
1784781727.8356,12:42:07,2831198036842,288917,100,23257,2730,55
1784781728.0356,12:42:08,2831198093510,288942,100,23257,2730,55
1784781728.2356,12:42:08,2831198150167,288942,100,23257,2730,55
1784781728.4356,12:42:08,2831198206536,288942,100,23257,2730,55
1784781728.6356,12:42:08,2831198263269,288930,100,23257,2730,55
1784781728.8356,12:42:08,2831198320211,288930,100,23257,2730,55
1784781729.0356,12:42:09,2831198377053,290093,100,23257,2730,55
1784781729.2356,12:42:09,2831198433852,290093,100,23257,2730,55
1784781729.4356,12:42:09,2831198490416,290093,100,23257,2730,55
1784781729.6356,12:42:09,2831198547017,290484,100,23257,2730,55
1784781729.8356,12:42:09,2831198604017,290484,100,23257,2730,55
1784781730.0356,12:42:10,2831198660776,290223,100,23257,2730,55
1784781730.2356,12:42:10,2831198717456,290223,100,23257,2730,55
1784781730.4356,12:42:10,2831198774159,290223,100,23257,2730,55
1784781730.6356,12:42:10,2831198830879,290378,100,23257,2730,55
1784781730.8356,12:42:10,2831198887555,290378,100,23257,2730,55
1784781731.0356,12:42:11,2831198944230,290247,100,23257,2730,55
1784781731.2356,12:42:11,2831199001382,290247,100,23257,2730,55
1784781731.4356,12:42:11,2831199058295,290247,100,23257,2730,55
1784781731.6356,12:42:11,2831199115121,290704,100,23257,2730,55
1784781731.8356,12:42:11,2831199171779,290704,100,23257,2730,55
1784781732.0356,12:42:12,2831199228338,290740,100,23257,2730,55
1784781732.2356,12:42:12,2831199284681,290740,100,23257,2730,55
1784781732.4356,12:42:12,2831199341214,290740,100,23257,2730,55
1784781732.6356,12:42:12,2831199398004,289594,100,23257,2730,55
1784781732.8356,12:42:12,2831199454611,289594,100,23257,2730,55
1784781733.0356,12:42:13,2831199511291,289744,100,23257,2730,55
1784781733.2356,12:42:13,2831199567912,289744,100,23257,2730,55
1784781733.4356,12:42:13,2831199624614,289744,100,23257,2730,55
1784781733.6356,12:42:13,2831199681310,290231,100,23257,2730,55
1784781733.8356,12:42:13,2831199738195,290231,100,23257,2730,55
1784781734.0356,12:42:14,2831199794834,290373,100,23257,2730,55
1784781734.2356,12:42:14,2831199851497,290373,100,23257,2730,55
1784781734.4356,12:42:14,2831199908505,290373,100,23257,2730,55
1784781734.6356,12:42:14,2831199965240,290648,100,23257,2730,55
1784781734.8356,12:42:14,2831200021917,290648,100,23257,2730,55
1784781735.0356,12:42:15,2831200078953,290683,100,23257,2730,55
1784781735.2356,12:42:15,2831200135815,290683,100,23257,2730,55
1784781735.4356,12:42:15,2831200192386,290683,100,23257,2730,55
1784781735.6356,12:42:15,2831200248912,290391,100,23257,2730,55
1784781735.8356,12:42:15,2831200305598,290391,100,23257,2730,55
1784781736.0356,12:42:16,2831200362569,290356,100,23257,2730,55
1784781736.2356,12:42:16,2831200418960,290356,100,23257,2730,55
1784781736.4356,12:42:16,2831200475306,290356,100,23257,2730,55
1784781736.6356,12:42:16,2831200531915,289942,100,23257,2730,55
1784781736.8356,12:42:16,2831200588254,289942,100,23257,2730,55
1784781737.0356,12:42:17,2831200644680,289752,100,23257,2730,55
1784781737.2356,12:42:17,2831200701091,289752,100,23257,2730,55
1784781737.4356,12:42:17,2831200757327,289752,100,23257,2730,55
1784781737.6356,12:42:17,2831200813381,289209,100,23257,2730,55
1784781737.8356,12:42:17,2831200869237,289209,100,23257,2730,55
1784781738.0356,12:42:18,2831200925094,287980,100,23257,2730,55
1784781738.2356,12:42:18,2831200980937,287980,100,23257,2730,55
1784781738.4356,12:42:18,2831201036574,287980,100,23257,2730,55
1784781738.6356,12:42:18,2831201091149,286169,100,23257,2730,55
1784781738.8356,12:42:18,2831201145460,286169,100,23257,2730,55
1784781739.0356,12:42:19,2831201199763,282865,100,23257,2730,55
1784781739.2356,12:42:19,2831201254131,282865,100,23257,2730,55
1784781739.4356,12:42:19,2831201308491,282865,100,23257,2730,55
1784781739.6356,12:42:19,2831201362794,279987,100,23257,2730,55
1784781739.8356,12:42:19,2831201416939,279987,100,23257,2730,55
1784781740.0356,12:42:20,2831201470927,279455,100,23257,2730,55
1784781740.2356,12:42:20,2831201524633,279455,100,23257,2730,55
1784781740.4356,12:42:20,2831201578100,279455,100,23257,2730,55
1784781740.6356,12:42:20,2831201631588,277784,100,23257,2730,54
1784781740.8356,12:42:20,2831201684792,277784,100,23257,2730,54
1784781741.0356,12:42:21,2831201738059,276097,100,23257,2730,54
1784781741.2356,12:42:21,2831201790923,276097,100,23257,2730,54
1784781741.4356,12:42:21,2831201843638,276097,100,23257,2730,54
1784781741.6356,12:42:21,2831201896417,274241,100,23257,2730,54
1784781741.8356,12:42:21,2831201941400,274241,100,23257,2730,54
1784781742.0356,12:42:22,2831201957781,230055,0,23257,2730,50
1784781742.2356,12:42:22,2831201973894,230055,0,23257,2730,50
1784781742.4356,12:42:22,2831201989907,230055,0,23257,2730,50
1784781742.6356,12:42:22,2831202005874,143529,0,23257,2730,49
1784781742.8356,12:42:22,2831202021864,143529,0,23257,2730,49
1784781743.0356,12:42:23,2831202031013,108957,0,23257,2730,48
1784781743.2356,12:42:23,2831202040163,108957,0,23257,2730,48
1784781743.4356,12:42:23,2831202049381,108957,0,23257,2730,48
1784781743.6356,12:42:23,2831202058561,108957,0,23257,2730,48
1784781743.8356,12:42:23,2831202066606,108957,0,23257,2730,48
1784781744.0356,12:42:24,2831202074018,80456,0,23257,2520,47
1784781744.2356,12:42:24,2831202081432,80456,0,23257,2520,47
1784781744.4356,12:42:24,2831202088880,80456,0,23257,2520,47
1784781744.6356,12:42:24,2831202096319,80456,0,23257,2520,47
1784781744.8356,12:42:24,2831202103738,80456,0,23257,2520,47
1784781745.0356,12:42:25,2831202111129,73171,0,23257,2520,46
1784781745.2356,12:42:25,2831202118499,73171,0,23257,2520,46
1784781745.4356,12:42:25,2831202125859,73171,0,23257,2520,46
1784781745.6356,12:42:25,2831202133189,73171,0,23257,2520,46
1784781745.8356,12:42:25,2831202140554,73171,0,23257,2520,46
1784781746.0356,12:42:26,2831202147885,65966,0,23257,2520,46
1784781746.2356,12:42:26,2831202155212,65966,0,23257,2520,46
1784781746.4356,12:42:26,2831202162533,65966,0,23257,2520,46
1784781746.6356,12:42:26,2831202169907,65966,0,23257,2520,46
1784781746.8356,12:42:26,2831202177237,65966,0,23257,2520,46
1784781747.0356,12:42:27,2831202184538,65727,0,23257,2520,45
1784781747.2356,12:42:27,2831202191826,65727,0,23257,2520,45
1784781747.4356,12:42:27,2831202199120,65727,0,23257,2520,45
1784781747.6356,12:42:27,2831202206410,65727,0,23257,2520,45
1784781747.8356,12:42:27,2831202213716,65727,0,23257,2520,45
1784781748.0356,12:42:28,2831202221002,65540,0,23257,2520,45
1784781748.2356,12:42:28,2831202228270,65540,0,23257,2520,45
1784781748.4356,12:42:28,2831202235551,65540,0,23257,2520,45
1784781748.6356,12:42:28,2831202242841,65540,0,23257,2520,45
1784781748.8356,12:42:28,2831202250131,65540,0,23257,2520,45
1784781749.0356,12:42:29,2831202257408,65503,0,23257,2520,44
1784781749.2356,12:42:29,2831202264658,65503,0,23257,2520,44
1784781749.4356,12:42:29,2831202271924,65503,0,23257,2520,44
1784781749.6356,12:42:29,2831202279203,65503,0,23257,2520,44
1784781749.8356,12:42:29,2831202286482,65503,0,23257,2520,44
1784781750.0356,12:42:30,2831202293734,65573,0,23257,2520,44
1784781750.2356,12:42:30,2831202300984,65573,0,23257,2520,44
1784781750.4356,12:42:30,2831202308203,65573,0,23257,2520,44
1784781750.6356,12:42:30,2831202315439,65573,0,23257,2520,44
1784781750.8356,12:42:30,2831202322680,65573,0,23257,2520,44
1784781751.0356,12:42:31,2831202329918,65560,0,23257,2520,44
1784781751.2356,12:42:31,2831202337156,65560,0,23257,2520,44
1784781751.4356,12:42:31,2831202344373,65560,0,23257,2520,44
1784781751.6356,12:42:31,2831202351590,65560,0,23257,2520,44
1784781751.8356,12:42:31,2831202358816,65560,0,23257,2520,44
1784781752.0356,12:42:32,2831202365999,65532,0,23257,2520,43
1784781752.2356,12:42:32,2831202373187,65532,0,23257,2520,43
1784781752.4356,12:42:32,2831202380368,65532,0,23257,2520,43
1784781752.6356,12:42:32,2831202387540,65532,0,23257,2520,43
1784781752.8356,12:42:32,2831202394733,65532,0,23257,2520,43
1784781753.0356,12:42:33,2831202401897,65483,0,23257,2520,43
1784781753.2356,12:42:33,2831202409066,65483,0,23257,2520,43
1784781753.4356,12:42:33,2831202416247,65483,0,23257,2520,43
1784781753.6356,12:42:33,2831202423420,65483,0,23257,2520,43
1784781753.8356,12:42:33,2831202430591,65483,0,23257,2520,43
1784781754.0356,12:42:34,2831202437749,65429,0,23257,2520,42
1784781754.2356,12:42:34,2831202444895,65429,0,23257,2520,42
1784781754.4356,12:42:34,2831202452061,65429,0,23257,2520,42
1784781754.6356,12:42:34,2831202459209,65429,0,23257,2520,42
1784781754.8356,12:42:34,2831202466357,65429,0,23257,2520,42
1784781755.0356,12:42:35,2831202473471,65433,0,23257,2520,42
1784781755.2356,12:42:35,2831202480620,65433,0,23257,2520,42
1784781755.4356,12:42:35,2831202487721,65433,0,23257,2520,42
1784781755.6356,12:42:35,2831202494822,65433,0,23257,2520,42
1784781755.8356,12:42:35,2831202501948,65433,0,23257,2520,42
1784781756.0356,12:42:36,2831202509312,66757,73,23257,2520,42
1784781756.2356,12:42:36,2831202553364,66757,73,23257,2520,42
1784781756.4356,12:42:36,2831202610187,66757,73,23257,2520,42
1784781756.6356,12:42:36,2831202668090,125136,73,23257,2730,49
1784781756.8356,12:42:36,2831202725787,125136,73,23257,2730,49
1784781757.0356,12:42:37,2831202782983,289354,100,23257,2730,50
1784781757.2356,12:42:37,2831202840391,289354,100,23257,2730,50
1784781757.4356,12:42:37,2831202897845,289354,100,23257,2730,50
1784781757.6356,12:42:37,2831202955397,304855,100,23257,2730,51
1784781757.8356,12:42:37,2831203011493,304855,100,23257,2730,51
1784781758.0356,12:42:38,2831203067319,301575,100,23257,2730,50
1784781758.2356,12:42:38,2831203123031,301575,100,23257,2730,50
1784781758.4356,12:42:38,2831203178793,301575,100,23257,2730,50
1784781758.6356,12:42:38,2831203234195,297776,100,23257,2730,50
1784781758.8356,12:42:38,2831203289504,297776,100,23257,2730,50
1784781759.0356,12:42:39,2831203345162,295350,100,23257,2730,50
1784781759.2356,12:42:39,2831203400734,295350,100,23257,2730,50
1784781759.4356,12:42:39,2831203456391,295350,100,23257,2730,50
1784781759.6356,12:42:39,2831203510485,294631,100,23257,2730,50
1784781759.8356,12:42:39,2831203563835,294631,100,23257,2730,50
1784781760.0356,12:42:40,2831203617042,289974,100,23257,2730,50
1784781760.2356,12:42:40,2831203670098,289974,100,23257,2730,50
1784781760.4356,12:42:40,2831203723398,289974,100,23257,2730,50
1784781760.6356,12:42:40,2831203776371,284407,100,23257,2730,50
1784781760.8356,12:42:40,2831203829198,284407,100,23257,2730,50
1784781761.0356,12:42:41,2831203881131,282008,100,23257,2730,50
1784781761.2356,12:42:41,2831203933007,282008,100,23257,2730,50
1784781761.4356,12:42:41,2831203984837,282008,100,23257,2730,50
1784781761.6356,12:42:41,2831204036467,278787,100,23257,2730,50
1784781761.8356,12:42:41,2831204088096,278787,100,23257,2730,50
1784781762.0356,12:42:42,2831204139803,276340,100,23257,2730,50
1784781762.2356,12:42:42,2831204191591,276340,100,23257,2730,50
1784781762.4356,12:42:42,2831204243258,276340,100,23257,2730,50
1784781762.6356,12:42:42,2831204294377,276030,100,23257,2730,50
1784781762.8356,12:42:42,2831204345225,276030,100,23257,2730,50
1784781763.0356,12:42:43,2831204395999,274271,100,23257,2730,50
1784781763.2356,12:42:43,2831204446695,274271,100,23257,2730,50
1784781763.4356,12:42:43,2831204497353,274271,100,23257,2730,50
1784781763.6356,12:42:43,2831204547936,272229,100,23257,2730,50
1784781763.8356,12:42:43,2831204598564,272229,100,23257,2730,50
1784781764.0356,12:42:44,2831204649021,271730,100,23257,2730,50
1784781764.2356,12:42:44,2831204699098,271730,100,23257,2730,50
1784781764.4356,12:42:44,2831204749131,271730,100,23257,2730,50
1784781764.6356,12:42:44,2831204799174,270302,100,23257,2730,50
1784781764.8356,12:42:44,2831204849537,270302,100,23257,2730,50
1784781765.0356,12:42:45,2831204882328,253281,1,23257,2730,48
1784781765.2356,12:42:45,2831204897526,253281,1,23257,2730,48
1784781765.4356,12:42:45,2831204912660,253281,1,23257,2730,48
1784781765.6356,12:42:45,2831204927686,168054,1,23257,2730,45
1784781765.8356,12:42:45,2831204942693,168054,1,23257,2730,45
1784781766.0356,12:42:46,2831204957672,99326,0,23257,2730,45
1784781766.2356,12:42:46,2831204966086,99326,0,23257,2730,45
1784781766.4356,12:42:46,2831204974510,99326,0,23257,2730,45
1784781766.6356,12:42:46,2831204982910,99326,0,23257,2730,45
1784781766.8356,12:42:46,2831204991306,99326,0,23257,2730,45
1784781767.0356,12:42:47,2831204998241,78798,0,23257,2520,44
1784781767.2356,12:42:47,2831205005161,78798,0,23257,2520,44
1784781767.4356,12:42:47,2831205012029,78798,0,23257,2520,44
1784781767.6356,12:42:47,2831205018907,78798,0,23257,2520,44
1784781767.8356,12:42:47,2831205025769,78798,0,23257,2520,44
1784781768.0356,12:42:48,2831205032651,71964,0,23257,2520,43
1784781768.2356,12:42:48,2831205039503,71964,0,23257,2520,43
1784781768.4356,12:42:48,2831205046378,71964,0,23257,2520,43
1784781768.6356,12:42:48,2831205053247,71964,0,23257,2520,43
1784781768.8356,12:42:48,2831205060096,71964,0,23257,2520,43
1784781769.0356,12:42:49,2831205066965,65365,0,23257,2520,42
1784781769.2356,12:42:49,2831205073789,65365,0,23257,2520,42
1784781769.4356,12:42:49,2831205080612,65365,0,23257,2520,42
1784781769.6356,12:42:49,2831205087460,65365,0,23257,2520,42
1784781769.8356,12:42:49,2831205094268,65365,0,23257,2520,42
1784781770.0356,12:42:50,2831205101100,65332,0,23257,2520,42
1784781770.2356,12:42:50,2831205107850,65332,0,23257,2520,42
1784781770.4356,12:42:50,2831205114673,65332,0,23257,2520,42
1784781770.6356,12:42:50,2831205121502,65332,0,23257,2520,42
1784781770.8356,12:42:50,2831205128297,65332,0,23257,2520,42
1784781771.0356,12:42:51,2831205135124,65314,0,23257,2520,42
1784781771.2356,12:42:51,2831205141917,65314,0,23257,2520,42
1784781771.4356,12:42:51,2831205148698,65314,0,23257,2520,42
1784781771.6356,12:42:51,2831205155482,65314,0,23257,2520,42
1784781771.8356,12:42:51,2831205162252,65314,0,23257,2520,42
1784781772.0356,12:42:52,2831205169010,65290,0,23257,2520,41
1784781772.2356,12:42:52,2831205175759,65290,0,23257,2520,41
1784781772.4356,12:42:52,2831205182492,65290,0,23257,2520,41
1784781772.6356,12:42:52,2831205189231,65290,0,23257,2520,41
1784781772.8356,12:42:52,2831205195970,65290,0,23257,2520,41
1784781773.0356,12:42:53,2831205202710,65138,0,23257,2520,41
1784781773.2356,12:42:53,2831205209448,65138,0,23257,2520,41
1784781773.4356,12:42:53,2831205216174,65138,0,23257,2520,41
1784781773.6356,12:42:53,2831205222910,65138,0,23257,2520,41
1784781773.8356,12:42:53,2831205229618,65138,0,23257,2520,41
1784781774.0356,12:42:54,2831205236334,65039,0,23257,2520,41
1784781774.2356,12:42:54,2831205243023,65039,0,23257,2520,41
1784781774.4356,12:42:54,2831205249714,65039,0,23257,2520,41
1784781774.6356,12:42:54,2831205256407,65039,0,23257,2520,41
1784781774.8356,12:42:54,2831205263086,65039,0,23257,2520,41
1784781775.0356,12:42:55,2831205269780,64952,0,23257,2520,40
1784781775.2356,12:42:55,2831205276504,64952,0,23257,2520,40
1784781775.4356,12:42:55,2831205283201,64952,0,23257,2520,40
1784781775.6356,12:42:55,2831205289896,64952,0,23257,2520,40
1784781775.8356,12:42:55,2831205296548,64952,0,23257,2520,40
1784781776.0356,12:42:56,2831205303237,64969,0,23257,2520,40
1784781776.2356,12:42:56,2831205309905,64969,0,23257,2520,40
1784781776.4356,12:42:56,2831205316571,64969,0,23257,2520,40
1784781776.6356,12:42:56,2831205323219,64969,0,23257,2520,40
1784781776.8356,12:42:56,2831205329860,64969,0,23257,2520,40
1784781777.0356,12:42:57,2831205336506,65014,0,23257,2520,40
1784781777.2356,12:42:57,2831205343142,65014,0,23257,2520,40
1784781777.4356,12:42:57,2831205349781,65014,0,23257,2520,40
1784781777.6356,12:42:57,2831205362886,65014,0,23257,2520,40
1784781777.8356,12:42:57,2831205375839,65014,0,23257,2520,40
1784781778.0356,12:42:58,2831205388791,64903,0,23257,2520,40
1784781778.2356,12:42:58,2831205401741,64903,0,23257,2520,40
1784781778.4356,12:42:58,2831205414682,64903,0,23257,2520,40
1784781778.6356,12:42:58,2831205427606,64903,0,23257,2520,40
1784781778.8356,12:42:58,2831205440534,64903,0,23257,2520,40
1784781779.0356,12:42:59,2831205453454,64843,0,23257,2520,39
1784781779.2356,12:42:59,2831205466351,64843,0,23257,2520,39
1784781779.4356,12:42:59,2831205479253,64843,0,23257,2520,39
1784781779.6356,12:42:59,2831205525603,65141,0,23257,2520,39
1784781779.8356,12:42:59,2831205581655,65141,0,23257,2520,39
1784781780.0356,12:43:00,2831205642069,157545,100,23257,2730,46
1784781780.2356,12:43:00,2831205702229,157545,100,23257,2730,46
1784781780.4356,12:43:00,2831205761985,157545,100,23257,2730,46
1784781780.6356,12:43:00,2831205821809,202433,100,23257,2730,47
1784781780.8356,12:43:00,2831205881667,202433,100,23257,2730,47
1784781781.0356,12:43:01,2831205941595,301862,100,23257,2730,48
1784781781.2356,12:43:01,2831206002024,301862,100,23257,2730,48
1784781781.4356,12:43:01,2831206061721,301862,100,23257,2730,48
1784781781.6356,12:43:01,2831206121965,301807,100,23257,2730,48
1784781781.8356,12:43:01,2831206182000,301807,100,23257,2730,48
1784781782.0356,12:43:02,2831206241664,302293,100,23257,2730,48
1784781782.2356,12:43:02,2831206302355,302293,100,23257,2730,48
1784781782.4356,12:43:02,2831206363219,302293,100,23257,2730,48
1784781782.6356,12:43:02,2831206423031,303249,100,23257,2730,49
1784781782.8356,12:43:02,2831206484345,303249,100,23257,2730,49
1784781783.0356,12:43:03,2831206545083,304934,100,23257,2730,49
1784781783.2356,12:43:03,2831206605859,304934,100,23257,2730,49
1784781783.4356,12:43:03,2831206665741,304934,100,23257,2730,49
1784781783.6356,12:43:03,2831206725869,306198,100,23257,2730,49
1784781783.8356,12:43:03,2831206786706,306198,100,23257,2730,49
1784781784.0356,12:43:04,2831206847378,306323,100,23257,2730,50
1784781784.2356,12:43:04,2831206906839,306323,100,23257,2730,50
1784781784.4356,12:43:04,2831206965630,306323,100,23257,2730,50
1784781784.6356,12:43:04,2831207025985,304932,100,23257,2730,50
1784781784.8356,12:43:04,2831207085669,304932,100,23257,2730,50
1784781785.0356,12:43:05,2831207145976,305643,100,23257,2730,50
1784781785.2356,12:43:05,2831207205570,305643,100,23257,2730,50
1784781785.4356,12:43:05,2831207266406,305643,100,23257,2730,50
1784781785.6356,12:43:05,2831207326762,306290,100,23257,2730,50
1784781785.8356,12:43:05,2831207385425,306290,100,23257,2730,50
1784781786.0356,12:43:06,2831207444998,306071,100,23257,2730,50
1784781786.2356,12:43:06,2831207504659,306071,100,23257,2730,50
1784781786.4356,12:43:06,2831207563847,306071,100,23257,2730,50
1784781786.6356,12:43:06,2831207623202,305797,100,23257,2730,50
1784781786.8356,12:43:06,2831207683565,305797,100,23257,2730,50
1784781787.0356,12:43:07,2831207742369,305754,100,23257,2730,50
1784781787.2356,12:43:07,2831207800637,305754,100,23257,2730,50
1784781787.4356,12:43:07,2831207859495,305754,100,23257,2730,50
1784781787.6356,12:43:07,2831207917776,303165,100,23257,2730,51
1784781787.8356,12:43:07,2831207976085,303165,100,23257,2730,51
1784781788.0356,12:43:08,2831208034358,300017,100,23257,2730,50
1784781788.2356,12:43:08,2831208093252,300017,100,23257,2730,50
1784781788.4356,12:43:08,2831208152246,300017,100,23257,2730,50
1784781788.6356,12:43:08,2831208210792,300459,100,23257,2730,51
1784781788.8356,12:43:08,2831208270027,300459,100,23257,2730,51
1784781789.0356,12:43:09,2831208329336,301699,97,23257,2730,51
1784781789.2356,12:43:09,2831208388640,301699,97,23257,2730,51
1784781789.4356,12:43:09,2831208448524,301699,97,23257,2730,51
1784781789.6356,12:43:09,2831208507714,304021,97,23257,2730,51
1784781789.8356,12:43:09,2831208566970,304021,97,23257,2730,51
1784781790.0356,12:43:10,2831208625781,304812,100,23257,2730,51
1784781790.2356,12:43:10,2831208684602,304812,100,23257,2730,51
1784781790.4356,12:43:10,2831208744828,304812,100,23257,2730,51
1784781790.6356,12:43:10,2831208804532,304896,100,23257,2730,51
1784781790.8356,12:43:10,2831208864262,304896,100,23257,2730,51
1784781791.0356,12:43:11,2831208923764,305806,100,23257,2730,52
1784781791.2356,12:43:11,2831208983448,305806,100,23257,2730,52
1784781791.4356,12:43:11,2831209042090,305806,100,23257,2730,52
1784781791.6356,12:43:11,2831209101427,305062,100,23257,2730,52
1784781791.8356,12:43:11,2831209161117,305062,100,23257,2730,52
1784781792.0356,12:43:12,2831209220565,304757,100,23257,2730,52
1784781792.2356,12:43:12,2831209280120,304757,100,23257,2730,52
1784781792.4356,12:43:12,2831209340428,304757,100,23257,2730,52
1784781792.6356,12:43:12,2831209399462,305928,100,23257,2730,52
1784781792.8356,12:43:12,2831209459655,305928,100,23257,2730,52
1784781793.0356,12:43:13,2831209519614,306447,100,23257,2730,52
1784781793.2356,12:43:13,2831209578820,306447,100,23257,2730,52
1784781793.4356,12:43:13,2831209640001,306447,100,23257,2730,52
1784781793.6356,12:43:13,2831209699754,307470,100,23257,2730,52
1784781793.8356,12:43:13,2831209760392,307470,100,23257,2730,52
1784781794.0356,12:43:14,2831209819391,308488,100,23257,2730,52
1784781794.2356,12:43:14,2831209878871,308488,100,23257,2730,52
1784781794.4356,12:43:14,2831209938587,308488,100,23257,2730,52
1784781794.6356,12:43:14,2831209997657,308187,100,23257,2730,52
1784781794.8356,12:43:14,2831210057985,308187,100,23257,2730,52
1784781795.0356,12:43:15,2831210117650,305210,100,23257,2730,52
1784781795.2356,12:43:15,2831210176701,305210,100,23257,2730,52
1784781795.4356,12:43:15,2831210236491,305210,100,23257,2730,52
1784781795.6356,12:43:15,2831210296936,305066,100,23257,2730,53
1784781795.8356,12:43:15,2831210356752,305066,100,23257,2730,53
1784781796.0356,12:43:16,2831210416948,306826,100,23257,2730,53
1784781796.2356,12:43:16,2831210477794,306826,100,23257,2730,53
1784781796.4356,12:43:16,2831210536741,306826,100,23257,2730,53
1784781796.6356,12:43:16,2831210597006,307851,100,23257,2715,53
1784781796.8356,12:43:16,2831210656468,307851,100,23257,2715,53
1784781797.0356,12:43:17,2831210715870,307712,100,23257,2715,53
1784781797.2356,12:43:17,2831210776628,307712,100,23257,2715,53
1784781797.4356,12:43:17,2831210835847,307712,100,23257,2715,53
1784781797.6356,12:43:17,2831210896267,306533,100,23257,2715,53
1784781797.8356,12:43:17,2831210957303,306533,100,23257,2715,53
1784781798.0356,12:43:18,2831211016946,308284,100,23257,2715,53
1784781798.2356,12:43:18,2831211077404,308284,100,23257,2715,53
1784781798.4356,12:43:18,2831211137763,308284,100,23257,2715,53
1784781798.6356,12:43:18,2831211197310,309492,100,23257,2715,53
1784781798.8356,12:43:18,2831211256667,309492,100,23257,2715,53
1784781799.0356,12:43:19,2831211316844,307895,100,23257,2715,53
1784781799.2356,12:43:19,2831211377229,307895,100,23257,2715,53
1784781799.4356,12:43:19,2831211437252,307895,100,23257,2715,53
1784781799.6356,12:43:19,2831211496347,307723,100,23257,2715,54
1784781799.8356,12:43:19,2831211556140,307723,100,23257,2715,54
1784781800.0356,12:43:20,2831211615928,308426,100,23257,2715,54
1784781800.2356,12:43:20,2831211674828,308426,100,23257,2715,54
1784781800.4356,12:43:20,2831211736100,308426,100,23257,2715,54
1784781800.6356,12:43:20,2831211795988,308142,100,23257,2715,54
1784781800.8356,12:43:20,2831211854841,308142,100,23257,2715,54
1784781801.0356,12:43:21,2831211914769,307137,100,23257,2715,54
1784781801.2356,12:43:21,2831211973643,307137,100,23257,2715,54
1784781801.4356,12:43:21,2831212033827,307137,100,23257,2715,54
1784781801.6356,12:43:21,2831212093685,306223,100,23257,2715,54
1784781801.8356,12:43:21,2831212152817,306223,100,23257,2715,54
1784781802.0356,12:43:22,2831212211585,306119,100,23257,2715,54
1784781802.2356,12:43:22,2831212270784,306119,100,23257,2715,54
1784781802.4356,12:43:22,2831212329727,306119,100,23257,2715,54
1784781802.6356,12:43:22,2831212389840,305419,100,23257,2715,54
1784781802.8356,12:43:22,2831212448863,305419,100,23257,2715,54
1784781803.0356,12:43:23,2831212510118,306424,100,23257,2715,54
1784781803.2356,12:43:23,2831212569965,306424,100,23257,2715,54
1784781803.4356,12:43:23,2831212629648,306424,100,23257,2715,54
1784781803.6356,12:43:23,2831212689474,308646,100,23257,2715,54
1784781803.8356,12:43:23,2831212748350,308646,100,23257,2715,54
1784781804.0356,12:43:24,2831212807606,309177,100,23257,2715,54
1784781804.2356,12:43:24,2831212866616,309177,100,23257,2715,54
1784781804.4356,12:43:24,2831212926283,309177,100,23257,2715,54
1784781804.6356,12:43:24,2831212986151,307324,100,23257,2715,55
1784781804.8356,12:43:24,2831213045334,307324,100,23257,2715,55
1784781805.0356,12:43:25,2831213105106,308013,100,23257,2715,54
1784781805.2356,12:43:25,2831213163882,308013,100,23257,2715,54
1784781805.4356,12:43:25,2831213223746,308013,100,23257,2715,54
1784781805.6356,12:43:25,2831213283431,309147,100,23257,2715,55
1784781805.8356,12:43:25,2831213343034,309147,100,23257,2715,55
1784781806.0356,12:43:26,2831213402079,308764,100,23257,2715,54
1784781806.2356,12:43:26,2831213461251,308764,100,23257,2715,54
1784781806.4356,12:43:26,2831213519916,308764,100,23257,2715,54
1784781806.6356,12:43:26,2831213578494,307885,100,23257,2715,55
1784781806.8356,12:43:26,2831213638036,307885,100,23257,2715,55
1784781807.0356,12:43:27,2831213697753,307344,100,23257,2715,55
1784781807.2356,12:43:27,2831213756763,307344,100,23257,2715,55
1784781807.4356,12:43:27,2831213817210,307344,100,23257,2715,55
1784781807.6356,12:43:27,2831213876802,309528,100,23257,2715,56
1784781807.8356,12:43:27,2831213936352,309528,100,23257,2715,56
1784781808.0356,12:43:28,2831213995473,310715,98,23257,2715,55
1784781808.2356,12:43:28,2831214055159,310715,98,23257,2715,55
1784781808.4356,12:43:28,2831214114084,310715,98,23257,2715,55
1784781808.6356,12:43:28,2831214173184,309857,98,23257,2715,55
1784781808.8356,12:43:28,2831214232115,309857,98,23257,2715,55
1784781809.0356,12:43:29,2831214291367,308718,100,23257,2715,56
1784781809.2356,12:43:29,2831214350546,308718,100,23257,2715,56
1784781809.4356,12:43:29,2831214409458,308718,100,23257,2715,56
1784781809.6356,12:43:29,2831214468940,307957,100,23257,2715,55
1784781809.8356,12:43:29,2831214527765,307957,100,23257,2715,55
1784781810.0356,12:43:30,2831214587547,309214,100,23257,2715,55
1784781810.2356,12:43:30,2831214646259,309214,100,23257,2715,55
1784781810.4356,12:43:30,2831214705192,309214,100,23257,2715,55
1784781810.6356,12:43:30,2831214764980,309674,100,23257,2715,56
1784781810.8356,12:43:30,2831214823873,309674,100,23257,2715,56
1784781811.0356,12:43:31,2831214883009,309878,100,23257,2715,55
1784781811.2356,12:43:31,2831214942701,309878,100,23257,2715,55
1784781811.4356,12:43:31,2831215003044,309878,100,23257,2715,55
1784781811.6356,12:43:31,2831215062276,311089,100,23257,2715,56
1784781811.8356,12:43:31,2831215121743,311089,100,23257,2715,56
1784781812.0356,12:43:32,2831215181293,311611,100,23257,2715,56
1784781812.2356,12:43:32,2831215240474,311611,100,23257,2715,56
1784781812.4356,12:43:32,2831215299473,311611,100,23257,2715,56
1784781812.6356,12:43:32,2831215357222,311908,100,23257,2715,55
1784781812.8356,12:43:32,2831215414730,311908,100,23257,2715,55
1784781813.0356,12:43:33,2831215471925,307128,100,23257,2715,55
1784781813.2356,12:43:33,2831215528687,307128,100,23257,2715,55
1784781813.4356,12:43:33,2831215585349,307128,100,23257,2715,55
1784781813.6356,12:43:33,2831215642180,301324,100,23257,2715,55
1784781813.8356,12:43:33,2831215698992,301324,100,23257,2715,55
1784781814.0356,12:43:34,2831215754672,298480,100,23257,2715,55
1784781814.2356,12:43:34,2831215809631,298480,100,23257,2715,55
1784781814.4356,12:43:34,2831215864516,298480,100,23257,2715,55
1784781814.6356,12:43:34,2831215919191,293947,100,23257,2715,54
1784781814.8356,12:43:34,2831215973629,293947,100,23257,2715,54
1784781815.0356,12:43:35,2831216027970,288817,100,23257,2715,54
1784781815.2356,12:43:35,2831216082044,288817,100,23257,2715,54
1784781815.4356,12:43:35,2831216136316,288817,100,23257,2715,54
1784781815.6356,12:43:35,2831216190437,286752,100,23257,2715,54
1784781815.8356,12:43:35,2831216243599,286752,100,23257,2715,54
1784781816.0356,12:43:36,2831216296607,284225,100,23257,2715,54
1784781816.2356,12:43:36,2831216349441,284225,100,23257,2715,54
1784781816.4356,12:43:36,2831216402353,284225,100,23257,2715,54
1784781816.6356,12:43:36,2831216455169,281354,100,23257,2715,54
1784781816.8356,12:43:36,2831216507563,281354,100,23257,2715,54
1784781817.0356,12:43:37,2831216559498,278654,100,23257,2715,54
1784781817.2356,12:43:37,2831216611308,278654,100,23257,2715,54
1784781817.4356,12:43:37,2831216663129,278654,100,23257,2715,54
1784781817.6356,12:43:37,2831216714918,276196,100,23257,2715,54
1784781817.8356,12:43:37,2831216766364,276196,100,23257,2715,54
1784781818.0356,12:43:38,2831216817484,273691,100,23257,2715,54
1784781818.2356,12:43:38,2831216868727,273691,100,23257,2715,54
1784781818.4356,12:43:38,2831216920448,273691,100,23257,2715,54
1784781818.6356,12:43:38,2831216972319,272908,100,23257,2715,54
1784781818.8356,12:43:38,2831216999103,272908,100,23257,2715,54
1784781819.0356,12:43:39,2831217014784,231481,0,23257,2715,49
1784781819.2356,12:43:39,2831217030433,231481,0,23257,2715,49
1784781819.4356,12:43:39,2831217045999,231481,0,23257,2715,49
1784781819.6356,12:43:39,2831217061553,145327,0,23257,2730,48
1784781819.8356,12:43:39,2831217076979,145327,0,23257,2730,48
1784781820.0356,12:43:40,2831217092132,110427,0,23257,2730,48
1784781820.2356,12:43:40,2831217107269,110427,0,23257,2730,48
1784781820.4356,12:43:40,2831217122336,110427,0,23257,2730,48
1784781820.6356,12:43:40,2831217135939,110427,0,23257,2730,48
1784781820.8356,12:43:40,2831217148541,110427,0,23257,2730,48
1784781821.0356,12:43:41,2831217160704,79995,0,23257,2520,47
1784781821.2356,12:43:41,2831217172831,79995,0,23257,2520,47
1784781821.4356,12:43:41,2831217185012,79995,0,23257,2520,47
1784781821.6356,12:43:41,2831217197186,79995,0,23257,2520,47
1784781821.8356,12:43:41,2831217209392,79995,0,23257,2520,47
1784781822.0356,12:43:42,2831217221543,72601,0,23257,2520,46
1784781822.2356,12:43:42,2831217233709,72601,0,23257,2520,46
1784781822.4356,12:43:42,2831217245884,72601,0,23257,2520,46
1784781822.6356,12:43:42,2831217258079,72601,0,23257,2520,46
1784781822.8356,12:43:42,2831217270249,72601,0,23257,2520,46
1784781823.0356,12:43:43,2831217282352,65510,0,23257,2520,45
1784781823.2356,12:43:43,2831217294474,65510,0,23257,2520,45
1784781823.4356,12:43:43,2831217306578,65510,0,23257,2520,45
1784781823.6356,12:43:43,2831217318738,65510,0,23257,2520,45
1784781823.8356,12:43:43,2831217330882,65510,0,23257,2520,45
1784781824.0356,12:43:44,2831217343004,65529,0,23257,2520,45
1784781824.2356,12:43:44,2831217355104,65529,0,23257,2520,45
1784781824.4356,12:43:44,2831217367190,65529,0,23257,2520,45
1784781824.6356,12:43:44,2831217379329,65529,0,23257,2520,45
1784781824.8356,12:43:44,2831217391463,65529,0,23257,2520,45
1784781825.0356,12:43:45,2831217403562,65461,0,23257,2520,44
1784781825.2356,12:43:45,2831217415680,65461,0,23257,2520,44
1784781825.4356,12:43:45,2831217427732,65461,0,23257,2520,44
1784781825.6356,12:43:45,2831217439795,65461,0,23257,2520,44
1784781825.8356,12:43:45,2831217451878,65461,0,23257,2520,44
1784781826.0356,12:43:46,2831217463915,65472,0,23257,2520,44
1784781826.2356,12:43:46,2831217475958,65472,0,23257,2520,44
1784781826.4356,12:43:46,2831217488007,65472,0,23257,2520,44
1784781826.6356,12:43:46,2831217500077,65472,0,23257,2520,44
1784781826.8356,12:43:46,2831217512130,65472,0,23257,2520,44
1784781827.0356,12:43:47,2831217524152,65428,0,23257,2520,43
1784781827.2356,12:43:47,2831217536140,65428,0,23257,2520,43
1784781827.4356,12:43:47,2831217548164,65428,0,23257,2520,43
1784781827.6356,12:43:47,2831217560190,65428,0,23257,2520,43
1784781827.8356,12:43:47,2831217572217,65428,0,23257,2520,43
1784781828.0356,12:43:48,2831217584196,65357,0,23257,2520,43
1784781828.2356,12:43:48,2831217596160,65357,0,23257,2520,43
1784781828.4356,12:43:48,2831217608124,65357,0,23257,2520,43
1784781828.6356,12:43:48,2831217620088,65357,0,23257,2520,43
1784781828.8356,12:43:48,2831217632076,65357,0,23257,2520,43
1784781829.0356,12:43:49,2831217644043,65257,0,23257,2520,43
1784781829.2356,12:43:49,2831217655978,65257,0,23257,2520,43
1784781829.4356,12:43:49,2831217667912,65257,0,23257,2520,43
1784781829.6356,12:43:49,2831217679886,65257,0,23257,2520,43
1784781829.8356,12:43:49,2831217691841,65257,0,23257,2520,43
1784781830.0356,12:43:50,2831217703756,65194,0,23257,2520,42
1784781830.2356,12:43:50,2831217715718,65194,0,23257,2520,42
1784781830.4356,12:43:50,2831217727634,65194,0,23257,2520,42
1784781830.6356,12:43:50,2831217739577,65194,0,23257,2520,42
1784781830.8356,12:43:50,2831217751522,65194,0,23257,2520,42
1784781831.0356,12:43:51,2831217763437,65200,0,23257,2520,42
1784781831.2356,12:43:51,2831217775315,65200,0,23257,2520,42
1784781831.4356,12:43:51,2831217787192,65200,0,23257,2520,42
1784781831.6356,12:43:51,2831217799104,65200,0,23257,2520,42
1784781831.8356,12:43:51,2831217811029,65200,0,23257,2520,42
1784781832.0356,12:43:52,2831217822910,65161,0,23257,2520,42
1784781832.2356,12:43:52,2831217834745,65161,0,23257,2520,42
1784781832.4356,12:43:52,2831217846589,65161,0,23257,2520,42
1784781832.6356,12:43:52,2831217858447,65161,0,23257,2520,42
1784781832.8356,12:43:52,2831217870340,65161,0,23257,2520,42
1784781833.0356,12:43:53,2831217915023,75252,91,23257,2655,45
1784781833.2356,12:43:53,2831217974373,75252,91,23257,2655,45
1784781833.4356,12:43:53,2831218034788,75252,91,23257,2655,45
1784781833.6356,12:43:53,2831218094613,142007,91,23257,2730,50
1784781833.8356,12:43:53,2831218154336,142007,91,23257,2730,50
1784781834.0356,12:43:54,2831218214166,312890,100,23257,2730,51
1784781834.2356,12:43:54,2831218271057,312890,100,23257,2730,51
1784781834.4356,12:43:54,2831218325981,312890,100,23257,2730,51
1784781834.6356,12:43:54,2831218380605,317922,100,23257,2730,50
1784781834.8356,12:43:54,2831218434807,317922,100,23257,2730,50
1784781835.0356,12:43:55,2831218489006,304629,100,23257,2730,50
1784781835.2356,12:43:55,2831218543038,304629,100,23257,2730,50
1784781835.4356,12:43:55,2831218596963,304629,100,23257,2730,50
1784781835.6356,12:43:55,2831218651191,295873,100,23257,2730,50
1784781835.8356,12:43:55,2831218705267,295873,100,23257,2730,50
1784781836.0356,12:43:56,2831218757234,294073,100,23257,2730,50
1784781836.2356,12:43:56,2831218809162,294073,100,23257,2730,50
1784781836.4356,12:43:56,2831218861061,294073,100,23257,2730,50
1784781836.6356,12:43:56,2831218912804,289072,100,23257,2730,50
1784781836.8356,12:43:56,2831218964530,289072,100,23257,2730,50
1784781837.0356,12:43:57,2831219016259,283570,100,23257,2730,50
1784781837.2356,12:43:57,2831219067993,283570,100,23257,2730,50
1784781837.4356,12:43:57,2831219119715,283570,100,23257,2730,50
1784781837.6356,12:43:57,2831219171367,283281,100,23257,2730,50
1784781837.8356,12:43:57,2831219222004,283281,100,23257,2730,50
1784781838.0356,12:43:58,2831219272521,281974,100,23257,2730,50
1784781838.2356,12:43:58,2831219323056,281974,100,23257,2730,50
1784781838.4356,12:43:58,2831219373532,281974,100,23257,2730,50
1784781838.6356,12:43:58,2831219423973,279200,100,23257,2730,50
1784781838.8356,12:43:58,2831219474289,279200,100,23257,2730,50
1784781839.0356,12:43:59,2831219524570,276920,100,23257,2730,50
1784781839.2356,12:43:59,2831219574218,276920,100,23257,2730,50
1784781839.4356,12:43:59,2831219623852,276920,100,23257,2730,50
1784781839.6356,12:43:59,2831219673432,275121,100,23257,2730,50
1784781839.8356,12:43:59,2831219722823,275121,100,23257,2730,50
1784781840.0356,12:44:00,2831219772339,273208,100,23257,2730,50
1784781840.2356,12:44:00,2831219821745,273208,100,23257,2730,50
1784781840.4356,12:44:00,2831219871027,273208,100,23257,2730,50
1784781840.6356,12:44:00,2831219920373,272258,100,23257,2730,50
1784781840.8356,12:44:00,2831219969722,272258,100,23257,2730,50
1784781841.0356,12:44:01,2831220018431,271809,100,23257,2730,50
1784781841.2356,12:44:01,2831220067012,271809,100,23257,2730,50
1784781841.4356,12:44:01,2831220115702,271809,100,23257,2730,50
1784781841.6356,12:44:01,2831220164603,270153,100,23257,2730,50
1784781841.8356,12:44:01,2831220209344,270153,100,23257,2730,50
1784781842.0356,12:44:02,2831220224324,246435,0,23257,2730,46
1784781842.2356,12:44:02,2831220239070,246435,0,23257,2730,46
1784781842.4356,12:44:02,2831220253738,246435,0,23257,2730,46
1784781842.6356,12:44:02,2831220268416,161247,0,23257,2730,44
1784781842.8356,12:44:02,2831220283093,161247,0,23257,2730,44
1784781843.0356,12:44:03,2831220297465,109792,0,23257,2730,44
1784781843.2356,12:44:03,2831220311636,109792,0,23257,2730,44
1784781843.4356,12:44:03,2831220325755,109792,0,23257,2730,44
1784781843.6356,12:44:03,2831220338536,109792,0,23257,2730,44
1784781843.8356,12:44:03,2831220350870,109792,0,23257,2730,44
1784781844.0356,12:44:04,2831220362530,77119,0,23257,2520,43
1784781844.2356,12:44:04,2831220374186,77119,0,23257,2520,43
1784781844.4356,12:44:04,2831220385838,77119,0,23257,2520,43
1784781844.6356,12:44:04,2831220397508,77119,0,23257,2520,43
1784781844.8356,12:44:04,2831220409148,77119,0,23257,2520,43
1784781845.0356,12:44:05,2831220420772,70991,0,23257,2520,42
1784781845.2356,12:44:05,2831220432293,70991,0,23257,2520,42
1784781845.4356,12:44:05,2831220443904,70991,0,23257,2520,42
1784781845.6356,12:44:05,2831220455506,70991,0,23257,2520,42
1784781845.8356,12:44:05,2831220467123,70991,0,23257,2520,42
1784781846.0356,12:44:06,2831220478746,65212,0,23257,2520,42
1784781846.2356,12:44:06,2831220490356,65212,0,23257,2520,42
1784781846.4356,12:44:06,2831220501971,65212,0,23257,2520,42
1784781846.6356,12:44:06,2831220513641,65212,0,23257,2520,42
1784781846.8356,12:44:06,2831220525247,65212,0,23257,2520,42
1784781847.0356,12:44:07,2831220536841,65240,0,23257,2520,42
1784781847.2356,12:44:07,2831220548379,65240,0,23257,2520,42
1784781847.4356,12:44:07,2831220559933,65240,0,23257,2520,42
1784781847.6356,12:44:07,2831220571472,65240,0,23257,2520,42
1784781847.8356,12:44:07,2831220583017,65240,0,23257,2520,42
1784781848.0356,12:44:08,2831220594544,65190,0,23257,2520,41
1784781848.2356,12:44:08,2831220606063,65190,0,23257,2520,41
1784781848.4356,12:44:08,2831220617617,65190,0,23257,2520,41
1784781848.6356,12:44:08,2831220629166,65190,0,23257,2520,41
1784781848.8356,12:44:08,2831220640713,65190,0,23257,2520,41
1784781849.0356,12:44:09,2831220652232,65064,0,23257,2520,41
1784781849.2356,12:44:09,2831220663756,65064,0,23257,2520,41
1784781849.4356,12:44:09,2831220675279,65064,0,23257,2520,41
1784781849.6356,12:44:09,2831220686789,65064,0,23257,2520,41
1784781849.8356,12:44:09,2831220698282,65064,0,23257,2520,41
1784781850.0356,12:44:10,2831220709764,65055,0,23257,2520,41
1784781850.2356,12:44:10,2831220721252,65055,0,23257,2520,41
1784781850.4356,12:44:10,2831220732719,65055,0,23257,2520,41
1784781850.6356,12:44:10,2831220744193,65055,0,23257,2520,41
1784781850.8356,12:44:10,2831220755676,65055,0,23257,2520,41
1784781851.0356,12:44:11,2831220767141,65027,0,23257,2520,40
1784781851.2356,12:44:11,2831220778585,65027,0,23257,2520,40
1784781851.4356,12:44:11,2831220790022,65027,0,23257,2520,40
1784781851.6356,12:44:11,2831220801460,65027,0,23257,2520,40
1784781851.8356,12:44:11,2831220812896,65027,0,23257,2520,40
1784781852.0356,12:44:12,2831220824330,64952,0,23257,2520,40
1784781852.2356,12:44:12,2831220835744,64952,0,23257,2520,40
1784781852.4356,12:44:12,2831220847149,64952,0,23257,2520,40
1784781852.6356,12:44:12,2831220858553,64952,0,23257,2520,40
1784781852.8356,12:44:12,2831220869963,64952,0,23257,2520,40
1784781853.0356,12:44:13,2831220881372,64863,0,23257,2520,40
1784781853.2356,12:44:13,2831220892787,64863,0,23257,2520,40
1784781853.4356,12:44:13,2831220904182,64863,0,23257,2520,40
1784781853.6356,12:44:13,2831220915582,64863,0,23257,2520,40
1784781853.8356,12:44:13,2831220926972,64863,0,23257,2520,40
1784781854.0356,12:44:14,2831220938328,64858,0,23257,2520,40
1784781854.2356,12:44:14,2831220949697,64858,0,23257,2520,40
1784781854.4356,12:44:14,2831220961047,64858,0,23257,2520,40
1784781854.6356,12:44:14,2831220972406,64858,0,23257,2520,40
1784781854.8356,12:44:14,2831220983755,64858,0,23257,2520,40
1784781855.0356,12:44:15,2831220995084,64812,0,23257,2520,39
1784781855.2356,12:44:15,2831221006443,64812,0,23257,2520,39
1784781855.4356,12:44:15,2831221017775,64812,0,23257,2520,39
1784781855.6356,12:44:15,2831221029090,64812,0,23257,2520,39
1784781855.8356,12:44:15,2831221040413,64812,0,23257,2520,39
1784781856.0356,12:44:16,2831221051709,64738,0,23257,2520,39
1784781856.2356,12:44:16,2831221063002,64738,0,23257,2520,39
1784781856.4356,12:44:16,2831221074278,64738,0,23257,2520,39
1784781856.6356,12:44:16,2831221093143,64738,0,23257,2520,39
1784781856.8356,12:44:16,2831221146096,64738,0,23257,2520,39
1784781857.0356,12:44:17,2831221211005,129691,100,23257,2730,48
1784781857.2356,12:44:17,2831221276053,129691,100,23257,2730,48
1784781857.4356,12:44:17,2831221341525,129691,100,23257,2730,48
1784781857.6356,12:44:17,2831221406604,189788,100,23257,2730,49
1784781857.8356,12:44:17,2831221471737,189788,100,23257,2730,49
1784781858.0356,12:44:18,2831221537110,333637,100,23257,2730,50
1784781858.2356,12:44:18,2831221602859,333637,100,23257,2730,50
1784781858.4356,12:44:18,2831221668303,333637,100,23257,2730,50
1784781858.6356,12:44:18,2831221737246,335007,100,23257,2730,50
1784781858.8356,12:44:18,2831221799655,335007,100,23257,2730,50
1784781859.0356,12:44:19,2831221865661,336007,100,23257,2730,50
1784781859.2356,12:44:19,2831221931024,336007,100,23257,2730,50
1784781859.4356,12:44:19,2831221996659,336007,100,23257,2730,50
1784781859.6356,12:44:19,2831222062388,336260,100,23257,2730,51
1784781859.8356,12:44:19,2831222128554,336260,100,23257,2730,51
1784781860.0356,12:44:20,2831222194969,337740,100,23257,2730,51
1784781860.2356,12:44:20,2831222260464,337740,100,23257,2730,51
1784781860.4356,12:44:20,2831222326116,337740,100,23257,2730,51
1784781860.6356,12:44:20,2831222390143,338165,100,23257,2730,51
1784781860.8356,12:44:20,2831222455885,338165,100,23257,2730,51
1784781861.0356,12:44:21,2831222520970,337508,100,23257,2730,51
1784781861.2356,12:44:21,2831222586182,337508,100,23257,2730,51
1784781861.4356,12:44:21,2831222651663,337508,100,23257,2730,51
1784781861.6356,12:44:21,2831222717303,335983,100,23257,2730,52
1784781861.8356,12:44:21,2831222782671,335983,100,23257,2730,52
1784781862.0356,12:44:22,2831222848294,335847,100,23257,2730,52
1784781862.2356,12:44:22,2831222913947,335847,100,23257,2730,52
1784781862.4356,12:44:22,2831222979218,335847,100,23257,2730,52
1784781862.6356,12:44:22,2831223044481,336662,100,23257,2730,52
1784781862.8356,12:44:22,2831223109889,336662,100,23257,2730,52
1784781863.0356,12:44:23,2831223175444,337000,100,23257,2730,52
1784781863.2356,12:44:23,2831223240753,337000,100,23257,2730,52
1784781863.4356,12:44:23,2831223306512,337000,100,23257,2730,52
1784781863.6356,12:44:23,2831223372185,336923,100,23257,2730,52
1784781863.8356,12:44:23,2831223438013,336923,100,23257,2730,52
1784781864.0356,12:44:24,2831223503645,338296,100,23257,2730,53
1784781864.2356,12:44:24,2831223568613,338296,100,23257,2730,53
1784781864.4356,12:44:24,2831223633591,338296,100,23257,2730,53
1784781864.6356,12:44:24,2831223699182,337829,100,23257,2730,53
1784781864.8356,12:44:24,2831223764819,337829,100,23257,2730,53
1784781865.0356,12:44:25,2831223830467,337567,100,23257,2730,53
1784781865.2356,12:44:25,2831223896317,337567,100,23257,2730,53
1784781865.4356,12:44:25,2831223962499,337567,100,23257,2730,53
1784781865.6356,12:44:25,2831224027794,338952,100,23257,2730,53
1784781865.8356,12:44:25,2831224093396,338952,100,23257,2730,53
1784781866.0356,12:44:26,2831224159127,339294,100,23257,2730,54
1784781866.2356,12:44:26,2831224224529,339294,100,23257,2730,54
1784781866.4356,12:44:26,2831224290159,339294,100,23257,2730,54
1784781866.6356,12:44:26,2831224355880,339169,100,23257,2730,54
1784781866.8356,12:44:26,2831224421333,339169,100,23257,2730,54
1784781867.0356,12:44:27,2831224486536,339420,100,23257,2730,54
1784781867.2356,12:44:27,2831224552738,339420,100,23257,2730,54
1784781867.4356,12:44:27,2831224618287,339420,100,23257,2730,54
1784781867.6356,12:44:27,2831224683488,340099,100,23257,2730,54
1784781867.8356,12:44:27,2831224748685,340099,100,23257,2730,54
1784781868.0356,12:44:28,2831224814481,339796,100,23257,2730,54
1784781868.2356,12:44:28,2831224879744,339796,100,23257,2730,54
1784781868.4356,12:44:28,2831224945512,339796,100,23257,2730,54
1784781868.6356,12:44:28,2831225010702,339619,100,23257,2730,55
1784781868.8356,12:44:28,2831225075916,339619,100,23257,2730,55
1784781869.0356,12:44:29,2831225141219,339997,100,23257,2730,54
1784781869.2356,12:44:29,2831225206483,339997,100,23257,2730,54
1784781869.4356,12:44:29,2831225271936,339997,100,23257,2730,54
1784781869.6356,12:44:29,2831225337353,340119,100,23257,2730,54
1784781869.8356,12:44:29,2831225403010,340119,100,23257,2730,54
1784781870.0356,12:44:30,2831225468375,340679,100,23257,2730,55
1784781870.2356,12:44:30,2831225534251,340679,100,23257,2730,55
1784781870.4356,12:44:30,2831225599541,340679,100,23257,2730,55
1784781870.6356,12:44:30,2831225664599,341091,100,23257,2730,55
1784781870.8356,12:44:30,2831225729478,341091,100,23257,2730,55
1784781871.0356,12:44:31,2831225795006,340928,100,23257,2730,55
1784781871.2356,12:44:31,2831225860623,340928,100,23257,2730,55
1784781871.4356,12:44:31,2831225926020,340928,100,23257,2730,55
1784781871.6356,12:44:31,2831225991205,341052,100,23257,2730,55
1784781871.8356,12:44:31,2831226055159,341052,100,23257,2730,55
1784781872.0356,12:44:32,2831226120689,341621,100,23257,2715,55
1784781872.2356,12:44:32,2831226185587,341621,100,23257,2715,55
1784781872.4356,12:44:32,2831226250783,341621,100,23257,2715,55
1784781872.6356,12:44:32,2831226315853,340944,100,23257,2715,55
1784781872.8356,12:44:32,2831226380981,340944,100,23257,2715,55
1784781873.0356,12:44:33,2831226445756,340812,100,23257,2715,55
1784781873.2356,12:44:33,2831226510530,340812,100,23257,2715,55
1784781873.4356,12:44:33,2831226575125,340812,100,23257,2715,55
1784781873.6356,12:44:33,2831226639720,339636,100,23257,2715,55
1784781873.8356,12:44:33,2831226704451,339636,100,23257,2715,55
1784781874.0356,12:44:34,2831226768982,339185,100,23257,2715,55
1784781874.2356,12:44:34,2831226833742,339185,100,23257,2715,55
1784781874.4356,12:44:34,2831226899253,339185,100,23257,2715,55
1784781874.6356,12:44:34,2831226964323,340010,100,23257,2715,56
1784781874.8356,12:44:34,2831227029289,340010,100,23257,2715,56
1784781875.0356,12:44:35,2831227094298,340905,100,23257,2715,56
1784781875.2356,12:44:35,2831227159010,340905,100,23257,2715,56
1784781875.4356,12:44:35,2831227223573,340905,100,23257,2715,56
1784781875.6356,12:44:35,2831227288099,340993,100,23257,2715,56
1784781875.8356,12:44:35,2831227352857,340993,100,23257,2715,56
1784781876.0356,12:44:36,2831227417637,340512,100,23257,2715,56
1784781876.2356,12:44:36,2831227482535,340512,100,23257,2715,56
1784781876.4356,12:44:36,2831227547755,340512,100,23257,2715,56
1784781876.6356,12:44:36,2831227612501,340905,100,23257,2715,56
1784781876.8356,12:44:36,2831227677346,340905,100,23257,2715,56
1784781877.0356,12:44:37,2831227742200,341832,100,23257,2715,56
1784781877.2356,12:44:37,2831227806984,341832,100,23257,2715,56
1784781877.4356,12:44:37,2831227871905,341832,100,23257,2715,56
1784781877.6356,12:44:37,2831227936652,341739,100,23257,2715,56
1784781877.8356,12:44:37,2831228001449,341739,100,23257,2715,56
1784781878.0356,12:44:38,2831228066426,341780,100,23257,2715,57
1784781878.2356,12:44:38,2831228131084,341780,100,23257,2715,57
1784781878.4356,12:44:38,2831228195597,341780,100,23257,2715,57
1784781878.6356,12:44:38,2831228260397,342216,100,23257,2715,57
1784781878.8356,12:44:38,2831228324852,342216,100,23257,2715,57
1784781879.0356,12:44:39,2831228389596,342185,100,23257,2715,57
1784781879.2356,12:44:39,2831228454135,342185,100,23257,2715,57
1784781879.4356,12:44:39,2831228518874,342185,100,23257,2715,57
1784781879.6356,12:44:39,2831228583227,341888,100,23257,2715,57
1784781879.8356,12:44:39,2831228647521,341888,100,23257,2715,57
1784781880.0356,12:44:40,2831228711317,341285,100,23257,2715,57
1784781880.2356,12:44:40,2831228774353,341285,100,23257,2715,57
1784781880.4356,12:44:40,2831228837456,341285,100,23257,2715,57
1784781880.6356,12:44:40,2831228897941,338002,100,23257,2715,56
1784781880.8356,12:44:40,2831228955751,338002,100,23257,2715,56
1784781881.0356,12:44:41,2831229012988,324790,100,23257,2715,55
1784781881.2356,12:44:41,2831229069617,324790,100,23257,2715,55
1784781881.4356,12:44:41,2831229126042,324790,100,23257,2715,55
1784781881.6356,12:44:41,2831229182837,308987,100,23257,2715,55
1784781881.8356,12:44:41,2831229238318,308987,100,23257,2715,55
1784781882.0356,12:44:42,2831229292822,299330,100,23257,2715,54
1784781882.2356,12:44:42,2831229347174,299330,100,23257,2715,54
1784781882.4356,12:44:42,2831229401752,299330,100,23257,2715,54
1784781882.6356,12:44:42,2831229456326,294170,100,23257,2715,54
1784781882.8356,12:44:42,2831229510466,294170,100,23257,2715,54
1784781883.0356,12:44:43,2831229564339,289690,100,23257,2715,54
1784781883.2356,12:44:43,2831229618154,289690,100,23257,2715,54
1784781883.4356,12:44:43,2831229672071,289690,100,23257,2715,54
1784781883.6356,12:44:43,2831229725756,288331,100,23257,2715,54
1784781883.8356,12:44:43,2831229778924,288331,100,23257,2715,54
1784781884.0356,12:44:44,2831229831476,285964,100,23257,2715,54
1784781884.2356,12:44:44,2831229883856,285964,100,23257,2715,54
1784781884.4356,12:44:44,2831229936241,285964,100,23257,2715,54
1784781884.6356,12:44:44,2831229988270,282532,100,23257,2715,54
1784781884.8356,12:44:44,2831230039822,282532,100,23257,2715,54
1784781885.0356,12:44:45,2831230091152,278293,100,23257,2715,53
1784781885.2356,12:44:45,2831230142525,278293,100,23257,2715,53
1784781885.4356,12:44:45,2831230193882,278293,100,23257,2715,53
1784781885.6356,12:44:45,2831230245302,276100,100,23257,2715,53
1784781885.8356,12:44:45,2831230295914,276100,100,23257,2715,53
1784781886.0356,12:44:46,2831230346590,274164,100,23257,2715,53
1784781886.2356,12:44:46,2831230397273,274164,100,23257,2715,53
1784781886.4356,12:44:46,2831230448026,274164,100,23257,2715,53
1784781886.6356,12:44:46,2831230470340,272533,100,23257,2715,53
1784781886.8356,12:44:46,2831230485958,272533,100,23257,2715,53
1784781887.0356,12:44:47,2831230501511,192682,0,23257,2730,48
1784781887.2356,12:44:47,2831230516985,192682,0,23257,2730,48
1784781887.4356,12:44:47,2831230532414,192682,0,23257,2730,48
1784781887.6356,12:44:47,2831230547751,106827,0,23257,2730,48
1784781887.8356,12:44:47,2831230561207,106827,0,23257,2730,48
1784781888.0356,12:44:48,2831230574682,106827,0,23257,2730,48
1784781888.2356,12:44:48,2831230588017,106827,0,23257,2730,48
1784781888.4356,12:44:48,2831230599956,106827,0,23257,2730,48
1784781888.6356,12:44:48,2831230612572,80405,0,23257,2520,47
1784781888.8356,12:44:48,2831230623417,80405,0,23257,2520,47
1784781889.0356,12:44:49,2831230634250,80405,0,23257,2520,47
1784781889.2356,12:44:49,2831230645026,80405,0,23257,2520,47
1784781889.4356,12:44:49,2831230655802,80405,0,23257,2520,47
1784781889.6356,12:44:49,2831230668044,73004,0,23257,2520,46
1784781889.8356,12:44:49,2831230678817,73004,0,23257,2520,46
1784781890.0356,12:44:50,2831230689618,73004,0,23257,2520,46
1784781890.2356,12:44:50,2831230700403,73004,0,23257,2520,46
1784781890.4356,12:44:50,2831230711195,73004,0,23257,2520,46
1784781890.6356,12:44:50,2831230723442,65818,0,23257,2520,45
1784781890.8356,12:44:50,2831230734201,65818,0,23257,2520,45
1784781891.0356,12:44:51,2831230744978,65818,0,23257,2520,45
1784781891.2356,12:44:51,2831230755780,65818,0,23257,2520,45
1784781891.4356,12:44:51,2831230766521,65818,0,23257,2520,45
1784781891.6356,12:44:51,2831230778708,65818,0,23257,2520,45
1784781891.8356,12:44:51,2831230789405,65818,0,23257,2520,45
1784781892.0356,12:44:52,2831230800088,65818,0,23257,2520,45
1784781892.2356,12:44:52,2831230810777,65818,0,23257,2520,45
1784781892.4356,12:44:52,2831230821448,65818,0,23257,2520,45
1784781892.6356,12:44:52,2831230833590,65633,0,23257,2520,44
1784781892.8356,12:44:52,2831230844305,65633,0,23257,2520,44
1784781893.0356,12:44:53,2831230855013,65633,0,23257,2520,44
1784781893.2356,12:44:53,2831230865675,65633,0,23257,2520,44
1784781893.4356,12:44:53,2831230876347,65633,0,23257,2520,44
1784781893.6356,12:44:53,2831230888478,65495,0,23257,2520,44
1784781893.8356,12:44:53,2831230899137,65495,0,23257,2520,44
1784781894.0356,12:44:54,2831230909783,65495,0,23257,2520,44
1784781894.2356,12:44:54,2831230920454,65495,0,23257,2520,44
1784781894.4356,12:44:54,2831230931101,65495,0,23257,2520,44
1784781894.6356,12:44:54,2831230943176,65511,0,23257,2520,43
1784781894.8356,12:44:54,2831230953793,65511,0,23257,2520,43
1784781895.0356,12:44:55,2831230964414,65511,0,23257,2520,43
1784781895.2356,12:44:55,2831230975042,65511,0,23257,2520,43
1784781895.4356,12:44:55,2831230985667,65511,0,23257,2520,43
1784781895.6356,12:44:55,2831230997736,65445,0,23257,2520,43
1784781895.8356,12:44:55,2831231008354,65445,0,23257,2520,43
1784781896.0356,12:44:56,2831231018977,65445,0,23257,2520,43
1784781896.2356,12:44:56,2831231029562,65445,0,23257,2520,43
1784781896.4356,12:44:56,2831231040141,65445,0,23257,2520,43
1784781896.6356,12:44:56,2831231052168,65410,0,23257,2520,42
1784781896.8356,12:44:56,2831231062713,65410,0,23257,2520,42
1784781897.0356,12:44:57,2831231073258,65410,0,23257,2520,42
1784781897.2356,12:44:57,2831231083799,65410,0,23257,2520,42
1784781897.4356,12:44:57,2831231094339,65410,0,23257,2520,42
1784781897.6356,12:44:57,2831231106317,65308,0,23257,2520,42
1784781897.8356,12:44:57,2831231116833,65308,0,23257,2520,42
1784781898.0356,12:44:58,2831231127330,65308,0,23257,2520,42
1784781898.2356,12:44:58,2831231137816,65308,0,23257,2520,42
1784781898.4356,12:44:58,2831231148316,65308,0,23257,2520,42
1784781898.6356,12:44:58,2831231160242,65128,0,23257,2520,42
1784781898.8356,12:44:58,2831231170708,65128,0,23257,2520,42
1784781899.0356,12:44:59,2831231181173,65128,0,23257,2520,42
1784781899.2356,12:44:59,2831231191628,65128,0,23257,2520,42
1784781899.4356,12:44:59,2831231202078,65128,0,23257,2520,42
1784781899.6356,12:44:59,2831231213983,64985,0,23257,2520,41
1784781899.8356,12:44:59,2831231224438,64985,0,23257,2520,41
1784781900.0356,12:45:00,2831231234892,64985,0,23257,2520,41
1784781900.2356,12:45:00,2831231245344,64985,0,23257,2520,41
1784781900.4356,12:45:00,2831231255768,64985,0,23257,2520,41
1784781900.6356,12:45:00,2831231284253,64956,0,23257,2520,41
1784781900.8356,12:45:00,2831231337360,64956,0,23257,2520,41
1784781901.0356,12:45:01,2831231397373,124300,100,23257,2730,49
1784781901.2356,12:45:01,2831231456531,124300,100,23257,2730,49
1784781901.4356,12:45:01,2831231515676,124300,100,23257,2730,49
1784781901.6356,12:45:01,2831231574620,174719,100,23257,2730,50
1784781901.8356,12:45:01,2831231632113,174719,100,23257,2730,50
1784781902.0356,12:45:02,2831231686312,322053,100,23257,2730,50
1784781902.2356,12:45:02,2831231740425,322053,100,23257,2730,50
1784781902.4356,12:45:02,2831231793941,322053,100,23257,2730,50
1784781902.6356,12:45:02,2831231847388,308273,100,23257,2730,50
1784781902.8356,12:45:02,2831231900674,308273,100,23257,2730,50
1784781903.0356,12:45:03,2831231953659,295712,100,23257,2730,50
1784781903.2356,12:45:03,2831232006993,295712,100,23257,2730,50
1784781903.4356,12:45:03,2831232060260,295712,100,23257,2730,50
1784781903.6356,12:45:03,2831232111913,294047,100,23257,2730,50
1784781903.8356,12:45:03,2831232163123,294047,100,23257,2730,50
1784781904.0356,12:45:04,2831232214208,289445,100,23257,2730,49
1784781904.2356,12:45:04,2831232265233,289445,100,23257,2730,49
1784781904.4356,12:45:04,2831232316267,289445,100,23257,2730,49
1784781904.6356,12:45:04,2831232367159,284274,100,23257,2730,50
1784781904.8356,12:45:04,2831232417998,284274,100,23257,2730,50
1784781905.0356,12:45:05,2831232468911,282145,100,23257,2730,50
1784781905.2356,12:45:05,2831232519668,282145,100,23257,2730,50
1784781905.4356,12:45:05,2831232570015,282145,100,23257,2730,50
1784781905.6356,12:45:05,2831232619829,281314,100,23257,2730,50
1784781905.8356,12:45:05,2831232669586,281314,100,23257,2730,50
1784781906.0356,12:45:06,2831232719417,278736,100,23257,2730,50
1784781906.2356,12:45:06,2831232769064,278736,100,23257,2730,50
1784781906.4356,12:45:06,2831232818712,278736,100,23257,2730,50
1784781906.6356,12:45:06,2831232868279,275903,100,23257,2730,50
1784781906.8356,12:45:06,2831232921718,275903,100,23257,2730,50
1784781907.0356,12:45:07,2831232974794,274684,100,23257,2730,50
1784781907.2356,12:45:07,2831233027828,274684,100,23257,2730,50
1784781907.4356,12:45:07,2831233080713,274684,100,23257,2730,50
1784781907.6356,12:45:07,2831233133607,272512,100,23257,2730,50
1784781907.8356,12:45:07,2831233186484,272512,100,23257,2730,50
1784781908.0356,12:45:08,2831233239415,270958,100,23257,2730,50
1784781908.2356,12:45:08,2831233292349,270958,100,23257,2730,50
1784781908.4356,12:45:08,2831233345268,270958,100,23257,2730,50
1784781908.6356,12:45:08,2831233397774,270750,100,23257,2730,50
1784781908.8356,12:45:08,2831233450200,270750,100,23257,2730,50
1784781909.0356,12:45:09,2831233502563,269686,100,23257,2730,50
1784781909.2356,12:45:09,2831233554839,269686,100,23257,2730,50
1784781909.4356,12:45:09,2831233607671,269686,100,23257,2730,50
1784781909.6356,12:45:09,2831233629520,268761,100,23257,2730,48
1784781909.8356,12:45:09,2831233645380,268761,100,23257,2730,48
1784781910.0356,12:45:10,2831233661084,187977,0,23257,2730,45
1784781910.2356,12:45:10,2831233676848,187977,0,23257,2730,45
1784781910.4356,12:45:10,2831233692546,187977,0,23257,2730,45
1784781910.6356,12:45:10,2831233706761,102447,0,23257,2730,44
1784781910.8356,12:45:10,2831233719185,102447,0,23257,2730,44
1784781911.0356,12:45:11,2831233731634,102447,0,23257,2730,44
1784781911.2356,12:45:11,2831233744077,102447,0,23257,2730,44
1784781911.4356,12:45:11,2831233755207,102447,0,23257,2730,44
1784781911.6356,12:45:11,2831233767136,78020,0,23257,2520,43
1784781911.8356,12:45:11,2831233777347,78020,0,23257,2520,43
1784781912.0356,12:45:12,2831233787575,78020,0,23257,2520,43
1784781912.2356,12:45:12,2831233797818,78020,0,23257,2520,43
1784781912.4356,12:45:12,2831233808052,78020,0,23257,2520,43
1784781912.6356,12:45:12,2831233819726,71473,0,23257,2520,42
1784781912.8356,12:45:12,2831233829930,71473,0,23257,2520,42
1784781913.0356,12:45:13,2831233840134,71473,0,23257,2520,42
1784781913.2356,12:45:13,2831233850310,71473,0,23257,2520,42
1784781913.4356,12:45:13,2831233860479,71473,0,23257,2520,42
1784781913.6356,12:45:13,2831233872085,65099,0,23257,2520,42
1784781913.8356,12:45:13,2831233882242,65099,0,23257,2520,42
1784781914.0356,12:45:14,2831233892386,65099,0,23257,2520,42
1784781914.2356,12:45:14,2831233902585,65099,0,23257,2520,42
1784781914.4356,12:45:14,2831233912730,65099,0,23257,2520,42
1784781914.6356,12:45:14,2831233924315,65027,0,23257,2520,42
1784781914.8356,12:45:14,2831233934465,65027,0,23257,2520,42
1784781915.0356,12:45:15,2831233944595,65027,0,23257,2520,42
1784781915.2356,12:45:15,2831233954760,65027,0,23257,2520,42
1784781915.4356,12:45:15,2831233964904,65027,0,23257,2520,42
1784781915.6356,12:45:15,2831233976498,65006,0,23257,2520,41
1784781915.8356,12:45:15,2831233986617,65006,0,23257,2520,41
1784781916.0356,12:45:16,2831233996729,65006,0,23257,2520,41
1784781916.2356,12:45:16,2831234006845,65006,0,23257,2520,41
1784781916.4356,12:45:16,2831234016956,65006,0,23257,2520,41
1784781916.6356,12:45:16,2831234028486,65014,0,23257,2520,41
1784781916.8356,12:45:16,2831234038592,65014,0,23257,2520,41
1784781917.0356,12:45:17,2831234048718,65014,0,23257,2520,41
1784781917.2356,12:45:17,2831234058823,65014,0,23257,2520,41
1784781917.4356,12:45:17,2831234068909,65014,0,23257,2520,41
1784781917.6356,12:45:17,2831234080416,64990,0,23257,2520,41
1784781917.8356,12:45:17,2831234090467,64990,0,23257,2520,41
1784781918.0356,12:45:18,2831234100507,64990,0,23257,2520,41
1784781918.2356,12:45:18,2831234110538,64990,0,23257,2520,41
1784781918.4356,12:45:18,2831234120578,64990,0,23257,2520,41
1784781918.6356,12:45:18,2831234132046,64883,0,23257,2520,40
1784781918.8356,12:45:18,2831234142065,64883,0,23257,2520,40
1784781919.0356,12:45:19,2831234152096,64883,0,23257,2520,40
1784781919.2356,12:45:19,2831234162114,64883,0,23257,2520,40
1784781919.4356,12:45:19,2831234172125,64883,0,23257,2520,40
1784781919.6356,12:45:19,2831234183593,64754,0,23257,2520,40
1784781919.8356,12:45:19,2831234193609,64754,0,23257,2520,40
1784781920.0356,12:45:20,2831234203626,64754,0,23257,2520,40
1784781920.2356,12:45:20,2831234213659,64754,0,23257,2520,40
1784781920.4356,12:45:20,2831234223671,64754,0,23257,2520,40
1784781920.6356,12:45:20,2831234235081,64805,0,23257,2520,40
1784781920.8356,12:45:20,2831234245063,64805,0,23257,2520,40
1784781921.0356,12:45:21,2831234255044,64805,0,23257,2520,40
1784781921.2356,12:45:21,2831234265017,64805,0,23257,2520,40
1784781921.4356,12:45:21,2831234274991,64805,0,23257,2520,40
1784781921.6356,12:45:21,2831234286398,64793,0,23257,2520,39
1784781921.8356,12:45:21,2831234296347,64793,0,23257,2520,39
1784781922.0356,12:45:22,2831234306308,64793,0,23257,2520,39
1784781922.2356,12:45:22,2831234316245,64793,0,23257,2520,39
1784781922.4356,12:45:22,2831234326187,64793,0,23257,2520,39
1784781922.6356,12:45:22,2831234337550,64691,0,23257,2520,39
1784781922.8356,12:45:22,2831234347457,64691,0,23257,2520,39
1784781923.0356,12:45:23,2831234357377,64691,0,23257,2520,39
1784781923.2356,12:45:23,2831234367294,64691,0,23257,2520,39
1784781923.4356,12:45:23,2831234377211,64691,0,23257,2520,39
1784781923.6356,12:45:23,2831234388549,64632,0,23257,2520,39
1784781923.8356,12:45:23,2831234398448,64632,0,23257,2520,39
1784781924.0356,12:45:24,2831234408337,64632,0,23257,2520,39
1784781924.2356,12:45:24,2831234445980,64632,0,23257,2520,39
1784781924.4356,12:45:24,2831234507826,64632,0,23257,2520,39
1784781924.6356,12:45:24,2831234574621,104685,0,23257,2730,48
1784781924.8356,12:45:24,2831234641772,104685,0,23257,2730,48
1784781925.0356,12:45:25,2831234708892,211608,100,23257,2730,50
1784781925.2356,12:45:25,2831234774879,211608,100,23257,2730,50
1784781925.4356,12:45:25,2831234840492,211608,100,23257,2730,50
1784781925.6356,12:45:25,2831234906948,342600,100,23257,2730,50
1784781925.8356,12:45:25,2831234973071,342600,100,23257,2730,50
1784781926.0356,12:45:26,2831235040055,341532,100,23257,2730,50
1784781926.2356,12:45:26,2831235107375,341532,100,23257,2730,50
1784781926.4356,12:45:26,2831235173601,341532,100,23257,2730,50
1784781926.6356,12:45:26,2831235239687,342903,100,23257,2730,51
1784781926.8356,12:45:26,2831235304580,342903,100,23257,2730,51
1784781927.0356,12:45:27,2831235370640,343616,100,23257,2730,51
1784781927.2356,12:45:27,2831235436903,343616,100,23257,2730,51
1784781927.4356,12:45:27,2831235503205,343616,100,23257,2730,51
1784781927.6356,12:45:27,2831235569042,342171,100,23257,2730,51
1784781927.8356,12:45:27,2831235635387,342171,100,23257,2730,51
1784781928.0356,12:45:28,2831235701321,341323,100,23257,2730,51
1784781928.2356,12:45:28,2831235766244,341323,100,23257,2730,51
1784781928.4356,12:45:28,2831235833075,341323,100,23257,2730,51
1784781928.6356,12:45:28,2831235898636,340527,100,23257,2730,52
1784781928.8356,12:45:28,2831235964357,340527,100,23257,2730,52
1784781929.0356,12:45:29,2831236029825,341048,100,23257,2730,52
1784781929.2356,12:45:29,2831236096345,341048,100,23257,2730,52
1784781929.4356,12:45:29,2831236162671,341048,100,23257,2730,52
1784781929.6356,12:45:29,2831236229164,342295,100,23257,2730,52
1784781929.8356,12:45:29,2831236294944,342295,100,23257,2730,52
1784781930.0356,12:45:30,2831236359807,342279,100,23257,2730,52
1784781930.2356,12:45:30,2831236425358,342279,100,23257,2730,52
1784781930.4356,12:45:30,2831236492954,342279,100,23257,2730,52
1784781930.6356,12:45:30,2831236558265,343601,100,23257,2730,53
1784781930.8356,12:45:30,2831236624126,343601,100,23257,2730,53
1784781931.0356,12:45:31,2831236689611,342239,100,23257,2730,53
1784781931.2356,12:45:31,2831236755583,342239,100,23257,2730,53
1784781931.4356,12:45:31,2831236820888,342239,100,23257,2730,53
1784781931.6356,12:45:31,2831236887470,342254,100,23257,2730,53
1784781931.8356,12:45:31,2831236953511,342254,100,23257,2730,53
1784781932.0356,12:45:32,2831237019480,342894,100,23257,2730,53
1784781932.2356,12:45:32,2831237086682,342894,100,23257,2730,53
1784781932.4356,12:45:32,2831237154125,342894,100,23257,2730,53
1784781932.6356,12:45:32,2831237220538,346192,100,23257,2730,54
1784781932.8356,12:45:32,2831237286550,346192,100,23257,2730,54
1784781933.0356,12:45:33,2831237352199,346914,100,23257,2730,53
1784781933.2356,12:45:33,2831237418067,346914,100,23257,2730,53
1784781933.4356,12:45:33,2831237484876,346914,100,23257,2730,53
1784781933.6356,12:45:33,2831237549584,345518,100,23257,2730,54
1784781933.8356,12:45:33,2831237614927,345518,100,23257,2730,54
1784781934.0356,12:45:34,2831237680458,342442,100,23257,2730,54
1784781934.2356,12:45:34,2831237746100,342442,100,23257,2730,54
1784781934.4356,12:45:34,2831237810644,342442,100,23257,2730,54
1784781934.6356,12:45:34,2831237876259,340982,100,23257,2730,54
1784781934.8356,12:45:34,2831237942263,340982,100,23257,2730,54
1784781935.0356,12:45:35,2831238007619,342208,100,23257,2730,54
1784781935.2356,12:45:35,2831238072455,342208,100,23257,2730,54
1784781935.4356,12:45:35,2831238138376,342208,100,23257,2730,54
1784781935.6356,12:45:35,2831238205851,342357,100,23257,2730,56
1784781935.8356,12:45:35,2831238271384,342357,100,23257,2730,56
1784781936.0356,12:45:36,2831238337753,344400,100,23257,2730,56
1784781936.2356,12:45:36,2831238403638,344400,100,23257,2730,56
1784781936.4356,12:45:36,2831238470530,344400,100,23257,2730,56
1784781936.6356,12:45:36,2831238536472,347240,100,23257,2730,55
1784781936.8356,12:45:36,2831238603300,347240,100,23257,2730,55
1784781937.0356,12:45:37,2831238669136,347772,100,23257,2730,55
1784781937.2356,12:45:37,2831238734615,347772,100,23257,2730,55
1784781937.4356,12:45:37,2831238800948,347772,100,23257,2730,55
1784781937.6356,12:45:37,2831238865859,347211,100,23257,2730,55
1784781937.8356,12:45:37,2831238931976,347211,100,23257,2730,55
1784781938.0356,12:45:38,2831238998153,346053,100,23257,2730,55
1784781938.2356,12:45:38,2831239064113,346053,100,23257,2730,55
1784781938.4356,12:45:38,2831239130186,346053,100,23257,2730,55
1784781938.6356,12:45:38,2831239196016,347099,100,23257,2730,55
1784781938.8356,12:45:38,2831239261028,347099,100,23257,2730,55
1784781939.0356,12:45:39,2831239326834,347191,100,23257,2730,56
1784781939.2356,12:45:39,2831239392679,347191,100,23257,2730,56
1784781939.4356,12:45:39,2831239458740,347191,100,23257,2730,56
1784781939.6356,12:45:39,2831239525364,347044,100,23257,2715,55
1784781939.8356,12:45:39,2831239590980,347044,100,23257,2715,55
1784781940.0356,12:45:40,2831239656850,348188,100,23257,2715,56
1784781940.2356,12:45:40,2831239722834,348188,100,23257,2715,56
1784781940.4356,12:45:40,2831239789095,348188,100,23257,2715,56
1784781940.6356,12:45:40,2831239855025,348569,100,23257,2715,56
1784781940.8356,12:45:40,2831239921105,348569,100,23257,2715,56
1784781941.0356,12:45:41,2831239986581,348741,100,23257,2715,56
1784781941.2356,12:45:41,2831240052359,348741,100,23257,2715,56
1784781941.4356,12:45:41,2831240118255,348741,100,23257,2715,56
1784781941.6356,12:45:41,2831240183900,348914,100,23257,2715,56
1784781941.8356,12:45:41,2831240249328,348914,100,23257,2715,56
1784781942.0356,12:45:42,2831240315697,348126,100,23257,2715,57
1784781942.2356,12:45:42,2831240382000,348126,100,23257,2715,57
1784781942.4356,12:45:42,2831240447344,348126,100,23257,2715,57
1784781942.6356,12:45:42,2831240512212,349671,100,23257,2715,56
1784781942.8356,12:45:42,2831240576629,349671,100,23257,2715,56
1784781943.0356,12:45:43,2831240640526,346879,100,23257,2715,56
1784781943.2356,12:45:43,2831240704195,346879,100,23257,2715,56
1784781943.4356,12:45:43,2831240767924,346879,100,23257,2715,56
1784781943.6356,12:45:43,2831240831776,341106,100,23257,2715,56
1784781943.8356,12:45:43,2831240895407,341106,100,23257,2715,56
1784781944.0356,12:45:44,2831240958482,338944,100,23257,2715,56
1784781944.2356,12:45:44,2831241020956,338944,100,23257,2715,56
1784781944.4356,12:45:44,2831241079618,338944,100,23257,2715,56
1784781944.6356,12:45:44,2831241136430,332476,100,23257,2715,55
1784781944.8356,12:45:44,2831241192879,332476,100,23257,2715,55
1784781945.0356,12:45:45,2831241248768,315040,100,23257,2715,54
1784781945.2356,12:45:45,2831241304918,315040,100,23257,2715,54
1784781945.4356,12:45:45,2831241360689,315040,100,23257,2715,54
1784781945.6356,12:45:45,2831241414902,300497,100,23257,2715,54
1784781945.8356,12:45:45,2831241468849,300497,100,23257,2715,54
1784781946.0356,12:45:46,2831241522884,294197,100,23257,2715,54
1784781946.2356,12:45:46,2831241576655,294197,100,23257,2715,54
1784781946.4356,12:45:46,2831241630521,294197,100,23257,2715,54
1784781946.6356,12:45:46,2831241684457,289008,100,23257,2715,53
1784781946.8356,12:45:46,2831241738018,289008,100,23257,2715,53
1784781947.0356,12:45:47,2831241791476,287655,100,23257,2715,53
1784781947.2356,12:45:47,2831241844691,287655,100,23257,2715,53
1784781947.4356,12:45:47,2831241896885,287655,100,23257,2715,53
1784781947.6356,12:45:47,2831241949105,285279,100,23257,2715,53
1784781947.8356,12:45:47,2831242001300,285279,100,23257,2715,53
1784781948.0356,12:45:48,2831242053300,281569,100,23257,2715,53
1784781948.2356,12:45:48,2831242105127,281569,100,23257,2715,53
1784781948.4356,12:45:48,2831242156607,281569,100,23257,2715,53
1784781948.6356,12:45:48,2831242207749,278459,100,23257,2715,53
1784781948.8356,12:45:48,2831242258745,278459,100,23257,2715,53
1784781949.0356,12:45:49,2831242309770,276131,100,23257,2715,53
1784781949.2356,12:45:49,2831242360788,276131,100,23257,2715,53
1784781949.4356,12:45:49,2831242411827,276131,100,23257,2715,53
1784781949.6356,12:45:49,2831242462260,274236,100,23257,2715,53
1784781949.8356,12:45:49,2831242512816,274236,100,23257,2715,53
1784781950.0356,12:45:50,2831242563284,273157,100,23257,2715,53
1784781950.2356,12:45:50,2831242578947,273157,100,23257,2715,53
1784781950.4356,12:45:50,2831242594292,273157,100,23257,2715,53
1784781950.6356,12:45:50,2831242609623,200870,100,23257,2730,48
1784781950.8356,12:45:50,2831242624893,200870,100,23257,2730,48
1784781951.0356,12:45:51,2831242640187,114477,0,23257,2730,47
1784781951.2356,12:45:51,2831242651910,114477,0,23257,2730,47
1784781951.4356,12:45:51,2831242663640,114477,0,23257,2730,47
1784781951.6356,12:45:51,2831242675326,114477,0,23257,2730,47
1784781951.8356,12:45:51,2831242685619,114477,0,23257,2730,47
1784781952.0356,12:45:52,2831242696054,78634,0,23257,2520,46
1784781952.2356,12:45:52,2831242705543,78634,0,23257,2520,46
1784781952.4356,12:45:52,2831242715035,78634,0,23257,2520,46
1784781952.6356,12:45:52,2831242724529,78634,0,23257,2520,46
1784781952.8356,12:45:52,2831242734002,78634,0,23257,2520,46
1784781953.0356,12:45:53,2831242743478,72051,0,23257,2520,45
1784781953.2356,12:45:53,2831242752945,72051,0,23257,2520,45
1784781953.4356,12:45:53,2831242762467,72051,0,23257,2520,45
1784781953.6356,12:45:53,2831242771955,72051,0,23257,2520,45
1784781953.8356,12:45:53,2831242781437,72051,0,23257,2520,45
1784781954.0356,12:45:54,2831242790900,65886,0,23257,2520,45
1784781954.2356,12:45:54,2831242800355,65886,0,23257,2520,45
1784781954.4356,12:45:54,2831242809806,65886,0,23257,2520,45
1784781954.6356,12:45:54,2831242819221,65886,0,23257,2520,45
1784781954.8356,12:45:54,2831242828665,65886,0,23257,2520,45
1784781955.0356,12:45:55,2831242838095,65862,0,23257,2520,44
1784781955.2356,12:45:55,2831242847491,65862,0,23257,2520,44
1784781955.4356,12:45:55,2831242856892,65862,0,23257,2520,44
1784781955.6356,12:45:55,2831242866312,65862,0,23257,2520,44
1784781955.8356,12:45:55,2831242875725,65862,0,23257,2520,44
1784781956.0356,12:45:56,2831242885127,65728,0,23257,2520,44
1784781956.2356,12:45:56,2831242894522,65728,0,23257,2520,44
1784781956.4356,12:45:56,2831242903918,65728,0,23257,2520,44
1784781956.6356,12:45:56,2831242913273,65728,0,23257,2520,44
1784781956.8356,12:45:56,2831242922619,65728,0,23257,2520,44
1784781957.0356,12:45:57,2831242932000,65625,0,23257,2520,43
1784781957.2356,12:45:57,2831242941338,65625,0,23257,2520,43
1784781957.4356,12:45:57,2831242950673,65625,0,23257,2520,43
1784781957.6356,12:45:57,2831242960007,65625,0,23257,2520,43
1784781957.8356,12:45:57,2831242969329,65625,0,23257,2520,43
1784781958.0356,12:45:58,2831242978650,65504,0,23257,2520,43
1784781958.2356,12:45:58,2831242987965,65504,0,23257,2520,43
1784781958.4356,12:45:58,2831242997279,65504,0,23257,2520,43
1784781958.6356,12:45:58,2831243006616,65504,0,23257,2520,43
1784781958.8356,12:45:58,2831243015927,65504,0,23257,2520,43
1784781959.0356,12:45:59,2831243025249,65435,0,23257,2520,42
1784781959.2356,12:45:59,2831243034576,65435,0,23257,2520,42
1784781959.4356,12:45:59,2831243043851,65435,0,23257,2520,42
1784781959.6356,12:45:59,2831243053122,65435,0,23257,2520,42
1784781959.8356,12:45:59,2831243062384,65435,0,23257,2520,42
1784781960.0356,12:46:00,2831243071665,65428,0,23257,2520,42
1784781960.2356,12:46:00,2831243080825,65428,0,23257,2520,42
1784781960.4356,12:46:00,2831243090067,65428,0,23257,2520,42
1784781960.6356,12:46:00,2831243099300,65428,0,23257,2520,42
1784781960.8356,12:46:00,2831243108560,65428,0,23257,2520,42
1784781961.0356,12:46:01,2831243117822,65389,0,23257,2520,42
1784781961.2356,12:46:01,2831243127072,65389,0,23257,2520,42
1784781961.4356,12:46:01,2831243136310,65389,0,23257,2520,42
1784781961.6356,12:46:01,2831243145534,65389,0,23257,2520,42
1784781961.8356,12:46:01,2831243154755,65389,0,23257,2520,42
1784781962.0356,12:46:02,2831243163977,65333,0,23257,2520,41
1784781962.2356,12:46:02,2831243173157,65333,0,23257,2520,41
1784781962.4356,12:46:02,2831243182337,65333,0,23257,2520,41
1784781962.6356,12:46:02,2831243191521,65333,0,23257,2520,41
1784781962.8356,12:46:02,2831243200700,65333,0,23257,2520,41
1784781963.0356,12:46:03,2831243209884,65205,0,23257,2520,41
1784781963.2356,12:46:03,2831243219042,65205,0,23257,2520,41
1784781963.4356,12:46:03,2831243228194,65205,0,23257,2520,41
1784781963.6356,12:46:03,2831243237349,65205,0,23257,2520,41
1784781963.8356,12:46:03,2831243246506,65205,0,23257,2520,41
1784781964.0356,12:46:04,2831243255659,65086,0,23257,2520,41
1784781964.2356,12:46:04,2831243288651,65086,0,23257,2520,41
1784781964.4356,12:46:04,2831243344513,65086,0,23257,2520,41
1784781964.6356,12:46:04,2831243404254,114739,0,23257,2730,49
1784781964.8356,12:46:04,2831243463437,114739,0,23257,2730,49
1784781965.0356,12:46:05,2831243522103,167778,100,23257,2730,50
1784781965.2356,12:46:05,2831243580727,167778,100,23257,2730,50
1784781965.4356,12:46:05,2831243637006,167778,100,23257,2730,50
1784781965.6362,12:46:05,2831243691057,323114,100,23257,2730,49
1784781965.8356,12:46:05,2831243744543,323114,100,23257,2730,49
1784781966.0356,12:46:06,2831243797872,309522,100,23257,2730,49
1784781966.2356,12:46:06,2831243851029,309522,100,23257,2730,49
1784781966.4356,12:46:06,2831243904065,309522,100,23257,2730,49
1784781966.6356,12:46:06,2831243956912,295335,100,23257,2730,49
1784781966.8356,12:46:06,2831244010052,295335,100,23257,2730,49
1784781967.0357,12:46:07,2831244063134,293911,100,23257,2730,50
1784781967.2356,12:46:07,2831244114152,293911,100,23257,2730,50
1784781967.4356,12:46:07,2831244165148,293911,100,23257,2730,50
1784781967.6356,12:46:07,2831244216162,288920,100,23257,2730,49
1784781967.8356,12:46:07,2831244266920,288920,100,23257,2730,49
1784781968.0356,12:46:08,2831244322021,283595,100,23257,2730,49
1784781968.2356,12:46:08,2831244372737,283595,100,23257,2730,49
1784781968.4356,12:46:08,2831244423500,283595,100,23257,2730,49
1784781968.6356,12:46:08,2831244478655,282102,100,23257,2730,49
1784781968.8356,12:46:08,2831244533648,282102,100,23257,2730,49
1784781969.0356,12:46:09,2831244587927,281147,100,23257,2730,49
1784781969.2356,12:46:09,2831244641873,281147,100,23257,2730,49
1784781969.4356,12:46:09,2831244695824,281147,100,23257,2730,49
1784781969.6356,12:46:09,2831244749774,278640,100,23257,2730,49
1784781969.8356,12:46:09,2831244803513,278640,100,23257,2730,49
1784781970.0356,12:46:10,2831244857365,276065,100,23257,2730,49
1784781970.2356,12:46:10,2831244911162,276065,100,23257,2730,49
1784781970.4356,12:46:10,2831244964463,276065,100,23257,2730,49
1784781970.6356,12:46:10,2831245017552,274797,100,23257,2730,49
1784781970.8356,12:46:10,2831245070610,274797,100,23257,2730,49
1784781971.0356,12:46:11,2831245123548,272851,100,23257,2730,49
1784781971.2356,12:46:11,2831245176487,272851,100,23257,2730,49
1784781971.4356,12:46:11,2831245229553,272851,100,23257,2730,49
1784781971.6356,12:46:11,2831245282570,271540,100,23257,2730,49
1784781971.8356,12:46:11,2831245335715,271540,100,23257,2730,49
1784781972.0356,12:46:12,2831245388725,271520,100,23257,2730,49
1784781972.2356,12:46:12,2831245441228,271520,100,23257,2730,49
1784781972.4356,12:46:12,2831245493631,271520,100,23257,2730,49
1784781972.6356,12:46:12,2831245545965,270198,100,23257,2730,49
1784781972.8356,12:46:12,2831245598569,270198,100,23257,2730,49
1784781973.0356,12:46:13,2831245650518,265983,100,23257,2730,50
1784781973.2356,12:46:13,2831245666663,265983,100,23257,2730,50
1784781973.4356,12:46:13,2831245683231,265983,100,23257,2730,50
1784781973.6356,12:46:13,2831245698361,180767,100,23257,2730,44
1784781973.8356,12:46:13,2831245714116,180767,100,23257,2730,44
1784781974.0356,12:46:14,2831245729871,112359,0,23257,2730,44
1784781974.2356,12:46:14,2831245740860,112359,0,23257,2730,44
1784781974.4356,12:46:14,2831245751815,112359,0,23257,2730,44
1784781974.6356,12:46:14,2831245762751,112359,0,23257,2730,44
1784781974.8356,12:46:14,2831245772325,112359,0,23257,2730,44
1784781975.0356,12:46:15,2831245781956,77502,0,23257,2520,43
1784781975.2356,12:46:15,2831245790931,77502,0,23257,2520,43
1784781975.4356,12:46:15,2831245799877,77502,0,23257,2520,43
1784781975.6356,12:46:15,2831245808823,77502,0,23257,2520,43
1784781975.8356,12:46:15,2831245817769,77502,0,23257,2520,43
1784781976.0356,12:46:16,2831245826715,71269,0,23257,2520,42
1784781976.2356,12:46:16,2831245835639,71269,0,23257,2520,42
1784781976.4356,12:46:16,2831245844542,71269,0,23257,2520,42
1784781976.6356,12:46:16,2831245853456,71269,0,23257,2520,42
1784781976.8356,12:46:16,2831245862349,71269,0,23257,2520,42
1784781977.0356,12:46:17,2831245871244,65279,0,23257,2520,42
1784781977.2356,12:46:17,2831245880118,65279,0,23257,2520,42
1784781977.4356,12:46:17,2831245888981,65279,0,23257,2520,42
1784781977.6356,12:46:17,2831245897824,65279,0,23257,2520,42
1784781977.8356,12:46:17,2831245906695,65279,0,23257,2520,42
1784781978.0356,12:46:18,2831245915547,65118,0,23257,2520,41
1784781978.2356,12:46:18,2831245924373,65118,0,23257,2520,41
1784781978.4356,12:46:18,2831245933216,65118,0,23257,2520,41
1784781978.6356,12:46:18,2831245942062,65118,0,23257,2520,41
1784781978.8356,12:46:18,2831245950883,65118,0,23257,2520,41
1784781979.0356,12:46:19,2831245959710,65007,0,23257,2520,41
1784781979.2356,12:46:19,2831245968516,65007,0,23257,2520,41
1784781979.4356,12:46:19,2831245977331,65007,0,23257,2520,41
1784781979.6356,12:46:19,2831245986131,65007,0,23257,2520,41
1784781979.8356,12:46:19,2831245994918,65007,0,23257,2520,41
1784781980.0356,12:46:20,2831246003703,64912,0,23257,2520,41
1784781980.2356,12:46:20,2831246012471,64912,0,23257,2520,41
1784781980.4356,12:46:20,2831246021235,64912,0,23257,2520,41
1784781980.6356,12:46:20,2831246029995,64912,0,23257,2520,41
1784781980.8357,12:46:20,2831246038759,64912,0,23257,2520,41
1784781981.0356,12:46:21,2831246047513,64812,0,23257,2520,40
1784781981.2356,12:46:21,2831246056265,64812,0,23257,2520,40
1784781981.4356,12:46:21,2831246065002,64812,0,23257,2520,40
1784781981.6356,12:46:21,2831246073738,64812,0,23257,2520,40
1784781981.8356,12:46:21,2831246082475,64812,0,23257,2520,40
1784781982.0356,12:46:22,2831246091207,64750,0,23257,2520,40
1784781982.2356,12:46:22,2831246099935,64750,0,23257,2520,40
1784781982.4356,12:46:22,2831246108673,64750,0,23257,2520,40
1784781982.6356,12:46:22,2831246117397,64750,0,23257,2520,40
1784781982.8356,12:46:22,2831246126103,64750,0,23257,2520,40
1784781983.0356,12:46:23,2831246134827,64744,0,23257,2520,40
1784781983.2356,12:46:23,2831246143528,64744,0,23257,2520,40
1784781983.4356,12:46:23,2831246152223,64744,0,23257,2520,40
1784781983.6356,12:46:23,2831246160919,64744,0,23257,2520,40
1784781983.8356,12:46:23,2831246169610,64744,0,23257,2520,40
1784781984.0356,12:46:24,2831246178300,64748,0,23257,2520,40
1784781984.2356,12:46:24,2831246187008,64748,0,23257,2520,40
1784781984.4356,12:46:24,2831246195701,64748,0,23257,2520,40
1784781984.6356,12:46:24,2831246204398,64748,0,23257,2520,40
1784781984.8356,12:46:24,2831246213084,64748,0,23257,2520,40
1784781985.0356,12:46:25,2831246221782,64790,0,23257,2520,39
1784781985.2356,12:46:25,2831246230465,64790,0,23257,2520,39
1784781985.4356,12:46:25,2831246239110,64790,0,23257,2520,39
1784781985.6356,12:46:25,2831246247760,64790,0,23257,2520,39
1784781985.8356,12:46:25,2831246256403,64790,0,23257,2520,39
1784781986.0356,12:46:26,2831246265061,64819,0,23257,2520,39
1784781986.2356,12:46:26,2831246273701,64819,0,23257,2520,39
1784781986.4356,12:46:26,2831246282335,64819,0,23257,2520,39
1784781986.6356,12:46:26,2831246290958,64819,0,23257,2520,39
1784781986.8356,12:46:26,2831246299579,64819,0,23257,2520,39
1784781987.0356,12:46:27,2831246308209,64734,0,23257,2520,39
1784781987.2356,12:46:27,2831246316826,64734,0,23257,2520,39
1784781987.4356,12:46:27,2831246325439,64734,0,23257,2520,39
1784781987.6356,12:46:27,2831246359906,69994,0,23257,2520,39
1784781987.8356,12:46:27,2831246404892,69994,0,23257,2520,39
1784781988.0356,12:46:28,2831246468387,166955,100,23257,2730,49
1784781988.2356,12:46:28,2831246540466,166955,100,23257,2730,49
1784781988.4356,12:46:28,2831246612832,166955,100,23257,2730,49
1784781988.6356,12:46:28,2831246684977,317168,100,23257,2730,52
1784781988.8356,12:46:28,2831246755557,317168,100,23257,2730,52
1784781989.0356,12:46:29,2831246827706,372828,100,23257,2730,52
1784781989.2356,12:46:29,2831246899999,372828,100,23257,2730,52
1784781989.4356,12:46:29,2831246971922,372828,100,23257,2730,52
1784781989.6356,12:46:29,2831247044020,372736,100,23257,2730,52
1784781989.8356,12:46:29,2831247115697,372736,100,23257,2730,52
1784781990.0357,12:46:30,2831247187920,372349,100,23257,2730,53
1784781990.2356,12:46:30,2831247259768,372349,100,23257,2730,53
1784781990.4356,12:46:30,2831247331589,372349,100,23257,2730,53
1784781990.6356,12:46:30,2831247404306,372526,100,23257,2730,53
1784781990.8356,12:46:30,2831247476438,372526,100,23257,2730,53
1784781991.0356,12:46:31,2831247548888,373821,100,23257,2730,54
1784781991.2356,12:46:31,2831247620570,373821,100,23257,2730,54
1784781991.4356,12:46:31,2831247692278,373821,100,23257,2730,54
1784781991.6356,12:46:31,2831247764639,374089,100,23257,2730,54
1784781991.8356,12:46:31,2831247835777,374089,100,23257,2730,54
1784781992.0356,12:46:32,2831247907432,372466,100,23257,2730,55
1784781992.2356,12:46:32,2831247979786,372466,100,23257,2730,55
1784781992.4356,12:46:32,2831248051509,372466,100,23257,2730,55
1784781992.6356,12:46:32,2831248122927,372844,100,23257,2730,54
1784781992.8356,12:46:32,2831248195022,372844,100,23257,2730,54
1784781993.0356,12:46:33,2831248266556,373390,100,23257,2730,55
1784781993.2356,12:46:33,2831248338475,373390,100,23257,2730,55
1784781993.4356,12:46:33,2831248410205,373390,100,23257,2730,55
1784781993.6356,12:46:33,2831248481620,372798,100,23257,2730,55
1784781993.8356,12:46:33,2831248552253,372798,100,23257,2730,55
1784781994.0356,12:46:34,2831248623555,371914,100,23257,2730,55
1784781994.2356,12:46:34,2831248694634,371914,100,23257,2730,55
1784781994.4356,12:46:34,2831248764961,371914,100,23257,2730,55
1784781994.6356,12:46:34,2831248835786,371069,100,23257,2715,55
1784781994.8356,12:46:34,2831248906496,371069,100,23257,2715,55
1784781995.0356,12:46:35,2831248978152,371362,100,23257,2715,56
1784781995.2356,12:46:35,2831249049793,371362,100,23257,2715,56
1784781995.4356,12:46:35,2831249121014,371362,100,23257,2715,56
1784781995.6356,12:46:35,2831249192475,371635,100,23257,2715,56
1784781995.8356,12:46:35,2831249263592,371635,100,23257,2715,56
1784781996.0356,12:46:36,2831249335058,372987,100,23257,2715,56
1784781996.2356,12:46:36,2831249406001,372987,100,23257,2715,56
1784781996.4356,12:46:36,2831249477509,372987,100,23257,2715,56
1784781996.6356,12:46:36,2831249548665,372500,100,23257,2715,56
1784781996.8356,12:46:36,2831249620194,372500,100,23257,2715,56
1784781997.0356,12:46:37,2831249690890,372474,100,23257,2715,56
1784781997.2356,12:46:37,2831249761982,372474,100,23257,2715,56
1784781997.4356,12:46:37,2831249833151,372474,100,23257,2715,56
1784781997.6356,12:46:37,2831249904077,371972,100,23257,2715,56
1784781997.8356,12:46:37,2831249975169,371972,100,23257,2715,56
1784781998.0356,12:46:38,2831250046438,371901,100,23257,2715,57
1784781998.2356,12:46:38,2831250117244,371901,100,23257,2715,57
1784781998.4356,12:46:38,2831250188581,371901,100,23257,2715,57
1784781998.6356,12:46:38,2831250260062,372996,100,23257,2715,58
1784781998.8356,12:46:38,2831250331778,372996,100,23257,2715,58
1784781999.0356,12:46:39,2831250403820,375224,100,23257,2715,58
1784781999.2356,12:46:39,2831250474633,375224,100,23257,2715,58
1784781999.4356,12:46:39,2831250544668,375224,100,23257,2715,58
1784781999.6356,12:46:39,2831250614154,373423,100,23257,2715,56
1784781999.8356,12:46:39,2831250684047,373423,100,23257,2715,56
1784782000.0356,12:46:40,2831250753362,369045,100,23257,2715,56
1784782000.2356,12:46:40,2831250822382,369045,100,23257,2715,56
1784782000.4356,12:46:40,2831250890685,369045,100,23257,2715,56
1784782000.6356,12:46:40,2831250958841,364064,100,23257,2715,56
1784782000.8356,12:46:40,2831251026501,364064,100,23257,2715,56
1784782001.0356,12:46:41,2831251093833,359665,100,23257,2715,56
1784782001.2357,12:46:41,2831251161309,359665,100,23257,2715,56
1784782001.4356,12:46:41,2831251228330,359665,100,23257,2715,56
1784782001.6356,12:46:41,2831251295548,356267,100,23257,2715,56
1784782001.8356,12:46:41,2831251360147,356267,100,23257,2715,56
1784782002.0356,12:46:42,2831251423514,348826,100,23257,2715,55
1784782002.2356,12:46:42,2831251485826,348826,100,23257,2715,55
1784782002.4356,12:46:42,2831251549576,348826,100,23257,2715,55
1784782002.6356,12:46:42,2831251613395,339197,100,23257,2715,55
1784782002.8356,12:46:42,2831251676087,339197,100,23257,2715,55
1784782003.0356,12:46:43,2831251737647,332512,100,23257,2715,55
1784782003.2356,12:46:43,2831251795245,332512,100,23257,2715,55
1784782003.4356,12:46:43,2831251851834,332512,100,23257,2715,55
1784782003.6356,12:46:43,2831251908440,317947,100,23257,2715,54
1784782003.8356,12:46:43,2831251964863,317947,100,23257,2715,54
1784782004.0356,12:46:44,2831252021247,302260,100,23257,2715,53
1784782004.2356,12:46:44,2831252077020,302260,100,23257,2715,53
1784782004.4356,12:46:44,2831252131284,302260,100,23257,2715,53
1784782004.6356,12:46:44,2831252185412,296010,100,23257,2715,53
1784782004.8356,12:46:44,2831252239368,296010,100,23257,2715,53
1784782005.0356,12:46:45,2831252293080,289807,100,23257,2715,53
1784782005.2356,12:46:45,2831252346756,289807,100,23257,2715,53
1784782005.4356,12:46:45,2831252399968,289807,100,23257,2715,53
1784782005.6356,12:46:45,2831252452604,285168,100,23257,2715,53
1784782005.8356,12:46:45,2831252505062,285168,100,23257,2715,53
1784782006.0356,12:46:46,2831252557540,281808,100,23257,2715,52
1784782006.2356,12:46:46,2831252609906,281808,100,23257,2715,52
1784782006.4357,12:46:46,2831252661973,281808,100,23257,2715,52
1784782006.6356,12:46:46,2831252714080,279030,100,23257,2715,52
1784782006.8356,12:46:46,2831252765719,279030,100,23257,2715,52
1784782007.0356,12:46:47,2831252817105,277054,100,23257,2715,52
1784782007.2356,12:46:47,2831252868441,277054,100,23257,2715,52
1784782007.4356,12:46:47,2831252919728,277054,100,23257,2715,52
1784782007.6356,12:46:47,2831252970764,274792,100,23257,2715,52
1784782007.8356,12:46:47,2831253021416,274792,100,23257,2715,52
1784782008.0356,12:46:48,2831253072127,272486,100,23257,2715,52
1784782008.2356,12:46:48,2831253095887,272486,100,23257,2715,52
1784782008.4356,12:46:48,2831253111379,272486,100,23257,2715,52
1784782008.6356,12:46:48,2831253126755,191868,100,23257,2730,47
1784782008.8356,12:46:48,2831253142105,191868,100,23257,2730,47
1784782009.0356,12:46:49,2831253157472,105745,0,23257,2730,47
1784782009.2356,12:46:49,2831253169548,105745,0,23257,2730,47
1784782009.4356,12:46:49,2831253179756,105745,0,23257,2730,47
1784782009.6356,12:46:49,2831253189918,105745,0,23257,2730,47
1784782009.8356,12:46:49,2831253200180,105745,0,23257,2730,47
1784782010.0356,12:46:50,2831253208938,79939,0,23257,2730,46
1784782010.2356,12:46:50,2831253218901,79939,0,23257,2730,46
1784782010.4356,12:46:50,2831253227208,79939,0,23257,2730,46
1784782010.6356,12:46:50,2831253235503,79939,0,23257,2520,46
1784782010.8356,12:46:50,2831253243783,79939,0,23257,2520,46
1784782011.0356,12:46:51,2831253252107,72883,0,23257,2520,45
1784782011.2356,12:46:51,2831253261841,72883,0,23257,2520,45
