ts,iso,energy_mj,power_mw,util_gpu,mem_used_mib,sm_clock_mhz,temp_c
1784646110.7086,23:01:50,1055751804086,10749,0,24039,210,31
1784646110.9087,23:01:50,1055751806182,10749,0,24039,210,31
1784646111.1087,23:01:51,1055751808234,10749,0,24039,210,31
1784646111.3087,23:01:51,1055751810300,10749,0,24039,210,31
1784646111.5087,23:01:51,1055751812390,10749,0,24039,210,31
1784646111.7087,23:01:51,1055751814531,10749,0,24039,210,31
1784646111.9087,23:01:51,1055751816644,10555,0,24039,210,31
1784646112.1087,23:01:52,1055751818745,10555,0,24039,210,31
1784646112.3087,23:01:52,1055751820840,10555,0,24039,210,31
1784646112.5087,23:01:52,1055751822886,10555,0,24039,210,31
1784646112.7087,23:01:52,1055751824991,10555,0,24039,210,31
1784646112.9087,23:01:52,1055751827070,10549,0,24039,210,31
1784646113.1087,23:01:53,1055751829129,10549,0,24039,210,31
1784646113.3087,23:01:53,1055751831134,10549,0,24039,210,31
1784646113.5087,23:01:53,1055751833180,10549,0,24039,210,31
1784646113.7087,23:01:53,1055751835221,10549,0,24039,210,31
1784646113.9087,23:01:53,1055751837251,10516,0,24039,210,31
1784646114.1087,23:01:54,1055751839324,10516,0,24039,210,31
1784646114.3087,23:01:54,1055751841394,10516,0,24039,210,31
1784646114.5087,23:01:54,1055751843498,10516,0,24039,210,31
1784646114.7087,23:01:54,1055751845580,10516,0,24039,210,31
1784646114.9087,23:01:54,1055751847685,10435,0,24039,210,31
1784646115.1087,23:01:55,1055751849770,10435,0,24039,210,31
1784646115.3087,23:01:55,1055751851856,10435,0,24039,210,31
1784646115.5087,23:01:55,1055751853959,10435,0,24039,210,31
1784646115.7087,23:01:55,1055751856062,10435,0,24039,210,31
1784646115.9087,23:01:55,1055751858158,10539,0,24039,210,31
1784646116.1087,23:01:56,1055751860212,10539,0,24039,210,31
1784646116.3087,23:01:56,1055751862255,10539,0,24039,210,31
1784646116.5087,23:01:56,1055751864248,10539,0,24039,210,31
1784646116.7087,23:01:56,1055751866233,10539,0,24039,210,31
1784646116.9087,23:01:56,1055751868242,10544,0,24039,210,31
1784646117.1087,23:01:57,1055751870241,10544,0,24039,210,31
1784646117.3087,23:01:57,1055751872337,10544,0,24039,210,31
1784646117.5087,23:01:57,1055751874443,10544,0,24039,210,31
1784646117.7087,23:01:57,1055751876478,10544,0,24039,210,31
1784646117.9087,23:01:57,1055751878534,10416,0,24039,210,31
1784646118.1087,23:01:58,1055751880589,10416,0,24039,210,31
1784646118.3087,23:01:58,1055751882628,10416,0,24039,210,31
1784646118.5087,23:01:58,1055751884705,10416,0,24039,210,31
1784646118.7087,23:01:58,1055751886779,10416,0,24039,210,31
1784646118.9087,23:01:58,1055751888852,10413,0,24039,210,31
1784646119.1087,23:01:59,1055751890895,10413,0,24039,210,31
1784646119.3087,23:01:59,1055751892951,10413,0,24039,210,31
1784646119.5087,23:01:59,1055751894980,10413,0,24039,210,31
1784646119.7087,23:01:59,1055751897035,10413,0,24039,210,31
1784646119.9087,23:01:59,1055751899058,10484,0,24039,210,31
1784646120.1087,23:02:00,1055751901061,10484,0,24039,210,31
1784646120.3087,23:02:00,1055751903060,10484,0,24039,210,31
1784646120.5087,23:02:00,1055751905105,10484,0,24039,210,31
1784646120.7088,23:02:00,1055751907122,10484,0,24039,210,31
1784646120.9087,23:02:00,1055751909134,10434,0,24039,210,31
1784646121.1087,23:02:01,1055751911107,10434,0,24039,210,31
1784646121.3087,23:02:01,1055751913026,10434,0,24039,210,31
1784646121.5087,23:02:01,1055751915014,10434,0,24039,210,31
1784646121.7087,23:02:01,1055751916958,10434,0,24039,210,31
1784646121.9087,23:02:01,1055751918912,10262,0,24039,210,31
1784646122.1087,23:02:02,1055751920865,10262,0,24039,210,31
1784646122.3087,23:02:02,1055751922813,10262,0,24039,210,31
1784646122.5087,23:02:02,1055751924735,10262,0,24039,210,31
1784646122.7087,23:02:02,1055751926737,10262,0,24039,210,31
1784646122.9087,23:02:02,1055751928716,10065,0,24039,210,31
1784646123.1087,23:02:03,1055751930647,10065,0,24039,210,31
1784646123.3087,23:02:03,1055751932563,10065,0,24039,210,31
1784646123.5087,23:02:03,1055751934502,10065,0,24039,210,31
1784646123.7087,23:02:03,1055751936474,10065,0,24039,210,31
1784646123.9087,23:02:03,1055751938467,10011,0,24039,210,31
1784646124.1087,23:02:04,1055751940460,10011,0,24039,210,31
1784646124.3087,23:02:04,1055751942476,10011,0,24039,210,31
1784646124.5087,23:02:04,1055751944449,10011,0,24039,210,31
1784646124.7087,23:02:04,1055751946459,10011,0,24039,210,31
1784646124.9087,23:02:04,1055751948513,10149,0,24039,210,31
1784646125.1087,23:02:05,1055751950544,10149,0,24039,210,31
1784646125.3087,23:02:05,1055751952539,10149,0,24039,210,31
1784646125.5087,23:02:05,1055751954561,10149,0,24039,210,31
1784646125.7087,23:02:05,1055751956567,10149,0,24039,210,31
1784646125.9087,23:02:05,1055751958550,10342,0,24039,210,31
1784646126.1087,23:02:06,1055751960516,10342,0,24039,210,31
1784646126.3087,23:02:06,1055751962496,10342,0,24039,210,31
1784646126.5087,23:02:06,1055751964484,10342,0,24039,210,31
1784646126.7087,23:02:06,1055751966486,10342,0,24039,210,31
1784646126.9087,23:02:06,1055751968499,10347,0,24039,210,31
1784646127.1087,23:02:07,1055751970500,10347,0,24039,210,31
1784646127.3087,23:02:07,1055751972529,10347,0,24039,210,31
1784646127.5087,23:02:07,1055751974490,10347,0,24039,210,31
1784646127.7087,23:02:07,1055751976477,10347,0,24039,210,31
1784646127.9087,23:02:07,1055751978492,10300,0,24039,210,31
1784646128.1087,23:02:08,1055751980499,10300,0,24039,210,31
1784646128.3087,23:02:08,1055751982541,10300,0,24039,210,31
1784646128.5087,23:02:08,1055751984585,10300,0,24039,210,31
1784646128.7087,23:02:08,1055751986643,10300,0,24039,210,31
1784646128.9087,23:02:08,1055751988666,10401,0,24039,210,31
1784646129.1087,23:02:09,1055751990664,10401,0,24039,210,31
1784646129.3087,23:02:09,1055751992672,10401,0,24039,210,31
1784646129.5087,23:02:09,1055751994678,10401,0,24039,210,31
1784646129.7087,23:02:09,1055751996685,10401,0,24039,210,31
1784646129.9087,23:02:09,1055751998646,10469,0,24039,210,31
1784646130.1087,23:02:10,1055752000634,10469,0,24039,210,31
1784646130.3087,23:02:10,1055752002617,10469,0,24039,210,31
1784646130.5087,23:02:10,1055752004631,10469,0,24039,210,31
1784646130.7087,23:02:10,1055752006635,10469,0,24039,210,31
1784646130.9087,23:02:10,1055752008662,10414,0,24039,210,31
1784646131.1087,23:02:11,1055752010707,10414,0,24039,210,31
1784646131.3087,23:02:11,1055752012762,10414,0,24039,210,31
1784646131.5087,23:02:11,1055752014890,10414,0,24039,210,31
1784646131.7087,23:02:11,1055752016992,10414,0,24039,210,31
1784646131.9087,23:02:11,1055752019125,10522,0,24039,210,31
1784646132.1087,23:02:12,1055752021204,10522,0,24039,210,31
1784646132.3087,23:02:12,1055752023268,10522,0,24039,210,31
1784646132.5087,23:02:12,1055752025384,10522,0,24039,210,31
1784646132.7087,23:02:12,1055752027491,10522,0,24039,210,31
1784646132.9088,23:02:12,1055752029534,10831,0,24039,210,31
1784646133.1087,23:02:13,1055752031600,10831,0,24039,210,31
1784646133.3087,23:02:13,1055752033656,10831,0,24039,210,31
1784646133.5087,23:02:13,1055752035707,10831,0,24039,210,31
1784646133.7087,23:02:13,1055752037740,10831,0,24039,210,31
1784646133.9087,23:02:13,1055752039747,10881,0,24039,210,31
1784646134.1087,23:02:14,1055752041687,10881,0,24039,210,31
1784646134.3087,23:02:14,1055752043617,10881,0,24039,210,31
1784646134.5087,23:02:14,1055752045592,10881,0,24039,210,31
1784646134.7087,23:02:14,1055752047615,10881,0,24039,210,31
1784646134.9087,23:02:14,1055752049640,10568,0,24039,210,31
1784646135.1087,23:02:15,1055752051673,10568,0,24039,210,31
1784646135.3087,23:02:15,1055752053715,10568,0,24039,210,31
1784646135.5087,23:02:15,1055752055726,10568,0,24039,210,31
1784646135.7087,23:02:15,1055752057741,10568,0,24039,210,31
1784646135.9087,23:02:15,1055752059735,10487,0,24039,210,31
1784646136.1087,23:02:16,1055752061739,10487,0,24039,210,31
1784646136.3087,23:02:16,1055752063718,10487,0,24039,210,31
1784646136.5087,23:02:16,1055752065688,10487,0,24039,210,31
1784646136.7087,23:02:16,1055752067717,10487,0,24039,210,31
1784646136.9087,23:02:16,1055752069766,10545,0,24039,210,31
1784646137.1087,23:02:17,1055752071791,10545,0,24039,210,31
1784646137.3087,23:02:17,1055752073851,10545,0,24039,210,31
1784646137.5087,23:02:17,1055752075886,10545,0,24039,210,31
1784646137.7087,23:02:17,1055752077870,10545,0,24039,210,31
1784646137.9087,23:02:17,1055752079858,10590,0,24039,210,31
1784646138.1087,23:02:18,1055752081852,10590,0,24039,210,31
1784646138.3087,23:02:18,1055752083810,10590,0,24039,210,31
1784646138.5087,23:02:18,1055752085744,10590,0,24039,210,31
1784646138.7087,23:02:18,1055752087696,10590,0,24039,210,31
1784646138.9087,23:02:18,1055752089643,10549,0,24039,210,31
1784646139.1087,23:02:19,1055752091529,10549,0,24039,210,31
1784646139.3087,23:02:19,1055752093443,10549,0,24039,210,31
1784646139.5087,23:02:19,1055752095442,10549,0,24039,210,31
1784646139.7087,23:02:19,1055752097479,10549,0,24039,210,31
1784646139.9087,23:02:19,1055752099528,10300,0,24039,210,31
1784646140.1087,23:02:20,1055752101605,10300,0,24039,210,31
1784646140.3087,23:02:20,1055752103684,10300,0,24039,210,31
1784646140.5087,23:02:20,1055752105755,10300,0,24039,210,31
1784646140.7087,23:02:20,1055752107844,10300,0,24039,210,31
1784646140.9087,23:02:20,1055752109892,10575,0,24039,210,31
1784646141.1087,23:02:21,1055752111892,10575,0,24039,210,31
1784646141.3087,23:02:21,1055752113885,10575,0,24039,210,31
1784646141.5087,23:02:21,1055752115898,10575,0,24039,210,31
1784646141.7087,23:02:21,1055752117857,10575,0,24039,210,31
1784646141.9087,23:02:21,1055752119830,10833,0,24039,210,31
1784646142.1087,23:02:22,1055752121806,10833,0,24039,210,31
1784646142.3087,23:02:22,1055752123783,10833,0,24039,210,31
1784646142.5087,23:02:22,1055752125724,10833,0,24039,210,31
1784646142.7087,23:02:22,1055752127708,10833,0,24039,210,31
1784646142.9087,23:02:22,1055752129578,10572,0,24039,210,31
1784646143.1087,23:02:23,1055752131493,10572,0,24039,210,31
1784646143.3087,23:02:23,1055752133413,10572,0,24039,210,31
1784646143.5087,23:02:23,1055752135333,10572,0,24039,210,31
1784646143.7087,23:02:23,1055752137294,10572,0,24039,210,31
1784646143.9087,23:02:23,1055752139194,10295,0,24039,210,31
1784646144.1087,23:02:24,1055752141092,10295,0,24039,210,31
1784646144.3087,23:02:24,1055752142994,10295,0,24039,210,31
1784646144.5087,23:02:24,1055752144869,10295,0,24039,210,31
1784646144.7087,23:02:24,1055752146782,10295,0,24039,210,31
1784646144.9087,23:02:24,1055752148697,10170,0,24039,210,31
1784646145.1087,23:02:25,1055752150606,10170,0,24039,210,31
1784646145.3087,23:02:25,1055752152492,10170,0,24039,210,31
1784646145.5087,23:02:25,1055752154372,10170,0,24039,210,31
1784646145.7087,23:02:25,1055752156241,10170,0,24039,210,31
1784646145.9087,23:02:25,1055752158156,10138,0,24039,210,31
1784646146.1087,23:02:26,1055752160121,10138,0,24039,210,31
1784646146.3087,23:02:26,1055752162070,10138,0,24039,210,31
1784646146.5087,23:02:26,1055752163947,10138,0,24039,210,31
1784646146.7087,23:02:26,1055752165812,10138,0,24039,210,31
1784646146.9087,23:02:26,1055752167679,10163,0,24039,210,31
1784646147.1087,23:02:27,1055752169530,10163,0,24039,210,31
1784646147.3087,23:02:27,1055752171374,10163,0,24039,210,31
1784646147.5087,23:02:27,1055752173242,10163,0,24039,210,31
1784646147.7087,23:02:27,1055752175079,10163,0,24039,210,31
1784646147.9087,23:02:27,1055752176943,10070,0,24039,210,31
1784646148.1087,23:02:28,1055752178822,10070,0,24039,210,31
1784646148.3087,23:02:28,1055752180722,10070,0,24039,210,31
1784646148.5087,23:02:28,1055752182701,10070,0,24039,210,31
1784646148.7087,23:02:28,1055752184629,10070,0,24039,210,31
1784646148.9087,23:02:28,1055752186604,10028,0,24039,210,31
1784646149.1087,23:02:29,1055752188623,10028,0,24039,210,31
1784646149.3087,23:02:29,1055752190540,10028,0,24039,210,31
1784646149.5087,23:02:29,1055752192478,10028,0,24039,210,31
1784646149.7087,23:02:29,1055752194420,10028,0,24039,210,31
1784646149.9087,23:02:29,1055752196323,10303,0,24039,210,31
1784646150.1087,23:02:30,1055752198248,10303,0,24039,210,31
1784646150.3087,23:02:30,1055752200158,10303,0,24039,210,31
1784646150.5087,23:02:30,1055752202142,10303,0,24039,210,31
1784646150.7087,23:02:30,1055752204117,10303,0,24039,210,31
1784646150.9087,23:02:30,1055752206096,10432,0,24039,210,31
1784646151.1087,23:02:31,1055752208030,10432,0,24039,210,31
1784646151.3087,23:02:31,1055752210030,10432,0,24039,210,31
1784646151.5087,23:02:31,1055752211960,10432,0,24039,210,31
1784646151.7087,23:02:31,1055752213933,10432,0,24039,210,31
1784646151.9087,23:02:31,1055752215866,10479,0,24039,210,31
1784646152.1087,23:02:32,1055752217812,10479,0,24039,210,31
1784646152.3087,23:02:32,1055752219766,10479,0,24039,210,31
1784646152.5087,23:02:32,1055752221739,10479,0,24039,210,31
1784646152.7087,23:02:32,1055752223677,10479,0,24039,210,31
1784646152.9087,23:02:32,1055752225629,10560,0,24039,210,31
1784646153.1087,23:02:33,1055752227592,10560,0,24039,210,31
1784646153.3087,23:02:33,1055752229591,10560,0,24039,210,31
1784646153.5087,23:02:33,1055752231569,10560,0,24039,210,31
1784646153.7087,23:02:33,1055752233570,10560,0,24039,210,31
1784646153.9087,23:02:33,1055752235559,10574,0,24039,210,31
1784646154.1087,23:02:34,1055752237559,10574,0,24039,210,31
1784646154.3087,23:02:34,1055752239529,10574,0,24039,210,31
1784646154.5087,23:02:34,1055752241525,10574,0,24039,210,31
1784646154.7087,23:02:34,1055752243575,10574,0,24039,210,31
1784646154.9087,23:02:34,1055752245619,10692,0,24039,210,31
1784646155.1087,23:02:35,1055752247568,10692,0,24039,210,31
1784646155.3087,23:02:35,1055752249512,10692,0,24039,210,31
1784646155.5087,23:02:35,1055752251520,10692,0,24039,210,31
1784646155.7087,23:02:35,1055752253519,10692,0,24039,210,31
1784646155.9087,23:02:35,1055752255511,10810,0,24039,210,31
1784646156.1087,23:02:36,1055752257523,10810,0,24039,210,31
1784646156.3087,23:02:36,1055752259548,10810,0,24039,210,31
1784646156.5087,23:02:36,1055752261602,10810,0,24039,210,31
1784646156.7087,23:02:36,1055752263622,10810,0,24039,210,31
1784646156.9087,23:02:36,1055752265622,10894,0,24039,210,31
1784646157.1087,23:02:37,1055752267601,10894,0,24039,210,31
1784646157.3087,23:02:37,1055752269606,10894,0,24039,210,31
1784646157.5087,23:02:37,1055752271591,10894,0,24039,210,31
1784646157.7087,23:02:37,1055752273637,10894,0,24039,210,31
1784646157.9087,23:02:37,1055752275689,10901,0,24039,210,31
1784646158.1087,23:02:38,1055752277696,10901,0,24039,210,31
1784646158.3087,23:02:38,1055752279699,10901,0,24039,210,31
1784646158.5087,23:02:38,1055752281696,10901,0,24039,210,31
1784646158.7087,23:02:38,1055752283723,10901,0,24039,210,31
1784646158.9087,23:02:38,1055752285707,10937,0,24039,210,31
1784646159.1087,23:02:39,1055752295009,10937,0,24039,210,31
1784646159.3087,23:02:39,1055752344668,10937,0,24039,210,31
1784646159.5087,23:02:39,1055752399502,45370,0,24039,2775,39
1784646159.7087,23:02:39,1055752454691,45370,0,24039,2775,39
1784646159.9087,23:02:39,1055752510052,169346,100,24039,2775,44
1784646160.1087,23:02:40,1055752565412,169346,100,24039,2775,44
1784646160.3087,23:02:40,1055752620755,169346,100,24039,2775,44
1784646160.5087,23:02:40,1055752676136,298914,100,24039,2775,45
1784646160.7087,23:02:40,1055752731550,298914,100,24039,2775,45
1784646160.9087,23:02:40,1055752786933,300560,100,24039,2760,46
1784646161.1087,23:02:41,1055752838568,300560,100,24039,2760,46
1784646161.3087,23:02:41,1055752893861,300560,100,24039,2760,46
1784646161.5087,23:02:41,1055752949281,297890,100,24039,2760,46
1784646161.7087,23:02:41,1055753004793,297890,100,24039,2760,46
1784646161.9087,23:02:41,1055753060270,298253,100,24039,2760,47
1784646162.1087,23:02:42,1055753115801,298253,100,24039,2760,47
1784646162.3087,23:02:42,1055753171302,298253,100,24039,2760,47
1784646162.5087,23:02:42,1055753226790,301785,100,24039,2760,47
1784646162.7087,23:02:42,1055753282376,301785,100,24039,2760,47
1784646162.9087,23:02:42,1055753337930,302330,100,24039,2760,47
1784646163.1088,23:02:43,1055753393451,302330,100,24039,2760,47
1784646163.3087,23:02:43,1055753448984,302330,100,24039,2760,47
1784646163.5087,23:02:43,1055753504515,302681,100,24039,2760,48
1784646163.7088,23:02:43,1055753560108,302681,100,24039,2760,48
1784646163.9088,23:02:43,1055753615597,303185,100,24039,2760,48
1784646164.1087,23:02:44,1055753671113,303185,100,24039,2760,48
1784646164.3087,23:02:44,1055753726703,303185,100,24039,2760,48
1784646164.5087,23:02:44,1055753782284,303508,100,24039,2760,48
1784646164.7087,23:02:44,1055753837859,303508,100,24039,2760,48
1784646164.9087,23:02:44,1055753893469,303740,100,24039,2760,49
1784646165.1087,23:02:45,1055753949016,303740,100,24039,2760,49
1784646165.3087,23:02:45,1055754004584,303740,100,24039,2760,49
1784646165.5087,23:02:45,1055754060172,304122,100,24039,2760,49
1784646165.7087,23:02:45,1055754115820,304122,100,24039,2760,49
1784646165.9087,23:02:45,1055754171414,304487,100,24039,2760,49
1784646166.1087,23:02:46,1055754226986,304487,100,24039,2760,49
1784646166.3087,23:02:46,1055754282608,304487,100,24039,2760,49
1784646166.5087,23:02:46,1055754338180,304776,100,24039,2760,50
1784646166.7087,23:02:46,1055754393790,304776,100,24039,2760,50
1784646166.9087,23:02:46,1055754449453,305117,100,24039,2760,50
1784646167.1087,23:02:47,1055754505078,305117,100,24039,2760,50
1784646167.3087,23:02:47,1055754560679,305117,100,24039,2760,50
1784646167.5087,23:02:47,1055754616143,305365,100,24039,2760,50
1784646167.7087,23:02:47,1055754671669,305365,100,24039,2760,50
1784646167.9087,23:02:47,1055754727221,305292,100,24039,2760,51
1784646168.1087,23:02:48,1055754782672,305292,100,24039,2760,51
1784646168.3087,23:02:48,1055754838187,305292,100,24039,2760,51
1784646168.5087,23:02:48,1055754893680,305364,100,24039,2760,51
1784646168.7087,23:02:48,1055754949125,305364,100,24039,2760,51
1784646168.9087,23:02:48,1055755004636,305631,100,24039,2760,51
1784646169.1087,23:02:49,1055755060198,305631,100,24039,2760,51
1784646169.3087,23:02:49,1055755115711,305631,100,24039,2760,51
1784646169.5087,23:02:49,1055755171278,305853,100,24039,2760,51
1784646169.7087,23:02:49,1055755226722,305853,100,24039,2760,51
1784646169.9087,23:02:49,1055755282284,306130,100,24039,2760,52
1784646170.1087,23:02:50,1055755337785,306130,100,24039,2760,52
1784646170.3087,23:02:50,1055755393349,306130,100,24039,2760,52
1784646170.5087,23:02:50,1055755448884,306515,100,24039,2760,52
1784646170.7087,23:02:50,1055755504337,306515,100,24039,2760,52
1784646170.9087,23:02:50,1055755559889,306904,100,24039,2760,52
1784646171.1087,23:02:51,1055755615582,306904,100,24039,2760,52
1784646171.3087,23:02:51,1055755671281,306904,100,24039,2760,52
1784646171.5087,23:02:51,1055755726905,307359,100,24039,2760,52
1784646171.7087,23:02:51,1055755782536,307359,100,24039,2760,52
1784646171.9087,23:02:51,1055755838181,307792,100,24039,2760,53
1784646172.1088,23:02:52,1055755893875,307792,100,24039,2760,53
1784646172.3087,23:02:52,1055755949400,307792,100,24039,2760,53
1784646172.5087,23:02:52,1055756004871,308107,100,24039,2760,53
1784646172.7087,23:02:52,1055756060422,308107,100,24039,2760,53
1784646172.9087,23:02:52,1055756115970,308129,100,24039,2760,53
1784646173.1087,23:02:53,1055756171592,308129,100,24039,2760,53
1784646173.3087,23:02:53,1055756223927,308129,100,24039,2760,53
1784646173.5087,23:02:53,1055756279203,303905,100,24039,2760,52
1784646173.7087,23:02:53,1055756334473,303905,100,24039,2760,52
1784646173.9087,23:02:53,1055756389764,303564,100,24039,2760,53
1784646174.1087,23:02:54,1055756445094,303564,100,24039,2760,53
1784646174.3087,23:02:54,1055756500350,303564,100,24039,2760,53
1784646174.5087,23:02:54,1055756555869,305049,100,24039,2760,54
1784646174.7087,23:02:54,1055756616126,305049,100,24039,2760,54
1784646174.9087,23:02:54,1055756676414,307950,100,24039,2760,54
1784646175.1087,23:02:55,1055756736655,307950,100,24039,2760,54
1784646175.3087,23:02:55,1055756796828,307950,100,24039,2760,54
1784646175.5087,23:02:55,1055756857103,308363,100,24039,2760,54
1784646175.7087,23:02:55,1055756917423,308363,100,24039,2760,54
1784646175.9087,23:02:55,1055756977826,308672,100,24039,2760,54
1784646176.1087,23:02:56,1055757038160,308672,100,24039,2760,54
1784646176.3087,23:02:56,1055757098566,308672,100,24039,2760,54
1784646176.5087,23:02:56,1055757159021,308989,100,24039,2760,55
1784646176.7087,23:02:56,1055757219407,308989,100,24039,2760,55
1784646176.9087,23:02:56,1055757281553,309426,100,24039,2760,55
1784646177.1087,23:02:57,1055757337571,309426,100,24039,2760,55
1784646177.3087,23:02:57,1055757397983,309426,100,24039,2760,55
1784646177.5087,23:02:57,1055757458359,306407,100,24039,2760,55
1784646177.7087,23:02:57,1055757518791,306407,100,24039,2760,55
1784646177.9087,23:02:57,1055757579213,306269,100,24039,2760,55
1784646178.1087,23:02:58,1055757639585,306269,100,24039,2760,55
1784646178.3088,23:02:58,1055757700114,306269,100,24039,2760,55
1784646178.5087,23:02:58,1055757760674,309596,100,24039,2760,55
1784646178.7087,23:02:58,1055757821281,309596,100,24039,2760,55
1784646178.9087,23:02:58,1055757881913,310049,100,24039,2745,56
1784646179.1087,23:02:59,1055757942525,310049,100,24039,2745,56
1784646179.3087,23:02:59,1055758003107,310049,100,24039,2745,56
1784646179.5088,23:02:59,1055758063571,310340,100,24039,2745,56
1784646179.7087,23:02:59,1055758124178,310340,100,24039,2745,56
1784646179.9087,23:02:59,1055758184869,310446,100,24039,2745,56
1784646180.1087,23:03:00,1055758242731,310446,100,24039,2745,56
1784646180.3087,23:03:00,1055758303347,310446,100,24039,2745,56
1784646180.5087,23:03:00,1055758364008,306323,100,24039,2745,56
1784646180.7087,23:03:00,1055758424755,306323,100,24039,2745,56
1784646180.9087,23:03:00,1055758485501,306596,100,24039,2745,56
1784646181.1087,23:03:01,1055758546298,306596,100,24039,2745,56
1784646181.3087,23:03:01,1055758607185,306596,100,24039,2745,56
1784646181.5087,23:03:01,1055758668016,311117,100,24039,2745,57
1784646181.7087,23:03:01,1055758726391,311117,100,24039,2745,57
1784646181.9087,23:03:01,1055758787143,308840,100,24039,2745,57
1784646182.1087,23:03:02,1055758847959,308840,100,24039,2745,57
1784646182.3088,23:03:02,1055758908604,308840,100,24039,2745,57
1784646182.5087,23:03:02,1055758969398,308771,100,24039,2745,57
1784646182.7087,23:03:02,1055759030309,308771,100,24039,2745,57
1784646182.9087,23:03:02,1055759091253,311420,100,24039,2745,57
1784646183.1087,23:03:03,1055759152191,311420,100,24039,2745,57
1784646183.3087,23:03:03,1055759213201,311420,100,24039,2745,57
1784646183.5087,23:03:03,1055759274068,311744,100,24039,2745,57
1784646183.7087,23:03:03,1055759334857,311744,100,24039,2745,57
1784646183.9087,23:03:03,1055759395795,311888,100,24039,2745,58
1784646184.1087,23:03:04,1055759456659,311888,100,24039,2745,58
1784646184.3087,23:03:04,1055759517606,311888,100,24039,2745,58
1784646184.5087,23:03:04,1055759578551,311848,100,24039,2745,58
1784646184.7087,23:03:04,1055759639552,311848,100,24039,2745,58
1784646184.9088,23:03:04,1055759700596,312036,100,24039,2745,58
1784646185.1087,23:03:05,1055759761597,312036,100,24039,2745,58
1784646185.3087,23:03:05,1055759822682,312036,100,24039,2745,58
1784646185.5087,23:03:05,1055759883897,312459,100,24039,2745,58
1784646185.7087,23:03:05,1055759945132,312459,100,24039,2745,58
1784646185.9087,23:03:05,1055760006327,313073,100,24039,2745,58
1784646186.1087,23:03:06,1055760067562,313073,100,24039,2745,58
1784646186.3088,23:03:06,1055760128801,313073,100,24039,2745,58
1784646186.5087,23:03:06,1055760189912,313400,100,24039,2745,59
1784646186.7087,23:03:06,1055760251153,313400,100,24039,2745,59
1784646186.9087,23:03:06,1055760312516,313594,100,24039,2745,59
1784646187.1087,23:03:07,1055760373890,313594,100,24039,2745,59
1784646187.3087,23:03:07,1055760435338,313594,100,24039,2745,59
1784646187.5087,23:03:07,1055760496689,314015,100,24039,2745,59
1784646187.7088,23:03:07,1055760558060,314015,100,24039,2745,59
1784646187.9087,23:03:07,1055760619299,314338,100,24039,2745,59
1784646188.1087,23:03:08,1055760680701,314338,100,24039,2745,59
1784646188.3088,23:03:08,1055760742162,314338,100,24039,2745,59
1784646188.5087,23:03:08,1055760803471,314522,100,24039,2745,59
1784646188.7087,23:03:08,1055760864703,314522,100,24039,2745,59
1784646188.9087,23:03:08,1055760926020,314496,100,24039,2745,60
1784646189.1088,23:03:09,1055760987278,314496,100,24039,2745,60
1784646189.3087,23:03:09,1055761048695,314496,100,24039,2745,60
1784646189.5087,23:03:09,1055761110058,314643,100,24039,2745,60
1784646189.7087,23:03:09,1055761171406,314643,100,24039,2745,60
1784646189.9087,23:03:09,1055761232867,315065,100,24039,2745,60
1784646190.1087,23:03:10,1055761294276,315065,100,24039,2745,60
1784646190.3087,23:03:10,1055761355725,315065,100,24039,2745,60
1784646190.5087,23:03:10,1055761417127,315572,100,24039,2745,60
1784646190.7087,23:03:10,1055761478530,315572,100,24039,2745,60
1784646190.9087,23:03:10,1055761540034,315934,100,24039,2745,60
1784646191.1088,23:03:11,1055761601541,315934,100,24039,2745,60
1784646191.3087,23:03:11,1055761663131,315934,100,24039,2745,60
1784646191.5087,23:03:11,1055761724640,316410,100,24039,2745,61
1784646191.7087,23:03:11,1055761786159,316410,100,24039,2745,61
1784646191.9087,23:03:11,1055761847665,316890,100,24039,2745,61
1784646192.1087,23:03:12,1055761909174,316890,100,24039,2745,61
1784646192.3087,23:03:12,1055761970729,316890,100,24039,2745,61
1784646192.5087,23:03:12,1055762032279,317190,100,24039,2745,61
1784646192.7087,23:03:12,1055762093896,317190,100,24039,2745,61
1784646192.9087,23:03:12,1055762155530,317535,100,24039,2745,61
1784646193.1087,23:03:13,1055762217212,317535,100,24039,2745,61
1784646193.3087,23:03:13,1055762278921,317535,100,24039,2745,61
1784646193.5087,23:03:13,1055762334739,318114,100,24039,2745,61
1784646193.7087,23:03:13,1055762394179,318114,100,24039,2745,61
1784646193.9088,23:03:13,1055762455642,310527,100,24039,2745,61
1784646194.1087,23:03:14,1055762513365,310527,100,24039,2745,61
1784646194.3087,23:03:14,1055762574889,310527,100,24039,2745,61
1784646194.5087,23:03:14,1055762636537,307543,100,24039,2745,61
1784646194.7087,23:03:14,1055762698153,307543,100,24039,2745,61
1784646194.9087,23:03:14,1055762759775,315628,100,24039,2745,62
1784646195.1087,23:03:15,1055762821355,315628,100,24039,2745,62
1784646195.3087,23:03:15,1055762878939,315628,100,24039,2745,62
1784646195.5087,23:03:15,1055762940361,316018,100,24039,2745,60
1784646195.7087,23:03:15,1055763001814,316018,100,24039,2745,60
1784646195.9087,23:03:15,1055763063410,316088,100,24039,2745,62
1784646196.1087,23:03:16,1055763124947,316088,100,24039,2745,62
1784646196.3087,23:03:16,1055763186653,316088,100,24039,2745,62
1784646196.5087,23:03:16,1055763248278,316323,100,24039,2745,62
1784646196.7087,23:03:16,1055763309908,316323,100,24039,2745,62
1784646196.9087,23:03:16,1055763371589,319923,100,24039,2745,62
1784646197.1087,23:03:17,1055763433153,319923,100,24039,2745,62
1784646197.3087,23:03:17,1055763494826,319923,100,24039,2745,62
1784646197.5088,23:03:17,1055763556523,320330,100,24039,2745,62
1784646197.7088,23:03:17,1055763618112,320330,100,24039,2745,62
1784646197.9087,23:03:17,1055763679823,320750,100,24039,2745,62
1784646198.1088,23:03:18,1055763741520,320750,100,24039,2745,62
1784646198.3087,23:03:18,1055763803236,320750,100,24039,2745,62
1784646198.5087,23:03:18,1055763864916,321219,100,24039,2745,63
1784646198.7087,23:03:18,1055763926671,321219,100,24039,2745,63
1784646198.9087,23:03:18,1055763988378,321550,100,24039,2745,63
1784646199.1087,23:03:19,1055764050030,321550,100,24039,2745,63
1784646199.3087,23:03:19,1055764111797,321550,100,24039,2745,63
1784646199.5087,23:03:19,1055764173643,321833,100,24039,2745,63
1784646199.7087,23:03:19,1055764235404,321833,100,24039,2745,63
1784646199.9087,23:03:19,1055764297162,322253,100,24039,2745,63
1784646200.1087,23:03:20,1055764358957,322253,100,24039,2745,63
1784646200.3087,23:03:20,1055764420762,322253,100,24039,2745,63
1784646200.5088,23:03:20,1055764482633,322736,100,24039,2745,63
1784646200.7088,23:03:20,1055764544477,322736,100,24039,2745,63
1784646200.9087,23:03:20,1055764606423,323355,100,24039,2745,63
1784646201.1087,23:03:21,1055764668272,323355,100,24039,2745,63
1784646201.3087,23:03:21,1055764730127,323355,100,24039,2745,63
1784646201.5087,23:03:21,1055764792058,323870,100,24039,2745,63
1784646201.7087,23:03:21,1055764849701,323870,100,24039,2745,63
1784646201.9087,23:03:21,1055764911458,320566,100,24039,2745,63
1784646202.1087,23:03:22,1055764973215,320566,100,24039,2745,63
1784646202.3088,23:03:22,1055765035070,320566,100,24039,2745,63
1784646202.5087,23:03:22,1055765096919,320653,100,24039,2745,63
1784646202.7087,23:03:22,1055765158765,320653,100,24039,2745,63
1784646202.9087,23:03:22,1055765220658,324493,100,24039,2745,63
1784646203.1087,23:03:23,1055765278863,324493,100,24039,2745,63
1784646203.3087,23:03:23,1055765340802,324493,100,24039,2745,63
1784646203.5088,23:03:23,1055765402758,321188,100,24039,2745,63
1784646203.7087,23:03:23,1055765464509,321188,100,24039,2745,63
1784646203.9087,23:03:23,1055765526378,321525,100,24039,2745,64
1784646204.1087,23:03:24,1055765588370,321525,100,24039,2745,64
1784646204.3087,23:03:24,1055765650398,321525,100,24039,2745,64
1784646204.5087,23:03:24,1055765712359,325662,100,24039,2745,64
1784646204.7087,23:03:24,1055765774342,325662,100,24039,2745,64
1784646204.9087,23:03:24,1055765836327,326172,100,24039,2745,64
1784646205.1087,23:03:25,1055765898261,326172,100,24039,2745,64
1784646205.3087,23:03:25,1055765960272,326172,100,24039,2745,64
1784646205.5087,23:03:25,1055766022240,326632,100,24039,2745,64
1784646205.7087,23:03:25,1055766084179,326632,100,24039,2745,64
1784646205.9087,23:03:25,1055766146293,326842,100,24039,2745,64
1784646206.1087,23:03:26,1055766208243,326842,100,24039,2745,64
1784646206.3087,23:03:26,1055766270300,326842,100,24039,2745,64
1784646206.5087,23:03:26,1055766332288,327246,100,24039,2745,64
1784646206.7087,23:03:26,1055766394299,327246,100,24039,2745,64
1784646206.9087,23:03:26,1055766456404,327723,100,24039,2745,64
1784646207.1087,23:03:27,1055766518461,327723,100,24039,2745,64
1784646207.3087,23:03:27,1055766580564,327723,100,24039,2745,64
1784646207.5087,23:03:27,1055766642703,328215,100,24039,2745,64
1784646207.7087,23:03:27,1055766704870,328215,100,24039,2745,64
1784646207.9087,23:03:27,1055766767109,328786,100,24039,2745,64
1784646208.1088,23:03:28,1055766829303,328786,100,24039,2745,64
1784646208.3087,23:03:28,1055766891380,328786,100,24039,2745,64
1784646208.5087,23:03:28,1055766953671,329343,100,24039,2745,64
1784646208.7087,23:03:28,1055767015794,329343,100,24039,2745,64
1784646208.9087,23:03:28,1055767078081,329832,100,24039,2745,65
1784646209.1087,23:03:29,1055767143115,329832,100,24039,2745,65
1784646209.3087,23:03:29,1055767202682,329832,100,24039,2745,65
1784646209.5087,23:03:29,1055767261028,330297,100,24039,2745,65
1784646209.7087,23:03:29,1055767323102,330297,100,24039,2745,65
1784646209.9087,23:03:29,1055767385250,327288,100,24039,2745,65
1784646210.1087,23:03:30,1055767447157,327288,100,24039,2745,65
1784646210.3087,23:03:30,1055767507203,327288,100,24039,2745,65
1784646210.5087,23:03:30,1055767569144,324112,100,24039,2745,64
1784646210.7087,23:03:30,1055767631135,324112,100,24039,2745,64
1784646210.9088,23:03:30,1055767693226,327095,100,24039,2745,65
1784646211.1087,23:03:31,1055767755341,327095,100,24039,2745,65
1784646211.3087,23:03:31,1055767817490,327095,100,24039,2745,65
1784646211.5087,23:03:31,1055767879709,330273,100,24039,2745,65
1784646211.7087,23:03:31,1055767941872,330273,100,24039,2745,65
1784646211.9087,23:03:31,1055768003992,330982,100,24039,2745,65
1784646212.1087,23:03:32,1055768066113,330982,100,24039,2745,65
1784646212.3087,23:03:32,1055768128328,330982,100,24039,2745,65
1784646212.5087,23:03:32,1055768190467,331458,100,24039,2745,65
1784646212.7088,23:03:32,1055768252522,331458,100,24039,2745,65
1784646212.9087,23:03:32,1055768314583,331655,100,24039,2745,65
1784646213.1087,23:03:33,1055768376512,331655,100,24039,2745,65
1784646213.3087,23:03:33,1055768438552,331655,100,24039,2745,65
1784646213.5087,23:03:33,1055768500621,331659,100,24039,2745,65
1784646213.7088,23:03:33,1055768562606,331659,100,24039,2745,65
1784646213.9087,23:03:33,1055768624642,331693,100,24039,2745,65
1784646214.1087,23:03:34,1055768686730,331693,100,24039,2745,65
1784646214.3087,23:03:34,1055768748869,331693,100,24039,2745,65
1784646214.5087,23:03:34,1055768810900,332048,100,24039,2745,65
1784646214.7087,23:03:34,1055768872676,332048,100,24039,2745,65
1784646214.9088,23:03:34,1055768927340,328173,84,24039,2745,65
1784646215.1087,23:03:35,1055768989042,328173,84,24039,2745,65
1784646215.3087,23:03:35,1055769050889,328173,84,24039,2745,65
1784646215.5087,23:03:35,1055769112864,324819,84,24039,2745,65
1784646215.7087,23:03:35,1055769174821,324819,84,24039,2745,65
1784646215.9087,23:03:35,1055769236766,325058,100,24039,2745,65
1784646216.1087,23:03:36,1055769298636,325058,100,24039,2745,65
1784646216.3087,23:03:36,1055769360627,325058,100,24039,2745,65
1784646216.5088,23:03:36,1055769422521,332863,100,24039,2745,65
1784646216.7087,23:03:36,1055769484335,332863,100,24039,2745,65
1784646216.9087,23:03:36,1055769546228,332887,100,24039,2745,65
1784646217.1087,23:03:37,1055769608167,332887,100,24039,2745,65
1784646217.3087,23:03:37,1055769670099,332887,100,24039,2745,65
1784646217.5087,23:03:37,1055769732046,333158,100,24039,2745,65
1784646217.7087,23:03:37,1055769789782,333158,100,24039,2745,65
1784646217.9087,23:03:37,1055769851576,330188,100,24039,2745,65
1784646218.1087,23:03:38,1055769913342,330188,100,24039,2745,65
1784646218.3087,23:03:38,1055769975175,330188,100,24039,2745,65
1784646218.5087,23:03:38,1055770037130,330272,100,24039,2745,66
1784646218.7087,23:03:38,1055770098847,330272,100,24039,2745,66
1784646218.9087,23:03:38,1055770160632,333455,100,24039,2745,66
1784646219.1087,23:03:39,1055770222255,333455,100,24039,2745,66
1784646219.3088,23:03:39,1055770283998,333455,100,24039,2745,66
1784646219.5087,23:03:39,1055770345658,333471,100,24039,2745,66
1784646219.7087,23:03:39,1055770407337,333471,100,24039,2745,66
1784646219.9087,23:03:39,1055770469054,333564,100,24039,2730,66
1784646220.1087,23:03:40,1055770530680,333564,100,24039,2730,66
1784646220.3087,23:03:40,1055770592384,333564,100,24039,2730,66
1784646220.5088,23:03:40,1055770654108,333710,100,24039,2730,66
1784646220.7087,23:03:40,1055770715713,333710,100,24039,2730,66
1784646220.9087,23:03:40,1055770777453,333926,100,24039,2730,66
1784646221.1087,23:03:41,1055770838997,333926,100,24039,2730,66
1784646221.3087,23:03:41,1055770900636,333926,100,24039,2730,66
1784646221.5088,23:03:41,1055770962301,334055,100,24039,2730,66
1784646221.7087,23:03:41,1055771023906,334055,100,24039,2730,66
1784646221.9087,23:03:41,1055771085656,334302,100,24039,2730,66
1784646222.1087,23:03:42,1055771143775,334302,100,24039,2730,66
1784646222.3087,23:03:42,1055771205262,334302,100,24039,2730,66
1784646222.5087,23:03:42,1055771266819,331746,100,24039,2730,66
1784646222.7088,23:03:42,1055771328494,331746,100,24039,2730,66
1784646222.9087,23:03:42,1055771390153,331913,100,24039,2730,66
1784646223.1087,23:03:43,1055771451720,331913,100,24039,2730,66
1784646223.3087,23:03:43,1055771513266,331913,100,24039,2730,66
1784646223.5087,23:03:43,1055771574733,334784,100,24039,2730,66
1784646223.7087,23:03:43,1055771636210,334784,100,24039,2730,66
1784646223.9087,23:03:43,1055771697682,334890,100,24039,2730,66
1784646224.1088,23:03:44,1055771759104,334890,100,24039,2730,66
1784646224.3087,23:03:44,1055771820651,334890,100,24039,2730,66
1784646224.5087,23:03:44,1055771882006,334916,100,24039,2730,66
1784646224.7088,23:03:44,1055771943392,334916,100,24039,2730,66
1784646224.9087,23:03:44,1055772004753,334965,100,24039,2730,66
1784646225.1088,23:03:45,1055772066135,334965,100,24039,2730,66
1784646225.3088,23:03:45,1055772127677,334965,100,24039,2730,66
1784646225.5088,23:03:45,1055772188988,335009,100,24039,2730,66
1784646225.7088,23:03:45,1055772250210,335009,100,24039,2730,66
1784646225.9088,23:03:45,1055772311605,335060,100,24039,2730,66
1784646226.1087,23:03:46,1055772372910,335060,100,24039,2730,66
1784646226.3087,23:03:46,1055772434429,335060,100,24039,2730,66
1784646226.5088,23:03:46,1055772495819,335397,100,24039,2730,66
1784646226.7088,23:03:46,1055772557178,335397,100,24039,2730,66
1784646226.9087,23:03:46,1055772618649,335940,100,24039,2730,66
1784646227.1087,23:03:47,1055772680047,335940,100,24039,2730,66
1784646227.3088,23:03:47,1055772741462,335940,100,24039,2730,66
1784646227.5087,23:03:47,1055772800377,336292,100,24039,2730,66
1784646227.7087,23:03:47,1055772861513,336292,100,24039,2730,66
1784646227.9087,23:03:47,1055772922805,331689,100,24039,2730,66
1784646228.1088,23:03:48,1055772978805,331689,100,24039,2730,66
1784646228.3088,23:03:48,1055773039965,331689,100,24039,2730,66
1784646228.5088,23:03:48,1055773101082,327355,100,24039,2730,66
1784646228.7087,23:03:48,1055773162272,327355,100,24039,2730,66
1784646228.9088,23:03:48,1055773223547,332070,100,24039,2730,66
1784646229.1087,23:03:49,1055773284678,332070,100,24039,2730,66
1784646229.3088,23:03:49,1055773345938,332070,100,24039,2730,66
1784646229.5088,23:03:49,1055773407031,336386,100,24039,2730,66
1784646229.7088,23:03:49,1055773468101,336386,100,24039,2730,66
1784646229.9087,23:03:49,1055773529248,336481,100,24039,2730,66
1784646230.1087,23:03:50,1055773590382,336481,100,24039,2730,66
1784646230.3088,23:03:50,1055773651515,336481,100,24039,2730,66
1784646230.5087,23:03:50,1055773712687,336593,100,24039,2730,66
1784646230.7087,23:03:50,1055773773788,336593,100,24039,2730,66
1784646230.9087,23:03:50,1055773834978,336823,100,24039,2730,66
1784646231.1087,23:03:51,1055773896102,336823,100,24039,2730,66
1784646231.3088,23:03:51,1055773957319,336823,100,24039,2730,66
1784646231.5087,23:03:51,1055774018506,337128,100,24039,2730,66
1784646231.7087,23:03:51,1055774079580,337128,100,24039,2730,66
1784646231.9087,23:03:51,1055774140741,337507,100,24039,2730,67
1784646232.1087,23:03:52,1055774201879,337507,100,24039,2730,67
1784646232.3087,23:03:52,1055774263027,337507,100,24039,2730,67
1784646232.5088,23:03:52,1055774324178,337760,100,24039,2730,67
1784646232.7088,23:03:52,1055774385365,337760,100,24039,2730,67
1784646232.9088,23:03:52,1055774446576,338240,100,24039,2730,67
1784646233.1087,23:03:53,1055774507681,338240,100,24039,2730,67
1784646233.3087,23:03:53,1055774568925,338240,100,24039,2730,67
1784646233.5088,23:03:53,1055774630182,338718,100,24039,2730,67
1784646233.7087,23:03:53,1055774691309,338718,100,24039,2730,67
1784646233.9088,23:03:53,1055774752517,339005,100,24039,2730,67
1784646234.1087,23:03:54,1055774813668,339005,100,24039,2730,67
1784646234.3087,23:03:54,1055774874840,339005,100,24039,2730,67
1784646234.5087,23:03:54,1055774935937,339202,100,24039,2730,67
1784646234.7087,23:03:54,1055774996922,339202,100,24039,2730,67
1784646234.9087,23:03:54,1055775058077,339208,100,24039,2730,67
1784646235.1087,23:03:55,1055775124423,339208,100,24039,2730,67
1784646235.3087,23:03:55,1055775190769,339208,100,24039,2730,67
1784646235.5087,23:03:55,1055775251849,339361,100,24039,2730,67
1784646235.7087,23:03:55,1055775318235,339361,100,24039,2730,67
1784646235.9088,23:03:55,1055775379209,339663,100,24039,2730,67
1784646236.1087,23:03:56,1055775445565,339663,100,24039,2730,67
1784646236.3087,23:03:56,1055775511913,339663,100,24039,2730,67
1784646236.5087,23:03:56,1055775578245,339619,100,24039,2730,67
1784646236.7087,23:03:56,1055775644526,339619,100,24039,2730,67
1784646236.9087,23:03:56,1055775710907,339587,100,24039,2730,67
1784646237.1087,23:03:57,1055775777219,339587,100,24039,2730,67
1784646237.3088,23:03:57,1055775843519,339587,100,24039,2730,67
1784646237.5087,23:03:57,1055775909919,339701,100,24039,2730,67
1784646237.7087,23:03:57,1055775976329,339701,100,24039,2730,67
1784646237.9087,23:03:57,1055776042722,340002,100,24039,2730,67
1784646238.1087,23:03:58,1055776109075,340002,100,24039,2730,67
1784646238.3087,23:03:58,1055776175516,340002,100,24039,2730,67
1784646238.5087,23:03:58,1055776241983,340279,100,24039,2730,67
1784646238.7087,23:03:58,1055776308342,340279,100,24039,2730,67
1784646238.9087,23:03:58,1055776369995,340325,100,24039,2730,67
1784646239.1087,23:03:59,1055776436150,340325,100,24039,2730,67
1784646239.3087,23:03:59,1055776502390,340325,100,24039,2730,67
1784646239.5088,23:03:59,1055776568662,336132,100,24039,2730,67
1784646239.7087,23:03:59,1055776635026,336132,100,24039,2730,67
1784646239.9087,23:03:59,1055776701451,335942,100,24039,2730,67
1784646240.1087,23:04:00,1055776767692,335942,100,24039,2730,67
1784646240.3087,23:04:00,1055776834104,335942,100,24039,2730,67
1784646240.5087,23:04:00,1055776900462,339966,100,24039,2730,67
1784646240.7087,23:04:00,1055776966816,339966,100,24039,2730,67
1784646240.9087,23:04:00,1055777033139,339962,100,24039,2730,67
1784646241.1087,23:04:01,1055777099618,339962,100,24039,2730,67
1784646241.3087,23:04:01,1055777166015,339962,100,24039,2730,67
1784646241.5087,23:04:01,1055777232285,339994,100,24039,2730,67
1784646241.7087,23:04:01,1055777298775,339994,100,24039,2730,67
1784646241.9088,23:04:01,1055777365295,340201,100,24039,2730,67
1784646242.1087,23:04:02,1055777431868,340201,100,24039,2730,67
1784646242.3088,23:04:02,1055777498417,340201,100,24039,2730,67
1784646242.5087,23:04:02,1055777564867,340557,100,24039,2730,67
1784646242.7087,23:04:02,1055777631346,340557,100,24039,2730,67
1784646242.9088,23:04:02,1055777697751,340697,100,24039,2730,67
1784646243.1087,23:04:03,1055777764179,340697,100,24039,2730,67
1784646243.3087,23:04:03,1055777830690,340697,100,24039,2730,67
1784646243.5087,23:04:03,1055777897233,340473,100,24039,2730,67
1784646243.7088,23:04:03,1055777963822,340473,100,24039,2730,67
1784646243.9088,23:04:03,1055778030311,340593,100,24039,2730,67
1784646244.1088,23:04:04,1055778096804,340593,100,24039,2730,67
1784646244.3087,23:04:04,1055778163153,340593,100,24039,2730,67
1784646244.5087,23:04:04,1055778229585,340575,100,24039,2730,67
1784646244.7087,23:04:04,1055778296041,340575,100,24039,2730,67
1784646244.9087,23:04:04,1055778358811,337084,87,24039,2730,67
1784646245.1087,23:04:05,1055778425165,337084,87,24039,2730,67
1784646245.3087,23:04:05,1055778491626,337084,87,24039,2730,67
1784646245.5087,23:04:05,1055778558000,336854,87,24039,2730,67
1784646245.7088,23:04:05,1055778624357,336854,87,24039,2730,67
1784646245.9087,23:04:05,1055778690812,336841,100,24039,2730,67
1784646246.1088,23:04:06,1055778757214,336841,100,24039,2730,67
1784646246.3088,23:04:06,1055778823661,336841,100,24039,2730,67
1784646246.5087,23:04:06,1055778890009,340249,100,24039,2730,67
1784646246.7088,23:04:06,1055778956395,340249,100,24039,2730,67
1784646246.9087,23:04:06,1055779022825,340249,100,24039,2730,67
1784646247.1087,23:04:07,1055779089193,340249,100,24039,2730,67
1784646247.3087,23:04:07,1055779155674,340249,100,24039,2730,67
1784646247.5087,23:04:07,1055779217277,340317,100,24039,2730,64
1784646247.7087,23:04:07,1055779283743,340317,100,24039,2730,64
1784646247.9087,23:04:07,1055779350329,336662,100,24039,2730,67
1784646248.1088,23:04:08,1055779416884,336662,100,24039,2730,67
1784646248.3088,23:04:08,1055779483461,336662,100,24039,2730,67
1784646248.5088,23:04:08,1055779549911,336889,100,24039,2730,67
1784646248.7088,23:04:08,1055779616506,336889,100,24039,2730,67
1784646248.9088,23:04:08,1055779683044,340927,100,24039,2730,67
1784646249.1088,23:04:09,1055779749587,340927,100,24039,2730,67
1784646249.3088,23:04:09,1055779816233,340927,100,24039,2730,67
1784646249.5088,23:04:09,1055779882814,340986,100,24039,2730,67
1784646249.7087,23:04:09,1055779944577,340986,100,24039,2730,67
1784646249.9087,23:04:09,1055780011001,337310,100,24039,2730,67
1784646250.1088,23:04:10,1055780073530,337310,100,24039,2730,67
1784646250.3088,23:04:10,1055780139838,337310,100,24039,2730,67
1784646250.5087,23:04:10,1055780206348,334108,100,24039,2730,67
1784646250.7088,23:04:10,1055780272771,334108,100,24039,2730,67
1784646250.9088,23:04:10,1055780335287,334365,87,24039,2730,67
1784646251.1088,23:04:11,1055780401747,334365,87,24039,2730,67
1784646251.3088,23:04:11,1055780468259,334365,87,24039,2730,67
1784646251.5088,23:04:11,1055780534679,337619,87,24039,2730,67
1784646251.7088,23:04:11,1055780601060,337619,87,24039,2730,67
1784646251.9087,23:04:11,1055780667471,337872,100,24039,2730,67
1784646252.1088,23:04:12,1055780733853,337872,100,24039,2730,67
1784646252.3088,23:04:12,1055780800295,337872,100,24039,2730,67
1784646252.5088,23:04:12,1055780866680,341378,100,24039,2730,67
1784646252.7088,23:04:12,1055780933035,341378,100,24039,2730,67
1784646252.9088,23:04:12,1055780999443,341506,100,24039,2730,67
1784646253.1088,23:04:13,1055781065735,341506,100,24039,2730,67
1784646253.3088,23:04:13,1055781132022,341506,100,24039,2730,67
1784646253.5087,23:04:13,1055781198264,341530,100,24039,2730,67
1784646253.7087,23:04:13,1055781264410,341530,100,24039,2730,67
1784646253.9087,23:04:13,1055781330694,341504,100,24039,2730,67
1784646254.1087,23:04:14,1055781396987,341504,100,24039,2730,67
1784646254.3087,23:04:14,1055781463266,341504,100,24039,2730,67
1784646254.5087,23:04:14,1055781529478,341608,100,24039,2730,67
1784646254.7087,23:04:14,1055781595693,341608,100,24039,2730,67
1784646254.9087,23:04:14,1055781661841,341755,100,24039,2730,67
1784646255.1088,23:04:15,1055781727919,341755,100,24039,2730,67
1784646255.3087,23:04:15,1055781794117,341755,100,24039,2730,67
1784646255.5087,23:04:15,1055781860215,341849,100,24039,2730,67
1784646255.7088,23:04:15,1055781926344,341849,100,24039,2730,67
1784646255.9088,23:04:15,1055781992464,341997,100,24039,2730,67
1784646256.1088,23:04:16,1055782058497,341997,100,24039,2730,67
1784646256.3088,23:04:16,1055782124554,341997,100,24039,2730,67
1784646256.5088,23:04:16,1055782190648,342047,100,24039,2730,67
1784646256.7088,23:04:16,1055782256709,342047,100,24039,2730,67
1784646256.9087,23:04:16,1055782322758,342197,100,24039,2730,67
1784646257.1087,23:04:17,1055782388775,342197,100,24039,2730,67
1784646257.3088,23:04:17,1055782454761,342197,100,24039,2730,67
1784646257.5087,23:04:17,1055782520906,342282,100,24039,2730,67
1784646257.7088,23:04:17,1055782586796,342282,100,24039,2730,67
1784646257.9088,23:04:17,1055782652868,342353,100,24039,2730,67
1784646258.1088,23:04:18,1055782715526,342353,100,24039,2730,67
1784646258.3088,23:04:18,1055782781164,342353,100,24039,2730,67
1784646258.5088,23:04:18,1055782846820,338960,100,24039,2730,67
1784646258.7088,23:04:18,1055782912348,338960,100,24039,2730,67
1784646258.9088,23:04:18,1055782978095,338510,100,24039,2730,67
1784646259.1088,23:04:19,1055783043736,338510,100,24039,2730,67
1784646259.3088,23:04:19,1055783109466,338510,100,24039,2730,67
1784646259.5088,23:04:19,1055783175142,341511,100,24039,2730,67
1784646259.7088,23:04:19,1055783240665,341511,100,24039,2730,67
1784646259.9088,23:04:19,1055783305873,341615,100,24039,2730,67
1784646260.1088,23:04:20,1055783370372,341615,100,24039,2730,67
1784646260.3088,23:04:20,1055783435802,341615,100,24039,2730,67
1784646260.5087,23:04:20,1055783501308,338519,100,24039,2730,67
1784646260.7088,23:04:20,1055783566719,338519,100,24039,2730,67
1784646260.9088,23:04:20,1055783632203,338497,100,24039,2730,67
1784646261.1087,23:04:21,1055783697625,338497,100,24039,2730,67
1784646261.3087,23:04:21,1055783763144,338497,100,24039,2730,67
1784646261.5087,23:04:21,1055783828644,341654,100,24039,2730,67
1784646261.7088,23:04:21,1055783894058,341654,100,24039,2730,67
1784646261.9087,23:04:21,1055783959398,341870,100,24039,2730,67
1784646262.1088,23:04:22,1055784024782,341870,100,24039,2730,67
1784646262.3088,23:04:22,1055784090232,341870,100,24039,2730,67
1784646262.5088,23:04:22,1055784155670,342082,100,24039,2730,67
1784646262.7088,23:04:22,1055784220939,342082,100,24039,2730,67
1784646262.9088,23:04:22,1055784286287,342236,100,24039,2730,67
1784646263.1087,23:04:23,1055784351480,342236,100,24039,2730,67
1784646263.3088,23:04:23,1055784416821,342236,100,24039,2730,67
1784646263.5087,23:04:23,1055784481396,342177,100,24039,2730,67
1784646263.7088,23:04:23,1055784543400,342177,100,24039,2730,67
1784646263.9088,23:04:23,1055784608550,336549,100,24039,2730,67
1784646264.1088,23:04:24,1055784673691,336549,100,24039,2730,67
1784646264.3088,23:04:24,1055784738859,336549,100,24039,2730,67
1784646264.5088,23:04:24,1055784803745,336557,100,24039,2730,67
1784646264.7088,23:04:24,1055784863401,336557,100,24039,2730,67
1784646264.9088,23:04:24,1055784928553,335614,100,24039,2730,67
1784646265.1088,23:04:25,1055784993707,335614,100,24039,2730,67
1784646265.3088,23:04:25,1055785058897,335614,100,24039,2730,67
1784646265.5088,23:04:25,1055785123980,335910,100,24039,2730,67
1784646265.7088,23:04:25,1055785189075,335910,100,24039,2730,67
1784646265.9088,23:04:25,1055785254254,342565,100,24039,2730,67
1784646266.1088,23:04:26,1055785319304,342565,100,24039,2730,67
1784646266.3088,23:04:26,1055785384324,342565,100,24039,2730,67
1784646266.5088,23:04:26,1055785449383,342634,100,24039,2730,67
1784646266.7088,23:04:26,1055785514292,342634,100,24039,2730,67
1784646266.9088,23:04:26,1055785579357,342705,100,24039,2730,67
1784646267.1088,23:04:27,1055785644327,342705,100,24039,2730,67
1784646267.3088,23:04:27,1055785709266,342705,100,24039,2730,67
1784646267.5088,23:04:27,1055785774282,342753,100,24039,2730,67
1784646267.7088,23:04:27,1055785839036,342753,100,24039,2730,67
1784646267.9088,23:04:27,1055785903914,342809,100,24039,2730,67
1784646268.1088,23:04:28,1055785968765,342809,100,24039,2730,67
1784646268.3088,23:04:28,1055786033657,342809,100,24039,2730,67
1784646268.5088,23:04:28,1055786098509,342742,100,24039,2730,67
1784646268.7088,23:04:28,1055786163382,342742,100,24039,2730,67
1784646268.9087,23:04:28,1055786228236,342814,100,24039,2730,67
1784646269.1088,23:04:29,1055786293017,342814,100,24039,2730,67
1784646269.3087,23:04:29,1055786357747,342814,100,24039,2730,67
1784646269.5087,23:04:29,1055786422435,342950,100,24039,2730,68
1784646269.7088,23:04:29,1055786487051,342950,100,24039,2730,68
1784646269.9088,23:04:29,1055786551705,342712,100,24039,2730,68
1784646270.1088,23:04:30,1055786616224,342712,100,24039,2730,68
1784646270.3088,23:04:30,1055786680829,342712,100,24039,2730,68
1784646270.5087,23:04:30,1055786745411,342464,100,24039,2730,68
1784646270.7087,23:04:30,1055786809965,342464,100,24039,2730,68
1784646270.9088,23:04:30,1055786874541,342541,100,24039,2730,68
1784646271.1088,23:04:31,1055786939104,342541,100,24039,2730,68
1784646271.3088,23:04:31,1055787003634,342541,100,24039,2730,68
1784646271.5088,23:04:31,1055787068244,342743,100,24039,2730,68
1784646271.7088,23:04:31,1055787132588,342743,100,24039,2730,68
1784646271.9088,23:04:31,1055787196940,342671,100,24039,2730,68
1784646272.1088,23:04:32,1055787261120,342671,100,24039,2730,68
1784646272.3088,23:04:32,1055787325334,342671,100,24039,2730,68
1784646272.5087,23:04:32,1055787389472,342187,100,24039,2730,68
1784646272.7088,23:04:32,1055787453662,342187,100,24039,2730,68
1784646272.9088,23:04:32,1055787517920,341945,100,24039,2730,68
1784646273.1088,23:04:33,1055787582084,341945,100,24039,2730,68
1784646273.3088,23:04:33,1055787646288,341945,100,24039,2730,68
1784646273.5087,23:04:33,1055787710386,342009,100,24039,2730,68
1784646273.7088,23:04:33,1055787774470,342009,100,24039,2730,68
1784646273.9088,23:04:33,1055787834648,338362,85,24039,2730,67
1784646274.1088,23:04:34,1055787898445,338362,85,24039,2730,67
1784646274.3088,23:04:34,1055787962274,338362,85,24039,2730,67
1784646274.5088,23:04:34,1055788026053,337675,85,24039,2730,67
1784646274.7087,23:04:34,1055788089903,337675,85,24039,2730,67
1784646274.9088,23:04:34,1055788153747,337247,100,24039,2730,67
1784646275.1088,23:04:35,1055788217573,337247,100,24039,2730,67
1784646275.3088,23:04:35,1055788281191,337247,100,24039,2730,67
1784646275.5088,23:04:35,1055788345105,341310,100,24039,2730,68
1784646275.7088,23:04:35,1055788408907,341310,100,24039,2730,68
1784646275.9087,23:04:35,1055788472714,341566,100,24039,2730,67
1784646276.1088,23:04:36,1055788536455,341566,100,24039,2730,67
1784646276.3088,23:04:36,1055788600298,341566,100,24039,2730,67
1784646276.5088,23:04:36,1055788664021,341651,100,24039,2730,68
1784646276.7088,23:04:36,1055788727725,341651,100,24039,2730,68
1784646276.9088,23:04:36,1055788786193,341651,100,24039,2730,68
1784646277.1088,23:04:37,1055788849759,341651,100,24039,2730,68
1784646277.3088,23:04:37,1055788913607,341651,100,24039,2730,68
1784646277.5088,23:04:37,1055788977394,337593,100,24039,2730,67
1784646277.7088,23:04:37,1055789041104,337593,100,24039,2730,67
1784646277.9088,23:04:37,1055789104645,337854,100,24039,2730,68
1784646278.1088,23:04:38,1055789168271,337854,100,24039,2730,68
1784646278.3088,23:04:38,1055789231900,337854,100,24039,2730,68
1784646278.5088,23:04:38,1055789295499,342210,100,24039,2730,68
1784646278.7088,23:04:38,1055789359044,342210,100,24039,2730,68
1784646278.9088,23:04:38,1055789422712,342211,100,24039,2730,68
1784646279.1088,23:04:39,1055789486283,342211,100,24039,2730,68
1784646279.3088,23:04:39,1055789549944,342211,100,24039,2730,68
1784646279.5088,23:04:39,1055789613538,342535,100,24039,2730,68
1784646279.7088,23:04:39,1055789677055,342535,100,24039,2730,68
1784646279.9088,23:04:39,1055789740536,342630,100,24039,2730,68
1784646280.1088,23:04:40,1055789804000,342630,100,24039,2730,68
1784646280.3088,23:04:40,1055789867457,342630,100,24039,2730,68
1784646280.5088,23:04:40,1055789930876,342440,100,24039,2730,68
1784646280.7088,23:04:40,1055789994210,342440,100,24039,2730,68
1784646280.9088,23:04:40,1055790057735,342316,100,24039,2730,68
1784646281.1088,23:04:41,1055790121100,342316,100,24039,2730,68
1784646281.3088,23:04:41,1055790184437,342316,100,24039,2730,68
1784646281.5088,23:04:41,1055790247883,342462,100,24039,2730,68
1784646281.7088,23:04:41,1055790311225,342462,100,24039,2730,68
1784646281.9088,23:04:41,1055790374567,342715,100,24039,2730,68
1784646282.1088,23:04:42,1055790437799,342715,100,24039,2730,68
1784646282.3088,23:04:42,1055790501031,342715,100,24039,2730,68
1784646282.5088,23:04:42,1055790564332,342629,100,24039,2730,68
1784646282.7088,23:04:42,1055790627495,342629,100,24039,2730,68
1784646282.9088,23:04:42,1055790690784,342589,100,24039,2730,68
1784646283.1088,23:04:43,1055790753988,342589,100,24039,2730,68
1784646283.3088,23:04:43,1055790817227,342589,100,24039,2730,68
1784646283.5088,23:04:43,1055790880459,342775,100,24039,2730,68
1784646283.7088,23:04:43,1055790943540,342775,100,24039,2730,68
1784646283.9088,23:04:43,1055791006668,342822,100,24039,2730,67
1784646284.1088,23:04:44,1055791069730,342822,100,24039,2730,67
1784646284.3088,23:04:44,1055791132819,342822,100,24039,2730,67
1784646284.5088,23:04:44,1055791195817,342806,100,24039,2730,68
1784646284.7088,23:04:44,1055791258792,342806,100,24039,2730,68
1784646284.9088,23:04:44,1055791321793,342767,100,24039,2730,67
1784646285.1088,23:04:45,1055791384721,342767,100,24039,2730,67
1784646285.3088,23:04:45,1055791443539,342767,100,24039,2730,67
1784646285.5088,23:04:45,1055791506257,339528,100,24039,2730,67
1784646285.7088,23:04:45,1055791568902,339528,100,24039,2730,67
1784646285.9088,23:04:45,1055791631606,338945,100,24039,2730,67
1784646286.1088,23:04:46,1055791694197,338945,100,24039,2730,67
1784646286.3088,23:04:46,1055791756872,338945,100,24039,2730,67
1784646286.5088,23:04:46,1055791819477,341550,100,24039,2730,67
1784646286.7088,23:04:46,1055791881960,341550,100,24039,2730,67
1784646286.9088,23:04:46,1055791944458,341516,100,24039,2730,67
1784646287.1088,23:04:47,1055792007069,341516,100,24039,2730,67
1784646287.3088,23:04:47,1055792067236,341516,100,24039,2730,67
1784646287.5088,23:04:47,1055792127192,337717,100,24039,2730,67
1784646287.7087,23:04:47,1055792189484,337717,100,24039,2730,67
1784646287.9088,23:04:47,1055792252007,334772,100,24039,2730,67
1784646288.1088,23:04:48,1055792314404,334772,100,24039,2730,67
1784646288.3088,23:04:48,1055792376882,334772,100,24039,2730,67
1784646288.5088,23:04:48,1055792439167,336935,100,24039,2730,67
1784646288.7088,23:04:48,1055792501441,336935,100,24039,2730,67
1784646288.9088,23:04:48,1055792563812,341546,100,24039,2730,67
1784646289.1088,23:04:49,1055792626064,341546,100,24039,2730,67
1784646289.3088,23:04:49,1055792688533,341546,100,24039,2730,67
1784646289.5088,23:04:49,1055792750789,341446,100,24039,2730,67
1784646289.7088,23:04:49,1055792812883,341446,100,24039,2730,67
1784646289.9088,23:04:49,1055792875031,341389,100,24039,2730,67
1784646290.1088,23:04:50,1055792937154,341389,100,24039,2730,67
1784646290.3088,23:04:50,1055792999384,341389,100,24039,2730,67
1784646290.5088,23:04:50,1055793061485,341404,100,24039,2730,67
1784646290.7088,23:04:50,1055793123541,341404,100,24039,2730,67
1784646290.9087,23:04:50,1055793185758,341525,100,24039,2730,67
1784646291.1088,23:04:51,1055793246340,341525,100,24039,2730,67
1784646291.3088,23:04:51,1055793308343,341525,100,24039,2730,67
1784646291.5088,23:04:51,1055793370396,338743,100,24039,2730,67
1784646291.7088,23:04:51,1055793432312,338743,100,24039,2730,67
1784646291.9088,23:04:51,1055793494355,338678,100,24039,2730,67
1784646292.1088,23:04:52,1055793556235,338678,100,24039,2730,67
1784646292.3088,23:04:52,1055793618316,338678,100,24039,2730,67
1784646292.5088,23:04:52,1055793680286,341498,100,24039,2730,67
1784646292.7088,23:04:52,1055793742243,341498,100,24039,2730,67
1784646292.9088,23:04:52,1055793804281,341651,100,24039,2730,67
1784646293.1088,23:04:53,1055793866250,341651,100,24039,2730,67
1784646293.3088,23:04:53,1055793928256,341651,100,24039,2730,67
1784646293.5088,23:04:53,1055793990125,341899,100,24039,2730,67
1784646293.7088,23:04:53,1055794051957,341899,100,24039,2730,67
1784646293.9088,23:04:53,1055794113821,342009,100,24039,2730,67
1784646294.1088,23:04:54,1055794170427,342009,100,24039,2730,67
1784646294.3088,23:04:54,1055794230074,342009,100,24039,2730,67
1784646294.5088,23:04:54,1055794291550,334639,100,24039,2730,67
1784646294.7087,23:04:54,1055794353385,334639,100,24039,2730,67
1784646294.9088,23:04:54,1055794411888,334534,100,24039,2730,65
1784646295.1088,23:04:55,1055794473441,334534,100,24039,2730,65
1784646295.3088,23:04:55,1055794535136,334534,100,24039,2730,65
1784646295.5088,23:04:55,1055794596810,335862,100,24039,2730,67
1784646295.7088,23:04:55,1055794658371,335862,100,24039,2730,67
1784646295.9088,23:04:55,1055794719830,338964,100,24039,2730,67
1784646296.1088,23:04:56,1055794781216,338964,100,24039,2730,67
1784646296.3088,23:04:56,1055794842675,338964,100,24039,2730,67
1784646296.5088,23:04:56,1055794904111,341237,100,24039,2730,67
1784646296.7088,23:04:56,1055794965589,341237,100,24039,2730,67
1784646296.9088,23:04:56,1055795026954,341210,100,24039,2730,67
1784646297.1088,23:04:57,1055795093667,341210,100,24039,2730,67
1784646297.3088,23:04:57,1055795160455,341210,100,24039,2730,67
1784646297.5088,23:04:57,1055795221920,341445,100,24039,2730,67
1784646297.7088,23:04:57,1055795288620,341445,100,24039,2730,67
1784646297.9088,23:04:57,1055795355135,341556,100,24039,2730,67
1784646298.1088,23:04:58,1055795421894,341556,100,24039,2730,67
1784646298.3088,23:04:58,1055795488705,341556,100,24039,2730,67
1784646298.5088,23:04:58,1055795555478,341726,100,24039,2730,67
1784646298.7088,23:04:58,1055795622326,341726,100,24039,2730,67
1784646298.9088,23:04:58,1055795689093,341816,100,24039,2730,67
1784646299.1088,23:04:59,1055795755746,341816,100,24039,2730,67
1784646299.3088,23:04:59,1055795822032,341816,100,24039,2730,67
1784646299.5088,23:04:59,1055795886432,340304,100,24039,2730,66
1784646299.7088,23:04:59,1055795953044,340304,100,24039,2730,66
1784646299.9088,23:04:59,1055796019703,338079,100,24039,2730,67
1784646300.1088,23:05:00,1055796086341,338079,100,24039,2730,67
1784646300.3088,23:05:00,1055796152924,338079,100,24039,2730,67
1784646300.5088,23:05:00,1055796219489,337767,100,24039,2730,67
1784646300.7088,23:05:00,1055796286045,337767,100,24039,2730,67
1784646300.9088,23:05:00,1055796352663,341084,100,24039,2730,67
1784646301.1088,23:05:01,1055796419313,341084,100,24039,2730,67
1784646301.3088,23:05:01,1055796485917,341084,100,24039,2730,67
1784646301.5088,23:05:01,1055796552562,341044,100,24039,2730,67
1784646301.7088,23:05:01,1055796619192,341044,100,24039,2730,67
1784646301.9088,23:05:01,1055796685889,341132,100,24039,2730,67
1784646302.1088,23:05:02,1055796752458,341132,100,24039,2730,67
1784646302.3088,23:05:02,1055796819178,341132,100,24039,2730,67
1784646302.5088,23:05:02,1055796885939,341367,100,24039,2730,67
1784646302.7088,23:05:02,1055796948283,341367,100,24039,2730,67
1784646302.9088,23:05:02,1055797015070,338189,100,24039,2730,67
1784646303.1088,23:05:03,1055797081906,338189,100,24039,2730,67
1784646303.3088,23:05:03,1055797148778,338189,100,24039,2730,67
1784646303.5088,23:05:03,1055797215477,338510,100,24039,2730,67
1784646303.7088,23:05:03,1055797282285,338510,100,24039,2730,67
1784646303.9088,23:05:03,1055797348933,342018,100,24039,2730,67
1784646304.1088,23:05:04,1055797415722,342018,100,24039,2730,67
1784646304.3088,23:05:04,1055797482428,342018,100,24039,2730,67
1784646304.5088,23:05:04,1055797549225,341774,100,24039,2730,67
1784646304.7088,23:05:04,1055797616037,341774,100,24039,2730,67
1784646304.9088,23:05:04,1055797682754,341790,100,24039,2730,67
1784646305.1088,23:05:05,1055797749596,341790,100,24039,2730,67
1784646305.3088,23:05:05,1055797816551,341790,100,24039,2730,67
1784646305.5088,23:05:05,1055797883366,342202,100,24039,2730,67
1784646305.7088,23:05:05,1055797950295,342202,100,24039,2730,67
1784646305.9088,23:05:05,1055798017232,342450,100,24039,2730,67
1784646306.1088,23:05:06,1055798083980,342450,100,24039,2730,67
1784646306.3088,23:05:06,1055798150724,342450,100,24039,2730,67
1784646306.5088,23:05:06,1055798217581,342521,100,24039,2730,67
1784646306.7088,23:05:06,1055798284372,342521,100,24039,2730,67
1784646306.9088,23:05:06,1055798351116,342348,100,24039,2730,67
1784646307.1088,23:05:07,1055798417908,342348,100,24039,2730,67
1784646307.3088,23:05:07,1055798484668,342348,100,24039,2730,67
1784646307.5088,23:05:07,1055798551443,341999,100,24039,2730,67
1784646307.7088,23:05:07,1055798618220,341999,100,24039,2730,67
1784646307.9088,23:05:07,1055798685087,342138,100,24039,2730,67
1784646308.1088,23:05:08,1055798752034,342138,100,24039,2730,67
1784646308.3088,23:05:08,1055798818939,342138,100,24039,2730,67
1784646308.5088,23:05:08,1055798885900,342493,100,24039,2730,67
1784646308.7088,23:05:08,1055798952760,342493,100,24039,2730,67
1784646308.9088,23:05:08,1055799019645,342516,100,24039,2730,67
1784646309.1088,23:05:09,1055799086414,342516,100,24039,2730,67
1784646309.3088,23:05:09,1055799153317,342516,100,24039,2730,67
1784646309.5088,23:05:09,1055799220163,342431,100,24039,2730,67
1784646309.7088,23:05:09,1055799286981,342431,100,24039,2730,67
1784646309.9088,23:05:09,1055799353838,342300,100,24039,2730,67
1784646310.1088,23:05:10,1055799420768,342300,100,24039,2730,67
1784646310.3088,23:05:10,1055799487683,342300,100,24039,2730,67
1784646310.5088,23:05:10,1055799550093,342353,100,24039,2730,65
1784646310.7088,23:05:10,1055799616735,342353,100,24039,2730,65
1784646310.9088,23:05:10,1055799683505,338805,100,24039,2730,67
1784646311.1088,23:05:11,1055799750108,338805,100,24039,2730,67
1784646311.3088,23:05:11,1055799816779,338805,100,24039,2730,67
1784646311.5088,23:05:11,1055799883490,338561,100,24039,2730,67
1784646311.7088,23:05:11,1055799950090,338561,100,24039,2730,67
1784646311.9088,23:05:11,1055800016830,342025,100,24039,2730,67
1784646312.1088,23:05:12,1055800083393,342025,100,24039,2730,67
1784646312.3088,23:05:12,1055800150070,342025,100,24039,2730,67
1784646312.5088,23:05:12,1055800216569,342241,100,24039,2730,67
1784646312.7088,23:05:12,1055800283067,342241,100,24039,2730,67
1784646312.9088,23:05:12,1055800349666,342177,100,24039,2730,67
1784646313.1088,23:05:13,1055800416161,342177,100,24039,2730,67
1784646313.3088,23:05:13,1055800482734,342177,100,24039,2730,67
1784646313.5088,23:05:13,1055800549321,342345,100,24039,2730,67
1784646313.7088,23:05:13,1055800615787,342345,100,24039,2730,67
1784646313.9088,23:05:13,1055800682365,342692,100,24039,2730,67
1784646314.1088,23:05:14,1055800748789,342692,100,24039,2730,67
1784646314.3088,23:05:14,1055800810992,342692,100,24039,2730,67
1784646314.5088,23:05:14,1055800877366,339482,100,24039,2730,67
1784646314.7088,23:05:14,1055800943715,339482,100,24039,2730,67
1784646314.9088,23:05:14,1055801010155,339444,100,24039,2730,67
1784646315.1088,23:05:15,1055801076556,339444,100,24039,2730,67
1784646315.3088,23:05:15,1055801142931,339444,100,24039,2730,67
1784646315.5088,23:05:15,1055801209286,342722,100,24039,2730,67
1784646315.7088,23:05:15,1055801275575,342722,100,24039,2730,67
1784646315.9088,23:05:15,1055801341969,342883,100,24039,2730,67
1784646316.1088,23:05:16,1055801408141,342883,100,24039,2730,67
1784646316.3088,23:05:16,1055801470283,342883,100,24039,2730,67
1784646316.5088,23:05:16,1055801536474,339231,100,24039,2730,67
1784646316.7088,23:05:16,1055801599185,339231,100,24039,2730,67
1784646316.9088,23:05:16,1055801665397,335033,100,24039,2730,67
1784646317.1088,23:05:17,1055801731543,335033,100,24039,2730,67
1784646317.3088,23:05:17,1055801797739,335033,100,24039,2730,67
1784646317.5088,23:05:17,1055801863835,338603,100,24039,2730,67
1784646317.7088,23:05:17,1055801929965,338603,100,24039,2730,67
1784646317.9088,23:05:17,1055801996059,342937,100,24039,2730,67
1784646318.1088,23:05:18,1055802062073,342937,100,24039,2730,67
1784646318.3088,23:05:18,1055802128140,342937,100,24039,2730,67
1784646318.5088,23:05:18,1055802194129,342894,100,24039,2730,67
1784646318.7088,23:05:18,1055802260176,342894,100,24039,2730,67
1784646318.9088,23:05:18,1055802326277,342966,100,24039,2730,67
1784646319.1088,23:05:19,1055802392206,342966,100,24039,2730,67
1784646319.3088,23:05:19,1055802458194,342966,100,24039,2730,67
1784646319.5088,23:05:19,1055802524020,343118,100,24039,2730,67
1784646319.7088,23:05:19,1055802589830,343118,100,24039,2730,67
1784646319.9088,23:05:19,1055802655655,343056,100,24039,2730,67
1784646320.1088,23:05:20,1055802721547,343056,100,24039,2730,67
1784646320.3088,23:05:20,1055802787396,343056,100,24039,2730,67
1784646320.5088,23:05:20,1055802853234,342941,100,24039,2730,67
1784646320.7088,23:05:20,1055802916971,342941,100,24039,2730,67
1784646320.9088,23:05:20,1055802979105,339349,100,24039,2730,67
1784646321.1088,23:05:21,1055803044360,339349,100,24039,2730,67
1784646321.3088,23:05:21,1055803109943,339349,100,24039,2730,67
1784646321.5088,23:05:21,1055803175423,336259,100,24039,2730,67
1784646321.7088,23:05:21,1055803240781,336259,100,24039,2730,67
1784646321.9088,23:05:21,1055803306102,339145,100,24039,2730,67
1784646322.1088,23:05:22,1055803371403,339145,100,24039,2730,67
1784646322.3088,23:05:22,1055803436769,339145,100,24039,2730,67
1784646322.5088,23:05:22,1055803502071,341835,100,24039,2730,67
1784646322.7088,23:05:22,1055803567309,341835,100,24039,2730,67
1784646322.9088,23:05:22,1055803632640,341827,100,24039,2730,67
1784646323.1088,23:05:23,1055803697780,341827,100,24039,2730,67
1784646323.3088,23:05:23,1055803763050,341827,100,24039,2730,67
1784646323.5088,23:05:23,1055803828233,341879,100,24039,2730,67
1784646323.7088,23:05:23,1055803893468,341879,100,24039,2730,67
1784646323.9088,23:05:23,1055803958624,341922,100,24039,2730,67
1784646324.1088,23:05:24,1055804023806,341922,100,24039,2730,67
1784646324.3088,23:05:24,1055804081643,341922,100,24039,2730,67
1784646324.5088,23:05:24,1055804099497,332323,100,24039,2730,61
1784646324.7088,23:05:24,1055804116796,332323,100,24039,2730,61
1784646324.9088,23:05:24,1055804133920,218415,0,24039,2745,57
1784646325.1088,23:05:25,1055804150859,218415,0,24039,2745,57
1784646325.3088,23:05:25,1055804167820,218415,0,24039,2745,57
1784646325.5088,23:05:25,1055804179110,126705,0,24039,2745,56
1784646325.7088,23:05:25,1055804190217,126705,0,24039,2745,56
1784646325.9088,23:05:25,1055804201312,126705,0,24039,2745,56
1784646326.1089,23:05:26,1055804210973,126705,0,24039,2745,56
1784646326.3088,23:05:26,1055804220820,126705,0,24039,2745,56
1784646326.5088,23:05:26,1055804229926,84553,0,24039,2520,54
1784646326.7088,23:05:26,1055804239001,84553,0,24039,2520,54
1784646326.9088,23:05:26,1055804248028,84553,0,24039,2520,54
1784646327.1088,23:05:27,1055804257005,84553,0,24039,2520,54
1784646327.3088,23:05:27,1055804266016,84553,0,24039,2520,54
1784646327.5088,23:05:27,1055804274998,77377,0,24039,2520,53
1784646327.7088,23:05:27,1055804283955,77377,0,24039,2520,53
1784646327.9088,23:05:27,1055804292858,77377,0,24039,2520,53
1784646328.1088,23:05:28,1055804301699,77377,0,24039,2520,53
1784646328.3088,23:05:28,1055804310561,77377,0,24039,2520,53
1784646328.5088,23:05:28,1055804319348,70243,0,24039,2520,52
1784646328.7088,23:05:28,1055804328128,70243,0,24039,2520,52
1784646328.9088,23:05:28,1055804336855,70243,0,24039,2520,52
1784646329.1089,23:05:29,1055804345521,70243,0,24039,2520,52
1784646329.3088,23:05:29,1055804354168,70243,0,24039,2520,52
1784646329.5088,23:05:29,1055804362755,69215,0,24039,2520,52
1784646329.7088,23:05:29,1055804371241,69215,0,24039,2520,52
1784646329.9088,23:05:29,1055804379677,69215,0,24039,2520,52
1784646330.1088,23:05:30,1055804388128,69215,0,24039,2520,52
1784646330.3088,23:05:30,1055804396561,69215,0,24039,2520,52
1784646330.5088,23:05:30,1055804404851,67695,0,24039,2520,51
1784646330.7088,23:05:30,1055804413147,67695,0,24039,2520,51
1784646330.9088,23:05:30,1055804421411,67695,0,24039,2520,51
1784646331.1088,23:05:31,1055804429637,67695,0,24039,2520,51
1784646331.3088,23:05:31,1055804437807,67695,0,24039,2520,51
1784646331.5088,23:05:31,1055804445859,66031,0,24039,2520,50
1784646331.7088,23:05:31,1055804453790,66031,0,24039,2520,50
1784646331.9088,23:05:31,1055804461687,66031,0,24039,2520,50
1784646332.1088,23:05:32,1055804469530,66031,0,24039,2520,50
1784646332.3088,23:05:32,1055804477379,66031,0,24039,2520,50
1784646332.5088,23:05:32,1055804485125,64055,0,24039,2520,50
1784646332.7088,23:05:32,1055804492812,64055,0,24039,2520,50
1784646332.9088,23:05:32,1055804500459,64055,0,24039,2520,50
1784646333.1088,23:05:33,1055804507995,64055,0,24039,2520,50
1784646333.3088,23:05:33,1055804515595,64055,0,24039,2520,50
1784646333.5088,23:05:33,1055804523142,61819,0,24039,2520,49
1784646333.7088,23:05:33,1055804530669,61819,0,24039,2520,49
1784646333.9088,23:05:33,1055804538111,61819,0,24039,2520,49
1784646334.1089,23:05:34,1055804545506,61819,0,24039,2520,49
1784646334.3088,23:05:34,1055804552922,61819,0,24039,2520,49
1784646334.5088,23:05:34,1055804560245,60133,0,24039,2520,49
1784646334.7088,23:05:34,1055804567576,60133,0,24039,2520,49
1784646334.9088,23:05:34,1055804574890,60133,0,24039,2520,49
1784646335.1088,23:05:35,1055804582129,60133,0,24039,2520,49
1784646335.3088,23:05:35,1055804589359,60133,0,24039,2520,49
1784646335.5088,23:05:35,1055804596516,58909,0,24039,2520,49
1784646335.7088,23:05:35,1055804603632,58909,0,24039,2520,49
1784646335.9088,23:05:35,1055804610654,58909,0,24039,2520,49
1784646336.1088,23:05:36,1055804617668,58909,0,24039,2520,49
1784646336.3088,23:05:36,1055804624701,58909,0,24039,2520,49
1784646336.5088,23:05:36,1055804631670,57487,0,24039,2520,48
1784646336.7088,23:05:36,1055804638570,57487,0,24039,2520,48
1784646336.9088,23:05:36,1055804645467,57487,0,24039,2520,48
1784646337.1088,23:05:37,1055804652334,57487,0,24039,2520,48
1784646337.3088,23:05:37,1055804659203,57487,0,24039,2520,48
1784646337.5088,23:05:37,1055804666017,55979,0,24039,2520,48
1784646337.7088,23:05:37,1055804672761,55979,0,24039,2520,48
1784646337.9088,23:05:37,1055804679502,55979,0,24039,2520,48
1784646338.1088,23:05:38,1055804686195,55979,0,24039,2520,48
1784646338.3088,23:05:38,1055804692917,55979,0,24039,2520,48
1784646338.5088,23:05:38,1055804699589,54788,0,24039,2520,48
1784646338.7088,23:05:38,1055804706221,54788,0,24039,2520,48
1784646338.9088,23:05:38,1055804712830,54788,0,24039,2520,48
1784646339.1088,23:05:39,1055804719412,54788,0,24039,2520,48
1784646339.3088,23:05:39,1055804726015,54788,0,24039,2520,48
1784646339.5088,23:05:39,1055804732591,53843,0,24039,2520,47
1784646339.7088,23:05:39,1055804739126,53843,0,24039,2520,47
1784646339.9088,23:05:39,1055804745628,53843,0,24039,2520,47
1784646340.1088,23:05:40,1055804752166,53843,0,24039,2520,47
1784646340.3088,23:05:40,1055804758638,53843,0,24039,2520,47
1784646340.5088,23:05:40,1055804765068,53154,0,24039,2520,47
1784646340.7088,23:05:40,1055804771458,53154,0,24039,2520,47
1784646340.9088,23:05:40,1055804777870,53154,0,24039,2520,47
1784646341.1088,23:05:41,1055804784235,53154,0,24039,2520,47
1784646341.3088,23:05:41,1055804790610,53154,0,24039,2520,47
1784646341.5088,23:05:41,1055804796121,52379,0,24039,2520,47
1784646341.7088,23:05:41,1055804810568,52379,0,24039,2520,47
1784646341.9088,23:05:41,1055804862382,69170,100,24039,2760,54
1784646342.1088,23:05:42,1055804918359,69170,100,24039,2760,54
1784646342.3088,23:05:42,1055804976089,69170,100,24039,2760,54
1784646342.5088,23:05:42,1055805033912,194680,100,24039,2745,58
1784646342.7088,23:05:42,1055805091890,194680,100,24039,2745,58
1784646342.9088,23:05:42,1055805149858,307453,100,24039,2745,59
1784646343.1088,23:05:43,1055805207750,307453,100,24039,2745,59
1784646343.3088,23:05:43,1055805265644,307453,100,24039,2745,59
1784646343.5088,23:05:43,1055805323572,314577,100,24039,2745,59
1784646343.7088,23:05:43,1055805377612,314577,100,24039,2745,59
1784646343.9088,23:05:43,1055805435365,311984,100,24039,2745,60
1784646344.1088,23:05:44,1055805493180,311984,100,24039,2745,60
1784646344.3088,23:05:44,1055805551124,311984,100,24039,2745,60
1784646344.5088,23:05:44,1055805609032,312167,100,24039,2745,60
1784646344.7088,23:05:44,1055805666880,312167,100,24039,2745,60
1784646344.9088,23:05:44,1055805724762,315445,100,24039,2745,60
1784646345.1088,23:05:45,1055805782474,315445,100,24039,2745,60
1784646345.3088,23:05:45,1055805840407,315445,100,24039,2745,60
1784646345.5088,23:05:45,1055805898207,315720,100,24039,2745,61
1784646345.7088,23:05:45,1055805956246,315720,100,24039,2745,61
1784646345.9088,23:05:45,1055806014166,316024,100,24039,2745,61
1784646346.1088,23:05:46,1055806072123,316024,100,24039,2745,61
1784646346.3097,23:05:46,1055806130106,316024,100,24039,2745,61
1784646346.5088,23:05:46,1055806187754,316616,100,24039,2745,61
1784646346.7088,23:05:46,1055806245720,316616,100,24039,2745,61
1784646346.9088,23:05:46,1055806303736,317036,100,24039,2745,61
1784646347.1088,23:05:47,1055806361710,317036,100,24039,2745,61
1784646347.3088,23:05:47,1055806419728,317036,100,24039,2745,61
1784646347.5088,23:05:47,1055806477826,317421,100,24039,2745,62
1784646347.7088,23:05:47,1055806535890,317421,100,24039,2745,62
1784646347.9088,23:05:47,1055806594083,318115,100,24039,2745,62
1784646348.1088,23:05:48,1055806652147,318115,100,24039,2745,62
1784646348.3088,23:05:48,1055806710328,318115,100,24039,2745,62
1784646348.5088,23:05:48,1055806768618,318853,100,24039,2745,62
1784646348.7088,23:05:48,1055806826873,318853,100,24039,2745,62
1784646348.9088,23:05:48,1055806885190,319596,100,24039,2745,62
1784646349.1088,23:05:49,1055806943418,319596,100,24039,2745,62
1784646349.3088,23:05:49,1055807001812,319596,100,24039,2745,62
1784646349.5088,23:05:49,1055807060167,320294,100,24039,2745,63
1784646349.7088,23:05:49,1055807118545,320294,100,24039,2745,63
1784646349.9088,23:05:49,1055807176940,320905,100,24039,2745,63
1784646350.1088,23:05:50,1055807235363,320905,100,24039,2745,63
1784646350.3088,23:05:50,1055807293601,320905,100,24039,2745,63
1784646350.5088,23:05:50,1055807352025,321440,100,24039,2745,63
1784646350.7088,23:05:50,1055807410326,321440,100,24039,2745,63
1784646350.9088,23:05:50,1055807468756,321754,100,24039,2745,63
1784646351.1088,23:05:51,1055807527224,321754,100,24039,2745,63
1784646351.3088,23:05:51,1055807585742,321754,100,24039,2745,63
1784646351.5088,23:05:51,1055807644238,322229,100,24039,2745,63
1784646351.7088,23:05:51,1055807702632,322229,100,24039,2745,63
1784646351.9088,23:05:51,1055807761205,322727,100,24039,2745,63
1784646352.1088,23:05:52,1055807819780,322727,100,24039,2745,63
1784646352.3088,23:05:52,1055807878364,322727,100,24039,2745,63
1784646352.5088,23:05:52,1055807936961,323475,100,24039,2745,64
1784646352.7088,23:05:52,1055807995485,323475,100,24039,2745,64
1784646352.9088,23:05:52,1055808054162,324154,100,24039,2745,64
1784646353.1088,23:05:53,1055808112751,324154,100,24039,2745,64
1784646353.3088,23:05:53,1055808171327,324154,100,24039,2745,64
1784646353.5088,23:05:53,1055808229997,324564,100,24039,2745,64
1784646353.7088,23:05:53,1055808288651,324564,100,24039,2745,64
1784646353.9088,23:05:53,1055808347502,325268,100,24039,2745,64
1784646354.1088,23:05:54,1055808406272,325268,100,24039,2745,64
1784646354.3088,23:05:54,1055808465125,325268,100,24039,2745,64
1784646354.5088,23:05:54,1055808523974,326072,100,24039,2745,64
1784646354.7088,23:05:54,1055808582775,326072,100,24039,2745,64
1784646354.9088,23:05:54,1055808641639,326702,100,24039,2745,64
1784646355.1088,23:05:55,1055808705667,326702,100,24039,2745,64
1784646355.3088,23:05:55,1055808769674,326702,100,24039,2745,64
1784646355.5088,23:05:55,1055808828553,327207,100,24039,2745,64
1784646355.7088,23:05:55,1055808892556,327207,100,24039,2745,64
1784646355.9088,23:05:55,1055808950409,324286,85,24039,2745,64
1784646356.1088,23:05:56,1055809014412,324286,85,24039,2745,64
1784646356.3088,23:05:56,1055809078409,324286,85,24039,2745,64
1784646356.5088,23:05:56,1055809142520,324105,85,24039,2745,65
1784646356.7088,23:05:56,1055809206552,324105,85,24039,2745,65
1784646356.9088,23:05:56,1055809270795,324340,100,24039,2745,65
1784646357.1088,23:05:57,1055809334854,324340,100,24039,2745,65
1784646357.3088,23:05:57,1055809399180,324340,100,24039,2745,65
1784646357.5088,23:05:57,1055809463474,328653,100,24039,2745,65
1784646357.7088,23:05:57,1055809527802,328653,100,24039,2745,65
1784646357.9088,23:05:57,1055809592251,329325,100,24039,2745,65
1784646358.1088,23:05:58,1055809656702,329325,100,24039,2745,65
1784646358.3088,23:05:58,1055809721141,329325,100,24039,2745,65
1784646358.5088,23:05:58,1055809785513,329813,100,24039,2745,65
1784646358.7088,23:05:58,1055809849999,329813,100,24039,2745,65
1784646358.9088,23:05:58,1055809914436,330110,100,24039,2745,65
1784646359.1088,23:05:59,1055809978970,330110,100,24039,2745,65
1784646359.3088,23:05:59,1055810043588,330110,100,24039,2745,65
1784646359.5088,23:05:59,1055810107737,330398,100,24039,2745,65
1784646359.7088,23:05:59,1055810171670,330398,100,24039,2745,65
1784646359.9088,23:05:59,1055810236219,327546,100,24039,2745,65
1784646360.1088,23:06:00,1055810300953,327546,100,24039,2745,65
1784646360.3088,23:06:00,1055810365709,327546,100,24039,2745,65
1784646360.5088,23:06:00,1055810430518,327960,100,24039,2745,65
1784646360.7088,23:06:00,1055810495329,327960,100,24039,2745,65
1784646360.9088,23:06:00,1055810560178,331711,100,24039,2745,65
1784646361.1089,23:06:01,1055810625052,331711,100,24039,2745,65
1784646361.3088,23:06:01,1055810689782,331711,100,24039,2745,65
1784646361.5088,23:06:01,1055810754704,332093,100,24039,2745,65
1784646361.7089,23:06:01,1055810819584,332093,100,24039,2745,65
1784646361.9088,23:06:01,1055810884451,332328,100,24039,2745,65
1784646362.1088,23:06:02,1055810949359,332328,100,24039,2745,65
1784646362.3088,23:06:02,1055811014446,332328,100,24039,2745,65
1784646362.5088,23:06:02,1055811079567,332544,100,24039,2745,66
1784646362.7088,23:06:02,1055811141042,332544,100,24039,2745,66
1784646362.9088,23:06:02,1055811206240,330094,100,24039,2745,66
1784646363.1088,23:06:03,1055811271436,330094,100,24039,2745,66
1784646363.3088,23:06:03,1055811336738,330094,100,24039,2745,66
1784646363.5088,23:06:03,1055811402032,330808,100,24039,2745,66
1784646363.7088,23:06:03,1055811467301,330808,100,24039,2745,66
1784646363.9088,23:06:03,1055811532597,334233,100,24039,2745,66
1784646364.1088,23:06:04,1055811597701,334233,100,24039,2745,66
1784646364.3088,23:06:04,1055811661950,334233,100,24039,2745,66
1784646364.5088,23:06:04,1055811727144,331200,100,24039,2730,66
1784646364.7088,23:06:04,1055811792377,331200,100,24039,2730,66
1784646364.9088,23:06:04,1055811857642,331073,100,24039,2730,66
1784646365.1088,23:06:05,1055811922916,331073,100,24039,2730,66
1784646365.3088,23:06:05,1055811988206,331073,100,24039,2730,66
1784646365.5089,23:06:05,1055812053429,334034,100,24039,2730,66
1784646365.7088,23:06:05,1055812118755,334034,100,24039,2730,66
1784646365.9088,23:06:05,1055812184099,334484,100,24039,2730,66
1784646366.1088,23:06:06,1055812249417,334484,100,24039,2730,66
1784646366.3089,23:06:06,1055812314774,334484,100,24039,2730,66
1784646366.5088,23:06:06,1055812380120,334620,100,24039,2730,66
1784646366.7088,23:06:06,1055812445505,334620,100,24039,2730,66
1784646366.9088,23:06:06,1055812510832,334718,100,24039,2730,66
1784646367.1088,23:06:07,1055812576255,334718,100,24039,2730,66
1784646367.3088,23:06:07,1055812641680,334718,100,24039,2730,66
1784646367.5088,23:06:07,1055812707192,334955,100,24039,2730,66
1784646367.7088,23:06:07,1055812772759,334955,100,24039,2730,66
1784646367.9088,23:06:07,1055812838444,335527,100,24039,2730,66
1784646368.1088,23:06:08,1055812904055,335527,100,24039,2730,66
1784646368.3088,23:06:08,1055812969569,335527,100,24039,2730,66
1784646368.5088,23:06:08,1055813035218,336022,100,24039,2730,66
1784646368.7088,23:06:08,1055813100793,336022,100,24039,2730,66
1784646368.9088,23:06:08,1055813166395,336228,100,24039,2730,66
1784646369.1088,23:06:09,1055813231870,336228,100,24039,2730,66
1784646369.3088,23:06:09,1055813297420,336228,100,24039,2730,66
1784646369.5088,23:06:09,1055813363030,336314,100,24039,2730,66
1784646369.7088,23:06:09,1055813428501,336314,100,24039,2730,66
1784646369.9088,23:06:09,1055813494215,336660,100,24039,2730,66
1784646370.1088,23:06:10,1055813559768,336660,100,24039,2730,66
1784646370.3088,23:06:10,1055813624968,336660,100,24039,2730,66
1784646370.5088,23:06:10,1055813690684,337085,100,24039,2730,66
1784646370.7088,23:06:10,1055813756315,337085,100,24039,2730,66
1784646370.9088,23:06:10,1055813822018,337581,100,24039,2730,66
1784646371.1088,23:06:11,1055813887491,337581,100,24039,2730,66
1784646371.3088,23:06:11,1055813953022,337581,100,24039,2730,66
1784646371.5088,23:06:11,1055814018561,337683,100,24039,2730,66
1784646371.7088,23:06:11,1055814083947,337683,100,24039,2730,66
1784646371.9088,23:06:11,1055814149425,337559,100,24039,2730,66
1784646372.1088,23:06:12,1055814214896,337559,100,24039,2730,66
1784646372.3088,23:06:12,1055814280419,337559,100,24039,2730,66
1784646372.5088,23:06:12,1055814345829,337631,100,24039,2730,67
1784646372.7088,23:06:12,1055814411250,337631,100,24039,2730,67
1784646372.9088,23:06:12,1055814476600,337665,100,24039,2730,67
1784646373.1088,23:06:13,1055814541923,337665,100,24039,2730,67
1784646373.3088,23:06:13,1055814607261,337665,100,24039,2730,67
1784646373.5088,23:06:13,1055814672615,337675,100,24039,2730,67
1784646373.7088,23:06:13,1055814737912,337675,100,24039,2730,67
1784646373.9088,23:06:13,1055814803308,337837,100,24039,2730,67
1784646374.1088,23:06:14,1055814868627,337837,100,24039,2730,67
1784646374.3088,23:06:14,1055814933980,337837,100,24039,2730,67
1784646374.5088,23:06:14,1055814999315,338101,100,24039,2730,67
1784646374.7088,23:06:14,1055815064634,338101,100,24039,2730,67
1784646374.9088,23:06:14,1055815129972,338372,100,24039,2730,67
1784646375.1088,23:06:15,1055815195192,338372,100,24039,2730,67
1784646375.3088,23:06:15,1055815260486,338372,100,24039,2730,67
1784646375.5088,23:06:15,1055815325885,338566,100,24039,2730,67
1784646375.7088,23:06:15,1055815391144,338566,100,24039,2730,67
1784646375.9088,23:06:15,1055815456393,338888,100,24039,2730,67
1784646376.1088,23:06:16,1055815516566,338888,100,24039,2730,67
1784646376.3088,23:06:16,1055815577729,338888,100,24039,2730,67
1784646376.5088,23:06:16,1055815642881,331495,100,24039,2730,66
1784646376.7088,23:06:16,1055815703764,331495,100,24039,2730,66
1784646376.9088,23:06:16,1055815768865,327727,100,24039,2730,67
1784646377.1088,23:06:17,1055815834031,327727,100,24039,2730,67
1784646377.3088,23:06:17,1055815899226,327727,100,24039,2730,67
1784646377.5088,23:06:17,1055815964378,335286,100,24039,2730,67
1784646377.7088,23:06:17,1055816029440,335286,100,24039,2730,67
1784646377.9088,23:06:17,1055816091122,336338,87,24039,2730,65
1784646378.1088,23:06:18,1055816156027,336338,87,24039,2730,65
1784646378.3088,23:06:18,1055816221065,336338,87,24039,2730,65
1784646378.5088,23:06:18,1055816286122,336300,87,24039,2730,67
1784646378.7088,23:06:18,1055816351016,336300,87,24039,2730,67
1784646378.9088,23:06:18,1055816415987,336262,100,24039,2730,67
1784646379.1088,23:06:19,1055816480945,336262,100,24039,2730,67
1784646379.3088,23:06:19,1055816546032,336262,100,24039,2730,67
1784646379.5088,23:06:19,1055816611004,339244,100,24039,2730,67
1784646379.7088,23:06:19,1055816675964,339244,100,24039,2730,67
1784646379.9088,23:06:19,1055816740986,339591,100,24039,2730,67
1784646380.1088,23:06:20,1055816805944,339591,100,24039,2730,67
1784646380.3088,23:06:20,1055816870909,339591,100,24039,2730,67
1784646380.5088,23:06:20,1055816935907,339942,100,24039,2730,67
1784646380.7088,23:06:20,1055817000841,339942,100,24039,2730,67
1784646380.9088,23:06:20,1055817065663,340070,100,24039,2730,67
1784646381.1088,23:06:21,1055817130491,340070,100,24039,2730,67
1784646381.3088,23:06:21,1055817195382,340070,100,24039,2730,67
1784646381.5088,23:06:21,1055817260349,340082,100,24039,2730,67
1784646381.7088,23:06:21,1055817325249,340082,100,24039,2730,67
1784646381.9088,23:06:21,1055817390037,340054,100,24039,2730,67
1784646382.1088,23:06:22,1055817454693,340054,100,24039,2730,67
1784646382.3088,23:06:22,1055817519472,340054,100,24039,2730,67
1784646382.5088,23:06:22,1055817584237,340063,100,24039,2730,67
1784646382.7088,23:06:22,1055817648899,340063,100,24039,2730,67
1784646382.9088,23:06:22,1055817713681,340153,100,24039,2730,67
1784646383.1088,23:06:23,1055817778298,340153,100,24039,2730,67
1784646383.3088,23:06:23,1055817842836,340153,100,24039,2730,67
1784646383.5088,23:06:23,1055817907521,340125,100,24039,2730,67
1784646383.7088,23:06:23,1055817972144,340125,100,24039,2730,67
1784646383.9088,23:06:23,1055818036839,340258,100,24039,2730,67
1784646384.1088,23:06:24,1055818101147,340258,100,24039,2730,67
1784646384.3088,23:06:24,1055818164261,340258,100,24039,2730,67
1784646384.5088,23:06:24,1055818228863,337225,100,24039,2730,67
1784646384.7088,23:06:24,1055818293300,337225,100,24039,2730,67
1784646384.9088,23:06:24,1055818357860,337228,100,24039,2730,67
1784646385.1088,23:06:25,1055818422302,337228,100,24039,2730,67
1784646385.3088,23:06:25,1055818486823,337228,100,24039,2730,67
1784646385.5088,23:06:25,1055818551393,340438,100,24039,2730,67
1784646385.7088,23:06:25,1055818611813,340438,100,24039,2730,67
1784646385.9088,23:06:25,1055818676269,337216,100,24039,2730,67
1784646386.1088,23:06:26,1055818740698,337216,100,24039,2730,67
1784646386.3088,23:06:26,1055818805079,337216,100,24039,2730,67
1784646386.5088,23:06:26,1055818869502,337335,100,24039,2730,67
1784646386.7088,23:06:26,1055818933768,337335,100,24039,2730,67
1784646386.9088,23:06:26,1055818998104,340615,100,24039,2730,67
1784646387.1088,23:06:27,1055819062210,340615,100,24039,2730,67
1784646387.3088,23:06:27,1055819126540,340615,100,24039,2730,67
1784646387.5088,23:06:27,1055819190819,340424,100,24039,2730,67
1784646387.7088,23:06:27,1055819255001,340424,100,24039,2730,67
1784646387.9088,23:06:27,1055819319228,340457,100,24039,2730,67
1784646388.1088,23:06:28,1055819383371,340457,100,24039,2730,67
1784646388.3088,23:06:28,1055819447594,340457,100,24039,2730,67
1784646388.5088,23:06:28,1055819511887,340683,100,24039,2730,67
1784646388.7088,23:06:28,1055819576023,340683,100,24039,2730,67
1784646388.9088,23:06:28,1055819640387,340918,100,24039,2730,67
1784646389.1088,23:06:29,1055819704469,340918,100,24039,2730,67
1784646389.3088,23:06:29,1055819768516,340918,100,24039,2730,67
1784646389.5088,23:06:29,1055819832502,340940,100,24039,2730,67
1784646389.7088,23:06:29,1055819896394,340940,100,24039,2730,67
1784646389.9088,23:06:29,1055819960388,340747,100,24039,2730,67
1784646390.1088,23:06:30,1055820024331,340747,100,24039,2730,67
1784646390.3088,23:06:30,1055820088309,340747,100,24039,2730,67
1784646390.5088,23:06:30,1055820152288,340784,100,24039,2730,67
1784646390.7088,23:06:30,1055820216212,340784,100,24039,2730,67
1784646390.9088,23:06:30,1055820280292,341071,100,24039,2730,67
1784646391.1088,23:06:31,1055820344221,341071,100,24039,2730,67
1784646391.3088,23:06:31,1055820408177,341071,100,24039,2730,67
1784646391.5088,23:06:31,1055820472043,341198,100,24039,2730,67
1784646391.7088,23:06:31,1055820535965,341198,100,24039,2730,67
1784646391.9088,23:06:31,1055820599906,341291,100,24039,2730,67
1784646392.1088,23:06:32,1055820660375,341291,100,24039,2730,67
1784646392.3088,23:06:32,1055820723954,341291,100,24039,2730,67
1784646392.5088,23:06:32,1055820787497,338140,100,24039,2730,67
1784646392.7088,23:06:32,1055820850324,338140,100,24039,2730,67
1784646392.9088,23:06:32,1055820913174,334446,100,24039,2730,67
1784646393.1088,23:06:33,1055820976618,334446,100,24039,2730,67
1784646393.3088,23:06:33,1055821040053,334446,100,24039,2730,67
1784646393.5089,23:06:33,1055821103627,337127,100,24039,2730,67
1784646393.7088,23:06:33,1055821166902,337127,100,24039,2730,67
1784646393.9088,23:06:33,1055821230284,340483,100,24039,2730,67
1784646394.1088,23:06:34,1055821293585,340483,100,24039,2730,67
1784646394.3088,23:06:34,1055821356975,340483,100,24039,2730,67
1784646394.5088,23:06:34,1055821420397,340499,100,24039,2730,67
1784646394.7088,23:06:34,1055821483843,340499,100,24039,2730,67
1784646394.9088,23:06:34,1055821547324,340613,100,24039,2730,67
1784646395.1088,23:06:35,1055821610577,340613,100,24039,2730,67
1784646395.3088,23:06:35,1055821673913,340613,100,24039,2730,67
1784646395.5088,23:06:35,1055821737294,340833,100,24039,2730,67
1784646395.7088,23:06:35,1055821800547,340833,100,24039,2730,67
1784646395.9088,23:06:35,1055821863965,340880,100,24039,2730,67
1784646396.1088,23:06:36,1055821927344,340880,100,24039,2730,67
1784646396.3088,23:06:36,1055821990767,340880,100,24039,2730,67
1784646396.5088,23:06:36,1055822054171,341204,100,24039,2730,67
1784646396.7088,23:06:36,1055822117406,341204,100,24039,2730,67
1784646396.9088,23:06:36,1055822180752,341430,100,24039,2730,67
1784646397.1088,23:06:37,1055822243900,341430,100,24039,2730,67
1784646397.3088,23:06:37,1055822307263,341430,100,24039,2730,67
1784646397.5088,23:06:37,1055822360795,336863,100,24039,2730,65
1784646397.7088,23:06:37,1055822423730,336863,100,24039,2730,65
1784646397.9088,23:06:37,1055822486811,333166,100,24039,2730,67
1784646398.1088,23:06:38,1055822549826,333166,100,24039,2730,67
1784646398.3088,23:06:38,1055822612958,333166,100,24039,2730,67
1784646398.5088,23:06:38,1055822676070,333061,100,24039,2730,67
1784646398.7088,23:06:38,1055822739200,333061,100,24039,2730,67
1784646398.9088,23:06:38,1055822802247,341416,100,24039,2730,67
1784646399.1088,23:06:39,1055822865197,341416,100,24039,2730,67
1784646399.3088,23:06:39,1055822928225,341416,100,24039,2730,67
1784646399.5088,23:06:39,1055822991318,341582,100,24039,2730,67
1784646399.7088,23:06:39,1055823054511,341582,100,24039,2730,67
1784646399.9088,23:06:39,1055823117521,341704,100,24039,2730,67
1784646400.1088,23:06:40,1055823180408,341704,100,24039,2730,67
1784646400.3088,23:06:40,1055823239865,341704,100,24039,2730,67
1784646400.5088,23:06:40,1055823302671,339032,100,24039,2730,67
1784646400.7088,23:06:40,1055823365465,339032,100,24039,2730,67
1784646400.9088,23:06:40,1055823428248,338751,100,24039,2730,67
1784646401.1088,23:06:41,1055823490998,338751,100,24039,2730,67
1784646401.3088,23:06:41,1055823553765,338751,100,24039,2730,67
1784646401.5088,23:06:41,1055823616596,341340,100,24039,2730,67
1784646401.7088,23:06:41,1055823679258,341340,100,24039,2730,67
1784646401.9088,23:06:41,1055823741977,341473,100,24039,2730,67
1784646402.1088,23:06:42,1055823804644,341473,100,24039,2730,67
1784646402.3088,23:06:42,1055823867377,341473,100,24039,2730,67
1784646402.5088,23:06:42,1055823930071,341612,100,24039,2730,67
1784646402.7088,23:06:42,1055823992837,341612,100,24039,2730,67
1784646402.9088,23:06:42,1055824055560,341755,100,24039,2730,67
1784646403.1088,23:06:43,1055824118228,341755,100,24039,2730,67
1784646403.3088,23:06:43,1055824180889,341755,100,24039,2730,67
1784646403.5088,23:06:43,1055824243575,342009,100,24039,2730,67
1784646403.7088,23:06:43,1055824306180,342009,100,24039,2730,67
1784646403.9088,23:06:43,1055824368901,342234,100,24039,2730,67
1784646404.1088,23:06:44,1055824431484,342234,100,24039,2730,67
1784646404.3088,23:06:44,1055824494082,342234,100,24039,2730,67
1784646404.5088,23:06:44,1055824591079,342422,100,24039,2730,67
1784646404.7088,23:06:44,1055824620768,342422,100,24039,2730,67
1784646404.9088,23:06:44,1055824717389,339012,100,24039,2730,67
1784646405.1088,23:06:45,1055824785651,339012,100,24039,2730,67
1784646405.3088,23:06:45,1055824853911,339012,100,24039,2730,67
1784646405.5088,23:06:45,1055824922165,338883,100,24039,2730,67
1784646405.7088,23:06:45,1055824990359,338883,100,24039,2730,67
1784646405.9088,23:06:45,1055825058525,342070,100,24039,2730,67
1784646406.1088,23:06:46,1055825126698,342070,100,24039,2730,67
1784646406.3088,23:06:46,1055825194836,342070,100,24039,2730,67
1784646406.5088,23:06:46,1055825263030,341952,100,24039,2730,67
1784646406.7088,23:06:46,1055825331330,341952,100,24039,2730,67
1784646406.9088,23:06:46,1055825399632,342047,100,24039,2730,67
1784646407.1088,23:06:47,1055825467904,342047,100,24039,2730,67
1784646407.3088,23:06:47,1055825536290,342047,100,24039,2730,67
1784646407.5088,23:06:47,1055825604634,342393,100,24039,2730,67
1784646407.7088,23:06:47,1055825672921,342393,100,24039,2730,67
1784646407.9088,23:06:47,1055825741171,342610,100,24039,2730,67
1784646408.1088,23:06:48,1055825809396,342610,100,24039,2730,67
1784646408.3088,23:06:48,1055825877662,342610,100,24039,2730,67
1784646408.5088,23:06:48,1055825946047,342728,100,24039,2730,67
1784646408.7088,23:06:48,1055826014231,342728,100,24039,2730,67
1784646408.9088,23:06:48,1055826082419,342699,100,24039,2730,67
1784646409.1088,23:06:49,1055826150432,342699,100,24039,2730,67
1784646409.3088,23:06:49,1055826218520,342699,100,24039,2730,67
1784646409.5088,23:06:49,1055826286563,342621,100,24039,2730,67
1784646409.7088,23:06:49,1055826354563,342621,100,24039,2730,67
1784646409.9088,23:06:49,1055826419702,342441,100,24039,2730,67
1784646410.1088,23:06:50,1055826487153,342441,100,24039,2730,67
1784646410.3088,23:06:50,1055826555015,342441,100,24039,2730,67
1784646410.5088,23:06:50,1055826623019,338238,100,24039,2730,67
1784646410.7088,23:06:50,1055826685536,338238,100,24039,2730,67
1784646410.9088,23:06:50,1055826753378,334136,100,24039,2730,67
1784646411.1088,23:06:51,1055826821257,334136,100,24039,2730,67
1784646411.3088,23:06:51,1055826889209,334136,100,24039,2730,67
1784646411.5088,23:06:51,1055826957050,338475,100,24039,2730,67
1784646411.7088,23:06:51,1055827024930,338475,100,24039,2730,67
1784646411.9088,23:06:51,1055827092818,342681,100,24039,2730,67
1784646412.1088,23:06:52,1055827160486,342681,100,24039,2730,67
1784646412.3088,23:06:52,1055827228359,342681,100,24039,2730,67
1784646412.5088,23:06:52,1055827296014,342612,100,24039,2730,67
1784646412.7088,23:06:52,1055827363647,342612,100,24039,2730,67
1784646412.9088,23:06:52,1055827431346,342474,100,24039,2730,67
1784646413.1088,23:06:53,1055827498009,342474,100,24039,2730,67
1784646413.3088,23:06:53,1055827565730,342474,100,24039,2730,67
1784646413.5088,23:06:53,1055827632287,342599,100,24039,2730,67
1784646413.7088,23:06:53,1055827698847,342599,100,24039,2730,67
1784646413.9088,23:06:53,1055827765411,342677,100,24039,2730,67
1784646414.1088,23:06:54,1055827831971,342677,100,24039,2730,67
1784646414.3088,23:06:54,1055827898589,342677,100,24039,2730,67
1784646414.5088,23:06:54,1055827965199,342500,100,24039,2730,68
1784646414.7088,23:06:54,1055828031774,342500,100,24039,2730,68
1784646414.9088,23:06:54,1055828098316,342523,100,24039,2730,68
1784646415.1088,23:06:55,1055828165025,342523,100,24039,2730,68
1784646415.3088,23:06:55,1055828231597,342523,100,24039,2730,68
1784646415.5088,23:06:55,1055828298184,342720,100,24039,2730,68
1784646415.7088,23:06:55,1055828364804,342720,100,24039,2730,68
1784646415.9088,23:06:55,1055828431372,342680,100,24039,2730,68
1784646416.1088,23:06:56,1055828497932,342680,100,24039,2730,68
1784646416.3088,23:06:56,1055828564408,342680,100,24039,2730,68
1784646416.5088,23:06:56,1055828630981,342442,100,24039,2730,68
1784646416.7088,23:06:56,1055828697542,342442,100,24039,2730,68
1784646416.9088,23:06:56,1055828764174,342384,100,24039,2730,68
1784646417.1088,23:06:57,1055828830801,342384,100,24039,2730,68
1784646417.3088,23:06:57,1055828897407,342384,100,24039,2730,68
1784646417.5088,23:06:57,1055828964061,342630,100,24039,2730,68
1784646417.7088,23:06:57,1055829030656,342630,100,24039,2730,68
1784646417.9088,23:06:57,1055829097409,342869,100,24039,2730,68
1784646418.1088,23:06:58,1055829164012,342869,100,24039,2730,68
1784646418.3088,23:06:58,1055829230604,342869,100,24039,2730,68
1784646418.5088,23:06:58,1055829297226,342843,100,24039,2730,68
1784646418.7088,23:06:58,1055829363753,342843,100,24039,2730,68
1784646418.9088,23:06:58,1055829430341,342729,100,24039,2730,68
1784646419.1088,23:06:59,1055829496734,342729,100,24039,2730,68
1784646419.3088,23:06:59,1055829563297,342729,100,24039,2730,68
1784646419.5088,23:06:59,1055829629920,342608,100,24039,2730,68
1784646419.7088,23:06:59,1055829696504,342608,100,24039,2730,68
1784646419.9088,23:06:59,1055829763211,342582,100,24039,2730,68
1784646420.1088,23:07:00,1055829829912,342582,100,24039,2730,68
1784646420.3088,23:07:00,1055829896615,342582,100,24039,2730,68
1784646420.5088,23:07:00,1055829963077,342819,100,24039,2730,68
1784646420.7088,23:07:00,1055830029694,342819,100,24039,2730,68
1784646420.9088,23:07:00,1055830096296,342754,100,24039,2730,68
1784646421.1088,23:07:01,1055830162833,342754,100,24039,2730,68
1784646421.3088,23:07:01,1055830229382,342754,100,24039,2730,68
1784646421.5088,23:07:01,1055830291727,342449,100,24039,2730,68
1784646421.7088,23:07:01,1055830358025,342449,100,24039,2730,68
1784646421.9088,23:07:01,1055830424274,338758,100,24039,2730,67
1784646422.1088,23:07:02,1055830490751,338758,100,24039,2730,67
1784646422.3088,23:07:02,1055830557174,338758,100,24039,2730,67
1784646422.5088,23:07:02,1055830623551,338402,100,24039,2730,67
1784646422.7088,23:07:02,1055830689860,338402,100,24039,2730,67
1784646422.9088,23:07:02,1055830756210,341341,100,24039,2730,67
1784646423.1088,23:07:03,1055830822622,341341,100,24039,2730,67
1784646423.3088,23:07:03,1055830888931,341341,100,24039,2730,67
1784646423.5088,23:07:03,1055830955245,341342,100,24039,2730,67
1784646423.7088,23:07:03,1055831021646,341342,100,24039,2730,67
1784646423.9088,23:07:03,1055831088009,341404,100,24039,2730,67
1784646424.1088,23:07:04,1055831154387,341404,100,24039,2730,67
1784646424.3088,23:07:04,1055831220715,341404,100,24039,2730,67
1784646424.5088,23:07:04,1055831286973,341309,100,24039,2730,67
1784646424.7088,23:07:04,1055831353213,341309,100,24039,2730,67
1784646424.9089,23:07:04,1055831419540,341145,100,24039,2730,67
1784646425.1088,23:07:05,1055831485938,341145,100,24039,2730,67
1784646425.3088,23:07:05,1055831552349,341145,100,24039,2730,67
1784646425.5088,23:07:05,1055831618726,341224,100,24039,2730,68
1784646425.7088,23:07:05,1055831685112,341224,100,24039,2730,68
1784646425.9088,23:07:05,1055831751448,341477,100,24039,2730,68
1784646426.1088,23:07:06,1055831817711,341477,100,24039,2730,68
1784646426.3088,23:07:06,1055831884068,341477,100,24039,2730,68
1784646426.5088,23:07:06,1055831950494,341419,100,24039,2730,68
1784646426.7088,23:07:06,1055832016984,341419,100,24039,2730,68
1784646426.9088,23:07:06,1055832083432,341473,100,24039,2730,67
1784646427.1088,23:07:07,1055832149755,341473,100,24039,2730,67
1784646427.3088,23:07:07,1055832212139,341473,100,24039,2730,67
1784646427.5088,23:07:07,1055832278251,338381,100,24039,2730,68
1784646427.7088,23:07:07,1055832344656,338381,100,24039,2730,68
1784646427.9088,23:07:07,1055832411200,338351,100,24039,2730,67
1784646428.1088,23:07:08,1055832477727,338351,100,24039,2730,67
1784646428.3088,23:07:08,1055832544226,338351,100,24039,2730,67
1784646428.5088,23:07:08,1055832610703,338591,100,24039,2730,67
1784646428.7088,23:07:08,1055832677082,338591,100,24039,2730,67
1784646428.9088,23:07:08,1055832743385,342055,100,24039,2730,67
1784646429.1088,23:07:09,1055832809694,342055,100,24039,2730,67
1784646429.3088,23:07:09,1055832876060,342055,100,24039,2730,67
1784646429.5088,23:07:09,1055832942505,341873,100,24039,2730,67
1784646429.7088,23:07:09,1055833008753,341873,100,24039,2730,67
1784646429.9088,23:07:09,1055833070816,341732,100,24039,2730,67
1784646430.1088,23:07:10,1055833137055,341732,100,24039,2730,67
1784646430.3088,23:07:10,1055833203343,341732,100,24039,2730,67
1784646430.5088,23:07:10,1055833269719,338708,100,24039,2730,67
1784646430.7088,23:07:10,1055833335987,338708,100,24039,2730,67
1784646430.9088,23:07:10,1055833402294,338983,100,24039,2730,67
1784646431.1088,23:07:11,1055833468508,338983,100,24039,2730,67
1784646431.3088,23:07:11,1055833534805,338983,100,24039,2730,67
1784646431.5088,23:07:11,1055833601103,342423,100,24039,2730,67
1784646431.7088,23:07:11,1055833667251,342423,100,24039,2730,67
1784646431.9088,23:07:11,1055833733420,342405,100,24039,2730,67
1784646432.1088,23:07:12,1055833796868,342405,100,24039,2730,67
1784646432.3088,23:07:12,1055833862937,342405,100,24039,2730,67
1784646432.5088,23:07:12,1055833928984,338586,100,24039,2730,67
1784646432.7088,23:07:12,1055833990505,338586,100,24039,2730,67
1784646432.9088,23:07:12,1055834056457,334951,100,24039,2730,67
1784646433.1088,23:07:13,1055834122353,334951,100,24039,2730,67
1784646433.3088,23:07:13,1055834183980,334951,100,24039,2730,67
1784646433.5088,23:07:13,1055834249739,335183,100,24039,2730,67
1784646433.7088,23:07:13,1055834315553,335183,100,24039,2730,67
1784646433.9088,23:07:13,1055834381411,338454,100,24039,2730,67
1784646434.1088,23:07:14,1055834447190,338454,100,24039,2730,67
1784646434.3088,23:07:14,1055834513098,338454,100,24039,2730,67
1784646434.5088,23:07:14,1055834578843,338622,100,24039,2730,67
1784646434.7088,23:07:14,1055834644581,338622,100,24039,2730,67
1784646434.9088,23:07:14,1055834710270,342137,100,24039,2730,67
1784646435.1088,23:07:15,1055834775884,342137,100,24039,2730,67
1784646435.3088,23:07:15,1055834841609,342137,100,24039,2730,67
1784646435.5088,23:07:15,1055834907299,342021,100,24039,2730,67
1784646435.7088,23:07:15,1055834972912,342021,100,24039,2730,67
1784646435.9088,23:07:15,1055835038583,342137,100,24039,2730,67
1784646436.1088,23:07:16,1055835104067,342137,100,24039,2730,67
1784646436.3088,23:07:16,1055835169559,342137,100,24039,2730,67
1784646436.5088,23:07:16,1055835235165,341998,100,24039,2730,67
1784646436.7088,23:07:16,1055835300596,341998,100,24039,2730,67
1784646436.9088,23:07:16,1055835366070,341654,100,24039,2730,67
1784646437.1088,23:07:17,1055835431527,341654,100,24039,2730,67
1784646437.3088,23:07:17,1055835497054,341654,100,24039,2730,67
1784646437.5088,23:07:17,1055835562545,341847,100,24039,2730,67
1784646437.7088,23:07:17,1055835627958,341847,100,24039,2730,67
1784646437.9088,23:07:17,1055835693434,342151,100,24039,2730,67
1784646438.1088,23:07:18,1055835758739,342151,100,24039,2730,67
1784646438.3088,23:07:18,1055835824161,342151,100,24039,2730,67
1784646438.5088,23:07:18,1055835889592,342240,100,24039,2730,67
1784646438.7088,23:07:18,1055835954826,342240,100,24039,2730,67
1784646438.9088,23:07:18,1055836020153,342255,100,24039,2730,67
1784646439.1088,23:07:19,1055836085455,342255,100,24039,2730,67
1784646439.3088,23:07:19,1055836150779,342255,100,24039,2730,67
1784646439.5088,23:07:19,1055836216131,342359,100,24039,2730,67
1784646439.7088,23:07:19,1055836283073,342359,100,24039,2730,67
1784646439.9088,23:07:19,1055836348482,342536,100,24039,2730,67
1784646440.1088,23:07:20,1055836413668,342536,100,24039,2730,67
1784646440.3088,23:07:20,1055836479031,342536,100,24039,2730,67
1784646440.5088,23:07:20,1055836540385,342758,100,24039,2730,67
1784646440.7088,23:07:20,1055836605242,342758,100,24039,2730,67
1784646440.9088,23:07:20,1055836670214,339402,100,24039,2730,67
1784646441.1088,23:07:21,1055836735055,339402,100,24039,2730,67
1784646441.3088,23:07:21,1055836799937,339402,100,24039,2730,67
1784646441.5088,23:07:21,1055836864800,338800,100,24039,2730,67
1784646441.7088,23:07:21,1055836929654,338800,100,24039,2730,67
1784646441.9088,23:07:21,1055836994446,341378,100,24039,2730,67
1784646442.1088,23:07:22,1055837059138,341378,100,24039,2730,67
1784646442.3088,23:07:22,1055837124081,341378,100,24039,2730,67
1784646442.5088,23:07:22,1055837187075,341372,100,24039,2730,67
1784646442.7088,23:07:22,1055837251566,341372,100,24039,2730,67
1784646442.9088,23:07:22,1055837316097,338679,100,24039,2730,67
1784646443.1088,23:07:23,1055837380583,338679,100,24039,2730,67
1784646443.3088,23:07:23,1055837445241,338679,100,24039,2730,67
1784646443.5088,23:07:23,1055837509809,338505,100,24039,2730,67
1784646443.7088,23:07:23,1055837574336,338505,100,24039,2730,67
1784646443.9088,23:07:23,1055837638947,341070,100,24039,2730,67
1784646444.1088,23:07:24,1055837703371,341070,100,24039,2730,67
1784646444.3088,23:07:24,1055837767859,341070,100,24039,2730,67
1784646444.5088,23:07:24,1055837832306,341252,100,24039,2730,67
1784646444.7088,23:07:24,1055837896615,341252,100,24039,2730,67
1784646444.9088,23:07:24,1055837961075,341143,100,24039,2730,67
1784646445.1088,23:07:25,1055838025501,341143,100,24039,2730,67
1784646445.3089,23:07:25,1055838090000,341143,100,24039,2730,67
1784646445.5088,23:07:25,1055838154427,341311,100,24039,2730,67
1784646445.7088,23:07:25,1055838218787,341311,100,24039,2730,67
1784646445.9088,23:07:25,1055838283087,341600,100,24039,2730,67
1784646446.1088,23:07:26,1055838340060,341600,100,24039,2730,67
1784646446.3088,23:07:26,1055838404293,341600,100,24039,2730,67
1784646446.5088,23:07:26,1055838468524,335689,100,24039,2730,67
1784646446.7088,23:07:26,1055838532710,335689,100,24039,2730,67
1784646446.9088,23:07:26,1055838596933,335617,100,24039,2730,67
1784646447.1088,23:07:27,1055838658644,335617,100,24039,2730,67
1784646447.3088,23:07:27,1055838718528,335617,100,24039,2730,67
1784646447.5088,23:07:27,1055838782911,334030,100,24039,2730,67
1784646447.7088,23:07:27,1055838847024,334030,100,24039,2730,67
1784646447.9088,23:07:27,1055838911196,334189,100,24039,2730,67
1784646448.1088,23:07:28,1055838975362,334189,100,24039,2730,67
1784646448.3088,23:07:28,1055839039497,334189,100,24039,2730,67
1784646448.5088,23:07:28,1055839103760,341837,100,24039,2730,67
1784646448.7088,23:07:28,1055839167925,341837,100,24039,2730,67
1784646448.9088,23:07:28,1055839232069,342157,100,24039,2730,67
1784646449.1088,23:07:29,1055839296212,342157,100,24039,2730,67
1784646449.3088,23:07:29,1055839360369,342157,100,24039,2730,67
1784646449.5088,23:07:29,1055839424439,342337,100,24039,2730,67
1784646449.7088,23:07:29,1055839488451,342337,100,24039,2730,67
1784646449.9088,23:07:29,1055839552432,342241,100,24039,2730,67
1784646450.1088,23:07:30,1055839616345,342241,100,24039,2730,67
1784646450.3088,23:07:30,1055839680388,342241,100,24039,2730,67
1784646450.5088,23:07:30,1055839744391,342198,100,24039,2730,67
1784646450.7088,23:07:30,1055839808285,342198,100,24039,2730,67
1784646450.9088,23:07:30,1055839872100,342120,100,24039,2730,67
1784646451.1088,23:07:31,1055839935801,342120,100,24039,2730,67
1784646451.3088,23:07:31,1055839999627,342120,100,24039,2730,67
1784646451.5088,23:07:31,1055840063349,341962,100,24039,2730,67
1784646451.7088,23:07:31,1055840127247,341962,100,24039,2730,67
1784646451.9088,23:07:31,1055840191262,342009,100,24039,2730,67
1784646452.1088,23:07:32,1055840255043,342009,100,24039,2730,67
1784646452.3088,23:07:32,1055840318809,342009,100,24039,2730,67
1784646452.5088,23:07:32,1055840382536,342486,100,24039,2730,67
1784646452.7088,23:07:32,1055840446239,342486,100,24039,2730,67
1784646452.9088,23:07:32,1055840509953,342532,100,24039,2730,67
1784646453.1088,23:07:33,1055840573566,342532,100,24039,2730,67
1784646453.3088,23:07:33,1055840637181,342532,100,24039,2730,67
1784646453.5088,23:07:33,1055840700894,342316,100,24039,2730,67
1784646453.7088,23:07:33,1055840764563,342316,100,24039,2730,67
1784646453.9088,23:07:33,1055840828310,342539,100,24039,2730,67
1784646454.1088,23:07:34,1055840892049,342539,100,24039,2730,67
1784646454.3088,23:07:34,1055840955785,342539,100,24039,2730,67
1784646454.5088,23:07:34,1055841019490,343071,100,24039,2730,67
1784646454.7088,23:07:34,1055841083193,343071,100,24039,2730,67
1784646454.9088,23:07:34,1055841146861,343411,100,24039,2730,68
1784646455.1088,23:07:35,1055841210348,343411,100,24039,2730,68
1784646455.3088,23:07:35,1055841274060,343411,100,24039,2730,68
1784646455.5088,23:07:35,1055841337616,343437,100,24039,2730,67
1784646455.7088,23:07:35,1055841401082,343437,100,24039,2730,67
1784646455.9088,23:07:35,1055841464664,343449,100,24039,2730,67
1784646456.1088,23:07:36,1055841528159,343449,100,24039,2730,67
1784646456.3088,23:07:36,1055841587819,343449,100,24039,2730,67
1784646456.5088,23:07:36,1055841650865,340426,100,24039,2730,67
1784646456.7088,23:07:36,1055841714023,340426,100,24039,2730,67
1784646456.9088,23:07:36,1055841777220,339780,100,24039,2730,67
1784646457.1088,23:07:37,1055841840255,339780,100,24039,2730,67
1784646457.3088,23:07:37,1055841903495,339780,100,24039,2730,67
1784646457.5088,23:07:37,1055841966655,338957,100,24039,2730,67
1784646457.7088,23:07:37,1055842029740,338957,100,24039,2730,67
1784646457.9088,23:07:37,1055842092855,342115,100,24039,2730,67
1784646458.1088,23:07:38,1055842155815,342115,100,24039,2730,67
1784646458.3088,23:07:38,1055842218815,342115,100,24039,2730,67
1784646458.5088,23:07:38,1055842281793,342105,100,24039,2730,67
1784646458.7088,23:07:38,1055842344645,342105,100,24039,2730,67
1784646458.9088,23:07:38,1055842407662,342032,100,24039,2730,67
1784646459.1088,23:07:39,1055842470459,342032,100,24039,2730,67
1784646459.3088,23:07:39,1055842533283,342032,100,24039,2730,67
1784646459.5088,23:07:39,1055842591019,341959,100,24039,2730,67
1784646459.7088,23:07:39,1055842653999,341959,100,24039,2730,67
1784646459.9088,23:07:39,1055842716856,338060,100,24039,2730,67
1784646460.1088,23:07:40,1055842779569,338060,100,24039,2730,67
1784646460.3088,23:07:40,1055842842417,338060,100,24039,2730,67
1784646460.5088,23:07:40,1055842905202,338232,100,24039,2730,67
1784646460.7088,23:07:40,1055842967977,338232,100,24039,2730,67
1784646460.9088,23:07:40,1055843030732,342356,100,24039,2730,67
1784646461.1088,23:07:41,1055843093461,342356,100,24039,2730,67
1784646461.3088,23:07:41,1055843156279,342356,100,24039,2730,67
1784646461.5088,23:07:41,1055843219092,342570,100,24039,2730,67
1784646461.7088,23:07:41,1055843281805,342570,100,24039,2730,67
1784646461.9088,23:07:41,1055843344573,342789,100,24039,2730,67
1784646462.1088,23:07:42,1055843407184,342789,100,24039,2730,67
1784646462.3088,23:07:42,1055843469881,342789,100,24039,2730,67
1784646462.5088,23:07:42,1055843532520,342872,100,24039,2730,67
1784646462.7088,23:07:42,1055843595069,342872,100,24039,2730,67
1784646462.9088,23:07:42,1055843657732,342861,100,24039,2730,67
1784646463.1088,23:07:43,1055843720325,342861,100,24039,2730,67
1784646463.3088,23:07:43,1055843782906,342861,100,24039,2730,67
1784646463.5088,23:07:43,1055843845460,342912,100,24039,2730,67
1784646463.7088,23:07:43,1055843907971,342912,100,24039,2730,67
1784646463.9088,23:07:43,1055843970463,342981,100,24039,2730,67
1784646464.1088,23:07:44,1055844032836,342981,100,24039,2730,67
1784646464.3088,23:07:44,1055844095355,342981,100,24039,2730,67
1784646464.5088,23:07:44,1055844158033,343023,100,24039,2730,67
1784646464.7088,23:07:44,1055844220506,343023,100,24039,2730,67
1784646464.9088,23:07:44,1055844282960,343211,100,24039,2730,67
1784646465.1088,23:07:45,1055844345275,343211,100,24039,2730,67
1784646465.3088,23:07:45,1055844407649,343211,100,24039,2730,67
1784646465.5088,23:07:45,1055844470066,343340,100,24039,2730,67
1784646465.7088,23:07:45,1055844532326,343340,100,24039,2730,67
1784646465.9088,23:07:45,1055844594712,343163,100,24039,2730,67
1784646466.1088,23:07:46,1055844656901,343163,100,24039,2730,67
1784646466.3088,23:07:46,1055844719165,343163,100,24039,2730,67
1784646466.5088,23:07:46,1055844781313,343072,100,24039,2730,67
1784646466.7088,23:07:46,1055844843352,343072,100,24039,2730,67
1784646466.9088,23:07:46,1055844905427,342851,100,24039,2730,67
1784646467.1088,23:07:47,1055844967388,342851,100,24039,2730,67
1784646467.3088,23:07:47,1055845029679,342851,100,24039,2730,67
1784646467.5088,23:07:47,1055845091815,342744,100,24039,2730,68
1784646467.7088,23:07:47,1055845149605,342744,100,24039,2730,68
1784646467.9088,23:07:47,1055845211358,339364,100,24039,2730,67
1784646468.1088,23:07:48,1055845273031,339364,100,24039,2730,67
1784646468.3089,23:07:48,1055845334889,339364,100,24039,2730,67
1784646468.5088,23:07:48,1055845396550,338952,100,24039,2730,67
1784646468.7088,23:07:48,1055845458276,338952,100,24039,2730,67
1784646468.9088,23:07:48,1055845520020,341776,100,24039,2730,67
1784646469.1088,23:07:49,1055845581670,341776,100,24039,2730,67
1784646469.3088,23:07:49,1055845643391,341776,100,24039,2730,67
1784646469.5088,23:07:49,1055845705088,341948,100,24039,2730,67
1784646469.7088,23:07:49,1055845765470,341948,100,24039,2730,67
1784646469.9088,23:07:49,1055845826168,339283,100,24039,2730,67
1784646470.1088,23:07:50,1055845887290,339283,100,24039,2730,67
1784646470.3088,23:07:50,1055845948893,339283,100,24039,2730,67
1784646470.5088,23:07:50,1055846010537,336475,100,24039,2730,67
1784646470.7088,23:07:50,1055846072062,336475,100,24039,2730,67
1784646470.9088,23:07:50,1055846133666,339169,100,24039,2730,67
1784646471.1088,23:07:51,1055846200579,339169,100,24039,2730,67
1784646471.3088,23:07:51,1055846262135,339169,100,24039,2730,67
1784646471.5088,23:07:51,1055846329069,342270,100,24039,2730,67
1784646471.7088,23:07:51,1055846395961,342270,100,24039,2730,67
1784646471.9088,23:07:51,1055846462843,342379,100,24039,2730,67
1784646472.1088,23:07:52,1055846529640,342379,100,24039,2730,67
1784646472.3088,23:07:52,1055846596536,342379,100,24039,2730,67
1784646472.5088,23:07:52,1055846663387,342268,100,24039,2730,67
1784646472.7088,23:07:52,1055846730175,342268,100,24039,2730,67
1784646472.9088,23:07:52,1055846797110,342304,100,24039,2730,67
1784646473.1088,23:07:53,1055846864020,342304,100,24039,2730,67
1784646473.3088,23:07:53,1055846930926,342304,100,24039,2730,67
1784646473.5088,23:07:53,1055846993868,342462,100,24039,2730,67
1784646473.7088,23:07:53,1055847060531,342462,100,24039,2730,67
1784646473.9088,23:07:53,1055847127321,339206,100,24039,2730,67
1784646474.1088,23:07:54,1055847194040,339206,100,24039,2730,67
1784646474.3088,23:07:54,1055847260835,339206,100,24039,2730,67
1784646474.5088,23:07:54,1055847327658,338947,100,24039,2730,67
1784646474.7088,23:07:54,1055847394466,338947,100,24039,2730,67
1784646474.9088,23:07:54,1055847461216,341956,100,24039,2730,67
1784646475.1088,23:07:55,1055847527922,341956,100,24039,2730,67
1784646475.3088,23:07:55,1055847594764,341956,100,24039,2730,67
1784646475.5088,23:07:55,1055847661481,341855,100,24039,2730,67
1784646475.7088,23:07:55,1055847728294,341855,100,24039,2730,67
1784646475.9088,23:07:55,1055847795103,341864,100,24039,2730,67
1784646476.1088,23:07:56,1055847861822,341864,100,24039,2730,67
1784646476.3088,23:07:56,1055847928601,341864,100,24039,2730,67
1784646476.5088,23:07:56,1055847995369,341877,100,24039,2730,67
1784646476.7088,23:07:56,1055848056959,341877,100,24039,2730,67
1784646476.9088,23:07:56,1055848119988,334690,87,24039,2730,67
1784646477.1088,23:07:57,1055848186736,334690,87,24039,2730,67
1784646477.3088,23:07:57,1055848253474,334690,87,24039,2730,67
1784646477.5088,23:07:57,1055848316894,334709,87,24039,2730,67
1784646477.7088,23:07:57,1055848383561,334709,87,24039,2730,67
1784646477.9088,23:07:57,1055848450238,335796,100,24039,2730,67
1784646478.1088,23:07:58,1055848517030,335796,100,24039,2730,67
1784646478.3088,23:07:58,1055848583741,335796,100,24039,2730,67
1784646478.5088,23:07:58,1055848650549,338702,100,24039,2730,67
1784646478.7088,23:07:58,1055848717342,338702,100,24039,2730,67
1784646478.9088,23:07:58,1055848784145,341882,100,24039,2730,67
1784646479.1088,23:07:59,1055848850944,341882,100,24039,2730,67
1784646479.3088,23:07:59,1055848917748,341882,100,24039,2730,67
1784646479.5088,23:07:59,1055848984631,342016,100,24039,2730,67
1784646479.7088,23:07:59,1055849051425,342016,100,24039,2730,67
1784646479.9088,23:07:59,1055849118278,342142,100,24039,2730,67
1784646480.1088,23:08:00,1055849185176,342142,100,24039,2730,67
1784646480.3088,23:08:00,1055849252052,342142,100,24039,2730,67
1784646480.5088,23:08:00,1055849318921,342333,100,24039,2730,67
1784646480.7088,23:08:00,1055849385894,342333,100,24039,2730,67
1784646480.9088,23:08:00,1055849452777,342382,100,24039,2730,67
1784646481.1088,23:08:01,1055849519549,342382,100,24039,2730,67
1784646481.3088,23:08:01,1055849586531,342382,100,24039,2730,67
1784646481.5088,23:08:01,1055849653361,342471,100,24039,2730,67
1784646481.7088,23:08:01,1055849720279,342471,100,24039,2730,67
1784646481.9088,23:08:01,1055849785874,339667,87,24039,2730,67
1784646482.1088,23:08:02,1055849852558,339667,87,24039,2730,67
1784646482.3088,23:08:02,1055849919306,339667,87,24039,2730,67
1784646482.5088,23:08:02,1055849985941,338921,87,24039,2730,67
1784646482.7088,23:08:02,1055850052643,338921,87,24039,2730,67
1784646482.9088,23:08:02,1055850119447,338524,100,24039,2730,67
1784646483.1088,23:08:03,1055850186308,338524,100,24039,2730,67
1784646483.3088,23:08:03,1055850253059,338524,100,24039,2730,67
1784646483.5088,23:08:03,1055850319838,341723,100,24039,2730,67
1784646483.7088,23:08:03,1055850386664,341723,100,24039,2730,67
1784646483.9088,23:08:03,1055850453284,341814,100,24039,2730,67
1784646484.1088,23:08:04,1055850519976,341814,100,24039,2730,67
1784646484.3088,23:08:04,1055850586863,341814,100,24039,2730,67
1784646484.5088,23:08:04,1055850653813,341811,100,24039,2730,67
1784646484.7088,23:08:04,1055850720733,341811,100,24039,2730,67
1784646484.9088,23:08:04,1055850787510,342119,100,24039,2730,67
1784646485.1088,23:08:05,1055850851063,342119,100,24039,2730,67
1784646485.3088,23:08:05,1055850917825,342119,100,24039,2730,67
1784646485.5088,23:08:05,1055850984543,338273,100,24039,2730,67
1784646485.7088,23:08:05,1055851051215,338273,100,24039,2730,67
1784646485.9088,23:08:05,1055851117925,338160,100,24039,2730,67
1784646486.1088,23:08:06,1055851184556,338160,100,24039,2730,67
1784646486.3088,23:08:06,1055851251307,338160,100,24039,2730,67
1784646486.5088,23:08:06,1055851317984,342370,100,24039,2730,67
1784646486.7088,23:08:06,1055851384575,342370,100,24039,2730,67
1784646486.9088,23:08:06,1055851451259,342594,100,24039,2730,67
1784646487.1088,23:08:07,1055851517871,342594,100,24039,2730,67
1784646487.3088,23:08:07,1055851584385,342594,100,24039,2730,67
1784646487.5088,23:08:07,1055851650918,342770,100,24039,2730,67
1784646487.7088,23:08:07,1055851717352,342770,100,24039,2730,67
1784646487.9088,23:08:07,1055851783966,342700,100,24039,2730,67
1784646488.1088,23:08:08,1055851850420,342700,100,24039,2730,67
1784646488.3089,23:08:08,1055851916990,342700,100,24039,2730,67
1784646488.5088,23:08:08,1055851983343,342700,100,24039,2730,67
1784646488.7088,23:08:08,1055852049744,342700,100,24039,2730,67
1784646488.9088,23:08:08,1055852116245,342799,100,24039,2730,67
1784646489.1088,23:08:09,1055852182627,342799,100,24039,2730,67
1784646489.3088,23:08:09,1055852249083,342799,100,24039,2730,67
1784646489.5088,23:08:09,1055852315400,342870,100,24039,2730,67
1784646489.7088,23:08:09,1055852381677,342870,100,24039,2730,67
1784646489.9088,23:08:09,1055852447956,342820,100,24039,2730,67
1784646490.1088,23:08:10,1055852514191,342820,100,24039,2730,67
1784646490.3088,23:08:10,1055852580260,342820,100,24039,2730,67
1784646490.5088,23:08:10,1055852646439,342726,100,24039,2730,67
1784646490.7088,23:08:10,1055852712651,342726,100,24039,2730,67
1784646490.9088,23:08:10,1055852778797,342636,100,24039,2730,67
1784646491.1088,23:08:11,1055852844858,342636,100,24039,2730,67
1784646491.3088,23:08:11,1055852911086,342636,100,24039,2730,67
1784646491.5088,23:08:11,1055852977253,342667,100,24039,2730,67
1784646491.7088,23:08:11,1055853043341,342667,100,24039,2730,67
1784646491.9088,23:08:11,1055853109454,342839,100,24039,2730,68
1784646492.1088,23:08:12,1055853175509,342839,100,24039,2730,68
1784646492.3088,23:08:12,1055853241582,342839,100,24039,2730,68
1784646492.5088,23:08:12,1055853307688,343098,100,24039,2730,68
1784646492.7088,23:08:12,1055853373672,343098,100,24039,2730,68
1784646492.9088,23:08:12,1055853434965,343167,100,24039,2730,66
1784646493.1088,23:08:13,1055853500486,343167,100,24039,2730,66
1784646493.3088,23:08:13,1055853566243,343167,100,24039,2730,66
1784646493.5088,23:08:13,1055853631984,338883,100,24039,2730,67
1784646493.7088,23:08:13,1055853697771,338883,100,24039,2730,67
1784646493.9088,23:08:13,1055853763490,338369,100,24039,2730,67
1784646494.1088,23:08:14,1055853829077,338369,100,24039,2730,67
1784646494.3088,23:08:14,1055853894716,338369,100,24039,2730,67
1784646494.5088,23:08:14,1055853960301,341993,100,24039,2730,67
1784646494.7088,23:08:14,1055854025832,341993,100,24039,2730,67
1784646494.9088,23:08:14,1055854091517,341861,100,24039,2730,67
1784646495.1088,23:08:15,1055854157064,341861,100,24039,2730,67
1784646495.3088,23:08:15,1055854222574,341861,100,24039,2730,67
1784646495.5088,23:08:15,1055854288159,342046,100,24039,2730,67
1784646495.7088,23:08:15,1055854353667,342046,100,24039,2730,67
1784646495.9088,23:08:15,1055854419310,342349,100,24039,2730,67
1784646496.1088,23:08:16,1055854484956,342349,100,24039,2730,67
1784646496.3088,23:08:16,1055854550416,342349,100,24039,2730,67
1784646496.5088,23:08:16,1055854615899,342448,100,24039,2730,67
1784646496.7088,23:08:16,1055854676930,342448,100,24039,2730,67
1784646496.9088,23:08:16,1055854742304,339064,100,24039,2730,67
1784646497.1088,23:08:17,1055854807604,339064,100,24039,2730,67
1784646497.3088,23:08:17,1055854872862,339064,100,24039,2730,67
1784646497.5088,23:08:17,1055854938173,338705,100,24039,2730,67
1784646497.7088,23:08:17,1055855003414,338705,100,24039,2730,67
1784646497.9088,23:08:17,1055855068642,341961,100,24039,2730,67
1784646498.1088,23:08:18,1055855133822,341961,100,24039,2730,67
1784646498.3089,23:08:18,1055855199050,341961,100,24039,2730,67
1784646498.5088,23:08:18,1055855264175,342027,100,24039,2730,67
1784646498.7088,23:08:18,1055855325227,342027,100,24039,2730,67
1784646498.9088,23:08:18,1055855390290,338901,100,24039,2730,67
1784646499.1088,23:08:19,1055855450282,338901,100,24039,2730,67
1784646499.3088,23:08:19,1055855515272,338901,100,24039,2730,67
1784646499.5088,23:08:19,1055855580421,334727,100,24039,2730,67
1784646499.7088,23:08:19,1055855645437,334727,100,24039,2730,67
1784646499.9088,23:08:19,1055855710489,338022,100,24039,2730,67
1784646500.1088,23:08:20,1055855775534,338022,100,24039,2730,67
1784646500.3088,23:08:20,1055855840570,338022,100,24039,2730,67
1784646500.5088,23:08:20,1055855905610,342453,100,24039,2730,68
1784646500.7088,23:08:20,1055855970594,342453,100,24039,2730,68
1784646500.9088,23:08:20,1055856035639,342610,100,24039,2730,67
1784646501.1088,23:08:21,1055856100565,342610,100,24039,2730,67
1784646501.3088,23:08:21,1055856165557,342610,100,24039,2730,67
1784646501.5088,23:08:21,1055856230478,342701,100,24039,2730,68
1784646501.7088,23:08:21,1055856295477,342701,100,24039,2730,68
1784646501.9088,23:08:21,1055856360584,343028,100,24039,2730,67
1784646502.1088,23:08:22,1055856425581,343028,100,24039,2730,67
1784646502.3088,23:08:22,1055856490455,343028,100,24039,2730,67
1784646502.5088,23:08:22,1055856555431,343239,100,24039,2730,68
1784646502.7088,23:08:22,1055856620283,343239,100,24039,2730,68
1784646502.9088,23:08:22,1055856685208,343233,100,24039,2730,68
1784646503.1088,23:08:23,1055856749446,343233,100,24039,2730,68
1784646503.3088,23:08:23,1055856813630,343233,100,24039,2730,68
1784646503.5088,23:08:23,1055856874708,339590,100,24039,2730,67
1784646503.7088,23:08:23,1055856939143,339590,100,24039,2730,67
1784646503.9088,23:08:23,1055857003514,336259,100,24039,2730,67
1784646504.1088,23:08:24,1055857067974,336259,100,24039,2730,67
1784646504.3088,23:08:24,1055857132370,336259,100,24039,2730,67
1784646504.5088,23:08:24,1055857196743,339126,100,24039,2730,67
1784646504.7088,23:08:24,1055857261147,339126,100,24039,2730,67
1784646504.9088,23:08:24,1055857325539,341819,100,24039,2730,67
1784646505.1088,23:08:25,1055857389877,341819,100,24039,2730,67
1784646505.3088,23:08:25,1055857454235,341819,100,24039,2730,67
1784646505.5088,23:08:25,1055857518591,341971,100,24039,2730,67
1784646505.7088,23:08:25,1055857582718,341971,100,24039,2730,67
1784646505.9088,23:08:25,1055857646936,341906,100,24039,2730,67
1784646506.1088,23:08:26,1055857711116,341906,100,24039,2730,67
1784646506.3088,23:08:26,1055857775403,341906,100,24039,2730,67
1784646506.5088,23:08:26,1055857839485,341683,100,24039,2730,67
1784646506.7088,23:08:26,1055857900552,341683,100,24039,2730,67
1784646506.9088,23:08:26,1055857961222,335012,88,24039,2730,67
1784646507.1088,23:08:27,1055858025172,335012,88,24039,2730,67
1784646507.3088,23:08:27,1055858089111,335012,88,24039,2730,67
1784646507.5088,23:08:27,1055858153097,334828,88,24039,2730,67
1784646507.7088,23:08:27,1055858216960,334828,88,24039,2730,67
1784646507.9088,23:08:27,1055858280959,338495,100,24039,2730,67
1784646508.1088,23:08:28,1055858344777,338495,100,24039,2730,67
1784646508.3088,23:08:28,1055858408766,338495,100,24039,2730,67
1784646508.5088,23:08:28,1055858472735,341415,100,24039,2730,67
1784646508.7088,23:08:28,1055858536575,341415,100,24039,2730,67
1784646508.9088,23:08:28,1055858600491,341581,100,24039,2730,67
1784646509.1088,23:08:29,1055858664282,341581,100,24039,2730,67
1784646509.3088,23:08:29,1055858728314,341581,100,24039,2730,67
1784646509.5089,23:08:29,1055858792134,341781,100,24039,2730,67
1784646509.7088,23:08:29,1055858855815,341781,100,24039,2730,67
1784646509.9088,23:08:29,1055858919572,341996,100,24039,2730,67
1784646510.1088,23:08:30,1055858979421,341996,100,24039,2730,67
1784646510.3088,23:08:30,1055859042867,341996,100,24039,2730,67
1784646510.5088,23:08:30,1055859106394,339010,100,24039,2730,67
1784646510.7088,23:08:30,1055859169846,339010,100,24039,2730,67
1784646510.9088,23:08:30,1055859233290,338509,100,24039,2730,67
1784646511.1088,23:08:31,1055859296769,338509,100,24039,2730,67
1784646511.3088,23:08:31,1055859360162,338509,100,24039,2730,67
1784646511.5088,23:08:31,1055859421066,340301,100,24039,2730,67
1784646511.7088,23:08:31,1055859484471,340301,100,24039,2730,67
1784646511.9088,23:08:31,1055859548042,338146,100,24039,2730,67
1784646512.1088,23:08:32,1055859611511,338146,100,24039,2730,67
1784646512.3088,23:08:32,1055859675022,338146,100,24039,2730,67
1784646512.5088,23:08:32,1055859738571,338252,100,24039,2730,67
1784646512.7088,23:08:32,1055859802007,338252,100,24039,2730,67
1784646512.9088,23:08:32,1055859865501,341869,100,24039,2730,67
1784646513.1088,23:08:33,1055859928883,341869,100,24039,2730,67
1784646513.3088,23:08:33,1055859992328,341869,100,24039,2730,67
1784646513.5088,23:08:33,1055860055737,341951,100,24039,2730,67
1784646513.7088,23:08:33,1055860119175,341951,100,24039,2730,67
1784646513.9088,23:08:33,1055860182587,342027,100,24039,2730,67
1784646514.1088,23:08:34,1055860245803,342027,100,24039,2730,67
1784646514.3088,23:08:34,1055860309081,342027,100,24039,2730,67
1784646514.5088,23:08:34,1055860372390,342064,100,24039,2730,67
1784646514.7088,23:08:34,1055860435781,342064,100,24039,2730,67
1784646514.9088,23:08:34,1055860499025,342078,100,24039,2730,67
1784646515.1088,23:08:35,1055860562253,342078,100,24039,2730,67
1784646515.3088,23:08:35,1055860625542,342078,100,24039,2730,67
1784646515.5088,23:08:35,1055860688826,342281,100,24039,2730,67
1784646515.7088,23:08:35,1055860752042,342281,100,24039,2730,67
1784646515.9088,23:08:35,1055860815387,342614,100,24039,2730,67
1784646516.1088,23:08:36,1055860878600,342614,100,24039,2730,67
1784646516.3088,23:08:36,1055860941783,342614,100,24039,2730,67
1784646516.5088,23:08:36,1055861004956,342787,100,24039,2730,67
1784646516.7088,23:08:36,1055861068042,342787,100,24039,2730,67
1784646516.9088,23:08:36,1055861127568,338220,79,24039,2730,67
1784646517.1088,23:08:37,1055861190588,338220,79,24039,2730,67
1784646517.3088,23:08:37,1055861253730,338220,79,24039,2730,67
1784646517.5088,23:08:37,1055861316846,338170,79,24039,2730,67
1784646517.7088,23:08:37,1055861379795,338170,79,24039,2730,67
1784646517.9088,23:08:37,1055861442927,338188,100,24039,2730,67
1784646518.1088,23:08:38,1055861505920,338188,100,24039,2730,67
1784646518.3088,23:08:38,1055861569047,338188,100,24039,2730,67
1784646518.5088,23:08:38,1055861632104,343022,100,24039,2730,67
1784646518.7088,23:08:38,1055861695017,343022,100,24039,2730,67
1784646518.9088,23:08:38,1055861758103,343157,100,24039,2730,67
1784646519.1088,23:08:39,1055861820984,343157,100,24039,2730,67
1784646519.3088,23:08:39,1055861883884,343157,100,24039,2730,67
1784646519.5088,23:08:39,1055861946800,343074,100,24039,2730,67
1784646519.7088,23:08:39,1055862009627,343074,100,24039,2730,67
1784646519.9088,23:08:39,1055862072456,343035,100,24039,2730,67
1784646520.1088,23:08:40,1055862135226,343035,100,24039,2730,67
1784646520.3088,23:08:40,1055862197713,343035,100,24039,2730,67
1784646520.5088,23:08:40,1055862260495,343114,100,24039,2730,68
1784646520.7088,23:08:40,1055862323143,343114,100,24039,2730,68
1784646520.9088,23:08:40,1055862385910,342995,100,24039,2730,67
1784646521.1088,23:08:41,1055862448479,342995,100,24039,2730,67
1784646521.3088,23:08:41,1055862511160,342995,100,24039,2730,67
1784646521.5088,23:08:41,1055862573821,342827,100,24039,2730,67
1784646521.7088,23:08:41,1055862636376,342827,100,24039,2730,67
1784646521.9088,23:08:41,1055862698901,342890,100,24039,2730,68
1784646522.1088,23:08:42,1055862761397,342890,100,24039,2730,68
1784646522.3088,23:08:42,1055862823892,342890,100,24039,2730,68
1784646522.5088,23:08:42,1055862886398,342793,100,24039,2730,67
1784646522.7088,23:08:42,1055862948816,342793,100,24039,2730,67
1784646522.9088,23:08:42,1055863011253,342649,100,24039,2730,67
1784646523.1088,23:08:43,1055863073673,342649,100,24039,2730,67
1784646523.3088,23:08:43,1055863136141,342649,100,24039,2730,67
1784646523.5088,23:08:43,1055863198583,342722,100,24039,2730,67
1784646523.7088,23:08:43,1055863260875,342722,100,24039,2730,67
1784646523.9088,23:08:43,1055863323255,342772,100,24039,2730,67
1784646524.1088,23:08:44,1055863385585,342772,100,24039,2730,67
1784646524.3088,23:08:44,1055863447907,342772,100,24039,2730,67
1784646524.5088,23:08:44,1055863510263,342792,100,24039,2730,68
1784646524.7088,23:08:44,1055863572504,342792,100,24039,2730,68
1784646524.9088,23:08:44,1055863634746,342977,100,24039,2730,67
1784646525.1088,23:08:45,1055863696755,342977,100,24039,2730,67
1784646525.3088,23:08:45,1055863758879,342977,100,24039,2730,67
1784646525.5088,23:08:45,1055863821022,342781,100,24039,2730,68
1784646525.7088,23:08:45,1055863883139,342781,100,24039,2730,68
1784646525.9088,23:08:45,1055863945211,342473,100,24039,2730,67
1784646526.1088,23:08:46,1055864007228,342473,100,24039,2730,67
1784646526.3088,23:08:46,1055864069320,342473,100,24039,2730,67
1784646526.5088,23:08:46,1055864131291,342588,100,24039,2730,68
1784646526.7088,23:08:46,1055864193244,342588,100,24039,2730,68
1784646526.9088,23:08:46,1055864255309,342731,100,24039,2730,68
1784646527.1088,23:08:47,1055864317214,342731,100,24039,2730,68
1784646527.3088,23:08:47,1055864379119,342731,100,24039,2730,68
1784646527.5088,23:08:47,1055864441039,342756,100,24039,2730,68
1784646527.7088,23:08:47,1055864502871,342756,100,24039,2730,68
1784646527.9088,23:08:47,1055864564877,342720,100,24039,2730,67
1784646528.1088,23:08:48,1055864626677,342720,100,24039,2730,67
1784646528.3088,23:08:48,1055864688604,342720,100,24039,2730,67
1784646528.5088,23:08:48,1055864750412,342840,100,24039,2730,68
1784646528.7088,23:08:48,1055864812126,342840,100,24039,2730,68
1784646528.9088,23:08:48,1055864873821,342787,100,24039,2730,68
1784646529.1088,23:08:49,1055864930197,342787,100,24039,2730,68
1784646529.3088,23:08:49,1055864988024,342787,100,24039,2730,68
1784646529.5088,23:08:49,1055865049426,335442,100,24039,2730,67
1784646529.7088,23:08:49,1055865115978,335442,100,24039,2730,67
1784646529.9088,23:08:49,1055865177366,334656,100,24039,2730,67
1784646530.1088,23:08:50,1055865244034,334656,100,24039,2730,67
1784646530.3088,23:08:50,1055865310739,334656,100,24039,2730,67
1784646530.5088,23:08:50,1055865377336,341104,100,24039,2730,67
1784646530.7088,23:08:50,1055865438801,341104,100,24039,2730,67
1784646530.9088,23:08:50,1055865505566,341475,100,24039,2730,67
1784646531.1088,23:08:51,1055865572371,341475,100,24039,2730,67
1784646531.3088,23:08:51,1055865630329,341475,100,24039,2730,67
1784646531.5088,23:08:51,1055865696873,334187,100,24039,2730,67
1784646531.7088,23:08:51,1055865763562,334187,100,24039,2730,67
1784646531.9088,23:08:51,1055865830193,334107,100,24039,2730,67
1784646532.1088,23:08:52,1055865896959,334107,100,24039,2730,67
1784646532.3088,23:08:52,1055865963556,334107,100,24039,2730,67
1784646532.5088,23:08:52,1055866030234,337986,100,24039,2730,67
1784646532.7088,23:08:52,1055866097023,337986,100,24039,2730,67
1784646532.9088,23:08:52,1055866163764,341752,100,24039,2730,67
1784646533.1089,23:08:53,1055866230609,341752,100,24039,2730,67
1784646533.3088,23:08:53,1055866297240,341752,100,24039,2730,67
1784646533.5088,23:08:53,1055866363925,341886,100,24039,2730,67
1784646533.7088,23:08:53,1055866430676,341886,100,24039,2730,67
1784646533.9088,23:08:53,1055866497397,341895,100,24039,2730,67
1784646534.1088,23:08:54,1055866564124,341895,100,24039,2730,67
1784646534.3088,23:08:54,1055866630905,341895,100,24039,2730,67
1784646534.5088,23:08:54,1055866697668,341794,100,24039,2730,67
1784646534.7088,23:08:54,1055866764275,341794,100,24039,2730,67
1784646534.9088,23:08:54,1055866830988,341800,100,24039,2730,67
1784646535.1088,23:08:55,1055866897721,341800,100,24039,2730,67
1784646535.3088,23:08:55,1055866964476,341800,100,24039,2730,67
1784646535.5088,23:08:55,1055867031240,341815,100,24039,2730,67
1784646535.7088,23:08:55,1055867098101,341815,100,24039,2730,67
1784646535.9088,23:08:55,1055867164989,341991,100,24039,2730,67
1784646536.1088,23:08:56,1055867231712,341991,100,24039,2730,67
1784646536.3088,23:08:56,1055867298603,341991,100,24039,2730,67
1784646536.5088,23:08:56,1055867365462,342307,100,24039,2730,67
1784646536.7088,23:08:56,1055867432239,342307,100,24039,2730,67
1784646536.9088,23:08:56,1055867499141,342397,100,24039,2730,67
1784646537.1088,23:08:57,1055867565966,342397,100,24039,2730,67
1784646537.3088,23:08:57,1055867632794,342397,100,24039,2730,67
1784646537.5088,23:08:57,1055867699582,342406,100,24039,2730,67
1784646537.7088,23:08:57,1055867766493,342406,100,24039,2730,67
1784646537.9088,23:08:57,1055867833312,342439,100,24039,2730,67
1784646538.1088,23:08:58,1055867900156,342439,100,24039,2730,67
1784646538.3088,23:08:58,1055867967037,342439,100,24039,2730,67
1784646538.5088,23:08:58,1055868033952,342495,100,24039,2730,67
1784646538.7088,23:08:58,1055868100847,342495,100,24039,2730,67
1784646538.9088,23:08:58,1055868167654,342575,100,24039,2730,67
1784646539.1088,23:08:59,1055868234601,342575,100,24039,2730,67
1784646539.3088,23:08:59,1055868301549,342575,100,24039,2730,67
1784646539.5088,23:08:59,1055868368443,342726,100,24039,2730,67
1784646539.7088,23:08:59,1055868435384,342726,100,24039,2730,67
1784646539.9088,23:08:59,1055868502267,342662,100,24039,2730,67
1784646540.1088,23:09:00,1055868569232,342662,100,24039,2730,67
1784646540.3088,23:09:00,1055868629023,342662,100,24039,2730,67
1784646540.5088,23:09:00,1055868695669,337140,100,24039,2730,67
1784646540.7088,23:09:00,1055868762281,337140,100,24039,2730,67
1784646540.9088,23:09:00,1055868829010,336614,100,24039,2730,67
1784646541.1088,23:09:01,1055868895718,336614,100,24039,2730,67
1784646541.3088,23:09:01,1055868962434,336614,100,24039,2730,67
1784646541.5088,23:09:01,1055869029086,339278,100,24039,2730,67
1784646541.7088,23:09:01,1055869095691,339278,100,24039,2730,67
1784646541.9088,23:09:01,1055869162425,341667,100,24039,2730,67
1784646542.1088,23:09:02,1055869229157,341667,100,24039,2730,67
1784646542.3088,23:09:02,1055869295938,341667,100,24039,2730,67
1784646542.5088,23:09:02,1055869362632,341691,100,24039,2730,67
1784646542.7088,23:09:02,1055869429390,341691,100,24039,2730,67
1784646542.9088,23:09:02,1055869496187,341828,100,24039,2730,67
1784646543.1088,23:09:03,1055869562871,341828,100,24039,2730,67
1784646543.3088,23:09:03,1055869629576,341828,100,24039,2730,67
1784646543.5088,23:09:03,1055869696377,341886,100,24039,2730,67
1784646543.7088,23:09:03,1055869763054,341886,100,24039,2730,67
1784646543.9088,23:09:03,1055869829976,342085,100,24039,2730,67
1784646544.1088,23:09:04,1055869896682,342085,100,24039,2730,67
1784646544.3088,23:09:04,1055869963451,342085,100,24039,2730,67
1784646544.5088,23:09:04,1055870030189,342463,100,24039,2730,67
1784646544.7088,23:09:04,1055870096910,342463,100,24039,2730,67
1784646544.9088,23:09:04,1055870163655,342707,100,24039,2730,67
1784646545.1088,23:09:05,1055870230138,342707,100,24039,2730,67
1784646545.3088,23:09:05,1055870292451,342707,100,24039,2730,67
1784646545.5088,23:09:05,1055870358834,339313,100,24039,2730,67
1784646545.7088,23:09:05,1055870421918,339313,100,24039,2730,67
1784646545.9088,23:09:05,1055870488259,336261,100,24039,2730,67
1784646546.1088,23:09:06,1055870554583,336261,100,24039,2730,67
1784646546.3088,23:09:06,1055870621004,336261,100,24039,2730,67
1784646546.5088,23:09:06,1055870687438,335852,100,24039,2730,67
1784646546.7088,23:09:06,1055870753587,335852,100,24039,2730,67
1784646546.9088,23:09:06,1055870819933,341619,100,24039,2730,67
1784646547.1088,23:09:07,1055870886290,341619,100,24039,2730,67
1784646547.3088,23:09:07,1055870952682,341619,100,24039,2730,67
1784646547.5088,23:09:07,1055871019055,341911,100,24039,2730,67
1784646547.7088,23:09:07,1055871085280,341911,100,24039,2730,67
1784646547.9088,23:09:07,1055871151668,342185,100,24039,2730,67
1784646548.1088,23:09:08,1055871217818,342185,100,24039,2730,67
1784646548.3088,23:09:08,1055871284017,342185,100,24039,2730,67
1784646548.5088,23:09:08,1055871350221,342217,100,24039,2730,67
1784646548.7088,23:09:08,1055871416386,342217,100,24039,2730,67
1784646548.9088,23:09:08,1055871482513,342224,100,24039,2730,67
1784646549.1088,23:09:09,1055871548628,342224,100,24039,2730,67
1784646549.3088,23:09:09,1055871614707,342224,100,24039,2730,67
1784646549.5088,23:09:09,1055871680843,342127,100,24039,2730,67
1784646549.7088,23:09:09,1055871746865,342127,100,24039,2730,67
1784646549.9088,23:09:09,1055871813023,342190,100,24039,2730,67
1784646550.1088,23:09:10,1055871879148,342190,100,24039,2730,67
1784646550.3088,23:09:10,1055871945157,342190,100,24039,2730,67
1784646550.5088,23:09:10,1055872011151,342482,100,24039,2730,67
1784646550.7088,23:09:10,1055872077121,342482,100,24039,2730,67
1784646550.9088,23:09:10,1055872143168,342606,100,24039,2730,67
1784646551.1088,23:09:11,1055872208995,342606,100,24039,2730,67
1784646551.3088,23:09:11,1055872274985,342606,100,24039,2730,67
1784646551.5088,23:09:11,1055872340799,342382,100,24039,2730,67
1784646551.7088,23:09:11,1055872406526,342382,100,24039,2730,67
1784646551.9088,23:09:11,1055872472438,342350,100,24039,2730,67
1784646552.1088,23:09:12,1055872538212,342350,100,24039,2730,67
1784646552.3088,23:09:12,1055872598674,342350,100,24039,2730,67
1784646552.5088,23:09:12,1055872664287,338021,100,24039,2730,67
1784646552.7088,23:09:12,1055872729908,338021,100,24039,2730,67
1784646552.9088,23:09:12,1055872795582,337926,100,24039,2730,67
1784646553.1088,23:09:13,1055872861196,337926,100,24039,2730,67
1784646553.3088,23:09:13,1055872926798,337926,100,24039,2730,67
1784646553.5088,23:09:13,1055872992496,337767,100,24039,2730,67
1784646553.7088,23:09:13,1055873058126,337767,100,24039,2730,67
1784646553.9088,23:09:13,1055873123849,342313,100,24039,2730,67
1784646554.1088,23:09:14,1055873189588,342313,100,24039,2730,67
1784646554.3088,23:09:14,1055873255294,342313,100,24039,2730,67
1784646554.5088,23:09:14,1055873320895,342696,100,24039,2730,67
1784646554.7088,23:09:14,1055873386431,342696,100,24039,2730,67
1784646554.9088,23:09:14,1055873452061,342822,100,24039,2730,67
1784646555.1088,23:09:15,1055873517571,342822,100,24039,2730,67
1784646555.3088,23:09:15,1055873583070,342822,100,24039,2730,67
1784646555.5088,23:09:15,1055873648642,342765,100,24039,2730,68
1784646555.7088,23:09:15,1055873714063,342765,100,24039,2730,68
1784646555.9088,23:09:15,1055873779130,342882,100,24039,2730,68
1784646556.1088,23:09:16,1055873843100,342882,100,24039,2730,68
1784646556.3088,23:09:16,1055873908368,342882,100,24039,2730,68
1784646556.5088,23:09:16,1055873973629,339352,100,24039,2730,67
1784646556.7088,23:09:16,1055874038775,339352,100,24039,2730,67
1784646556.9088,23:09:16,1055874104104,339025,100,24039,2730,67
1784646557.1088,23:09:17,1055874169219,339025,100,24039,2730,67
1784646557.3088,23:09:17,1055874234536,339025,100,24039,2730,67
1784646557.5088,23:09:17,1055874299775,342333,100,24039,2730,67
1784646557.7088,23:09:17,1055874364906,342333,100,24039,2730,67
1784646557.9088,23:09:17,1055874430026,342418,100,24039,2730,67
1784646558.1088,23:09:18,1055874495076,342418,100,24039,2730,67
1784646558.3088,23:09:18,1055874560228,342418,100,24039,2730,67
1784646558.5088,23:09:18,1055874621235,342482,100,24039,2730,66
1784646558.7088,23:09:18,1055874686233,342482,100,24039,2730,66
1784646558.9088,23:09:18,1055874751147,339178,100,24039,2730,67
1784646559.1089,23:09:19,1055874814845,339178,100,24039,2730,67
1784646559.3088,23:09:19,1055874879912,339178,100,24039,2730,67
1784646559.5088,23:09:19,1055874943887,335778,100,24039,2730,67
1784646559.7088,23:09:19,1055875005290,335778,100,24039,2730,67
1784646559.9088,23:09:19,1055875069974,332938,100,24039,2730,67
1784646560.1088,23:09:20,1055875134786,332938,100,24039,2730,67
1784646560.3088,23:09:20,1055875199586,332938,100,24039,2730,67
1784646560.5088,23:09:20,1055875264377,336264,100,24039,2730,67
1784646560.7088,23:09:20,1055875329027,336264,100,24039,2730,67
1784646560.9088,23:09:20,1055875393810,341981,100,24039,2730,67
1784646561.1088,23:09:21,1055875458471,341981,100,24039,2730,67
1784646561.3088,23:09:21,1055875523169,341981,100,24039,2730,67
1784646561.5088,23:09:21,1055875587804,342092,100,24039,2730,67
1784646561.7088,23:09:21,1055875652528,342092,100,24039,2730,67
1784646561.9088,23:09:21,1055875717268,342218,100,24039,2730,67
1784646562.1088,23:09:22,1055875782056,342218,100,24039,2730,67
1784646562.3088,23:09:22,1055875846792,342218,100,24039,2730,67
1784646562.5088,23:09:22,1055875907046,342461,100,24039,2730,67
1784646562.7088,23:09:22,1055875971203,342461,100,24039,2730,67
1784646562.9088,23:09:22,1055876035119,336510,100,24039,2730,67
1784646563.1088,23:09:23,1055876097292,336510,100,24039,2730,67
1784646563.3088,23:09:23,1055876161574,336510,100,24039,2730,67
1784646563.5088,23:09:23,1055876226207,333166,100,24039,2730,67
1784646563.7088,23:09:23,1055876290701,333166,100,24039,2730,67
1784646563.9088,23:09:23,1055876355202,339178,100,24039,2730,67
1784646564.1088,23:09:24,1055876419507,339178,100,24039,2730,67
1784646564.3088,23:09:24,1055876484177,339178,100,24039,2730,67
1784646564.5088,23:09:24,1055876548695,342723,100,24039,2730,67
1784646564.7088,23:09:24,1055876613142,342723,100,24039,2730,67
1784646564.9088,23:09:24,1055876677647,342895,100,24039,2730,67
1784646565.1088,23:09:25,1055876742019,342895,100,24039,2730,67
1784646565.3088,23:09:25,1055876806499,342895,100,24039,2730,67
1784646565.5088,23:09:25,1055876870840,343146,100,24039,2730,67
1784646565.7089,23:09:25,1055876935141,343146,100,24039,2730,67
1784646565.9088,23:09:25,1055876999513,343096,100,24039,2730,67
1784646566.1089,23:09:26,1055877063851,343096,100,24039,2730,67
1784646566.3088,23:09:26,1055877128182,343096,100,24039,2730,67
1784646566.5088,23:09:26,1055877192503,343095,100,24039,2730,67
1784646566.7088,23:09:26,1055877256775,343095,100,24039,2730,67
1784646566.9088,23:09:26,1055877321156,343308,100,24039,2730,67
1784646567.1088,23:09:27,1055877385375,343308,100,24039,2730,67
1784646567.3088,23:09:27,1055877449512,343308,100,24039,2730,67
1784646567.5088,23:09:27,1055877508219,343399,100,24039,2730,65
1784646567.7089,23:09:27,1055877572225,343399,100,24039,2730,65
1784646567.9088,23:09:27,1055877636154,338934,100,24039,2730,67
1784646568.1088,23:09:28,1055877700058,338934,100,24039,2730,67
1784646568.3088,23:09:28,1055877764133,338934,100,24039,2730,67
1784646568.5088,23:09:28,1055877828107,338521,100,24039,2730,67
1784646568.7088,23:09:28,1055877892003,338521,100,24039,2730,67
1784646568.9088,23:09:28,1055877956056,342848,100,24039,2730,67
1784646569.1088,23:09:29,1055878019997,342848,100,24039,2730,67
1784646569.3088,23:09:29,1055878084012,342848,100,24039,2730,67
1784646569.5088,23:09:29,1055878148084,343181,100,24039,2730,67
1784646569.7088,23:09:29,1055878207830,343181,100,24039,2730,67
1784646569.9088,23:09:29,1055878268206,337247,88,24039,2730,67
1784646570.1088,23:09:30,1055878331970,337247,88,24039,2730,67
1784646570.3089,23:09:30,1055878395538,337247,88,24039,2730,67
1784646570.5088,23:09:30,1055878459228,336940,88,24039,2730,67
1784646570.7088,23:09:30,1055878523011,336940,88,24039,2730,67
1784646570.9088,23:09:30,1055878586666,339970,100,24039,2730,67
1784646571.1088,23:09:31,1055878650346,339970,100,24039,2730,67
1784646571.3088,23:09:31,1055878714013,339970,100,24039,2730,67
1784646571.5088,23:09:31,1055878777677,342770,100,24039,2730,67
1784646571.7088,23:09:31,1055878841223,342770,100,24039,2730,67
1784646571.9088,23:09:31,1055878904863,342691,100,24039,2730,67
1784646572.1088,23:09:32,1055878968422,342691,100,24039,2730,67
1784646572.3088,23:09:32,1055879032004,342691,100,24039,2730,67
1784646572.5088,23:09:32,1055879095602,342730,100,24039,2730,67
1784646572.7088,23:09:32,1055879159072,342730,100,24039,2730,67
1784646572.9088,23:09:32,1055879222605,342837,100,24039,2730,67
1784646573.1088,23:09:33,1055879285986,342837,100,24039,2730,67
1784646573.3088,23:09:33,1055879349453,342837,100,24039,2730,67
1784646573.5088,23:09:33,1055879412879,342839,100,24039,2730,67
1784646573.7088,23:09:33,1055879476317,342839,100,24039,2730,67
1784646573.9088,23:09:33,1055879539739,343003,100,24039,2730,67
1784646574.1088,23:09:34,1055879603240,343003,100,24039,2730,67
1784646574.3088,23:09:34,1055879666618,343003,100,24039,2730,67
1784646574.5088,23:09:34,1055879730078,343136,100,24039,2730,67
1784646574.7088,23:09:34,1055879793488,343136,100,24039,2730,67
1784646574.9088,23:09:34,1055879856873,343268,100,24039,2730,67
1784646575.1088,23:09:35,1055879920278,343268,100,24039,2730,67
1784646575.3088,23:09:35,1055879983512,343268,100,24039,2730,67
1784646575.5088,23:09:35,1055880046858,343326,100,24039,2730,67
1784646575.7088,23:09:35,1055880110136,343326,100,24039,2730,67
1784646575.9088,23:09:35,1055880173387,343312,100,24039,2730,67
1784646576.1088,23:09:36,1055880236564,343312,100,24039,2730,67
1784646576.3088,23:09:36,1055880299753,343312,100,24039,2730,67
1784646576.5088,23:09:36,1055880362837,343320,100,24039,2730,67
1784646576.7088,23:09:36,1055880425949,343320,100,24039,2730,67
1784646576.9088,23:09:36,1055880489153,343275,100,24039,2730,67
1784646577.1088,23:09:37,1055880552239,343275,100,24039,2730,67
1784646577.3088,23:09:37,1055880615217,343275,100,24039,2730,67
1784646577.5088,23:09:37,1055880678256,343219,100,24039,2730,67
1784646577.7088,23:09:37,1055880741259,343219,100,24039,2730,67
1784646577.9088,23:09:37,1055880804263,343197,100,24039,2730,67
1784646578.1088,23:09:38,1055880867172,343197,100,24039,2730,67
1784646578.3088,23:09:38,1055880930030,343197,100,24039,2730,67
1784646578.5088,23:09:38,1055880993040,343142,100,24039,2730,67
1784646578.7088,23:09:38,1055881055930,343142,100,24039,2730,67
1784646578.9088,23:09:38,1055881118730,343238,100,24039,2730,67
1784646579.1088,23:09:39,1055881181635,343238,100,24039,2730,67
1784646579.3088,23:09:39,1055881244561,343238,100,24039,2730,67
1784646579.5088,23:09:39,1055881307413,343199,100,24039,2730,67
1784646579.7088,23:09:39,1055881370305,343199,100,24039,2730,67
1784646579.9088,23:09:39,1055881433110,343442,100,24039,2730,67
1784646580.1088,23:09:40,1055881495929,343442,100,24039,2730,67
1784646580.3088,23:09:40,1055881558657,343442,100,24039,2730,67
1784646580.5088,23:09:40,1055881621455,343591,100,24039,2730,67
1784646580.7088,23:09:40,1055881684227,343591,100,24039,2730,67
1784646580.9088,23:09:40,1055881746880,343678,100,24039,2730,67
1784646581.1088,23:09:41,1055881809490,343678,100,24039,2730,67
1784646581.3088,23:09:41,1055881872306,343678,100,24039,2730,67
1784646581.5088,23:09:41,1055881935021,343726,100,24039,2730,67
1784646581.7088,23:09:41,1055881997559,343726,100,24039,2730,67
1784646581.9088,23:09:41,1055882060171,343634,100,24039,2730,67
1784646582.1088,23:09:42,1055882119771,343634,100,24039,2730,67
1784646582.3088,23:09:42,1055882182164,343634,100,24039,2730,67
1784646582.5088,23:09:42,1055882244480,339586,100,24039,2730,67
1784646582.7088,23:09:42,1055882306913,339586,100,24039,2730,67
1784646582.9088,23:09:42,1055882369368,339242,100,24039,2730,67
1784646583.1088,23:09:43,1055882428194,339242,100,24039,2730,67
1784646583.3088,23:09:43,1055882490351,339242,100,24039,2730,67
1784646583.5088,23:09:43,1055882552516,339927,100,24039,2730,67
1784646583.7088,23:09:43,1055882614633,339927,100,24039,2730,67
1784646583.9088,23:09:43,1055882676773,339608,100,24039,2730,67
1784646584.1088,23:09:44,1055882738864,339608,100,24039,2730,67
1784646584.3088,23:09:44,1055882800853,339608,100,24039,2730,67
1784646584.5088,23:09:44,1055882862929,342128,100,24039,2730,67
1784646584.7088,23:09:44,1055882924887,342128,100,24039,2730,67
1784646584.9088,23:09:44,1055882986787,342081,100,24039,2730,67
1784646585.1088,23:09:45,1055883048789,342081,100,24039,2730,67
1784646585.3088,23:09:45,1055883110833,342081,100,24039,2730,67
1784646585.5088,23:09:45,1055883172838,342135,100,24039,2730,67
1784646585.7088,23:09:45,1055883234805,342135,100,24039,2730,67
1784646585.9088,23:09:45,1055883296750,342341,100,24039,2730,67
1784646586.1088,23:09:46,1055883358769,342341,100,24039,2730,67
1784646586.3088,23:09:46,1055883420807,342341,100,24039,2730,67
1784646586.5088,23:09:46,1055883482701,342774,100,24039,2730,67
1784646586.7088,23:09:46,1055883544567,342774,100,24039,2730,67
1784646586.9088,23:09:46,1055883606361,342821,100,24039,2730,67
1784646587.1088,23:09:47,1055883668016,342821,100,24039,2730,67
1784646587.3088,23:09:47,1055883729619,342821,100,24039,2730,67
1784646587.5088,23:09:47,1055883791361,342463,100,24039,2730,67
1784646587.7088,23:09:47,1055883853101,342463,100,24039,2730,67
1784646587.9088,23:09:47,1055883914823,342349,100,24039,2730,67
1784646588.1088,23:09:48,1055883976498,342349,100,24039,2730,67
1784646588.3088,23:09:48,1055884038081,342349,100,24039,2730,67
1784646588.5088,23:09:48,1055884099574,342410,100,24039,2730,67
1784646588.7088,23:09:48,1055884161102,342410,100,24039,2730,67
1784646588.9088,23:09:48,1055884222750,342290,100,24039,2730,67
1784646589.1088,23:09:49,1055884289695,342290,100,24039,2730,67
1784646589.3088,23:09:49,1055884356643,342290,100,24039,2730,67
1784646589.5088,23:09:49,1055884423503,342382,100,24039,2730,67
1784646589.7088,23:09:49,1055884490299,342382,100,24039,2730,67
1784646589.9088,23:09:49,1055884557317,342711,100,24039,2730,67
1784646590.1088,23:09:50,1055884624331,342711,100,24039,2730,67
1784646590.3088,23:09:50,1055884691341,342711,100,24039,2730,67
1784646590.5088,23:09:50,1055884758293,342850,100,24039,2730,67
1784646590.7088,23:09:50,1055884825292,342850,100,24039,2730,67
1784646590.9088,23:09:50,1055884892233,343044,100,24039,2730,67
1784646591.1088,23:09:51,1055884959020,343044,100,24039,2730,67
1784646591.3088,23:09:51,1055885025925,343044,100,24039,2730,67
1784646591.5088,23:09:51,1055885092866,342881,100,24039,2730,67
1784646591.7088,23:09:51,1055885159826,342881,100,24039,2730,67
1784646591.9088,23:09:51,1055885226808,342779,100,24039,2730,67
1784646592.1088,23:09:52,1055885293835,342779,100,24039,2730,67
1784646592.3088,23:09:52,1055885360868,342779,100,24039,2730,67
1784646592.5088,23:09:52,1055885427695,342968,100,24039,2730,67
1784646592.7088,23:09:52,1055885494703,342968,100,24039,2730,67
1784646592.9088,23:09:52,1055885561731,342957,100,24039,2730,67
1784646593.1088,23:09:53,1055885628398,342957,100,24039,2730,67
1784646593.3088,23:09:53,1055885688890,342957,100,24039,2730,67
1784646593.5088,23:09:53,1055885755779,335739,100,24039,2730,67
1784646593.7088,23:09:53,1055885822725,335739,100,24039,2730,67
1784646593.9088,23:09:53,1055885889572,335646,100,24039,2730,67
1784646594.1088,23:09:54,1055885956456,335646,100,24039,2730,67
1784646594.3088,23:09:54,1055886023445,335646,100,24039,2730,67
1784646594.5088,23:09:54,1055886090398,339700,100,24039,2730,67
1784646594.7088,23:09:54,1055886157251,339700,100,24039,2730,67
1784646594.9088,23:09:54,1055886224078,342560,100,24039,2730,67
1784646595.1088,23:09:55,1055886290861,342560,100,24039,2730,67
1784646595.3088,23:09:55,1055886357574,342560,100,24039,2730,67
1784646595.5088,23:09:55,1055886424420,342310,100,24039,2730,67
1784646595.7088,23:09:55,1055886491265,342310,100,24039,2730,67
1784646595.9088,23:09:55,1055886558152,342175,100,24039,2730,67
1784646596.1088,23:09:56,1055886625038,342175,100,24039,2730,67
1784646596.3088,23:09:56,1055886691882,342175,100,24039,2730,67
1784646596.5088,23:09:56,1055886758667,342337,100,24039,2730,67
1784646596.7088,23:09:56,1055886825290,342337,100,24039,2730,67
1784646596.9088,23:09:56,1055886888647,342261,100,24039,2730,67
1784646597.1088,23:09:57,1055886955267,342261,100,24039,2730,67
1784646597.3088,23:09:57,1055887021934,342261,100,24039,2730,67
1784646597.5088,23:09:57,1055887088681,339129,100,24039,2730,67
1784646597.7088,23:09:57,1055887155374,339129,100,24039,2730,67
1784646597.9088,23:09:57,1055887222037,338885,100,24039,2730,67
1784646598.1088,23:09:58,1055887288724,338885,100,24039,2730,67
1784646598.3088,23:09:58,1055887355522,338885,100,24039,2730,67
1784646598.5088,23:09:58,1055887422256,341825,100,24039,2730,67
1784646598.7088,23:09:58,1055887489014,341825,100,24039,2730,67
1784646598.9088,23:09:58,1055887555793,341897,100,24039,2730,67
1784646599.1088,23:09:59,1055887622559,341897,100,24039,2730,67
1784646599.3088,23:09:59,1055887689410,341897,100,24039,2730,67
1784646599.5089,23:09:59,1055887756209,341883,100,24039,2730,67
1784646599.7088,23:09:59,1055887823017,341883,100,24039,2730,67
1784646599.9088,23:09:59,1055887889802,342060,100,24039,2730,67
1784646600.1088,23:10:00,1055887956630,342060,100,24039,2730,67
1784646600.3088,23:10:00,1055888023475,342060,100,24039,2730,67
1784646600.5088,23:10:00,1055888090242,342100,100,24039,2730,67
1784646600.7088,23:10:00,1055888156990,342100,100,24039,2730,67
1784646600.9088,23:10:00,1055888223699,341875,100,24039,2730,67
1784646601.1088,23:10:01,1055888290541,341875,100,24039,2730,67
1784646601.3088,23:10:01,1055888357465,341875,100,24039,2730,67
1784646601.5088,23:10:01,1055888424336,342030,100,24039,2730,67
1784646601.7088,23:10:01,1055888487380,342030,100,24039,2730,67
1784646601.9088,23:10:01,1055888554136,339237,100,24039,2730,67
1784646602.1088,23:10:02,1055888620862,339237,100,24039,2730,67
1784646602.3089,23:10:02,1055888687515,339237,100,24039,2730,67
1784646602.5088,23:10:02,1055888754259,339115,100,24039,2730,67
1784646602.7088,23:10:02,1055888821051,339115,100,24039,2730,67
1784646602.9088,23:10:02,1055888887813,342028,100,24039,2730,67
1784646603.1088,23:10:03,1055888954475,342028,100,24039,2730,67
1784646603.3088,23:10:03,1055889021156,342028,100,24039,2730,67
1784646603.5088,23:10:03,1055889087886,342191,100,24039,2730,67
1784646603.7088,23:10:03,1055889154565,342191,100,24039,2730,67
1784646603.9088,23:10:03,1055889221079,342209,100,24039,2730,67
1784646604.1088,23:10:04,1055889287595,342209,100,24039,2730,67
1784646604.3088,23:10:04,1055889354136,342209,100,24039,2730,67
1784646604.5088,23:10:04,1055889420753,342199,100,24039,2730,67
1784646604.7088,23:10:04,1055889487175,342199,100,24039,2730,67
1784646604.9088,23:10:04,1055889553807,342281,100,24039,2730,67
1784646605.1089,23:10:05,1055889620297,342281,100,24039,2730,67
1784646605.3088,23:10:05,1055889686782,342281,100,24039,2730,67
1784646605.5088,23:10:05,1055889753190,342577,100,24039,2730,67
1784646605.7088,23:10:05,1055889819667,342577,100,24039,2730,67
1784646605.9088,23:10:05,1055889886173,342767,100,24039,2730,67
1784646606.1088,23:10:06,1055889952550,342767,100,24039,2730,67
1784646606.3088,23:10:06,1055890018894,342767,100,24039,2730,67
1784646606.5088,23:10:06,1055890085297,342687,100,24039,2730,67
1784646606.7088,23:10:06,1055890151702,342687,100,24039,2730,67
1784646606.9088,23:10:06,1055890218038,342655,100,24039,2730,67
1784646607.1089,23:10:07,1055890284371,342655,100,24039,2730,67
1784646607.3089,23:10:07,1055890350474,342655,100,24039,2730,67
1784646607.5088,23:10:07,1055890416568,342568,100,24039,2730,67
1784646607.7088,23:10:07,1055890482740,342568,100,24039,2730,67
1784646607.9089,23:10:07,1055890548944,342375,100,24039,2730,67
1784646608.1088,23:10:08,1055890615181,342375,100,24039,2730,67
1784646608.3088,23:10:08,1055890681313,342375,100,24039,2730,67
1784646608.5089,23:10:08,1055890747487,342371,100,24039,2730,67
1784646608.7088,23:10:08,1055890813574,342371,100,24039,2730,67
1784646608.9088,23:10:08,1055890879539,342591,100,24039,2730,67
1784646609.1088,23:10:09,1055890945627,342591,100,24039,2730,67
1784646609.3088,23:10:09,1055891011779,342591,100,24039,2730,67
1784646609.5088,23:10:09,1055891077826,342533,100,24039,2730,67
1784646609.7088,23:10:09,1055891141133,342533,100,24039,2730,67
1784646609.9088,23:10:09,1055891206997,339222,100,24039,2730,67
1784646610.1089,23:10:10,1055891272867,339222,100,24039,2730,67
1784646610.3089,23:10:10,1055891338675,339222,100,24039,2730,67
1784646610.5088,23:10:10,1055891404541,338982,100,24039,2730,67
1784646610.7088,23:10:10,1055891470472,338982,100,24039,2730,67
1784646610.9088,23:10:10,1055891536378,342266,100,24039,2730,67
1784646611.1088,23:10:11,1055891602305,342266,100,24039,2730,67
1784646611.3089,23:10:11,1055891668196,342266,100,24039,2730,67
1784646611.5088,23:10:11,1055891733999,342725,100,24039,2730,67
1784646611.7089,23:10:11,1055891799841,342725,100,24039,2730,67
1784646611.9089,23:10:11,1055891865599,342893,100,24039,2730,67
1784646612.1088,23:10:12,1055891928544,342893,100,24039,2730,67
1784646612.3088,23:10:12,1055891994141,342893,100,24039,2730,67
1784646612.5088,23:10:12,1055892059783,340048,100,24039,2730,67
1784646612.7088,23:10:12,1055892125313,340048,100,24039,2730,67
1784646612.9088,23:10:12,1055892190949,339744,100,24039,2730,67
1784646613.1088,23:10:13,1055892256464,339744,100,24039,2730,67
1784646613.3088,23:10:13,1055892321956,339744,100,24039,2730,67
1784646613.5088,23:10:13,1055892387479,342202,100,24039,2730,67
1784646613.7088,23:10:13,1055892452884,342202,100,24039,2730,67
1784646613.9088,23:10:13,1055892518454,342197,100,24039,2730,67
1784646614.1088,23:10:14,1055892579904,342197,100,24039,2730,67
1784646614.3088,23:10:14,1055892643891,342197,100,24039,2730,67
1784646614.5088,23:10:14,1055892708909,336409,100,24039,2730,67
1784646614.7089,23:10:14,1055892773797,336409,100,24039,2730,67
1784646614.9088,23:10:14,1055892838495,333638,100,24039,2730,67
1784646615.1088,23:10:15,1055892903772,333638,100,24039,2730,67
1784646615.3088,23:10:15,1055892968814,333638,100,24039,2730,67
1784646615.5088,23:10:15,1055893033898,336169,100,24039,2730,67
1784646615.7088,23:10:15,1055893098897,336169,100,24039,2730,67
1784646615.9088,23:10:15,1055893163876,341137,100,24039,2730,67
1784646616.1088,23:10:16,1055893228802,341137,100,24039,2730,67
1784646616.3089,23:10:16,1055893293787,341137,100,24039,2730,67
1784646616.5088,23:10:16,1055893358724,341093,100,24039,2730,67
1784646616.7088,23:10:16,1055893423723,341093,100,24039,2730,67
1784646616.9088,23:10:16,1055893488707,341212,100,24039,2730,67
1784646617.1088,23:10:17,1055893553636,341212,100,24039,2730,67
1784646617.3088,23:10:17,1055893618628,341212,100,24039,2730,67
1784646617.5088,23:10:17,1055893683590,341584,100,24039,2730,67
1784646617.7088,23:10:17,1055893748506,341584,100,24039,2730,67
1784646617.9088,23:10:17,1055893813438,341661,100,24039,2730,67
1784646618.1088,23:10:18,1055893878295,341661,100,24039,2730,67
1784646618.3088,23:10:18,1055893943220,341661,100,24039,2730,67
1784646618.5088,23:10:18,1055894004735,341715,100,24039,2730,67
1784646618.7088,23:10:18,1055894069290,341715,100,24039,2730,67
1784646618.9088,23:10:18,1055894133977,338943,100,24039,2730,67
1784646619.1088,23:10:19,1055894198591,338943,100,24039,2730,67
1784646619.3088,23:10:19,1055894263268,338943,100,24039,2730,67
1784646619.5088,23:10:19,1055894327967,338675,100,24039,2730,67
1784646619.7088,23:10:19,1055894392586,338675,100,24039,2730,67
1784646619.9088,23:10:19,1055894457209,341251,100,24039,2730,67
1784646620.1088,23:10:20,1055894521785,341251,100,24039,2730,67
1784646620.3088,23:10:20,1055894586400,341251,100,24039,2730,67
1784646620.5089,23:10:20,1055894651015,341443,100,24039,2730,67
1784646620.7088,23:10:20,1055894715655,341443,100,24039,2730,67
1784646620.9088,23:10:20,1055894780237,341715,100,24039,2730,67
1784646621.1088,23:10:21,1055894844814,341715,100,24039,2730,67
1784646621.3088,23:10:21,1055894909300,341715,100,24039,2730,67
1784646621.5088,23:10:21,1055894973908,341823,100,24039,2730,67
1784646621.7088,23:10:21,1055895038393,341823,100,24039,2730,67
1784646621.9088,23:10:21,1055895102894,341792,100,24039,2730,67
1784646622.1089,23:10:22,1055895167355,341792,100,24039,2730,67
1784646622.3088,23:10:22,1055895231787,341792,100,24039,2730,67
1784646622.5088,23:10:22,1055895296248,341941,100,24039,2730,67
1784646622.7088,23:10:22,1055895360653,341941,100,24039,2730,67
1784646622.9088,23:10:22,1055895425049,342112,100,24039,2730,67
1784646623.1088,23:10:23,1055895489501,342112,100,24039,2730,67
1784646623.3088,23:10:23,1055895553817,342112,100,24039,2730,67
1784646623.5088,23:10:23,1055895618066,342159,100,24039,2730,67
1784646623.7088,23:10:23,1055895682429,342159,100,24039,2730,67
1784646623.9088,23:10:23,1055895746755,342235,100,24039,2730,67
1784646624.1088,23:10:24,1055895806944,342235,100,24039,2730,67
1784646624.3088,23:10:24,1055895866170,342235,100,24039,2730,67
1784646624.5088,23:10:24,1055895930337,335129,100,24039,2730,67
1784646624.7088,23:10:24,1055895994594,335129,100,24039,2730,67
1784646624.9088,23:10:24,1055896058805,335163,100,24039,2730,67
1784646625.1088,23:10:25,1055896123065,335163,100,24039,2730,67
1784646625.3090,23:10:25,1055896186803,335163,100,24039,2730,67
1784646625.5088,23:10:25,1055896250805,338365,100,24039,2730,67
1784646625.7089,23:10:25,1055896314818,338365,100,24039,2730,67
1784646625.9089,23:10:25,1055896378838,342305,100,24039,2730,67
1784646626.1088,23:10:26,1055896442846,342305,100,24039,2730,67
1784646626.3089,23:10:26,1055896506840,342305,100,24039,2730,67
1784646626.5089,23:10:26,1055896570844,342109,100,24039,2730,67
1784646626.7088,23:10:26,1055896634835,342109,100,24039,2730,67
1784646626.9089,23:10:26,1055896699025,342286,100,24039,2730,67
1784646627.1088,23:10:27,1055896763057,342286,100,24039,2730,67
1784646627.3088,23:10:27,1055896827010,342286,100,24039,2730,67
1784646627.5089,23:10:27,1055896890956,342647,100,24039,2730,67
1784646627.7088,23:10:27,1055896954790,342647,100,24039,2730,67
1784646627.9088,23:10:27,1055897018773,342798,100,24039,2730,67
1784646628.1088,23:10:28,1055897082592,342798,100,24039,2730,67
1784646628.3088,23:10:28,1055897146561,342798,100,24039,2730,67
1784646628.5088,23:10:28,1055897210488,342698,100,24039,2730,67
1784646628.7088,23:10:28,1055897274279,342698,100,24039,2730,67
1784646628.9088,23:10:28,1055897338047,342736,100,24039,2730,67
1784646629.1088,23:10:29,1055897401927,342736,100,24039,2730,67
1784646629.3088,23:10:29,1055897465634,342736,100,24039,2730,67
1784646629.5088,23:10:29,1055897529233,342736,100,24039,2730,67
1784646629.7088,23:10:29,1055897592952,342736,100,24039,2730,67
1784646629.9088,23:10:29,1055897656646,342687,100,24039,2730,67
1784646630.1089,23:10:30,1055897720268,342687,100,24039,2730,67
1784646630.3088,23:10:30,1055897783982,342687,100,24039,2730,67
1784646630.5088,23:10:30,1055897847689,342674,100,24039,2730,67
1784646630.7088,23:10:30,1055897911397,342674,100,24039,2730,67
1784646630.9089,23:10:30,1055897975107,343018,100,24039,2730,67
1784646631.1089,23:10:31,1055898038656,343018,100,24039,2730,67
1784646631.3088,23:10:31,1055898102456,343018,100,24039,2730,67
1784646631.5088,23:10:31,1055898166053,343337,100,24039,2730,67
1784646631.7089,23:10:31,1055898229607,343337,100,24039,2730,67
1784646631.9088,23:10:31,1055898293134,343176,100,24039,2730,67
1784646632.1088,23:10:32,1055898352391,343176,100,24039,2730,67
1784646632.3088,23:10:32,1055898415781,343176,100,24039,2730,67
1784646632.5088,23:10:32,1055898479023,339467,100,24039,2730,67
1784646632.7089,23:10:32,1055898542218,339467,100,24039,2730,67
1784646632.9089,23:10:32,1055898605309,338911,100,24039,2730,67
1784646633.1088,23:10:33,1055898668492,338911,100,24039,2730,67
1784646633.3088,23:10:33,1055898731659,338911,100,24039,2730,67
1784646633.5088,23:10:33,1055898794831,341933,100,24039,2730,67
1784646633.7088,23:10:33,1055898858000,341933,100,24039,2730,67
1784646633.9088,23:10:33,1055898921137,342218,100,24039,2730,67
1784646634.1088,23:10:34,1055898984302,342218,100,24039,2730,67
1784646634.3088,23:10:34,1055899047442,342218,100,24039,2730,67
1784646634.5088,23:10:34,1055899110456,342458,100,24039,2730,67
1784646634.7088,23:10:34,1055899173524,342458,100,24039,2730,67
1784646634.9088,23:10:34,1055899236595,342314,100,24039,2730,67
1784646635.1088,23:10:35,1055899299557,342314,100,24039,2730,67
1784646635.3088,23:10:35,1055899362549,342314,100,24039,2730,67
1784646635.5089,23:10:35,1055899425500,342198,100,24039,2730,67
1784646635.7088,23:10:35,1055899488441,342198,100,24039,2730,67
1784646635.9088,23:10:35,1055899551293,342143,100,24039,2730,67
1784646636.1089,23:10:36,1055899614060,342143,100,24039,2730,67
1784646636.3088,23:10:36,1055899676728,342143,100,24039,2730,67
1784646636.5088,23:10:36,1055899739536,341891,100,24039,2730,67
1784646636.7089,23:10:36,1055899802312,341891,100,24039,2730,67
1784646636.9089,23:10:36,1055899864985,341786,100,24039,2730,67
1784646637.1088,23:10:37,1055899927751,341786,100,24039,2730,67
1784646637.3088,23:10:37,1055899990488,341786,100,24039,2730,67
1784646637.5088,23:10:37,1055900053221,342006,100,24039,2730,67
1784646637.7088,23:10:37,1055900115920,342006,100,24039,2730,67
1784646637.9088,23:10:37,1055900178680,342235,100,24039,2730,67
1784646638.1089,23:10:38,1055900241528,342235,100,24039,2730,67
1784646638.3088,23:10:38,1055900304035,342235,100,24039,2730,67
1784646638.5089,23:10:38,1055900366137,342341,100,24039,2730,67
1784646638.7088,23:10:38,1055900428083,342341,100,24039,2730,67
1784646638.9088,23:10:38,1055900490614,339007,100,24039,2730,67
1784646639.1088,23:10:39,1055900553109,339007,100,24039,2730,67
1784646639.3088,23:10:39,1055900615514,339007,100,24039,2730,67
1784646639.5089,23:10:39,1055900673419,338678,100,24039,2730,67
1784646639.7088,23:10:39,1055900735733,338678,100,24039,2730,67
1784646639.9089,23:10:39,1055900794377,335114,100,24039,2730,67
1784646640.1089,23:10:40,1055900856482,335114,100,24039,2730,67
1784646640.3088,23:10:40,1055900918625,335114,100,24039,2730,67
1784646640.5089,23:10:40,1055900980883,334756,100,24039,2730,67
1784646640.7088,23:10:40,1055901043267,334756,100,24039,2730,67
1784646640.9088,23:10:40,1055901105393,338206,100,24039,2730,67
1784646641.1089,23:10:41,1055901167586,338206,100,24039,2730,67
1784646641.3088,23:10:41,1055901229655,338206,100,24039,2730,67
1784646641.5088,23:10:41,1055901291679,341402,100,24039,2730,67
1784646641.7088,23:10:41,1055901353652,341402,100,24039,2730,67
1784646641.9089,23:10:41,1055901415627,341197,100,24039,2730,67
1784646642.1088,23:10:42,1055901477649,341197,100,24039,2730,67
1784646642.3088,23:10:42,1055901539629,341197,100,24039,2730,67
1784646642.5089,23:10:42,1055901601575,341154,100,24039,2730,67
1784646642.7089,23:10:42,1055901663428,341154,100,24039,2730,67
1784646642.9089,23:10:42,1055901725352,341296,100,24039,2730,67
1784646643.1088,23:10:43,1055901787350,341296,100,24039,2730,67
1784646643.3089,23:10:43,1055901849281,341296,100,24039,2730,67
1784646643.5088,23:10:43,1055901911247,341472,100,24039,2730,67
1784646643.7089,23:10:43,1055901973185,341472,100,24039,2730,67
1784646643.9088,23:10:43,1055902035081,341731,100,24039,2730,66
1784646644.1088,23:10:44,1055902096929,341731,100,24039,2730,66
1784646644.3088,23:10:44,1055902158772,341731,100,24039,2730,66
1784646644.5088,23:10:44,1055902220534,341707,100,24039,2730,66
1784646644.7088,23:10:44,1055902282238,341707,100,24039,2730,66
1784646644.9088,23:10:44,1055902344025,341543,100,24039,2730,66
1784646645.1089,23:10:45,1055902405780,341543,100,24039,2730,66
1784646645.3088,23:10:45,1055902467464,341543,100,24039,2730,66
1784646645.5088,23:10:45,1055902529335,341515,100,24039,2730,66
1784646645.7088,23:10:45,1055902591051,341515,100,24039,2730,66
1784646645.9088,23:10:45,1055902652724,341738,100,24039,2730,66
1784646646.1089,23:10:46,1055902714342,341738,100,24039,2730,66
1784646646.3088,23:10:46,1055902776050,341738,100,24039,2730,66
1784646646.5089,23:10:46,1055902837722,341972,100,24039,2730,66
1784646646.7088,23:10:46,1055902899366,341972,100,24039,2730,66
1784646646.9088,23:10:46,1055902961037,342179,100,24039,2730,66
1784646647.1089,23:10:47,1055903022600,342179,100,24039,2730,66
1784646647.3088,23:10:47,1055903084068,342179,100,24039,2730,66
1784646647.5089,23:10:47,1055903145659,342113,100,24039,2730,66
1784646647.7088,23:10:47,1055903212490,342113,100,24039,2730,66
1784646647.9089,23:10:47,1055903279346,342115,100,24039,2730,66
1784646648.1088,23:10:48,1055903341604,342115,100,24039,2730,66
1784646648.3089,23:10:48,1055903408206,342115,100,24039,2730,66
1784646648.5088,23:10:48,1055903474923,338373,100,24039,2730,66
1784646648.7089,23:10:48,1055903541620,338373,100,24039,2730,66
1784646648.9089,23:10:48,1055903608169,337996,100,24039,2730,66
1784646649.1089,23:10:49,1055903674802,337996,100,24039,2730,66
1784646649.3088,23:10:49,1055903741383,337996,100,24039,2730,66
1784646649.5088,23:10:49,1055903807994,341364,100,24039,2730,66
1784646649.7089,23:10:49,1055903874599,341364,100,24039,2730,66
1784646649.9088,23:10:49,1055903941222,341205,100,24039,2730,66
1784646650.1089,23:10:50,1055904007898,341205,100,24039,2730,66
1784646650.3088,23:10:50,1055904074501,341205,100,24039,2730,66
1784646650.5088,23:10:50,1055904141139,341301,100,24039,2730,66
1784646650.7089,23:10:50,1055904207801,341301,100,24039,2730,66
1784646650.9089,23:10:50,1055904274595,341516,100,24039,2730,66
1784646651.1089,23:10:51,1055904341392,341516,100,24039,2730,66
1784646651.3089,23:10:51,1055904408205,341516,100,24039,2730,66
1784646651.5088,23:10:51,1055904475032,341811,100,24039,2730,66
1784646651.7088,23:10:51,1055904541721,341811,100,24039,2730,66
1784646651.9089,23:10:51,1055904608601,342100,100,24039,2730,66
1784646652.1089,23:10:52,1055904675487,342100,100,24039,2730,66
1784646652.3089,23:10:52,1055904742324,342100,100,24039,2730,66
1784646652.5089,23:10:52,1055904809118,342185,100,24039,2730,66
1784646652.7088,23:10:52,1055904875859,342185,100,24039,2730,66
1784646652.9089,23:10:52,1055904942721,342129,100,24039,2730,66
1784646653.1089,23:10:53,1055905009426,342129,100,24039,2730,66
1784646653.3088,23:10:53,1055905076283,342129,100,24039,2730,66
1784646653.5089,23:10:53,1055905143136,342043,100,24039,2730,66
1784646653.7089,23:10:53,1055905210024,342043,100,24039,2730,66
1784646653.9089,23:10:53,1055905276849,342241,100,24039,2730,66
1784646654.1089,23:10:54,1055905343711,342241,100,24039,2730,66
1784646654.3089,23:10:54,1055905410567,342241,100,24039,2730,66
1784646654.5088,23:10:54,1055905477388,342377,100,24039,2730,66
1784646654.7089,23:10:54,1055905540328,342377,100,24039,2730,66
1784646654.9089,23:10:54,1055905606984,338934,100,24039,2730,66
1784646655.1088,23:10:55,1055905673732,338934,100,24039,2730,66
1784646655.3089,23:10:55,1055905740445,338934,100,24039,2730,66
1784646655.5089,23:10:55,1055905807149,338661,100,24039,2730,66
1784646655.7088,23:10:55,1055905873899,338661,100,24039,2730,66
1784646655.9089,23:10:55,1055905940539,341647,100,24039,2730,66
1784646656.1089,23:10:56,1055906007294,341647,100,24039,2730,66
1784646656.3088,23:10:56,1055906073972,341647,100,24039,2730,66
1784646656.5089,23:10:56,1055906140653,341678,100,24039,2730,66
1784646656.7088,23:10:56,1055906207445,341678,100,24039,2730,66
1784646656.9089,23:10:56,1055906274168,341732,100,24039,2730,66
1784646657.1088,23:10:57,1055906340873,341732,100,24039,2730,66
1784646657.3089,23:10:57,1055906407483,341732,100,24039,2730,66
1784646657.5089,23:10:57,1055906474222,341681,100,24039,2730,66
1784646657.7088,23:10:57,1055906540887,341681,100,24039,2730,66
1784646657.9089,23:10:57,1055906607670,341794,100,24039,2730,66
1784646658.1089,23:10:58,1055906674577,341794,100,24039,2730,66
1784646658.3089,23:10:58,1055906741395,341794,100,24039,2730,66
1784646658.5089,23:10:58,1055906808171,342066,100,24039,2730,66
1784646658.7089,23:10:58,1055906874831,342066,100,24039,2730,66
1784646658.9089,23:10:58,1055906941617,342108,100,24039,2730,66
1784646659.1088,23:10:59,1055907008430,342108,100,24039,2730,66
1784646659.3089,23:10:59,1055907075244,342108,100,24039,2730,66
1784646659.5089,23:10:59,1055907142107,342014,100,24039,2730,66
1784646659.7089,23:10:59,1055907208876,342014,100,24039,2730,66
1784646659.9089,23:10:59,1055907275745,342214,100,24039,2730,66
1784646660.1089,23:11:00,1055907342499,342214,100,24039,2730,66
1784646660.3089,23:11:00,1055907409254,342214,100,24039,2730,66
1784646660.5089,23:11:00,1055907475984,342105,100,24039,2730,66
1784646660.7089,23:11:00,1055907542694,342105,100,24039,2730,66
1784646660.9089,23:11:00,1055907609361,341830,100,24039,2730,66
1784646661.1089,23:11:01,1055907676114,341830,100,24039,2730,66
1784646661.3089,23:11:01,1055907742918,341830,100,24039,2730,66
1784646661.5088,23:11:01,1055907809531,341718,100,24039,2730,66
1784646661.7088,23:11:01,1055907876147,341718,100,24039,2730,66
1784646661.9088,23:11:01,1055907942830,341799,100,24039,2730,66
1784646662.1088,23:11:02,1055908009464,341799,100,24039,2730,66
1784646662.3088,23:11:02,1055908075979,341799,100,24039,2730,66
1784646662.5088,23:11:02,1055908142503,341530,100,24039,2730,66
1784646662.7088,23:11:02,1055908209009,341530,100,24039,2730,66
1784646662.9088,23:11:02,1055908275505,341351,100,24039,2730,66
1784646663.1088,23:11:03,1055908337623,341351,100,24039,2730,66
1784646663.3088,23:11:03,1055908401956,341351,100,24039,2730,66
1784646663.5088,23:11:03,1055908468324,334103,100,24039,2730,65
1784646663.7088,23:11:03,1055908534686,334103,100,24039,2730,65
1784646663.9088,23:11:03,1055908601013,334058,100,24039,2730,66
1784646664.1088,23:11:04,1055908667284,334058,100,24039,2730,66
1784646664.3088,23:11:04,1055908733501,334058,100,24039,2730,66
1784646664.5088,23:11:04,1055908799704,341077,100,24039,2730,66
1784646664.7088,23:11:04,1055908865823,341077,100,24039,2730,66
1784646664.9088,23:11:04,1055908932004,340955,100,24039,2730,66
1784646665.1089,23:11:05,1055908998303,340955,100,24039,2730,66
1784646665.3088,23:11:05,1055909064484,340955,100,24039,2730,66
1784646665.5088,23:11:05,1055909130585,341085,100,24039,2730,66
1784646665.7088,23:11:05,1055909196722,341085,100,24039,2730,66
1784646665.9088,23:11:05,1055909262941,341381,100,24039,2730,66
1784646666.1088,23:11:06,1055909329084,341381,100,24039,2730,66
1784646666.3088,23:11:06,1055909395197,341381,100,24039,2730,66
1784646666.5088,23:11:06,1055909461361,341642,100,24039,2730,66
1784646666.7088,23:11:06,1055909527480,341642,100,24039,2730,66
1784646666.9088,23:11:06,1055909593613,341831,100,24039,2730,66
1784646667.1089,23:11:07,1055909659680,341831,100,24039,2730,66
1784646667.3088,23:11:07,1055909725857,341831,100,24039,2730,66
1784646667.5088,23:11:07,1055909791930,342001,100,24039,2730,66
1784646667.7088,23:11:07,1055909857972,342001,100,24039,2730,66
1784646667.9088,23:11:07,1055909923996,342119,100,24039,2730,66
1784646668.1088,23:11:08,1055909989955,342119,100,24039,2730,66
1784646668.3088,23:11:08,1055910055803,342119,100,24039,2730,66
1784646668.5088,23:11:08,1055910121802,341923,100,24039,2730,66
1784646668.7088,23:11:08,1055910187651,341923,100,24039,2730,66
1784646668.9088,23:11:08,1055910253499,341646,100,24039,2730,66
1784646669.1088,23:11:09,1055910319331,341646,100,24039,2730,66
1784646669.3088,23:11:09,1055910385147,341646,100,24039,2730,66
1784646669.5088,23:11:09,1055910450961,341679,100,24039,2730,66
1784646669.7088,23:11:09,1055910516723,341679,100,24039,2730,66
1784646669.9088,23:11:09,1055910581642,338170,100,24039,2730,65
1784646670.1088,23:11:10,1055910647118,338170,100,24039,2730,65
1784646670.3088,23:11:10,1055910712639,338170,100,24039,2730,65
1784646670.5088,23:11:10,1055910778160,337706,100,24039,2730,66
1784646670.7088,23:11:10,1055910843610,337706,100,24039,2730,66
1784646670.9088,23:11:10,1055910909010,340188,100,24039,2730,66
1784646671.1088,23:11:11,1055910974450,340188,100,24039,2730,66
1784646671.3088,23:11:11,1055911039939,340188,100,24039,2730,66
1784646671.5088,23:11:11,1055911105462,340948,100,24039,2730,66
1784646671.7088,23:11:11,1055911170865,340948,100,24039,2730,66
1784646671.9088,23:11:11,1055911236334,341179,100,24039,2730,66
1784646672.1088,23:11:12,1055911301710,341179,100,24039,2730,66
1784646672.3089,23:11:12,1055911367109,341179,100,24039,2730,66
1784646672.5088,23:11:12,1055911432399,341207,100,24039,2730,66
1784646672.7088,23:11:12,1055911497713,341207,100,24039,2730,66
1784646672.9088,23:11:12,1055911563031,341226,100,24039,2730,66
1784646673.1089,23:11:13,1055911628390,341226,100,24039,2730,66
1784646673.3088,23:11:13,1055911693762,341226,100,24039,2730,66
1784646673.5088,23:11:13,1055911759060,341415,100,24039,2730,66
1784646673.7088,23:11:13,1055911824357,341415,100,24039,2730,66
1784646673.9089,23:11:13,1055911889638,341541,100,24039,2730,66
1784646674.1089,23:11:14,1055911954821,341541,100,24039,2730,66
1784646674.3089,23:11:14,1055912020026,341541,100,24039,2730,66
1784646674.5089,23:11:14,1055912085169,341447,100,24039,2730,66
1784646674.7088,23:11:14,1055912150296,341447,100,24039,2730,66
1784646674.9089,23:11:14,1055912215499,341468,100,24039,2730,66
1784646675.1089,23:11:15,1055912280538,341468,100,24039,2730,66
1784646675.3089,23:11:15,1055912345543,341468,100,24039,2730,66
1784646675.5089,23:11:15,1055912410488,341340,100,24039,2730,66
1784646675.7089,23:11:15,1055912475427,341340,100,24039,2730,66
1784646675.9088,23:11:15,1055912540306,341144,100,24039,2730,66
1784646676.1089,23:11:16,1055912605142,341144,100,24039,2730,66
1784646676.3089,23:11:16,1055912670013,341144,100,24039,2730,66
1784646676.5088,23:11:16,1055912734804,340940,100,24039,2730,66
1784646676.7088,23:11:16,1055912799632,340940,100,24039,2730,66
1784646676.9088,23:11:16,1055912860519,337958,87,24039,2730,65
1784646677.1088,23:11:17,1055912925113,337958,87,24039,2730,65
1784646677.3088,23:11:17,1055912989751,337958,87,24039,2730,65
1784646677.5089,23:11:17,1055913054403,337581,87,24039,2730,66
1784646677.7088,23:11:17,1055913118948,337581,87,24039,2730,66
1784646677.9088,23:11:17,1055913183659,337302,100,24039,2730,66
1784646678.1088,23:11:18,1055913248166,337302,100,24039,2730,66
1784646678.3088,23:11:18,1055913312664,337302,100,24039,2730,66
1784646678.5089,23:11:18,1055913377123,340308,100,24039,2730,66
1784646678.7089,23:11:18,1055913441584,340308,100,24039,2730,66
1784646678.9089,23:11:18,1055913506000,340299,100,24039,2730,66
1784646679.1088,23:11:19,1055913570342,340299,100,24039,2730,66
1784646679.3089,23:11:19,1055913634778,340299,100,24039,2730,66
1784646679.5088,23:11:19,1055913699134,340202,100,24039,2730,66
1784646679.7088,23:11:19,1055913763545,340202,100,24039,2730,66
1784646679.9089,23:11:19,1055913828052,340465,100,24039,2730,66
1784646680.1089,23:11:20,1055913892525,340465,100,24039,2730,66
1784646680.3088,23:11:20,1055913956893,340465,100,24039,2730,66
1784646680.5088,23:11:20,1055914021324,340835,100,24039,2730,66
1784646680.7089,23:11:20,1055914085603,340835,100,24039,2730,66
1784646680.9089,23:11:20,1055914149844,340917,100,24039,2730,66
1784646681.1088,23:11:21,1055914214128,340917,100,24039,2730,66
1784646681.3089,23:11:21,1055914278374,340917,100,24039,2730,66
1784646681.5089,23:11:21,1055914342719,340805,100,24039,2730,66
1784646681.7088,23:11:21,1055914407022,340805,100,24039,2730,66
1784646681.9088,23:11:21,1055914471294,340985,100,24039,2730,66
1784646682.1088,23:11:22,1055914535471,340985,100,24039,2730,66
1784646682.3088,23:11:22,1055914599693,340985,100,24039,2730,66
1784646682.5088,23:11:22,1055914663828,341067,100,24039,2730,66
1784646682.7088,23:11:22,1055914728033,341067,100,24039,2730,66
1784646682.9088,23:11:22,1055914792153,341033,100,24039,2730,66
1784646683.1089,23:11:23,1055914856229,341033,100,24039,2730,66
1784646683.3088,23:11:23,1055914920352,341033,100,24039,2730,66
1784646683.5088,23:11:23,1055914984515,341248,100,24039,2730,66
1784646683.7088,23:11:23,1055915048521,341248,100,24039,2730,66
1784646683.9088,23:11:23,1055915112504,341272,100,24039,2730,66
1784646684.1089,23:11:24,1055915176645,341272,100,24039,2730,66
1784646684.3088,23:11:24,1055915237448,341272,100,24039,2730,66
1784646684.5089,23:11:24,1055915297459,337652,100,24039,2730,65
1784646684.7089,23:11:24,1055915361202,337652,100,24039,2730,65
1784646684.9089,23:11:24,1055915424934,334168,100,24039,2730,65
1784646685.1089,23:11:25,1055915488628,334168,100,24039,2730,65
1784646685.3089,23:11:25,1055915552338,334168,100,24039,2730,65
1784646685.5088,23:11:25,1055915616090,337446,100,24039,2730,65
1784646685.7088,23:11:25,1055915679907,337446,100,24039,2730,65
1784646685.9088,23:11:25,1055915743715,340760,100,24039,2730,65
1784646686.1089,23:11:26,1055915807561,340760,100,24039,2730,65
1784646686.3089,23:11:26,1055915871344,340760,100,24039,2730,65
1784646686.5089,23:11:26,1055915935026,341052,100,24039,2730,66
1784646686.7089,23:11:26,1055915998675,341052,100,24039,2730,66
1784646686.9089,23:11:26,1055916062286,341111,100,24039,2730,66
1784646687.1089,23:11:27,1055916125882,341111,100,24039,2730,66
1784646687.3089,23:11:27,1055916189677,341111,100,24039,2730,66
1784646687.5089,23:11:27,1055916253236,341216,100,24039,2730,65
1784646687.7089,23:11:27,1055916316828,341216,100,24039,2730,65
1784646687.9089,23:11:27,1055916380364,341462,100,24039,2730,66
1784646688.1089,23:11:28,1055916443948,341462,100,24039,2730,66
1784646688.3089,23:11:28,1055916507512,341462,100,24039,2730,66
1784646688.5089,23:11:28,1055916571041,341563,100,24039,2730,66
1784646688.7089,23:11:28,1055916634547,341563,100,24039,2730,66
1784646688.9089,23:11:28,1055916698145,341567,100,24039,2730,65
1784646689.1089,23:11:29,1055916761583,341567,100,24039,2730,65
1784646689.3089,23:11:29,1055916824964,341567,100,24039,2730,65
1784646689.5089,23:11:29,1055916888351,341462,100,24039,2730,65
1784646689.7089,23:11:29,1055916951706,341462,100,24039,2730,65
1784646689.9089,23:11:29,1055917015050,341250,100,24039,2730,65
1784646690.1089,23:11:30,1055917078303,341250,100,24039,2730,65
1784646690.3089,23:11:30,1055917141570,341250,100,24039,2730,65
1784646690.5089,23:11:30,1055917204885,341215,100,24039,2730,66
1784646690.7089,23:11:30,1055917268161,341215,100,24039,2730,66
1784646690.9089,23:11:30,1055917331397,341226,100,24039,2730,65
1784646691.1089,23:11:31,1055917394608,341226,100,24039,2730,65
1784646691.3089,23:11:31,1055917457857,341226,100,24039,2730,65
1784646691.5089,23:11:31,1055917520974,341414,100,24039,2730,66
1784646691.7089,23:11:31,1055917584158,341414,100,24039,2730,66
1784646691.9089,23:11:31,1055917647305,341622,100,24039,2730,66
1784646692.1089,23:11:32,1055917710402,341622,100,24039,2730,66
1784646692.3089,23:11:32,1055917773587,341622,100,24039,2730,66
1784646692.5089,23:11:32,1055917836637,341685,100,24039,2730,66
1784646692.7088,23:11:32,1055917899715,341685,100,24039,2730,66
1784646692.9088,23:11:32,1055917962711,341550,100,24039,2730,65
1784646693.1089,23:11:33,1055918025766,341550,100,24039,2730,65
1784646693.3089,23:11:33,1055918088801,341550,100,24039,2730,65
1784646693.5089,23:11:33,1055918151890,341548,100,24039,2730,66
1784646693.7089,23:11:33,1055918209797,341548,100,24039,2730,66
1784646693.9089,23:11:33,1055918272468,337359,100,24039,2730,65
1784646694.1089,23:11:34,1055918335351,337359,100,24039,2730,65
1784646694.3089,23:11:34,1055918398132,337359,100,24039,2730,65
1784646694.5089,23:11:34,1055918461154,337295,100,24039,2730,65
1784646694.7089,23:11:34,1055918523870,337295,100,24039,2730,65
1784646694.9089,23:11:34,1055918586555,341300,100,24039,2730,65
1784646695.1089,23:11:35,1055918649275,341300,100,24039,2730,65
1784646695.3089,23:11:35,1055918712087,341300,100,24039,2730,65
1784646695.5089,23:11:35,1055918765795,337210,100,24039,2730,63
1784646695.7089,23:11:35,1055918826221,337210,100,24039,2730,63
1784646695.9089,23:11:35,1055918885058,326954,100,24039,2730,65
1784646696.1089,23:11:36,1055918947503,326954,100,24039,2730,65
1784646696.3089,23:11:36,1055919006163,326954,100,24039,2730,65
1784646696.5089,23:11:36,1055919065504,320396,100,24039,2730,64
1784646696.7089,23:11:36,1055919127833,320396,100,24039,2730,64
1784646696.9089,23:11:36,1055919190158,334214,100,24039,2730,65
1784646697.1089,23:11:37,1055919252519,334214,100,24039,2730,65
1784646697.3088,23:11:37,1055919314843,334214,100,24039,2730,65
1784646697.5089,23:11:37,1055919377101,337643,100,24039,2730,65
1784646697.7089,23:11:37,1055919439373,337643,100,24039,2730,65
1784646697.9089,23:11:37,1055919501576,340342,100,24039,2730,65
1784646698.1089,23:11:38,1055919563844,340342,100,24039,2730,65
1784646698.3089,23:11:38,1055919626079,340342,100,24039,2730,65
1784646698.5089,23:11:38,1055919722642,340303,100,24039,2730,65
1784646698.7089,23:11:38,1055919790703,340303,100,24039,2730,65
1784646698.9089,23:11:38,1055919858761,340678,100,24039,2730,65
1784646699.1089,23:11:39,1055919926723,340678,100,24039,2730,65
1784646699.3088,23:11:39,1055919994765,340678,100,24039,2730,65
1784646699.5089,23:11:39,1055920062796,340931,100,24039,2730,65
1784646699.7089,23:11:39,1055920130878,340931,100,24039,2730,65
1784646699.9089,23:11:39,1055920198976,341108,100,24039,2730,65
1784646700.1089,23:11:40,1055920267028,341108,100,24039,2730,65
1784646700.3088,23:11:40,1055920333238,341108,100,24039,2730,65
1784646700.5089,23:11:40,1055920401078,337798,100,24039,2730,65
1784646700.7089,23:11:40,1055920469119,337798,100,24039,2730,65
1784646700.9089,23:11:40,1055920537102,337555,100,24039,2730,65
1784646701.1089,23:11:41,1055920605107,337555,100,24039,2730,65
1784646701.3089,23:11:41,1055920673145,337555,100,24039,2730,65
1784646701.5089,23:11:41,1055920740993,339564,100,24039,2730,65
1784646701.7089,23:11:41,1055920808824,339564,100,24039,2730,65
1784646701.9089,23:11:41,1055920876913,340715,100,24039,2730,65
1784646702.1089,23:11:42,1055920944766,340715,100,24039,2730,65
1784646702.3089,23:11:42,1055921012602,340715,100,24039,2730,65
1784646702.5089,23:11:42,1055921080477,340728,100,24039,2730,65
1784646702.7089,23:11:42,1055921148236,340728,100,24039,2730,65
1784646702.9089,23:11:42,1055921216073,340902,100,24039,2730,65
1784646703.1089,23:11:43,1055921283758,340902,100,24039,2730,65
1784646703.3089,23:11:43,1055921351442,340902,100,24039,2730,65
1784646703.5089,23:11:43,1055921419089,340764,100,24039,2730,65
1784646703.7089,23:11:43,1055921486891,340764,100,24039,2730,65
1784646703.9089,23:11:43,1055921554621,340741,100,24039,2730,65
1784646704.1089,23:11:44,1055921622339,340741,100,24039,2730,65
1784646704.3089,23:11:44,1055921690065,340741,100,24039,2730,65
1784646704.5089,23:11:44,1055921757667,340883,100,24039,2730,65
1784646704.7089,23:11:44,1055921825288,340883,100,24039,2730,65
1784646704.9089,23:11:44,1055921889317,338277,88,24039,2730,64
1784646705.1089,23:11:45,1055921956693,338277,88,24039,2730,64
1784646705.3089,23:11:45,1055922024129,338277,88,24039,2730,64
1784646705.5089,23:11:45,1055922091493,337950,88,24039,2730,65
1784646705.7089,23:11:45,1055922158804,337950,88,24039,2730,65
1784646705.9089,23:11:45,1055922226062,337589,100,24039,2730,65
1784646706.1089,23:11:46,1055922293439,337589,100,24039,2730,65
1784646706.3089,23:11:46,1055922360829,337589,100,24039,2730,65
1784646706.5089,23:11:46,1055922428196,340336,100,24039,2730,65
1784646706.7089,23:11:46,1055922495407,340336,100,24039,2730,65
1784646706.9089,23:11:46,1055922562598,340432,100,24039,2730,65
1784646707.1089,23:11:47,1055922629000,340432,100,24039,2730,65
1784646707.3089,23:11:47,1055922696301,340432,100,24039,2730,65
1784646707.5089,23:11:47,1055922762741,340446,100,24039,2730,65
1784646707.7089,23:11:47,1055922829057,340446,100,24039,2730,65
1784646707.9089,23:11:47,1055922895376,340458,100,24039,2730,65
1784646708.1089,23:11:48,1055922961675,340458,100,24039,2730,65
1784646708.3089,23:11:48,1055923027995,340458,100,24039,2730,65
1784646708.5089,23:11:48,1055923094455,340559,100,24039,2730,65
1784646708.7089,23:11:48,1055923160929,340559,100,24039,2730,65
1784646708.9089,23:11:48,1055923227314,340717,100,24039,2730,65
1784646709.1089,23:11:49,1055923293678,340717,100,24039,2730,65
1784646709.3089,23:11:49,1055923359998,340717,100,24039,2730,65
1784646709.5089,23:11:49,1055923426222,340747,100,24039,2730,65
1784646709.7089,23:11:49,1055923492570,340747,100,24039,2730,65
1784646709.9089,23:11:49,1055923559045,340668,100,24039,2730,65
1784646710.1089,23:11:50,1055923625531,340668,100,24039,2730,65
1784646710.3089,23:11:50,1055923691936,340668,100,24039,2730,65
1784646710.5089,23:11:50,1055923758324,340659,100,24039,2730,65
1784646710.7089,23:11:50,1055923824704,340659,100,24039,2730,65
1784646710.9089,23:11:50,1055923891004,340729,100,24039,2730,65
1784646711.1089,23:11:51,1055923954876,340729,100,24039,2730,65
1784646711.3089,23:11:51,1055924021116,340729,100,24039,2730,65
1784646711.5089,23:11:51,1055924087443,337328,100,24039,2730,65
1784646711.7089,23:11:51,1055924153790,337328,100,24039,2730,65
1784646711.9089,23:11:51,1055924220056,337145,100,24039,2730,65
1784646712.1089,23:11:52,1055924286268,337145,100,24039,2730,65
1784646712.3089,23:11:52,1055924352494,337145,100,24039,2730,65
1784646712.5089,23:11:52,1055924418876,340138,100,24039,2730,65
1784646712.7089,23:11:52,1055924485290,340138,100,24039,2730,65
1784646712.9089,23:11:52,1055924551756,340356,100,24039,2730,65
1784646713.1089,23:11:53,1055924618207,340356,100,24039,2730,65
1784646713.3089,23:11:53,1055924684617,340356,100,24039,2730,65
1784646713.5089,23:11:53,1055924750899,340607,100,24039,2730,65
1784646713.7089,23:11:53,1055924817102,340607,100,24039,2730,65
1784646713.9089,23:11:53,1055924883512,340451,100,24039,2730,65
1784646714.1089,23:11:54,1055924949925,340451,100,24039,2730,65
1784646714.3089,23:11:54,1055925016355,340451,100,24039,2730,65
1784646714.5089,23:11:54,1055925082789,340388,100,24039,2730,65
1784646714.7089,23:11:54,1055925149165,340388,100,24039,2730,65
1784646714.9089,23:11:54,1055925215596,340582,100,24039,2730,65
1784646715.1089,23:11:55,1055925281859,340582,100,24039,2730,65
1784646715.3089,23:11:55,1055925348266,340582,100,24039,2730,65
1784646715.5089,23:11:55,1055925414666,340614,100,24039,2730,65
1784646715.7089,23:11:55,1055925481131,340614,100,24039,2730,65
1784646715.9089,23:11:55,1055925547525,340626,100,24039,2730,65
1784646716.1089,23:11:56,1055925613877,340626,100,24039,2730,65
1784646716.3089,23:11:56,1055925680211,340626,100,24039,2730,65
1784646716.5089,23:11:56,1055925746527,340572,100,24039,2730,65
1784646716.7089,23:11:56,1055925812964,340572,100,24039,2730,65
1784646716.9089,23:11:56,1055925879371,340581,100,24039,2730,65
1784646717.1089,23:11:57,1055925945717,340581,100,24039,2730,65
1784646717.3089,23:11:57,1055926012065,340581,100,24039,2730,65
1784646717.5089,23:11:57,1055926078329,340515,100,24039,2730,65
1784646717.7089,23:11:57,1055926144611,340515,100,24039,2730,65
1784646717.9089,23:11:57,1055926210901,340281,100,24039,2730,65
1784646718.1089,23:11:58,1055926277191,340281,100,24039,2730,65
1784646718.3089,23:11:58,1055926343547,340281,100,24039,2730,65
1784646718.5089,23:11:58,1055926409996,340288,100,24039,2730,65
1784646718.7089,23:11:58,1055926476487,340288,100,24039,2730,65
1784646718.9089,23:11:58,1055926542932,340588,100,24039,2730,65
1784646719.1089,23:11:59,1055926609275,340588,100,24039,2730,65
1784646719.3089,23:11:59,1055926675625,340588,100,24039,2730,65
1784646719.5089,23:11:59,1055926741984,340766,100,24039,2730,66
1784646719.7089,23:11:59,1055926808379,340766,100,24039,2730,66
1784646719.9089,23:11:59,1055926874808,340629,100,24039,2730,66
1784646720.1089,23:12:00,1055926941288,340629,100,24039,2730,66
1784646720.3089,23:12:00,1055927007715,340629,100,24039,2730,66
1784646720.5089,23:12:00,1055927074204,340661,100,24039,2730,66
1784646720.7089,23:12:00,1055927140520,340661,100,24039,2730,66
1784646720.9089,23:12:00,1055927203863,337897,88,24039,2730,65
1784646721.1089,23:12:01,1055927270115,337897,88,24039,2730,65
1784646721.3089,23:12:01,1055927336427,337897,88,24039,2730,65
1784646721.5089,23:12:01,1055927402717,337511,88,24039,2730,65
1784646721.7089,23:12:01,1055927468937,337511,88,24039,2730,65
1784646721.9089,23:12:01,1055927535181,337136,100,24039,2730,65
1784646722.1089,23:12:02,1055927601476,337136,100,24039,2730,65
1784646722.3089,23:12:02,1055927667803,337136,100,24039,2730,65
1784646722.5089,23:12:02,1055927734054,340250,100,24039,2730,66
1784646722.7089,23:12:02,1055927800316,340250,100,24039,2730,66
1784646722.9089,23:12:02,1055927866505,340415,100,24039,2730,66
1784646723.1089,23:12:03,1055927932619,340415,100,24039,2730,66
1784646723.3089,23:12:03,1055927998767,340415,100,24039,2730,66
1784646723.5089,23:12:03,1055928064924,340368,100,24039,2730,66
1784646723.7089,23:12:03,1055928131004,340368,100,24039,2730,66
1784646723.9089,23:12:03,1055928197064,340364,100,24039,2730,66
1784646724.1089,23:12:04,1055928263061,340364,100,24039,2730,66
1784646724.3089,23:12:04,1055928329125,340364,100,24039,2730,66
1784646724.5089,23:12:04,1055928395159,340347,100,24039,2730,66
1784646724.7089,23:12:04,1055928461095,340347,100,24039,2730,66
1784646724.9089,23:12:04,1055928527020,340399,100,24039,2730,66
1784646725.1089,23:12:05,1055928592841,340399,100,24039,2730,66
1784646725.3089,23:12:05,1055928658746,340399,100,24039,2730,66
1784646725.5089,23:12:05,1055928724703,340388,100,24039,2730,66
1784646725.7089,23:12:05,1055928790610,340388,100,24039,2730,66
1784646725.9089,23:12:05,1055928856506,340521,100,24039,2730,66
1784646726.1089,23:12:06,1055928922477,340521,100,24039,2730,66
1784646726.3089,23:12:06,1055928988479,340521,100,24039,2730,66
1784646726.5089,23:12:06,1055929054361,340946,100,24039,2730,66
1784646726.7089,23:12:06,1055929120317,340946,100,24039,2730,66
1784646726.9089,23:12:06,1055929186203,341189,100,24039,2730,66
1784646727.1089,23:12:07,1055929251948,341189,100,24039,2730,66
1784646727.3089,23:12:07,1055929317804,341189,100,24039,2730,66
1784646727.5089,23:12:07,1055929382938,341208,100,24039,2730,66
1784646727.7089,23:12:07,1055929448770,341208,100,24039,2730,66
1784646727.9089,23:12:07,1055929514521,341202,100,24039,2730,66
1784646728.1089,23:12:08,1055929580037,341202,100,24039,2730,66
1784646728.3089,23:12:08,1055929645794,341202,100,24039,2730,66
1784646728.5089,23:12:08,1055929711430,341093,100,24039,2730,66
1784646728.7089,23:12:08,1055929776952,341093,100,24039,2730,66
1784646728.9089,23:12:08,1055929842512,340906,100,24039,2730,66
1784646729.1089,23:12:09,1055929908072,340906,100,24039,2730,66
1784646729.3089,23:12:09,1055929973721,340906,100,24039,2730,66
1784646729.5089,23:12:09,1055930039235,341009,100,24039,2730,66
1784646729.7089,23:12:09,1055930104852,341009,100,24039,2730,66
1784646729.9089,23:12:09,1055930170557,341254,100,24039,2730,66
1784646730.1089,23:12:10,1055930236155,341254,100,24039,2730,66
1784646730.3089,23:12:10,1055930301721,341254,100,24039,2730,66
1784646730.5089,23:12:10,1055930365294,341581,100,24039,2730,66
1784646730.7089,23:12:10,1055930427088,341581,100,24039,2730,66
1784646730.9089,23:12:10,1055930492321,336044,100,24039,2730,65
1784646731.1089,23:12:11,1055930557621,336044,100,24039,2730,65
1784646731.3089,23:12:11,1055930622980,336044,100,24039,2730,65
1784646731.5089,23:12:11,1055930688228,335657,100,24039,2730,66
1784646731.7089,23:12:11,1055930753423,335657,100,24039,2730,66
1784646731.9089,23:12:11,1055930818647,340786,100,24039,2730,66
1784646732.1089,23:12:12,1055930883784,340786,100,24039,2730,66
1784646732.3089,23:12:12,1055930948990,340786,100,24039,2730,66
1784646732.5089,23:12:12,1055931014183,340733,100,24039,2730,66
1784646732.7089,23:12:12,1055931079393,340733,100,24039,2730,66
1784646732.9089,23:12:12,1055931144673,340893,100,24039,2730,66
1784646733.1089,23:12:13,1055931209814,340893,100,24039,2730,66
1784646733.3089,23:12:13,1055931274990,340893,100,24039,2730,66
1784646733.5089,23:12:13,1055931340091,341210,100,24039,2730,66
1784646733.7089,23:12:13,1055931405219,341210,100,24039,2730,66
1784646733.9089,23:12:13,1055931470251,341212,100,24039,2730,66
1784646734.1089,23:12:14,1055931535280,341212,100,24039,2730,66
1784646734.3089,23:12:14,1055931600375,341212,100,24039,2730,66
1784646734.5089,23:12:14,1055931665392,341200,100,24039,2730,66
1784646734.7089,23:12:14,1055931730285,341200,100,24039,2730,66
1784646734.9089,23:12:14,1055931790913,337983,87,24039,2730,66
1784646735.1089,23:12:15,1055931855713,337983,87,24039,2730,66
1784646735.3089,23:12:15,1055931916599,337983,87,24039,2730,66
1784646735.5089,23:12:15,1055931981331,334653,87,24039,2730,66
1784646735.7089,23:12:15,1055932046012,334653,87,24039,2730,66
1784646735.9089,23:12:15,1055932108331,334181,100,24039,2730,66
1784646736.1089,23:12:16,1055932172805,334181,100,24039,2730,66
1784646736.3089,23:12:16,1055932237503,334181,100,24039,2730,66
1784646736.5089,23:12:16,1055932302054,334893,100,24039,2730,66
1784646736.7089,23:12:16,1055932366639,334893,100,24039,2730,66
1784646736.9089,23:12:16,1055932431305,337980,100,24039,2730,66
1784646737.1089,23:12:17,1055932495783,337980,100,24039,2730,66
1784646737.3089,23:12:17,1055932560322,337980,100,24039,2730,66
1784646737.5089,23:12:17,1055932624852,340383,100,24039,2730,66
1784646737.7089,23:12:17,1055932689264,340383,100,24039,2730,66
1784646737.9089,23:12:17,1055932753686,340359,100,24039,2730,66
1784646738.1089,23:12:18,1055932817997,340359,100,24039,2730,66
1784646738.3089,23:12:18,1055932882374,340359,100,24039,2730,66
1784646738.5089,23:12:18,1055932946774,340204,100,24039,2730,66
1784646738.7089,23:12:18,1055933011171,340204,100,24039,2730,66
1784646738.9089,23:12:18,1055933075526,340210,100,24039,2730,66
1784646739.1089,23:12:19,1055933139794,340210,100,24039,2730,66
1784646739.3089,23:12:19,1055933204266,340210,100,24039,2730,66
1784646739.5089,23:12:19,1055933268629,340474,100,24039,2730,66
1784646739.7089,23:12:19,1055933332863,340474,100,24039,2730,66
1784646739.9089,23:12:19,1055933397206,340605,100,24039,2730,66
1784646740.1089,23:12:20,1055933461461,340605,100,24039,2730,66
1784646740.3089,23:12:20,1055933525662,340605,100,24039,2730,66
1784646740.5089,23:12:20,1055933589941,340721,100,24039,2730,66
1784646740.7089,23:12:20,1055933650923,340721,100,24039,2730,66
1784646740.9089,23:12:20,1055933714961,338195,100,24039,2730,66
1784646741.1089,23:12:21,1055933778935,338195,100,24039,2730,66
1784646741.3089,23:12:21,1055933842974,338195,100,24039,2730,66
1784646741.5089,23:12:21,1055933906914,337867,100,24039,2730,66
1784646741.7089,23:12:21,1055933970801,337867,100,24039,2730,66
1784646741.9089,23:12:21,1055934034558,339970,100,24039,2730,66
1784646742.1089,23:12:22,1055934098339,339970,100,24039,2730,66
1784646742.3089,23:12:22,1055934162182,339970,100,24039,2730,66
1784646742.5089,23:12:22,1055934225996,339782,100,24039,2730,66
1784646742.7089,23:12:22,1055934289759,339782,100,24039,2730,66
1784646742.9089,23:12:22,1055934353516,339637,100,24039,2730,66
1784646743.1089,23:12:23,1055934417273,339637,100,24039,2730,66
1784646743.3089,23:12:23,1055934481011,339637,100,24039,2730,66
1784646743.5089,23:12:23,1055934544778,339858,100,24039,2730,66
1784646743.7089,23:12:23,1055934608395,339858,100,24039,2730,66
1784646743.9089,23:12:23,1055934672145,339881,100,24039,2730,66
1784646744.1089,23:12:24,1055934735817,339881,100,24039,2730,66
1784646744.3089,23:12:24,1055934799681,339881,100,24039,2730,66
1784646744.5089,23:12:24,1055934863395,340102,100,24039,2730,66
1784646744.7089,23:12:24,1055934927213,340102,100,24039,2730,66
1784646744.9089,23:12:24,1055934990943,340526,100,24039,2730,66
1784646745.1089,23:12:25,1055935054522,340526,100,24039,2730,66
1784646745.3089,23:12:25,1055935118195,340526,100,24039,2730,66
1784646745.5089,23:12:25,1055935181947,340718,100,24039,2730,66
1784646745.7089,23:12:25,1055935245754,340718,100,24039,2730,66
1784646745.9089,23:12:25,1055935309464,340885,100,24039,2730,66
1784646746.1089,23:12:26,1055935372945,340885,100,24039,2730,66
1784646746.3089,23:12:26,1055935436274,340885,100,24039,2730,66
1784646746.5089,23:12:26,1055935498584,339626,100,24039,2730,65
1784646746.7089,23:12:26,1055935561974,339626,100,24039,2730,65
1784646746.9089,23:12:26,1055935625344,337338,100,24039,2730,66
1784646747.1089,23:12:27,1055935688667,337338,100,24039,2730,66
1784646747.3089,23:12:27,1055935751994,337338,100,24039,2730,66
1784646747.5089,23:12:27,1055935815250,336999,100,24039,2730,66
1784646747.7089,23:12:27,1055935878586,336999,100,24039,2730,66
1784646747.9089,23:12:27,1055935941993,340182,100,24039,2730,66
1784646748.1089,23:12:28,1055936005232,340182,100,24039,2730,66
1784646748.3089,23:12:28,1055936068533,340182,100,24039,2730,66
1784646748.5089,23:12:28,1055936131903,340381,100,24039,2730,66
1784646748.7089,23:12:28,1055936195056,340381,100,24039,2730,66
1784646748.9089,23:12:28,1055936258358,340716,100,24039,2730,66
1784646749.1089,23:12:29,1055936321719,340716,100,24039,2730,66
1784646749.3089,23:12:29,1055936384848,340716,100,24039,2730,66
1784646749.5089,23:12:29,1055936448047,340760,100,24039,2730,66
1784646749.7089,23:12:29,1055936511166,340760,100,24039,2730,66
1784646749.9089,23:12:29,1055936574426,340791,100,24039,2730,66
1784646750.1089,23:12:30,1055936637616,340791,100,24039,2730,66
1784646750.3089,23:12:30,1055936700761,340791,100,24039,2730,66
1784646750.5089,23:12:30,1055936763905,340933,100,24039,2730,66
1784646750.7089,23:12:30,1055936826855,340933,100,24039,2730,66
1784646750.9089,23:12:30,1055936889985,341046,100,24039,2730,66
1784646751.1089,23:12:31,1055936952995,341046,100,24039,2730,66
1784646751.3089,23:12:31,1055937016010,341046,100,24039,2730,66
1784646751.5089,23:12:31,1055937079088,341043,100,24039,2730,66
1784646751.7089,23:12:31,1055937141830,341043,100,24039,2730,66
1784646751.9089,23:12:31,1055937199388,337132,89,24039,2730,66
1784646752.1089,23:12:32,1055937262086,337132,89,24039,2730,66
1784646752.3089,23:12:32,1055937324892,337132,89,24039,2730,66
1784646752.5089,23:12:32,1055937387675,333820,89,24039,2730,66
1784646752.7089,23:12:32,1055937450390,333820,89,24039,2730,66
1784646752.9089,23:12:32,1055937513125,334066,100,24039,2730,66
1784646753.1089,23:12:33,1055937575621,334066,100,24039,2730,66
1784646753.3089,23:12:33,1055937638332,334066,100,24039,2730,66
1784646753.5089,23:12:33,1055937701084,340213,100,24039,2730,66
1784646753.7089,23:12:33,1055937763654,340213,100,24039,2730,66
1784646753.9089,23:12:33,1055937826232,340095,100,24039,2730,66
1784646754.1089,23:12:34,1055937888731,340095,100,24039,2730,66
1784646754.3089,23:12:34,1055937951349,340095,100,24039,2730,66
1784646754.5089,23:12:34,1055938013947,340309,100,24039,2730,66
1784646754.7089,23:12:34,1055938073219,340309,100,24039,2730,66
1784646754.9089,23:12:34,1055938135821,336236,100,24039,2730,66
1784646755.1089,23:12:35,1055938198385,336236,100,24039,2730,66
1784646755.3089,23:12:35,1055938261069,336236,100,24039,2730,66
1784646755.5089,23:12:35,1055938323613,336629,100,24039,2730,66
1784646755.7089,23:12:35,1055938386081,336629,100,24039,2730,66
1784646755.9089,23:12:35,1055938448559,341100,100,24039,2730,66
1784646756.1089,23:12:36,1055938510907,341100,100,24039,2730,66
1784646756.3089,23:12:36,1055938573302,341100,100,24039,2730,66
1784646756.5089,23:12:36,1055938635784,340992,100,24039,2730,66
1784646756.7089,23:12:36,1055938698112,340992,100,24039,2730,66
1784646756.9089,23:12:36,1055938760476,340891,100,24039,2730,66
1784646757.1089,23:12:37,1055938822816,340891,100,24039,2730,66
1784646757.3089,23:12:37,1055938885144,340891,100,24039,2730,66
1784646757.5089,23:12:37,1055938947520,340991,100,24039,2730,66
1784646757.7089,23:12:37,1055939009796,340991,100,24039,2730,66
1784646757.9089,23:12:37,1055939072066,341160,100,24039,2730,66
1784646758.1089,23:12:38,1055939134348,341160,100,24039,2730,66
1784646758.3089,23:12:38,1055939196675,341160,100,24039,2730,66
1784646758.5089,23:12:38,1055939258908,341303,100,24039,2730,66
1784646758.7089,23:12:38,1055939321061,341303,100,24039,2730,66
1784646758.9089,23:12:38,1055939383262,341233,100,24039,2730,66
1784646759.1089,23:12:39,1055939445363,341233,100,24039,2730,66
1784646759.3089,23:12:39,1055939507512,341233,100,24039,2730,66
1784646759.5089,23:12:39,1055939569630,341092,100,24039,2730,66
1784646759.7089,23:12:39,1055939631690,341092,100,24039,2730,66
1784646759.9089,23:12:39,1055939693787,341157,100,24039,2730,66
1784646760.1089,23:12:40,1055939755799,341157,100,24039,2730,66
1784646760.3089,23:12:40,1055939817525,341157,100,24039,2730,66
1784646760.5089,23:12:40,1055939879501,341339,100,24039,2730,66
1784646760.7089,23:12:40,1055939941610,341339,100,24039,2730,66
1784646760.9089,23:12:40,1055940003599,341425,100,24039,2730,66
1784646761.1089,23:12:41,1055940065541,341425,100,24039,2730,66
1784646761.3089,23:12:41,1055940127515,341425,100,24039,2730,66
1784646761.5089,23:12:41,1055940189379,341348,100,24039,2730,66
1784646761.7089,23:12:41,1055940251147,341348,100,24039,2730,66
1784646761.9089,23:12:41,1055940312995,341188,100,24039,2730,66
1784646762.1089,23:12:42,1055940374813,341188,100,24039,2730,66
1784646762.3089,23:12:42,1055940436719,341188,100,24039,2730,66
1784646762.5089,23:12:42,1055940498527,341279,100,24039,2730,66
1784646762.7089,23:12:42,1055940560293,341279,100,24039,2730,66
1784646762.9089,23:12:42,1055940618596,338809,88,24039,2730,66
1784646763.1089,23:12:43,1055940680218,338809,88,24039,2730,66
1784646763.3089,23:12:43,1055940741759,338809,88,24039,2730,66
1784646763.5089,23:12:43,1055940803374,338480,88,24039,2730,66
1784646763.7089,23:12:43,1055940864923,338480,88,24039,2730,66
1784646763.9089,23:12:43,1055940926531,338112,100,24039,2730,66
1784646764.1089,23:12:44,1055940988064,338112,100,24039,2730,66
1784646764.3089,23:12:44,1055941049645,338112,100,24039,2730,66
1784646764.5089,23:12:44,1055941111268,340982,100,24039,2730,66
1784646764.7089,23:12:44,1055941172815,340982,100,24039,2730,66
1784646764.9089,23:12:44,1055941234383,341273,100,24039,2730,66
1784646765.1089,23:12:45,1055941295933,341273,100,24039,2730,66
1784646765.3089,23:12:45,1055941356553,341273,100,24039,2730,66
1784646765.5089,23:12:45,1055941418136,338249,100,24039,2730,66
1784646765.7089,23:12:45,1055941479573,338249,100,24039,2730,66
1784646765.9089,23:12:45,1055941541090,338240,100,24039,2730,66
1784646766.1089,23:12:46,1055941607855,338240,100,24039,2730,66
1784646766.3089,23:12:46,1055941669382,338240,100,24039,2730,66
1784646766.5089,23:12:46,1055941731036,341500,100,24039,2730,66
1784646766.7089,23:12:46,1055941797881,341500,100,24039,2730,66
1784646766.9089,23:12:46,1055941859304,341854,100,24039,2730,66
1784646767.1089,23:12:47,1055941926111,341854,100,24039,2730,66
1784646767.3089,23:12:47,1055941992777,341854,100,24039,2730,66
1784646767.5089,23:12:47,1055942054195,341849,100,24039,2730,66
1784646767.7089,23:12:47,1055942120885,341849,100,24039,2730,66
1784646767.9089,23:12:47,1055942187611,341618,100,24039,2730,66
1784646768.1089,23:12:48,1055942254299,341618,100,24039,2730,66
1784646768.3089,23:12:48,1055942321023,341618,100,24039,2730,66
1784646768.5089,23:12:48,1055942387882,341565,100,24039,2730,66
1784646768.7089,23:12:48,1055942454510,341565,100,24039,2730,66
1784646768.9089,23:12:48,1055942521212,341658,100,24039,2730,66
1784646769.1089,23:12:49,1055942587913,341658,100,24039,2730,66
1784646769.3089,23:12:49,1055942654635,341658,100,24039,2730,66
1784646769.5089,23:12:49,1055942721347,341678,100,24039,2730,66
1784646769.7089,23:12:49,1055942786165,341678,100,24039,2730,66
1784646769.9089,23:12:49,1055942852662,338501,100,24039,2730,66
1784646770.1089,23:12:50,1055942919132,338501,100,24039,2730,66
1784646770.3089,23:12:50,1055942985750,338501,100,24039,2730,66
1784646770.5089,23:12:50,1055943052291,338126,100,24039,2730,66
1784646770.7089,23:12:50,1055943118892,338126,100,24039,2730,66
1784646770.9089,23:12:50,1055943185374,340636,100,24039,2730,66
1784646771.1089,23:12:51,1055943251860,340636,100,24039,2730,66
1784646771.3089,23:12:51,1055943318321,340636,100,24039,2730,66
1784646771.5089,23:12:51,1055943384698,340499,100,24039,2730,66
1784646771.7089,23:12:51,1055943451185,340499,100,24039,2730,66
1784646771.9089,23:12:51,1055943517726,340396,100,24039,2730,66
1784646772.1089,23:12:52,1055943580831,340396,100,24039,2730,66
1784646772.3089,23:12:52,1055943647277,340396,100,24039,2730,66
1784646772.5089,23:12:52,1055943713894,337532,100,24039,2730,66
1784646772.7089,23:12:52,1055943780531,337532,100,24039,2730,66
1784646772.9089,23:12:52,1055943846981,337834,100,24039,2730,66
1784646773.1089,23:12:53,1055943913620,337834,100,24039,2730,66
1784646773.3089,23:12:53,1055943980215,337834,100,24039,2730,66
1784646773.5089,23:12:53,1055944046764,340982,100,24039,2730,66
1784646773.7089,23:12:53,1055944113343,340982,100,24039,2730,66
1784646773.9089,23:12:53,1055944179938,340932,100,24039,2730,66
1784646774.1089,23:12:54,1055944246609,340932,100,24039,2730,66
1784646774.3089,23:12:54,1055944313118,340932,100,24039,2730,66
1784646774.5089,23:12:54,1055944379826,340989,100,24039,2730,66
1784646774.7089,23:12:54,1055944446479,340989,100,24039,2730,66
1784646774.9089,23:12:54,1055944512998,341118,100,24039,2730,66
1784646775.1089,23:12:55,1055944579548,341118,100,24039,2730,66
1784646775.3089,23:12:55,1055944646067,341118,100,24039,2730,66
1784646775.5089,23:12:55,1055944712688,340899,100,24039,2730,66
1784646775.7089,23:12:55,1055944779246,340899,100,24039,2730,66
1784646775.9089,23:12:55,1055944845791,340850,100,24039,2730,66
1784646776.1089,23:12:56,1055944912323,340850,100,24039,2730,66
1784646776.3089,23:12:56,1055944978877,340850,100,24039,2730,66
1784646776.5089,23:12:56,1055945045518,340878,100,24039,2730,66
1784646776.7089,23:12:56,1055945112196,340878,100,24039,2730,66
1784646776.9089,23:12:56,1055945178896,341020,100,24039,2730,66
1784646777.1089,23:12:57,1055945245542,341020,100,24039,2730,66
1784646777.3089,23:12:57,1055945312153,341020,100,24039,2730,66
1784646777.5089,23:12:57,1055945378862,341400,100,24039,2730,66
1784646777.7089,23:12:57,1055945445554,341400,100,24039,2730,66
1784646777.9089,23:12:57,1055945512289,341560,100,24039,2730,66
1784646778.1089,23:12:58,1055945579059,341560,100,24039,2730,66
1784646778.3089,23:12:58,1055945645841,341560,100,24039,2730,66
1784646778.5089,23:12:58,1055945712517,341618,100,24039,2730,66
1784646778.7089,23:12:58,1055945779223,341618,100,24039,2730,66
1784646778.9089,23:12:58,1055945845972,341664,100,24039,2730,66
1784646779.1089,23:12:59,1055945912591,341664,100,24039,2730,66
1784646779.3089,23:12:59,1055945979204,341664,100,24039,2730,66
1784646779.5089,23:12:59,1055946045882,341389,100,24039,2730,66
1784646779.7089,23:12:59,1055946112477,341389,100,24039,2730,66
1784646779.9089,23:12:59,1055946178976,341198,100,24039,2730,66
1784646780.1089,23:13:00,1055946245446,341198,100,24039,2730,66
1784646780.3089,23:13:00,1055946312056,341198,100,24039,2730,66
1784646780.5089,23:13:00,1055946378573,341047,100,24039,2730,66
1784646780.7089,23:13:00,1055946445094,341047,100,24039,2730,66
1784646780.9089,23:13:00,1055946511738,340981,100,24039,2730,66
1784646781.1089,23:13:01,1055946578120,340981,100,24039,2730,66
1784646781.3089,23:13:01,1055946644666,340981,100,24039,2730,66
1784646781.5089,23:13:01,1055946711214,341245,100,24039,2730,67
1784646781.7089,23:13:01,1055946777665,341245,100,24039,2730,67
1784646781.9089,23:13:01,1055946844221,341535,100,24039,2730,67
1784646782.1089,23:13:02,1055946910635,341535,100,24039,2730,67
1784646782.3089,23:13:02,1055946977185,341535,100,24039,2730,67
1784646782.5089,23:13:02,1055947043589,341666,100,24039,2730,67
1784646782.7089,23:13:02,1055947109999,341666,100,24039,2730,67
1784646782.9089,23:13:02,1055947176437,341676,100,24039,2730,67
1784646783.1089,23:13:03,1055947242738,341676,100,24039,2730,67
1784646783.3089,23:13:03,1055947309204,341676,100,24039,2730,67
1784646783.5089,23:13:03,1055947375586,341794,100,24039,2730,67
1784646783.7089,23:13:03,1055947441957,341794,100,24039,2730,67
1784646783.9089,23:13:03,1055947508373,341889,100,24039,2730,67
1784646784.1089,23:13:04,1055947574590,341889,100,24039,2730,67
1784646784.3089,23:13:04,1055947640874,341889,100,24039,2730,67
1784646784.5089,23:13:04,1055947702816,341935,100,24039,2730,67
1784646784.7089,23:13:04,1055947768760,341935,100,24039,2730,67
1784646784.9089,23:13:04,1055947834768,337068,100,24039,2730,66
1784646785.1089,23:13:05,1055947900424,337068,100,24039,2730,66
1784646785.3089,23:13:05,1055947965478,337068,100,24039,2730,66
1784646785.5089,23:13:05,1055948031603,333506,100,24039,2730,66
1784646785.7089,23:13:05,1055948097646,333506,100,24039,2730,66
1784646785.9089,23:13:05,1055948163770,338181,100,24039,2730,67
1784646786.1089,23:13:06,1055948229785,338181,100,24039,2730,67
1784646786.3089,23:13:06,1055948295846,338181,100,24039,2730,67
1784646786.5089,23:13:06,1055948361867,341775,100,24039,2730,67
1784646786.7089,23:13:06,1055948427763,341775,100,24039,2730,67
1784646786.9089,23:13:06,1055948493754,341684,100,24039,2730,67
1784646787.1089,23:13:07,1055948559663,341684,100,24039,2730,67
1784646787.3089,23:13:07,1055948625583,341684,100,24039,2730,67
1784646787.5089,23:13:07,1055948688525,341689,100,24039,2730,64
1784646787.7089,23:13:07,1055948754012,341689,100,24039,2730,64
1784646787.9089,23:13:07,1055948819600,338038,100,24039,2730,67
1784646788.1089,23:13:08,1055948883107,338038,100,24039,2730,67
1784646788.3089,23:13:08,1055948948693,338038,100,24039,2730,67
1784646788.5089,23:13:08,1055949011217,334183,100,24039,2730,66
1784646788.7089,23:13:08,1055949076578,334183,100,24039,2730,66
1784646788.9089,23:13:08,1055949142045,334877,100,24039,2730,66
1784646789.1089,23:13:09,1055949207365,334877,100,24039,2730,66
1784646789.3089,23:13:09,1055949272799,334877,100,24039,2730,66
1784646789.5089,23:13:09,1055949338263,337969,100,24039,2730,67
1784646789.7089,23:13:09,1055949403593,337969,100,24039,2730,67
1784646789.9089,23:13:09,1055949469028,340365,100,24039,2730,67
1784646790.1089,23:13:10,1055949534343,340365,100,24039,2730,67
1784646790.3089,23:13:10,1055949599774,340365,100,24039,2730,67
1784646790.5089,23:13:10,1055949665104,340704,100,24039,2730,67
1784646790.7089,23:13:10,1055949730509,340704,100,24039,2730,67
1784646790.9089,23:13:10,1055949795886,340825,100,24039,2730,67
1784646791.1089,23:13:11,1055949861129,340825,100,24039,2730,67
1784646791.3089,23:13:11,1055949926326,340825,100,24039,2730,67
1784646791.5089,23:13:11,1055949991619,340778,100,24039,2730,67
1784646791.7089,23:13:11,1055950056927,340778,100,24039,2730,67
1784646791.9089,23:13:11,1055950122281,341113,100,24039,2730,67
1784646792.1089,23:13:12,1055950187580,341113,100,24039,2730,67
1784646792.3089,23:13:12,1055950252873,341113,100,24039,2730,67
1784646792.5089,23:13:12,1055950318106,341382,100,24039,2730,67
1784646792.7089,23:13:12,1055950383135,341382,100,24039,2730,67
1784646792.9089,23:13:12,1055950448375,341287,100,24039,2730,67
1784646793.1089,23:13:13,1055950513492,341287,100,24039,2730,67
1784646793.3089,23:13:13,1055950578651,341287,100,24039,2730,67
1784646793.5089,23:13:13,1055950643864,341325,100,24039,2730,67
1784646793.7089,23:13:13,1055950709023,341325,100,24039,2730,67
1784646793.9089,23:13:13,1055950774208,341688,100,24039,2730,67
1784646794.1089,23:13:14,1055950839206,341688,100,24039,2730,67
1784646794.3089,23:13:14,1055950904300,341688,100,24039,2730,67
1784646794.5089,23:13:14,1055950969347,341703,100,24039,2730,67
1784646794.7089,23:13:14,1055951034367,341703,100,24039,2730,67
1784646794.9089,23:13:14,1055951099454,341662,100,24039,2730,67
1784646795.1089,23:13:15,1055951164404,341662,100,24039,2730,67
1784646795.3089,23:13:15,1055951229319,341662,100,24039,2730,67
1784646795.5089,23:13:15,1055951294203,341694,100,24039,2730,67
1784646795.7089,23:13:15,1055951359125,341694,100,24039,2730,67
1784646795.9089,23:13:15,1055951424197,341733,100,24039,2730,67
1784646796.1089,23:13:16,1055951489003,341733,100,24039,2730,67
1784646796.3089,23:13:16,1055951553818,341733,100,24039,2730,67
1784646796.5089,23:13:16,1055951618732,341704,100,24039,2730,67
1784646796.7089,23:13:16,1055951683516,341704,100,24039,2730,67
1784646796.9089,23:13:16,1055951748410,341914,100,24039,2730,67
1784646797.1089,23:13:17,1055951813219,341914,100,24039,2730,67
1784646797.3089,23:13:17,1055951878232,341914,100,24039,2730,67
1784646797.5089,23:13:17,1055951943084,342208,100,24039,2730,67
1784646797.7089,23:13:17,1055952007859,342208,100,24039,2730,67
1784646797.9089,23:13:17,1055952072642,342407,100,24039,2730,67
1784646798.1089,23:13:18,1055952137311,342407,100,24039,2730,67
1784646798.3089,23:13:18,1055952202069,342407,100,24039,2730,67
1784646798.5089,23:13:18,1055952266703,342362,100,24039,2730,67
1784646798.7089,23:13:18,1055952331221,342362,100,24039,2730,67
1784646798.9089,23:13:18,1055952395853,342060,100,24039,2730,67
1784646799.1089,23:13:19,1055952460437,342060,100,24039,2730,67
1784646799.3089,23:13:19,1055952525127,342060,100,24039,2730,67
1784646799.5089,23:13:19,1055952589690,342122,100,24039,2730,67
1784646799.7089,23:13:19,1055952654185,342122,100,24039,2730,67
1784646799.9089,23:13:19,1055952718723,342160,100,24039,2730,67
1784646800.1089,23:13:20,1055952783165,342160,100,24039,2730,67
1784646800.3089,23:13:20,1055952847263,342160,100,24039,2730,67
1784646800.5089,23:13:20,1055952911815,342146,100,24039,2730,67
1784646800.7089,23:13:20,1055952976254,342146,100,24039,2730,67
1784646800.9089,23:13:20,1055953036918,342273,100,24039,2730,66
1784646801.1089,23:13:21,1055953100970,342273,100,24039,2730,66
1784646801.3089,23:13:21,1055953165242,342273,100,24039,2730,66
1784646801.5089,23:13:21,1055953229432,338910,100,24039,2730,67
1784646801.7089,23:13:21,1055953293544,338910,100,24039,2730,67
1784646801.9089,23:13:21,1055953357729,338376,100,24039,2730,67
1784646802.1089,23:13:22,1055953421888,338376,100,24039,2730,67
1784646802.3089,23:13:22,1055953486012,338376,100,24039,2730,67
1784646802.5089,23:13:22,1055953550233,341453,100,24039,2730,67
1784646802.7089,23:13:22,1055953614270,341453,100,24039,2730,67
1784646802.9089,23:13:22,1055953678342,341671,100,24039,2730,67
1784646803.1089,23:13:23,1055953742464,341671,100,24039,2730,67
1784646803.3089,23:13:23,1055953806462,341671,100,24039,2730,67
1784646803.5089,23:13:23,1055953870493,341713,100,24039,2730,67
1784646803.7089,23:13:23,1055953934484,341713,100,24039,2730,67
1784646803.9089,23:13:23,1055953998368,341602,100,24039,2730,67
1784646804.1089,23:13:24,1055954062333,341602,100,24039,2730,67
1784646804.3089,23:13:24,1055954126415,341602,100,24039,2730,67
1784646804.5089,23:13:24,1055954190403,341715,100,24039,2730,67
1784646804.7089,23:13:24,1055954254337,341715,100,24039,2730,67
1784646804.9089,23:13:24,1055954318265,341939,100,24039,2730,67
1784646805.1089,23:13:25,1055954382094,341939,100,24039,2730,67
1784646805.3089,23:13:25,1055954445938,341939,100,24039,2730,67
1784646805.5089,23:13:25,1055954509687,342020,100,24039,2730,67
1784646805.7089,23:13:25,1055954573261,342020,100,24039,2730,67
1784646805.9089,23:13:25,1055954637072,341666,100,24039,2730,67
1784646806.1089,23:13:26,1055954700678,341666,100,24039,2730,67
1784646806.3089,23:13:26,1055954760241,341666,100,24039,2730,67
1784646806.5089,23:13:26,1055954823877,338428,100,24039,2730,67
1784646806.7089,23:13:26,1055954887389,338428,100,24039,2730,67
1784646806.9089,23:13:26,1055954950940,338660,100,24039,2730,67
1784646807.1089,23:13:27,1055955014359,338660,100,24039,2730,67
1784646807.3089,23:13:27,1055955077882,338660,100,24039,2730,67
1784646807.5089,23:13:27,1055955141418,341926,100,24039,2730,67
1784646807.7089,23:13:27,1055955204872,341926,100,24039,2730,67
1784646807.9089,23:13:27,1055955268249,341903,100,24039,2730,67
1784646808.1089,23:13:28,1055955331519,341903,100,24039,2730,67
1784646808.3089,23:13:28,1055955390114,341903,100,24039,2730,67
1784646808.5089,23:13:28,1055955453593,337896,100,24039,2730,67
1784646808.7089,23:13:28,1055955514672,337896,100,24039,2730,67
1784646808.9089,23:13:28,1055955578066,334163,100,24039,2730,67
1784646809.1089,23:13:29,1055955641523,334163,100,24039,2730,67
1784646809.3089,23:13:29,1055955704939,334163,100,24039,2730,67
1784646809.5089,23:13:29,1055955768427,338066,100,24039,2730,67
1784646809.7089,23:13:29,1055955831839,338066,100,24039,2730,67
1784646809.9089,23:13:29,1055955895339,341981,100,24039,2730,67
1784646810.1089,23:13:30,1055955958711,341981,100,24039,2730,67
1784646810.3089,23:13:30,1055956021986,341981,100,24039,2730,67
1784646810.5089,23:13:30,1055956085383,342393,100,24039,2730,67
1784646810.7089,23:13:30,1055956148587,342393,100,24039,2730,67
1784646810.9089,23:13:30,1055956211907,342393,100,24039,2730,67
1784646811.1089,23:13:31,1055956275106,342393,100,24039,2730,67
1784646811.3089,23:13:31,1055956338373,342393,100,24039,2730,67
1784646811.5089,23:13:31,1055956401659,342216,100,24039,2730,67
1784646811.7089,23:13:31,1055956464896,342216,100,24039,2730,67
1784646811.9089,23:13:31,1055956528086,342355,100,24039,2730,67
1784646812.1089,23:13:32,1055956591126,342355,100,24039,2730,67
1784646812.3089,23:13:32,1055956654295,342355,100,24039,2730,67
1784646812.5089,23:13:32,1055956717498,342331,100,24039,2730,67
1784646812.7089,23:13:32,1055956780538,342331,100,24039,2730,67
1784646812.9089,23:13:32,1055956843698,342296,100,24039,2730,67
1784646813.1089,23:13:33,1055956906692,342296,100,24039,2730,67
1784646813.3089,23:13:33,1055956969733,342296,100,24039,2730,67
1784646813.5089,23:13:33,1055957032701,342324,100,24039,2730,67
1784646813.7089,23:13:33,1055957095662,342324,100,24039,2730,67
1784646813.9089,23:13:33,1055957158709,342255,100,24039,2730,67
1784646814.1089,23:13:34,1055957221642,342255,100,24039,2730,67
1784646814.3089,23:13:34,1055957284681,342255,100,24039,2730,67
1784646814.5089,23:13:34,1055957347730,342412,100,24039,2730,67
1784646814.7088,23:13:34,1055957410602,342412,100,24039,2730,67
1784646814.9089,23:13:34,1055957473447,342676,100,24039,2730,67
1784646815.1089,23:13:35,1055957536253,342676,100,24039,2730,67
1784646815.3089,23:13:35,1055957599161,342676,100,24039,2730,67
1784646815.5089,23:13:35,1055957661952,342589,100,24039,2730,67
1784646815.7089,23:13:35,1055957724736,342589,100,24039,2730,67
1784646815.9089,23:13:35,1055957787506,342485,100,24039,2730,67
1784646816.1089,23:13:36,1055957850250,342485,100,24039,2730,67
1784646816.3089,23:13:36,1055957913138,342485,100,24039,2730,67
1784646816.5089,23:13:36,1055957975945,342690,100,24039,2730,67
1784646816.7089,23:13:36,1055958038679,342690,100,24039,2730,67
1784646816.9089,23:13:36,1055958101440,342927,100,24039,2730,67
1784646817.1089,23:13:37,1055958164021,342927,100,24039,2730,67
1784646817.3089,23:13:37,1055958226702,342927,100,24039,2730,67
1784646817.5089,23:13:37,1055958289335,342891,100,24039,2730,67
1784646817.7089,23:13:37,1055958351902,342891,100,24039,2730,67
1784646817.9089,23:13:37,1055958414518,342704,100,24039,2730,67
1784646818.1089,23:13:38,1055958477061,342704,100,24039,2730,67
1784646818.3089,23:13:38,1055958539681,342704,100,24039,2730,67
1784646818.5089,23:13:38,1055958602238,342790,100,24039,2730,67
1784646818.7089,23:13:38,1055958664717,342790,100,24039,2730,67
1784646818.9089,23:13:38,1055958727145,342840,100,24039,2730,67
1784646819.1089,23:13:39,1055958789766,342840,100,24039,2730,67
1784646819.3089,23:13:39,1055958852270,342840,100,24039,2730,67
1784646819.5089,23:13:39,1055958914720,342890,100,24039,2730,67
1784646819.7089,23:13:39,1055958977237,342890,100,24039,2730,67
1784646819.9089,23:13:39,1055959039720,343026,100,24039,2730,67
1784646820.1089,23:13:40,1055959102029,343026,100,24039,2730,67
1784646820.3089,23:13:40,1055959164352,343026,100,24039,2730,67
1784646820.5089,23:13:40,1055959226695,343021,100,24039,2730,67
1784646820.7089,23:13:40,1055959285149,343021,100,24039,2730,67
1784646820.9089,23:13:40,1055959347239,339833,100,24039,2730,67
1784646821.1089,23:13:41,1055959409335,339833,100,24039,2730,67
1784646821.3089,23:13:41,1055959471415,339833,100,24039,2730,67
1784646821.5089,23:13:41,1055959533575,339492,100,24039,2730,67
1784646821.7089,23:13:41,1055959591691,339492,100,24039,2730,67
1784646821.9089,23:13:41,1055959653584,339083,100,24039,2730,67
1784646822.1089,23:13:42,1055959712068,339083,100,24039,2730,67
1784646822.3089,23:13:42,1055959773883,339083,100,24039,2730,67
1784646822.5089,23:13:42,1055959835764,335481,100,24039,2730,67
1784646822.7089,23:13:42,1055959897498,335481,100,24039,2730,67
1784646822.9089,23:13:42,1055959959345,338278,100,24039,2730,67
1784646823.1089,23:13:43,1055960021057,338278,100,24039,2730,67
1784646823.3089,23:13:43,1055960082833,338278,100,24039,2730,67
1784646823.5089,23:13:43,1055960144542,341587,100,24039,2730,67
1784646823.7089,23:13:43,1055960206253,341587,100,24039,2730,67
1784646823.9089,23:13:43,1055960267992,341619,100,24039,2730,67
1784646824.1089,23:13:44,1055960329814,341619,100,24039,2730,67
1784646824.3089,23:13:44,1055960391487,341619,100,24039,2730,67
1784646824.5089,23:13:44,1055960453190,341772,100,24039,2730,67
1784646824.7089,23:13:44,1055960514791,341772,100,24039,2730,67
1784646824.9089,23:13:44,1055960576361,341859,100,24039,2730,67
1784646825.1089,23:13:45,1055960637782,341859,100,24039,2730,67
1784646825.3089,23:13:45,1055960699441,341859,100,24039,2730,67
1784646825.5089,23:13:45,1055960761095,341744,100,24039,2730,67
1784646825.7089,23:13:45,1055960822652,341744,100,24039,2730,67
1784646825.9089,23:13:45,1055960884367,341883,100,24039,2730,67
1784646826.1089,23:13:46,1055960951283,341883,100,24039,2730,67
1784646826.3089,23:13:46,1055961018116,341883,100,24039,2730,67
1784646826.5089,23:13:46,1055961079623,342336,100,24039,2730,67
1784646826.7089,23:13:46,1055961146470,342336,100,24039,2730,67
1784646826.9089,23:13:46,1055961213336,342404,100,24039,2730,67
1784646827.1089,23:13:47,1055961280127,342404,100,24039,2730,67
1784646827.3089,23:13:47,1055961340847,342404,100,24039,2730,67
1784646827.5089,23:13:47,1055961407435,337475,100,24039,2730,66
1784646827.7089,23:13:47,1055961474064,337475,100,24039,2730,66
1784646827.9089,23:13:47,1055961540632,336996,100,24039,2730,67
1784646828.1089,23:13:48,1055961607311,336996,100,24039,2730,67
1784646828.3089,23:13:48,1055961673929,336996,100,24039,2730,67
1784646828.5089,23:13:48,1055961740583,336614,100,24039,2730,67
1784646828.7089,23:13:48,1055961807202,336614,100,24039,2730,67
1784646828.9089,23:13:48,1055961873898,341442,100,24039,2730,67
1784646829.1089,23:13:49,1055961940567,341442,100,24039,2730,67
1784646829.3089,23:13:49,1055962007059,341442,100,24039,2730,67
1784646829.5089,23:13:49,1055962073712,341439,100,24039,2730,67
1784646829.7089,23:13:49,1055962140424,341439,100,24039,2730,67
1784646829.9089,23:13:49,1055962206966,341372,100,24039,2730,67
1784646830.1089,23:13:50,1055962273640,341372,100,24039,2730,67
1784646830.3089,23:13:50,1055962340325,341372,100,24039,2730,67
1784646830.5089,23:13:50,1055962407075,341354,100,24039,2730,67
1784646830.7089,23:13:50,1055962473733,341354,100,24039,2730,67
1784646830.9089,23:13:50,1055962540490,341545,100,24039,2730,67
1784646831.1089,23:13:51,1055962607301,341545,100,24039,2730,67
1784646831.3089,23:13:51,1055962674156,341545,100,24039,2730,67
1784646831.5089,23:13:51,1055962740946,342011,100,24039,2730,67
1784646831.7089,23:13:51,1055962807750,342011,100,24039,2730,67
1784646831.9089,23:13:51,1055962874600,342242,100,24039,2730,67
1784646832.1089,23:13:52,1055962941334,342242,100,24039,2730,67
1784646832.3089,23:13:52,1055963008102,342242,100,24039,2730,67
1784646832.5089,23:13:52,1055963074911,342259,100,24039,2730,67
1784646832.7089,23:13:52,1055963141740,342259,100,24039,2730,67
1784646832.9089,23:13:52,1055963208547,342236,100,24039,2730,67
1784646833.1089,23:13:53,1055963275312,342236,100,24039,2730,67
1784646833.3089,23:13:53,1055963342026,342236,100,24039,2730,67
1784646833.5089,23:13:53,1055963408667,342016,100,24039,2730,67
1784646833.7089,23:13:53,1055963475435,342016,100,24039,2730,67
1784646833.9089,23:13:53,1055963542218,341950,100,24039,2730,67
1784646834.1089,23:13:54,1055963608986,341950,100,24039,2730,67
1784646834.3089,23:13:54,1055963675767,341950,100,24039,2730,67
1784646834.5089,23:13:54,1055963742568,341911,100,24039,2730,67
1784646834.7089,23:13:54,1055963809380,341911,100,24039,2730,67
1784646834.9089,23:13:54,1055963876015,341943,100,24039,2730,67
1784646835.1089,23:13:55,1055963940306,341943,100,24039,2730,67
1784646835.3089,23:13:55,1055964007006,341943,100,24039,2730,67
1784646835.5089,23:13:55,1055964073746,338470,100,24039,2730,67
1784646835.7089,23:13:55,1055964140480,338470,100,24039,2730,67
1784646835.9089,23:13:55,1055964207080,338381,100,24039,2730,67
1784646836.1089,23:13:56,1055964273882,338381,100,24039,2730,67
1784646836.3089,23:13:56,1055964340565,338381,100,24039,2730,67
1784646836.5089,23:13:56,1055964407318,341857,100,24039,2730,67
1784646836.7089,23:13:56,1055964474134,341857,100,24039,2730,67
1784646836.9089,23:13:56,1055964537615,338980,87,24039,2730,67
1784646837.1089,23:13:57,1055964604342,338980,87,24039,2730,67
1784646837.3089,23:13:57,1055964671065,338980,87,24039,2730,67
1784646837.5089,23:13:57,1055964737815,339018,87,24039,2730,67
1784646837.7089,23:13:57,1055964804443,339018,87,24039,2730,67
1784646837.9089,23:13:57,1055964871178,338866,100,24039,2730,67
1784646838.1089,23:13:58,1055964937934,338866,100,24039,2730,67
1784646838.3089,23:13:58,1055965004709,338866,100,24039,2730,67
1784646838.5089,23:13:58,1055965071565,341868,100,24039,2730,67
1784646838.7089,23:13:58,1055965138413,341868,100,24039,2730,67
1784646838.9089,23:13:58,1055965205251,342105,100,24039,2730,67
1784646839.1089,23:13:59,1055965272004,342105,100,24039,2730,67
1784646839.3089,23:13:59,1055965338824,342105,100,24039,2730,67
1784646839.5089,23:13:59,1055965405746,342313,100,24039,2730,67
1784646839.7089,23:13:59,1055965472617,342313,100,24039,2730,67
1784646839.9089,23:13:59,1055965539489,342477,100,24039,2730,67
1784646840.1089,23:14:00,1055965606335,342477,100,24039,2730,67
1784646840.3089,23:14:00,1055965668436,342477,100,24039,2730,67
1784646840.5089,23:14:00,1055965735090,338579,100,24039,2730,67
1784646840.7089,23:14:00,1055965801777,338579,100,24039,2730,67
1784646840.9089,23:14:00,1055965868561,338394,100,24039,2730,67
1784646841.1089,23:14:01,1055965935251,338394,100,24039,2730,67
1784646841.3089,23:14:01,1055966001949,338394,100,24039,2730,67
1784646841.5089,23:14:01,1055966068739,342172,100,24039,2730,67
1784646841.7089,23:14:01,1055966135579,342172,100,24039,2730,67
1784646841.9089,23:14:01,1055966202319,342706,100,24039,2730,67
1784646842.1089,23:14:02,1055966269012,342706,100,24039,2730,67
1784646842.3089,23:14:02,1055966335709,342706,100,24039,2730,67
1784646842.5089,23:14:02,1055966402481,343037,100,24039,2730,67
1784646842.7089,23:14:02,1055966469216,343037,100,24039,2730,67
1784646842.9089,23:14:02,1055966536035,343330,100,24039,2730,67
1784646843.1089,23:14:03,1055966602412,343330,100,24039,2730,67
1784646843.3089,23:14:03,1055966667451,343330,100,24039,2730,67
1784646843.5089,23:14:03,1055966733790,339924,100,24039,2730,67
1784646843.7089,23:14:03,1055966800240,339924,100,24039,2730,67
1784646843.9089,23:14:03,1055966866650,339424,100,24039,2730,67
1784646844.1089,23:14:04,1055966932954,339424,100,24039,2730,67
1784646844.3089,23:14:04,1055966999258,339424,100,24039,2730,67
1784646844.5089,23:14:04,1055967065610,342105,100,24039,2730,67
1784646844.7089,23:14:04,1055967128234,342105,100,24039,2730,67
1784646844.9089,23:14:04,1055967194227,339076,100,24039,2730,66
1784646845.1089,23:14:05,1055967260448,339076,100,24039,2730,66
1784646845.3089,23:14:05,1055967326694,339076,100,24039,2730,66
1784646845.5089,23:14:05,1055967392880,339151,100,24039,2730,67
1784646845.7089,23:14:05,1055967458989,339151,100,24039,2730,67
1784646845.9089,23:14:05,1055967525175,342081,100,24039,2730,67
1784646846.1089,23:14:06,1055967591392,342081,100,24039,2730,67
1784646846.3089,23:14:06,1055967657522,342081,100,24039,2730,67
1784646846.5089,23:14:06,1055967723663,342267,100,24039,2730,67
1784646846.7089,23:14:06,1055967789750,342267,100,24039,2730,67
1784646846.9089,23:14:06,1055967855785,342427,100,24039,2730,67
1784646847.1089,23:14:07,1055967921786,342427,100,24039,2730,67
1784646847.3089,23:14:07,1055967987820,342427,100,24039,2730,67
1784646847.5089,23:14:07,1055968053811,342376,100,24039,2730,67
1784646847.7089,23:14:07,1055968119788,342376,100,24039,2730,67
1784646847.9089,23:14:07,1055968185730,342328,100,24039,2730,67
1784646848.1089,23:14:08,1055968251682,342328,100,24039,2730,67
1784646848.3089,23:14:08,1055968317562,342328,100,24039,2730,67
1784646848.5089,23:14:08,1055968383446,342431,100,24039,2730,67
1784646848.7089,23:14:08,1055968449215,342431,100,24039,2730,67
1784646848.9089,23:14:08,1055968515010,342155,100,24039,2730,67
1784646849.1089,23:14:09,1055968580738,342155,100,24039,2730,67
1784646849.3089,23:14:09,1055968643553,342155,100,24039,2730,67
1784646849.5089,23:14:09,1055968709269,337854,100,24039,2730,66
1784646849.7089,23:14:09,1055968772866,337854,100,24039,2730,66
1784646849.9089,23:14:09,1055968838448,335299,100,24039,2730,66
1784646850.1089,23:14:10,1055968904022,335299,100,24039,2730,66
1784646850.3089,23:14:10,1055968969534,335299,100,24039,2730,66
1784646850.5089,23:14:10,1055969035043,337239,100,24039,2730,66
1784646850.7089,23:14:10,1055969100549,337239,100,24039,2730,66
1784646850.9089,23:14:10,1055969165953,341788,100,24039,2730,66
1784646851.1089,23:14:11,1055969231437,341788,100,24039,2730,66
1784646851.3089,23:14:11,1055969296841,341788,100,24039,2730,66
1784646851.5089,23:14:11,1055969362237,341861,100,24039,2730,66
1784646851.7089,23:14:11,1055969427555,341861,100,24039,2730,66
1784646851.9089,23:14:11,1055969492864,341661,100,24039,2730,66
1784646852.1089,23:14:12,1055969558201,341661,100,24039,2730,66
1784646852.3089,23:14:12,1055969623567,341661,100,24039,2730,66
1784646852.5089,23:14:12,1055969688820,341649,100,24039,2730,66
1784646852.7089,23:14:12,1055969754030,341649,100,24039,2730,66
1784646852.9089,23:14:12,1055969819223,341627,100,24039,2730,66
1784646853.1089,23:14:13,1055969884405,341627,100,24039,2730,66
1784646853.3089,23:14:13,1055969949531,341627,100,24039,2730,66
1784646853.5089,23:14:13,1055970014624,341558,100,24039,2730,66
1784646853.7089,23:14:13,1055970079720,341558,100,24039,2730,66
1784646853.9089,23:14:13,1055970144813,341527,100,24039,2730,66
1784646854.1089,23:14:14,1055970209783,341527,100,24039,2730,66
1784646854.3089,23:14:14,1055970274767,341527,100,24039,2730,66
1784646854.5089,23:14:14,1055970339745,341376,100,24039,2730,66
1784646854.7089,23:14:14,1055970404601,341376,100,24039,2730,66
1784646854.9090,23:14:14,1055970469444,341182,100,24039,2730,66
1784646855.1089,23:14:15,1055970534207,341182,100,24039,2730,66
1784646855.3089,23:14:15,1055970594065,341182,100,24039,2730,66
1784646855.5089,23:14:15,1055970658800,337224,100,24039,2730,66
1784646855.7089,23:14:15,1055970723669,337224,100,24039,2730,66
1784646855.9089,23:14:15,1055970788524,337200,100,24039,2730,66
1784646856.1089,23:14:16,1055970850598,337200,100,24039,2730,66
1784646856.3089,23:14:16,1055970915363,337200,100,24039,2730,66
1784646856.5089,23:14:16,1055970980063,334645,100,24039,2730,66
1784646856.7089,23:14:16,1055971044760,334645,100,24039,2730,66
1784646856.9089,23:14:16,1055971109560,338531,100,24039,2730,66
1784646857.1089,23:14:17,1055971174300,338531,100,24039,2730,66
1784646857.3089,23:14:17,1055971238934,338531,100,24039,2730,66
1784646857.5089,23:14:17,1055971303600,341133,100,24039,2730,66
1784646857.7089,23:14:17,1055971368272,341133,100,24039,2730,66
1784646857.9089,23:14:17,1055971432998,341218,100,24039,2730,66
1784646858.1089,23:14:18,1055971497597,341218,100,24039,2730,66
1784646858.3089,23:14:18,1055971559905,341218,100,24039,2730,66
1784646858.5089,23:14:18,1055971623793,337336,100,24039,2730,65
1784646858.7089,23:14:18,1055971688115,337336,100,24039,2730,65
1784646858.9089,23:14:18,1055971752474,336807,100,24039,2730,66
1784646859.1089,23:14:19,1055971812553,336807,100,24039,2730,66
1784646859.3089,23:14:19,1055971872403,336807,100,24039,2730,66
1784646859.5089,23:14:19,1055971936571,329757,100,24039,2730,66
1784646859.7089,23:14:19,1055971997055,329757,100,24039,2730,66
1784646859.9089,23:14:19,1055972061148,330271,100,24039,2730,66
1784646860.1089,23:14:20,1055972125204,330271,100,24039,2730,66
1784646860.3089,23:14:20,1055972189372,330271,100,24039,2730,66
1784646860.5089,23:14:20,1055972253563,333303,100,24039,2730,66
1784646860.7089,23:14:20,1055972317768,333303,100,24039,2730,66
1784646860.9089,23:14:20,1055972382132,340351,100,24039,2730,66
1784646861.1089,23:14:21,1055972446363,340351,100,24039,2730,66
1784646861.3089,23:14:21,1055972510554,340351,100,24039,2730,66
1784646861.5089,23:14:21,1055972574754,340963,100,24039,2730,66
1784646861.7089,23:14:21,1055972638831,340963,100,24039,2730,66
1784646861.9089,23:14:21,1055972702854,341109,100,24039,2730,66
1784646862.1089,23:14:22,1055972766839,341109,100,24039,2730,66
1784646862.3089,23:14:22,1055972830883,341109,100,24039,2730,66
1784646862.5089,23:14:22,1055972894930,340878,100,24039,2730,66
1784646862.7089,23:14:22,1055972958907,340878,100,24039,2730,66
1784646862.9089,23:14:22,1055973022944,340903,100,24039,2730,66
1784646863.1089,23:14:23,1055973086796,340903,100,24039,2730,66
1784646863.3089,23:14:23,1055973150915,340903,100,24039,2730,66
1784646863.5089,23:14:23,1055973214829,341017,100,24039,2730,66
1784646863.7089,23:14:23,1055973278759,341017,100,24039,2730,66
1784646863.9089,23:14:23,1055973342584,341053,100,24039,2730,66
1784646864.1089,23:14:24,1055973406445,341053,100,24039,2730,66
1784646864.3089,23:14:24,1055973470232,341053,100,24039,2730,66
1784646864.5089,23:14:24,1055973534129,341091,100,24039,2730,66
1784646864.7089,23:14:24,1055973597908,341091,100,24039,2730,66
1784646864.9089,23:14:24,1055973661670,341224,100,24039,2730,66
1784646865.1089,23:14:25,1055973725441,341224,100,24039,2730,66
1784646865.3089,23:14:25,1055973789109,341224,100,24039,2730,66
1784646865.5089,23:14:25,1055973852764,341197,100,24039,2730,66
1784646865.7089,23:14:25,1055973916371,341197,100,24039,2730,66
1784646865.9089,23:14:25,1055973979986,340933,100,24039,2730,66
1784646866.1089,23:14:26,1055974043545,340933,100,24039,2730,66
1784646866.3089,23:14:26,1055974107069,340933,100,24039,2730,66
1784646866.5089,23:14:26,1055974170606,340826,100,24039,2730,66
1784646866.7089,23:14:26,1055974234199,340826,100,24039,2730,66
1784646866.9089,23:14:26,1055974297766,340846,100,24039,2730,66
1784646867.1089,23:14:27,1055974361208,340846,100,24039,2730,66
1784646867.3089,23:14:27,1055974424661,340846,100,24039,2730,66
1784646867.5089,23:14:27,1055974488030,340849,100,24039,2730,66
1784646867.7089,23:14:27,1055974551471,340849,100,24039,2730,66
1784646867.9089,23:14:27,1055974614885,340993,100,24039,2730,66
1784646868.1089,23:14:28,1055974678284,340993,100,24039,2730,66
1784646868.3089,23:14:28,1055974741624,340993,100,24039,2730,66
1784646868.5089,23:14:28,1055974804990,341105,100,24039,2730,66
1784646868.7089,23:14:28,1055974864401,341105,100,24039,2730,66
1784646868.9089,23:14:28,1055974927560,338050,100,24039,2730,66
1784646869.1089,23:14:29,1055974990579,338050,100,24039,2730,66
1784646869.3089,23:14:29,1055975053699,338050,100,24039,2730,66
1784646869.5089,23:14:29,1055975116689,337606,100,24039,2730,66
1784646869.7089,23:14:29,1055975179818,337606,100,24039,2730,66
1784646869.9089,23:14:29,1055975242754,340047,100,24039,2730,66
1784646870.1089,23:14:30,1055975305668,340047,100,24039,2730,66
1784646870.3089,23:14:30,1055975368471,340047,100,24039,2730,66
1784646870.5089,23:14:30,1055975431254,339885,100,24039,2730,66
1784646870.7089,23:14:30,1055975493970,339885,100,24039,2730,66
1784646870.9089,23:14:30,1055975556698,339640,100,24039,2730,66
1784646871.1089,23:14:31,1055975619534,339640,100,24039,2730,66
1784646871.3089,23:14:31,1055975682339,339640,100,24039,2730,66
1784646871.5089,23:14:31,1055975745167,339674,100,24039,2730,66
1784646871.7089,23:14:31,1055975807950,339674,100,24039,2730,66
1784646871.9089,23:14:31,1055975870699,339881,100,24039,2730,66
1784646872.1089,23:14:32,1055975933550,339881,100,24039,2730,66
1784646872.3089,23:14:32,1055975996238,339881,100,24039,2730,66
1784646872.5089,23:14:32,1055976058981,340003,100,24039,2730,66
1784646872.7089,23:14:32,1055976121711,340003,100,24039,2730,66
1784646872.9089,23:14:32,1055976184308,340059,100,24039,2730,66
1784646873.1089,23:14:33,1055976246904,340059,100,24039,2730,66
1784646873.3089,23:14:33,1055976309583,340059,100,24039,2730,66
1784646873.5089,23:14:33,1055976372251,340090,100,24039,2730,66
1784646873.7089,23:14:33,1055976434841,340090,100,24039,2730,66
1784646873.9089,23:14:33,1055976497510,340270,100,24039,2730,66
1784646874.1089,23:14:34,1055976560179,340270,100,24039,2730,66
1784646874.3089,23:14:34,1055976622706,340270,100,24039,2730,66
1784646874.5089,23:14:34,1055976685322,340546,100,24039,2730,66
1784646874.7089,23:14:34,1055976747817,340546,100,24039,2730,66
1784646874.9089,23:14:34,1055976810237,340459,100,24039,2730,66
1784646875.1089,23:14:35,1055976872737,340459,100,24039,2730,66
1784646875.3089,23:14:35,1055976935004,340459,100,24039,2730,66
1784646875.5089,23:14:35,1055976997445,340310,100,24039,2730,66
1784646875.7089,23:14:35,1055977059860,340310,100,24039,2730,66
1784646875.9089,23:14:35,1055977122232,340263,100,24039,2730,66
1784646876.1089,23:14:36,1055977184617,340263,100,24039,2730,66
1784646876.3089,23:14:36,1055977246942,340263,100,24039,2730,66
1784646876.5089,23:14:36,1055977309256,340276,100,24039,2730,66
1784646876.7089,23:14:36,1055977371489,340276,100,24039,2730,66
1784646876.9089,23:14:36,1055977433728,340218,100,24039,2730,66
1784646877.1089,23:14:37,1055977495923,340218,100,24039,2730,66
1784646877.3089,23:14:37,1055977558165,340218,100,24039,2730,66
1784646877.5089,23:14:37,1055977620381,340268,100,24039,2730,66
1784646877.7089,23:14:37,1055977682599,340268,100,24039,2730,66
1784646877.9089,23:14:37,1055977744813,340452,100,24039,2730,66
1784646878.1089,23:14:38,1055977806938,340452,100,24039,2730,66
1784646878.3089,23:14:38,1055977869059,340452,100,24039,2730,66
1784646878.5089,23:14:38,1055977931214,340514,100,24039,2730,65
1784646878.7089,23:14:38,1055977993349,340514,100,24039,2730,65
1784646878.9089,23:14:38,1055978055484,340627,100,24039,2730,65
1784646879.1089,23:14:39,1055978117600,340627,100,24039,2730,65
1784646879.3089,23:14:39,1055978179670,340627,100,24039,2730,65
1784646879.5089,23:14:39,1055978241563,340687,100,24039,2730,65
1784646879.7089,23:14:39,1055978303503,340687,100,24039,2730,65
1784646879.9089,23:14:39,1055978365535,340560,100,24039,2730,65
1784646880.1089,23:14:40,1055978427552,340560,100,24039,2730,65
1784646880.3089,23:14:40,1055978489399,340560,100,24039,2730,65
1784646880.5089,23:14:40,1055978551342,340570,100,24039,2730,65
1784646880.7089,23:14:40,1055978613122,340570,100,24039,2730,65
1784646880.9089,23:14:40,1055978674501,340625,100,24039,2730,65
1784646881.1089,23:14:41,1055978734013,340625,100,24039,2730,65
1784646881.3089,23:14:41,1055978795513,340625,100,24039,2730,65
1784646881.5089,23:14:41,1055978857040,335855,100,24039,2730,65
1784646881.7089,23:14:41,1055978918522,335855,100,24039,2730,65
1784646881.9089,23:14:41,1055978979986,335119,100,24039,2730,65
1784646882.1089,23:14:42,1055979041510,335119,100,24039,2730,65
1784646882.3089,23:14:42,1055979102938,335119,100,24039,2730,65
1784646882.5089,23:14:42,1055979164392,339183,100,24039,2730,65
1784646882.7089,23:14:42,1055979225871,339183,100,24039,2730,65
1784646882.9089,23:14:42,1055979287362,339297,100,24039,2730,65
1784646883.1089,23:14:43,1055979348676,339297,100,24039,2730,65
1784646883.3089,23:14:43,1055979410051,339297,100,24039,2730,65
1784646883.5089,23:14:43,1055979471383,339334,100,24039,2730,65
1784646883.7089,23:14:43,1055979532699,339334,100,24039,2730,65
1784646883.9089,23:14:43,1055979593976,339436,100,24039,2730,65
1784646884.1089,23:14:44,1055979655229,339436,100,24039,2730,65
1784646884.3089,23:14:44,1055979716485,339436,100,24039,2730,65
1784646884.5089,23:14:44,1055979774762,339363,100,24039,2730,65
1784646884.7089,23:14:44,1055979834528,339363,100,24039,2730,65
1784646884.9089,23:14:44,1055979895695,333418,100,24039,2730,65
1784646885.1089,23:14:45,1055979956749,333418,100,24039,2730,65
1784646885.3089,23:14:45,1055980017941,333418,100,24039,2730,65
1784646885.5089,23:14:45,1055980079090,333347,100,24039,2730,65
1784646885.7089,23:14:45,1055980140156,333347,100,24039,2730,65
1784646885.9089,23:14:45,1055980201153,339108,100,24039,2730,65
1784646886.1089,23:14:46,1055980267487,339108,100,24039,2730,65
1784646886.3089,23:14:46,1055980333836,339108,100,24039,2730,65
1784646886.5089,23:14:46,1055980400194,339299,100,24039,2730,65
1784646886.7089,23:14:46,1055980466467,339299,100,24039,2730,65
1784646886.9089,23:14:46,1055980532699,339376,100,24039,2730,65
1784646887.1089,23:14:47,1055980598811,339376,100,24039,2730,65
1784646887.3089,23:14:47,1055980665083,339376,100,24039,2730,65
1784646887.5089,23:14:47,1055980731438,339372,100,24039,2730,65
1784646887.7089,23:14:47,1055980797731,339372,100,24039,2730,65
1784646887.9089,23:14:47,1055980863941,339373,100,24039,2730,65
1784646888.1089,23:14:48,1055980930180,339373,100,24039,2730,65
1784646888.3089,23:14:48,1055980996356,339373,100,24039,2730,65
1784646888.5089,23:14:48,1055981062444,339264,100,24039,2730,65
1784646888.7089,23:14:48,1055981128570,339264,100,24039,2730,65
1784646888.9089,23:14:48,1055981194701,338970,100,24039,2730,65
1784646889.1089,23:14:49,1055981261015,338970,100,24039,2730,65
1784646889.3089,23:14:49,1055981327317,338970,100,24039,2730,65
1784646889.5090,23:14:49,1055981393627,339210,100,24039,2730,65
1784646889.7089,23:14:49,1055981459951,339210,100,24039,2730,65
1784646889.9089,23:14:49,1055981526152,339495,100,24039,2730,65
1784646890.1089,23:14:50,1055981592450,339495,100,24039,2730,65
1784646890.3089,23:14:50,1055981658818,339495,100,24039,2730,65
1784646890.5089,23:14:50,1055981725214,339601,100,24039,2730,65
1784646890.7089,23:14:50,1055981791714,339601,100,24039,2730,65
1784646890.9090,23:14:50,1055981858089,339895,100,24039,2730,65
1784646891.1089,23:14:51,1055981924527,339895,100,24039,2730,65
1784646891.3089,23:14:51,1055981986618,339895,100,24039,2730,65
1784646891.5089,23:14:51,1055982052774,336457,100,24039,2730,65
1784646891.7089,23:14:51,1055982118967,336457,100,24039,2730,65
1784646891.9089,23:14:51,1055982185279,336085,100,24039,2730,65
1784646892.1089,23:14:52,1055982251568,336085,100,24039,2730,65
1784646892.3089,23:14:52,1055982317914,336085,100,24039,2730,65
1784646892.5089,23:14:52,1055982384345,339433,100,24039,2730,65
1784646892.7089,23:14:52,1055982450660,339433,100,24039,2730,65
1784646892.9089,23:14:52,1055982516958,339809,100,24039,2730,65
1784646893.1089,23:14:53,1055982583315,339809,100,24039,2730,65
1784646893.3090,23:14:53,1055982649678,339809,100,24039,2730,65
1784646893.5089,23:14:53,1055982716016,339894,100,24039,2730,65
1784646893.7089,23:14:53,1055982782421,339894,100,24039,2730,65
1784646893.9089,23:14:53,1055982845071,336936,100,24039,2730,65
1784646894.1089,23:14:54,1055982911125,336936,100,24039,2730,65
1784646894.3089,23:14:54,1055982977491,336936,100,24039,2730,65
1784646894.5089,23:14:54,1055983043788,336709,100,24039,2730,65
1784646894.7089,23:14:54,1055983110032,336709,100,24039,2730,65
1784646894.9089,23:14:54,1055983176313,336401,100,24039,2730,65
1784646895.1089,23:14:55,1055983242521,336401,100,24039,2730,65
1784646895.3089,23:14:55,1055983308720,336401,100,24039,2730,65
1784646895.5089,23:14:55,1055983374792,339187,100,24039,2730,65
1784646895.7089,23:14:55,1055983440991,339187,100,24039,2730,65
1784646895.9089,23:14:55,1055983507300,339124,100,24039,2730,65
1784646896.1089,23:14:56,1055983573552,339124,100,24039,2730,65
1784646896.3089,23:14:56,1055983639841,339124,100,24039,2730,65
1784646896.5089,23:14:56,1055983701126,339197,100,24039,2730,65
1784646896.7089,23:14:56,1055983767274,339197,100,24039,2730,65
1784646896.9089,23:14:56,1055983833360,335414,100,24039,2730,65
1784646897.1090,23:14:57,1055983899699,335414,100,24039,2730,65
1784646897.3089,23:14:57,1055983966070,335414,100,24039,2730,65
1784646897.5089,23:14:57,1055984032454,335595,100,24039,2730,65
1784646897.7089,23:14:57,1055984095514,335595,100,24039,2730,65
1784646897.9089,23:14:57,1055984161655,336794,100,24039,2730,65
1784646898.1089,23:14:58,1055984227858,336794,100,24039,2730,65
1784646898.3089,23:14:58,1055984294021,336794,100,24039,2730,65
1784646898.5089,23:14:58,1055984360230,336554,100,24039,2730,65
1784646898.7090,23:14:58,1055984426444,336554,100,24039,2730,65
1784646898.9089,23:14:58,1055984492591,339066,100,24039,2730,65
1784646899.1089,23:14:59,1055984558784,339066,100,24039,2730,65
1784646899.3089,23:14:59,1055984624983,339066,100,24039,2730,65
1784646899.5089,23:14:59,1055984691220,338999,100,24039,2730,65
1784646899.7089,23:14:59,1055984757359,338999,100,24039,2730,65
1784646899.9089,23:14:59,1055984823520,339048,100,24039,2730,65
1784646900.1089,23:15:00,1055984889674,339048,100,24039,2730,65
1784646900.3089,23:15:00,1055984955728,339048,100,24039,2730,65
1784646900.5089,23:15:00,1055985021843,339121,100,24039,2730,65
1784646900.7089,23:15:00,1055985088034,339121,100,24039,2730,65
1784646900.9089,23:15:00,1055985154179,339282,100,24039,2730,65
1784646901.1089,23:15:01,1055985220339,339282,100,24039,2730,65
1784646901.3089,23:15:01,1055985286405,339282,100,24039,2730,65
1784646901.5089,23:15:01,1055985352396,339411,100,24039,2730,65
1784646901.7089,23:15:01,1055985418542,339411,100,24039,2730,65
1784646901.9089,23:15:01,1055985484615,339553,100,24039,2730,65
1784646902.1089,23:15:02,1055985550639,339553,100,24039,2730,65
1784646902.3089,23:15:02,1055985616715,339553,100,24039,2730,65
1784646902.5089,23:15:02,1055985682693,339728,100,24039,2730,65
1784646902.7089,23:15:02,1055985748632,339728,100,24039,2730,65
1784646902.9089,23:15:02,1055985814505,339782,100,24039,2730,65
1784646903.1089,23:15:03,1055985880327,339782,100,24039,2730,65
1784646903.3089,23:15:03,1055985946338,339782,100,24039,2730,65
1784646903.5089,23:15:03,1055986012145,339611,100,24039,2730,65
1784646903.7089,23:15:03,1055986077947,339611,100,24039,2730,65
1784646903.9089,23:15:03,1055986143752,339543,100,24039,2730,65
1784646904.1089,23:15:04,1055986209573,339543,100,24039,2730,65
1784646904.3089,23:15:04,1055986275341,339543,100,24039,2730,65
1784646904.5089,23:15:04,1055986341066,339580,100,24039,2730,65
1784646904.7089,23:15:04,1055986406754,339580,100,24039,2730,65
1784646904.9089,23:15:04,1055986472346,339476,100,24039,2730,65
1784646905.1089,23:15:05,1055986538003,339476,100,24039,2730,65
1784646905.3089,23:15:05,1055986603609,339476,100,24039,2730,65
1784646905.5089,23:15:05,1055986664115,335434,100,24039,2730,63
1784646905.7089,23:15:05,1055986729517,335434,100,24039,2730,63
1784646905.9089,23:15:05,1055986794947,334975,100,24039,2730,65
1784646906.1089,23:15:06,1055986860245,334975,100,24039,2730,65
1784646906.3089,23:15:06,1055986925578,334975,100,24039,2730,65
1784646906.5089,23:15:06,1055986990964,334665,100,24039,2730,65
1784646906.7089,23:15:06,1055987056352,334665,100,24039,2730,65
1784646906.9089,23:15:06,1055987121655,338722,100,24039,2730,65
1784646907.1089,23:15:07,1055987186985,338722,100,24039,2730,65
1784646907.3089,23:15:07,1055987252223,338722,100,24039,2730,65
1784646907.5089,23:15:07,1055987317378,338754,100,24039,2730,65
1784646907.7089,23:15:07,1055987382655,338754,100,24039,2730,65
1784646907.9089,23:15:07,1055987448024,338874,100,24039,2730,65
1784646908.1089,23:15:08,1055987508506,338874,100,24039,2730,65
1784646908.3089,23:15:08,1055987573764,338874,100,24039,2730,65
1784646908.5089,23:15:08,1055987639061,335455,100,24039,2730,65
1784646908.7089,23:15:08,1055987704230,335455,100,24039,2730,65
1784646908.9089,23:15:08,1055987769555,335753,100,24039,2730,65
1784646909.1089,23:15:09,1055987834762,335753,100,24039,2730,65
1784646909.3089,23:15:09,1055987900010,335753,100,24039,2730,65
1784646909.5089,23:15:09,1055987965218,339750,100,24039,2730,65
1784646909.7089,23:15:09,1055988030365,339750,100,24039,2730,65
1784646909.9089,23:15:09,1055988095558,339773,100,24039,2730,65
1784646910.1089,23:15:10,1055988160697,339773,100,24039,2730,65
1784646910.3089,23:15:10,1055988225603,339773,100,24039,2730,65
1784646910.5089,23:15:10,1055988290906,339859,100,24039,2730,65
1784646910.7089,23:15:10,1055988355965,339859,100,24039,2730,65
1784646910.9089,23:15:10,1055988421064,340026,100,24039,2730,65
1784646911.1089,23:15:11,1055988486097,340026,100,24039,2730,65
1784646911.3089,23:15:11,1055988551219,340026,100,24039,2730,65
1784646911.5089,23:15:11,1055988616289,340055,100,24039,2730,65
1784646911.7089,23:15:11,1055988681265,340055,100,24039,2730,65
1784646911.9089,23:15:11,1055988746303,340090,100,24039,2730,65
1784646912.1089,23:15:12,1055988811245,340090,100,24039,2730,65
1784646912.3089,23:15:12,1055988876174,340090,100,24039,2730,65
1784646912.5089,23:15:12,1055988941031,339964,100,24039,2730,65
1784646912.7089,23:15:12,1055989005770,339964,100,24039,2730,65
1784646912.9089,23:15:12,1055989070598,339814,100,24039,2730,65
1784646913.1089,23:15:13,1055989135311,339814,100,24039,2730,65
1784646913.3089,23:15:13,1055989200227,339814,100,24039,2730,65
1784646913.5089,23:15:13,1055989264972,339764,100,24039,2730,65
1784646913.7089,23:15:13,1055989329676,339764,100,24039,2730,65
1784646913.9089,23:15:13,1055989394288,339638,100,24039,2730,65
1784646914.1089,23:15:14,1055989458956,339638,100,24039,2730,65
1784646914.3089,23:15:14,1055989523572,339638,100,24039,2730,65
1784646914.5089,23:15:14,1055989588109,339463,100,24039,2730,65
1784646914.7089,23:15:14,1055989652626,339463,100,24039,2730,65
1784646914.9089,23:15:14,1055989717250,339470,100,24039,2730,65
1784646915.1089,23:15:15,1055989781705,339470,100,24039,2730,65
1784646915.3089,23:15:15,1055989846276,339470,100,24039,2730,65
1784646915.5089,23:15:15,1055989910858,339651,100,24039,2730,65
1784646915.7089,23:15:15,1055989975280,339651,100,24039,2730,65
1784646915.9089,23:15:15,1055990039821,339817,100,24039,2730,65
1784646916.1089,23:15:16,1055990104268,339817,100,24039,2730,65
1784646916.3089,23:15:16,1055990168715,339817,100,24039,2730,65
1784646916.5089,23:15:16,1055990228575,336389,100,24039,2730,63
1784646916.7089,23:15:16,1055990292784,336389,100,24039,2730,63
1784646916.9090,23:15:16,1055990357082,336033,100,24039,2730,65
1784646917.1089,23:15:17,1055990421298,336033,100,24039,2730,65
1784646917.3089,23:15:17,1055990483105,336033,100,24039,2730,65
1784646917.5089,23:15:17,1055990542763,332069,100,24039,2730,65
1784646917.7089,23:15:17,1055990606792,332069,100,24039,2730,65
1784646917.9089,23:15:17,1055990670868,331776,100,24039,2730,65
1784646918.1089,23:15:18,1055990734922,331776,100,24039,2730,65
1784646918.3089,23:15:18,1055990798908,331776,100,24039,2730,65
1784646918.5089,23:15:18,1055990862939,335100,100,24039,2730,65
1784646918.7089,23:15:18,1055990926871,335100,100,24039,2730,65
1784646918.9089,23:15:18,1055990990779,338646,100,24039,2730,65
1784646919.1089,23:15:19,1055991054738,338646,100,24039,2730,65
1784646919.3089,23:15:19,1055991118718,338646,100,24039,2730,65
1784646919.5089,23:15:19,1055991182677,338894,100,24039,2730,65
1784646919.7089,23:15:19,1055991246578,338894,100,24039,2730,65
1784646919.9089,23:15:19,1055991310524,339058,100,24039,2730,65
1784646920.1089,23:15:20,1055991374359,339058,100,24039,2730,65
1784646920.3089,23:15:20,1055991438305,339058,100,24039,2730,65
1784646920.5090,23:15:20,1055991502160,339115,100,24039,2730,65
1784646920.7089,23:15:20,1055991565967,339115,100,24039,2730,65
1784646920.9089,23:15:20,1055991629860,339383,100,24039,2730,65
1784646921.1089,23:15:21,1055991693642,339383,100,24039,2730,65
1784646921.3089,23:15:21,1055991757563,339383,100,24039,2730,65
1784646921.5089,23:15:21,1055991821427,339554,100,24039,2730,65
1784646921.7089,23:15:21,1055991885242,339554,100,24039,2730,65
1784646921.9089,23:15:21,1055991948993,339644,100,24039,2730,65
1784646922.1089,23:15:22,1055992012793,339644,100,24039,2730,65
1784646922.3089,23:15:22,1055992076559,339644,100,24039,2730,65
1784646922.5089,23:15:22,1055992140284,339735,100,24039,2730,65
1784646922.7089,23:15:22,1055992204044,339735,100,24039,2730,65
1784646922.9089,23:15:22,1055992267682,339645,100,24039,2730,65
1784646923.1089,23:15:23,1055992331159,339645,100,24039,2730,65
1784646923.3089,23:15:23,1055992394879,339645,100,24039,2730,65
1784646923.5089,23:15:23,1055992458431,339436,100,24039,2730,65
1784646923.7089,23:15:23,1055992521891,339436,100,24039,2730,65
1784646923.9089,23:15:23,1055992583640,335125,100,24039,2730,64
1784646924.1089,23:15:24,1055992647029,335125,100,24039,2730,64
1784646924.3089,23:15:24,1055992710404,335125,100,24039,2730,64
1784646924.5089,23:15:24,1055992773857,335018,100,24039,2730,65
1784646924.7089,23:15:24,1055992836897,335018,100,24039,2730,65
1784646924.9089,23:15:24,1055992895993,333357,87,24039,2730,63
1784646925.1089,23:15:25,1055992959104,333357,87,24039,2730,63
1784646925.3089,23:15:25,1055993022127,333357,87,24039,2730,63
1784646925.5089,23:15:25,1055993085266,333292,87,24039,2730,65
1784646925.7089,23:15:25,1055993148529,333292,87,24039,2730,65
1784646925.9089,23:15:25,1055993211882,335916,100,24039,2730,65
1784646926.1089,23:15:26,1055993275083,335916,100,24039,2730,65
1784646926.3089,23:15:26,1055993338382,335916,100,24039,2730,65
1784646926.5089,23:15:26,1055993401605,338949,100,24039,2730,65
1784646926.7089,23:15:26,1055993464765,338949,100,24039,2730,65
1784646926.9089,23:15:26,1055993527880,339177,100,24039,2730,65
1784646927.1089,23:15:27,1055993591061,339177,100,24039,2730,65
1784646927.3089,23:15:27,1055993654114,339177,100,24039,2730,65
1784646927.5089,23:15:27,1055993717211,339158,100,24039,2730,65
1784646927.7090,23:15:27,1055993775834,339158,100,24039,2730,65
1784646927.9089,23:15:27,1055993838664,335618,100,24039,2730,65
1784646928.1089,23:15:28,1055993901586,335618,100,24039,2730,65
1784646928.3089,23:15:28,1055993964550,335618,100,24039,2730,65
1784646928.5089,23:15:28,1055994027534,335479,100,24039,2730,65
1784646928.7089,23:15:28,1055994090453,335479,100,24039,2730,65
1784646928.9089,23:15:28,1055994153380,338949,100,24039,2730,65
1784646929.1089,23:15:29,1055994216323,338949,100,24039,2730,65
1784646929.3089,23:15:29,1055994279231,338949,100,24039,2730,65
1784646929.5089,23:15:29,1055994342085,339116,100,24039,2730,65
1784646929.7089,23:15:29,1055994404836,339116,100,24039,2730,65
1784646929.9089,23:15:29,1055994467629,339195,100,24039,2730,65
1784646930.1089,23:15:30,1055994530250,339195,100,24039,2730,65
1784646930.3089,23:15:30,1055994592895,339195,100,24039,2730,65
1784646930.5089,23:15:30,1055994655616,339107,100,24039,2730,65
1784646930.7090,23:15:30,1055994718259,339107,100,24039,2730,65
1784646930.9089,23:15:30,1055994780731,338930,100,24039,2730,65
1784646931.1089,23:15:31,1055994843272,338930,100,24039,2730,65
1784646931.3089,23:15:31,1055994905890,338930,100,24039,2730,65
1784646931.5089,23:15:31,1055994968429,338834,100,24039,2730,65
1784646931.7089,23:15:31,1055995030980,338834,100,24039,2730,65
1784646931.9089,23:15:31,1055995093467,338744,100,24039,2730,65
1784646932.1089,23:15:32,1055995155894,338744,100,24039,2730,65
1784646932.3089,23:15:32,1055995218380,338744,100,24039,2730,65
1784646932.5089,23:15:32,1055995280881,338876,100,24039,2730,65
1784646932.7089,23:15:32,1055995343418,338876,100,24039,2730,65
1784646932.9089,23:15:32,1055995405831,339047,100,24039,2730,65
1784646933.1089,23:15:33,1055995468247,339047,100,24039,2730,65
1784646933.3089,23:15:33,1055995527899,339047,100,24039,2730,65
1784646933.5089,23:15:33,1055995590196,336063,100,24039,2730,65
1784646933.7089,23:15:33,1055995652417,336063,100,24039,2730,65
1784646933.9089,23:15:33,1055995714711,335896,100,24039,2730,65
1784646934.1089,23:15:34,1055995776837,335896,100,24039,2730,65
1784646934.3089,23:15:34,1055995839066,335896,100,24039,2730,65
1784646934.5089,23:15:34,1055995901271,338685,100,24039,2730,65
1784646934.7090,23:15:34,1055995963536,338685,100,24039,2730,65
1784646934.9089,23:15:34,1055996025596,338704,100,24039,2730,65
1784646935.1089,23:15:35,1055996087706,338704,100,24039,2730,65
1784646935.3089,23:15:35,1055996149803,338704,100,24039,2730,65
1784646935.5089,23:15:35,1055996212059,338921,100,24039,2730,65
1784646935.7089,23:15:35,1055996274186,338921,100,24039,2730,65
1784646935.9089,23:15:35,1055996336309,339033,100,24039,2730,65
1784646936.1089,23:15:36,1055996393282,339033,100,24039,2730,65
1784646936.3089,23:15:36,1055996451247,339033,100,24039,2730,65
1784646936.5089,23:15:36,1055996513093,331432,100,24039,2730,65
1784646936.7089,23:15:36,1055996574918,331432,100,24039,2730,65
1784646936.9089,23:15:36,1055996636796,331023,100,24039,2730,65
1784646937.1089,23:15:37,1055996698577,331023,100,24039,2730,65
1784646937.3090,23:15:37,1055996760469,331023,100,24039,2730,65
1784646937.5089,23:15:37,1055996822234,338364,100,24039,2730,65
1784646937.7089,23:15:37,1055996884020,338364,100,24039,2730,65
1784646937.9089,23:15:37,1055996945898,338636,100,24039,2730,65
1784646938.1089,23:15:38,1055997007617,338636,100,24039,2730,65
1784646938.3089,23:15:38,1055997069397,338636,100,24039,2730,65
1784646938.5089,23:15:38,1055997131337,338894,100,24039,2730,65
1784646938.7089,23:15:38,1055997193002,338894,100,24039,2730,65
1784646938.9089,23:15:38,1055997254891,339194,100,24039,2730,65
1784646939.1089,23:15:39,1055997316680,339194,100,24039,2730,65
1784646939.3089,23:15:39,1055997378505,339194,100,24039,2730,65
1784646939.5089,23:15:39,1055997440291,339543,100,24039,2730,65
1784646939.7089,23:15:39,1055997502018,339543,100,24039,2730,65
1784646939.9089,23:15:39,1055997563744,339642,100,24039,2730,65
1784646940.1089,23:15:40,1055997625331,339642,100,24039,2730,65
1784646940.3089,23:15:40,1055997686912,339642,100,24039,2730,65
1784646940.5089,23:15:40,1055997748423,339306,100,24039,2730,65
1784646940.7089,23:15:40,1055997809937,339306,100,24039,2730,65
1784646940.9089,23:15:40,1055997871449,339020,100,24039,2730,65
1784646941.1089,23:15:41,1055997932895,339020,100,24039,2730,65
1784646941.3089,23:15:41,1055997994397,339020,100,24039,2730,65
1784646941.5089,23:15:41,1055998055868,339037,100,24039,2730,65
1784646941.7089,23:15:41,1055998117224,339037,100,24039,2730,65
1784646941.9089,23:15:41,1055998178759,339037,100,24039,2730,65
1784646942.1089,23:15:42,1055998240105,339037,100,24039,2730,65
1784646942.3089,23:15:42,1055998301507,339037,100,24039,2730,65
1784646942.5089,23:15:42,1055998358907,338999,100,24039,2730,65
1784646942.7089,23:15:42,1055998420179,338999,100,24039,2730,65
1784646942.9089,23:15:42,1055998481520,335953,100,24039,2730,65
1784646943.1089,23:15:43,1055998542821,335953,100,24039,2730,65
1784646943.3089,23:15:43,1055998604126,335953,100,24039,2730,65
1784646943.5089,23:15:43,1055998665172,336067,100,24039,2730,65
1784646943.7089,23:15:43,1055998760187,336067,100,24039,2730,65
1784646943.9089,23:15:43,1055998787721,339136,100,24039,2730,65
1784646944.1089,23:15:44,1055998848809,339136,100,24039,2730,65
1784646944.3089,23:15:44,1055998910052,339136,100,24039,2730,65
1784646944.5089,23:15:44,1055998971220,339006,100,24039,2730,65
1784646944.7089,23:15:44,1055999032345,339006,100,24039,2730,65
1784646944.9089,23:15:44,1055999093548,339185,100,24039,2730,65
1784646945.1089,23:15:45,1055999154648,339185,100,24039,2730,65
1784646945.3089,23:15:45,1055999215773,339185,100,24039,2730,65
1784646945.5089,23:15:45,1055999276877,339414,100,24039,2730,65
1784646945.7089,23:15:45,1055999338031,339414,100,24039,2730,65
1784646945.9089,23:15:45,1055999399359,339707,100,24039,2730,65
1784646946.1089,23:15:46,1055999465821,339707,100,24039,2730,65
1784646946.3089,23:15:46,1055999526967,339707,100,24039,2730,65
1784646946.5089,23:15:46,1055999588050,339849,100,24039,2730,65
1784646946.7089,23:15:46,1055999654363,339849,100,24039,2730,65
1784646946.9089,23:15:46,1055999720782,339880,100,24039,2730,65
1784646947.1089,23:15:47,1055999787198,339880,100,24039,2730,65
1784646947.3089,23:15:47,1055999853615,339880,100,24039,2730,65
1784646947.5089,23:15:47,1055999920093,340004,100,24039,2730,65
1784646947.7089,23:15:47,1055999986471,340004,100,24039,2730,65
1784646947.9089,23:15:47,1056000052924,340229,100,24039,2730,65
1784646948.1089,23:15:48,1056000113822,340229,100,24039,2730,65
1784646948.3089,23:15:48,1056000180042,340229,100,24039,2730,65
1784646948.5089,23:15:48,1056000246287,335542,100,24039,2730,65
1784646948.7089,23:15:48,1056000312543,335542,100,24039,2730,65
1784646948.9089,23:15:48,1056000378749,335044,100,24039,2730,65
1784646949.1089,23:15:49,1056000444862,335044,100,24039,2730,65
1784646949.3089,23:15:49,1056000511127,335044,100,24039,2730,65
1784646949.5089,23:15:49,1056000577314,339197,100,24039,2730,65
1784646949.7089,23:15:49,1056000643650,339197,100,24039,2730,65
1784646949.9089,23:15:49,1056000709879,339233,100,24039,2730,65
1784646950.1089,23:15:50,1056000776148,339233,100,24039,2730,65
1784646950.3089,23:15:50,1056000842453,339233,100,24039,2730,65
1784646950.5089,23:15:50,1056000908716,339368,100,24039,2730,65
1784646950.7089,23:15:50,1056000975105,339368,100,24039,2730,65
1784646950.9089,23:15:50,1056001041503,339622,100,24039,2730,65
1784646951.1089,23:15:51,1056001107892,339622,100,24039,2730,65
1784646951.3089,23:15:51,1056001174288,339622,100,24039,2730,65
1784646951.5089,23:15:51,1056001240685,339879,100,24039,2730,65
1784646951.7089,23:15:51,1056001307083,339879,100,24039,2730,65
1784646951.9089,23:15:51,1056001373443,340015,100,24039,2730,65
1784646952.1089,23:15:52,1056001439868,340015,100,24039,2730,65
1784646952.3089,23:15:52,1056001506306,340015,100,24039,2730,65
1784646952.5089,23:15:52,1056001572722,340123,100,24039,2730,65
1784646952.7089,23:15:52,1056001639207,340123,100,24039,2730,65
1784646952.9089,23:15:52,1056001705592,340157,100,24039,2730,65
1784646953.1089,23:15:53,1056001772026,340157,100,24039,2730,65
1784646953.3089,23:15:53,1056001838401,340157,100,24039,2730,65
1784646953.5089,23:15:53,1056001904822,340223,100,24039,2730,65
1784646953.7089,23:15:53,1056001971291,340223,100,24039,2730,65
1784646953.9089,23:15:53,1056002037747,340319,100,24039,2730,65
1784646954.1089,23:15:54,1056002104235,340319,100,24039,2730,65
1784646954.3089,23:15:54,1056002170718,340319,100,24039,2730,65
1784646954.5089,23:15:54,1056002237139,340356,100,24039,2730,65
1784646954.7089,23:15:54,1056002303428,340356,100,24039,2730,65
1784646954.9089,23:15:54,1056002369894,340245,100,24039,2730,65
1784646955.1089,23:15:55,1056002436339,340245,100,24039,2730,65
1784646955.3089,23:15:55,1056002502668,340245,100,24039,2730,65
1784646955.5089,23:15:55,1056002569014,340039,100,24039,2730,65
1784646955.7089,23:15:55,1056002635438,340039,100,24039,2730,65
1784646955.9089,23:15:55,1056002701894,340050,100,24039,2730,65
1784646956.1089,23:15:56,1056002768221,340050,100,24039,2730,65
1784646956.3089,23:15:56,1056002834707,340050,100,24039,2730,65
1784646956.5089,23:15:56,1056002901082,340136,100,24039,2730,66
1784646956.7089,23:15:56,1056002967550,340136,100,24039,2730,66
1784646956.9089,23:15:56,1056003029386,336596,100,24039,2730,65
1784646957.1089,23:15:57,1056003094017,336596,100,24039,2730,65
1784646957.3089,23:15:57,1056003160251,336596,100,24039,2730,65
1784646957.5089,23:15:57,1056003226449,333163,100,24039,2730,65
1784646957.7089,23:15:57,1056003292746,333163,100,24039,2730,65
1784646957.9089,23:15:57,1056003359088,336425,100,24039,2730,65
1784646958.1089,23:15:58,1056003425470,336425,100,24039,2730,65
1784646958.3089,23:15:58,1056003491878,336425,100,24039,2730,65
1784646958.5089,23:15:58,1056003558270,339717,100,24039,2730,65
1784646958.7089,23:15:58,1056003624679,339717,100,24039,2730,65
1784646958.9089,23:15:58,1056003690899,339880,100,24039,2730,65
1784646959.1089,23:15:59,1056003757181,339880,100,24039,2730,65
1784646959.3089,23:15:59,1056003823585,339880,100,24039,2730,65
1784646959.5089,23:15:59,1056003890015,339839,100,24039,2730,65
1784646959.7089,23:15:59,1056003956369,339839,100,24039,2730,65
1784646959.9089,23:15:59,1056004022847,339978,100,24039,2730,65
1784646960.1089,23:16:00,1056004089184,339978,100,24039,2730,65
1784646960.3089,23:16:00,1056004155473,339978,100,24039,2730,65
1784646960.5089,23:16:00,1056004221775,340149,100,24039,2730,65
1784646960.7089,23:16:00,1056004288047,340149,100,24039,2730,65
1784646960.9089,23:16:00,1056004354212,340010,100,24039,2730,65
1784646961.1089,23:16:01,1056004420394,340010,100,24039,2730,65
1784646961.3089,23:16:01,1056004486742,340010,100,24039,2730,65
1784646961.5089,23:16:01,1056004552957,339945,100,24039,2730,65
1784646961.7089,23:16:01,1056004619067,339945,100,24039,2730,65
1784646961.9089,23:16:01,1056004685204,340070,100,24039,2730,65
1784646962.1089,23:16:02,1056004751319,340070,100,24039,2730,65
1784646962.3089,23:16:02,1056004817491,340070,100,24039,2730,65
1784646962.5089,23:16:02,1056004883560,340060,100,24039,2730,65
1784646962.7089,23:16:02,1056004949599,340060,100,24039,2730,65
1784646962.9089,23:16:02,1056005015613,340005,100,24039,2730,66
1784646963.1089,23:16:03,1056005081566,340005,100,24039,2730,66
1784646963.3089,23:16:03,1056005147574,340005,100,24039,2730,66
1784646963.5089,23:16:03,1056005213627,340081,100,24039,2730,66
1784646963.7089,23:16:03,1056005279575,340081,100,24039,2730,66
1784646963.9089,23:16:03,1056005345606,340278,100,24039,2730,66
1784646964.1089,23:16:04,1056005411545,340278,100,24039,2730,66
1784646964.3089,23:16:04,1056005477516,340278,100,24039,2730,66
1784646964.5089,23:16:04,1056005543561,340465,100,24039,2730,66
1784646964.7089,23:16:04,1056005609572,340465,100,24039,2730,66
1784646964.9089,23:16:04,1056005675490,340635,100,24039,2730,66
1784646965.1089,23:16:05,1056005741288,340635,100,24039,2730,66
1784646965.3089,23:16:05,1056005803728,340635,100,24039,2730,66
1784646965.5089,23:16:05,1056005866368,336506,100,24039,2730,65
1784646965.7089,23:16:05,1056005929274,336506,100,24039,2730,65
1784646965.9089,23:16:05,1056005994718,331134,100,24039,2730,65
1784646966.1089,23:16:06,1056006060224,331134,100,24039,2730,65
1784646966.3089,23:16:06,1056006125718,331134,100,24039,2730,65
1784646966.5089,23:16:06,1056006191124,333828,100,24039,2730,65
1784646966.7089,23:16:06,1056006256479,333828,100,24039,2730,65
1784646966.9089,23:16:06,1056006322116,339155,100,24039,2730,65
1784646967.1089,23:16:07,1056006387531,339155,100,24039,2730,65
1784646967.3089,23:16:07,1056006453033,339155,100,24039,2730,65
1784646967.5089,23:16:07,1056006518488,339381,100,24039,2730,65
1784646967.7089,23:16:07,1056006583900,339381,100,24039,2730,65
1784646967.9089,23:16:07,1056006649355,339751,100,24039,2730,65
1784646968.1089,23:16:08,1056006714716,339751,100,24039,2730,65
1784646968.3089,23:16:08,1056006780172,339751,100,24039,2730,65
1784646968.5089,23:16:08,1056006845629,339940,100,24039,2730,66
1784646968.7089,23:16:08,1056006905909,339940,100,24039,2730,66
1784646968.9089,23:16:08,1056006971085,335803,100,24039,2730,65
1784646969.1089,23:16:09,1056007036385,335803,100,24039,2730,65
1784646969.3089,23:16:09,1056007101789,335803,100,24039,2730,65
1784646969.5089,23:16:09,1056007167205,335911,100,24039,2730,65
1784646969.7089,23:16:09,1056007232611,335911,100,24039,2730,65
1784646969.9089,23:16:09,1056007297864,340283,100,24039,2730,66
1784646970.1089,23:16:10,1056007362976,340283,100,24039,2730,66
1784646970.3089,23:16:10,1056007428049,340283,100,24039,2730,66
1784646970.5089,23:16:10,1056007493223,340294,100,24039,2730,66
1784646970.7089,23:16:10,1056007558368,340294,100,24039,2730,66
1784646970.9089,23:16:10,1056007623543,340100,100,24039,2730,66
1784646971.1089,23:16:11,1056007688559,340100,100,24039,2730,66
1784646971.3089,23:16:11,1056007753679,340100,100,24039,2730,66
1784646971.5089,23:16:11,1056007818742,340002,100,24039,2730,66
1784646971.7089,23:16:11,1056007883762,340002,100,24039,2730,66
1784646971.9089,23:16:11,1056007948771,340038,100,24039,2730,66
1784646972.1089,23:16:12,1056008013613,340038,100,24039,2730,66
1784646972.3089,23:16:12,1056008078543,340038,100,24039,2730,66
1784646972.5089,23:16:12,1056008143470,339906,100,24039,2730,66
1784646972.7089,23:16:12,1056008208380,339906,100,24039,2730,66
1784646972.9089,23:16:12,1056008273405,339964,100,24039,2730,66
1784646973.1089,23:16:13,1056008338394,339964,100,24039,2730,66
1784646973.3089,23:16:13,1056008403316,339964,100,24039,2730,66
1784646973.5089,23:16:13,1056008468276,340226,100,24039,2730,66
1784646973.7089,23:16:13,1056008533086,340226,100,24039,2730,66
1784646973.9089,23:16:13,1056008598003,340414,100,24039,2730,66
1784646974.1089,23:16:14,1056008662873,340414,100,24039,2730,66
1784646974.3089,23:16:14,1056008727703,340414,100,24039,2730,66
1784646974.5089,23:16:14,1056008792450,340435,100,24039,2730,66
1784646974.7089,23:16:14,1056008857146,340435,100,24039,2730,66
1784646974.9089,23:16:14,1056008921764,340334,100,24039,2730,66
1784646975.1089,23:16:15,1056008986278,340334,100,24039,2730,66
1784646975.3089,23:16:15,1056009050972,340334,100,24039,2730,66
1784646975.5089,23:16:15,1056009115663,340079,100,24039,2730,66
1784646975.7089,23:16:15,1056009180221,340079,100,24039,2730,66
1784646975.9089,23:16:15,1056009244817,340020,100,24039,2730,66
1784646976.1089,23:16:16,1056009309306,340020,100,24039,2730,66
1784646976.3089,23:16:16,1056009373849,340020,100,24039,2730,66
1784646976.5089,23:16:16,1056009438300,340025,100,24039,2730,66
1784646976.7089,23:16:16,1056009502768,340025,100,24039,2730,66
1784646976.9089,23:16:16,1056009567315,340064,100,24039,2730,66
1784646977.1089,23:16:17,1056009626842,340064,100,24039,2730,66
1784646977.3089,23:16:17,1056009691071,340064,100,24039,2730,66
1784646977.5089,23:16:17,1056009755364,336143,100,24039,2730,66
1784646977.7089,23:16:17,1056009819498,336143,100,24039,2730,66
1784646977.9089,23:16:17,1056009883791,335857,100,24039,2730,66
1784646978.1089,23:16:18,1056009947969,335857,100,24039,2730,66
1784646978.3089,23:16:18,1056010012237,335857,100,24039,2730,66
1784646978.5089,23:16:18,1056010076423,339467,100,24039,2730,66
1784646978.7089,23:16:18,1056010140635,339467,100,24039,2730,66
1784646978.9089,23:16:18,1056010204754,339705,100,24039,2730,66
1784646979.1089,23:16:19,1056010268864,339705,100,24039,2730,66
1784646979.3089,23:16:19,1056010333081,339705,100,24039,2730,66
1784646979.5089,23:16:19,1056010397286,339871,100,24039,2730,66
1784646979.7089,23:16:19,1056010461375,339871,100,24039,2730,66
1784646979.9089,23:16:19,1056010525504,339951,100,24039,2730,66
1784646980.1089,23:16:20,1056010589579,339951,100,24039,2730,66
1784646980.3089,23:16:20,1056010653659,339951,100,24039,2730,66
1784646980.5089,23:16:20,1056010717737,340146,100,24039,2730,66
1784646980.7089,23:16:20,1056010781767,340146,100,24039,2730,66
1784646980.9089,23:16:20,1056010845798,340208,100,24039,2730,66
1784646981.1089,23:16:21,1056010909775,340208,100,24039,2730,66
1784646981.3089,23:16:21,1056010973860,340208,100,24039,2730,66
1784646981.5089,23:16:21,1056011037814,340369,100,24039,2730,66
1784646981.7089,23:16:21,1056011101822,340369,100,24039,2730,66
1784646981.9089,23:16:21,1056011165858,340524,100,24039,2730,66
1784646982.1089,23:16:22,1056011229698,340524,100,24039,2730,66
1784646982.3089,23:16:22,1056011293591,340524,100,24039,2730,66
1784646982.5089,23:16:22,1056011357460,340358,100,24039,2730,66
1784646982.7089,23:16:22,1056011421465,340358,100,24039,2730,66
1784646982.9089,23:16:22,1056011485470,340549,100,24039,2730,66
1784646983.1089,23:16:23,1056011549351,340549,100,24039,2730,66
1784646983.3089,23:16:23,1056011613151,340549,100,24039,2730,66
1784646983.5089,23:16:23,1056011676906,340718,100,24039,2730,66
1784646983.7089,23:16:23,1056011740613,340718,100,24039,2730,66
1784646983.9089,23:16:23,1056011804401,340528,100,24039,2730,66
1784646984.1089,23:16:24,1056011868051,340528,100,24039,2730,66
1784646984.3089,23:16:24,1056011931723,340528,100,24039,2730,66
1784646984.5089,23:16:24,1056011995477,340387,100,24039,2730,66
1784646984.7089,23:16:24,1056012054711,340387,100,24039,2730,66
1784646984.9089,23:16:24,1056012118217,336953,100,24039,2730,66
1784646985.1089,23:16:25,1056012181565,336953,100,24039,2730,66
1784646985.3089,23:16:25,1056012245157,336953,100,24039,2730,66
1784646985.5089,23:16:25,1056012308650,336804,100,24039,2730,66
1784646985.7089,23:16:25,1056012372029,336804,100,24039,2730,66
1784646985.9089,23:16:25,1056012435374,340183,100,24039,2730,66
1784646986.1089,23:16:26,1056012498801,340183,100,24039,2730,66
1784646986.3089,23:16:26,1056012562249,340183,100,24039,2730,66
1784646986.5089,23:16:26,1056012625674,340417,100,24039,2730,66
1784646986.7089,23:16:26,1056012689082,340417,100,24039,2730,66
1784646986.9089,23:16:26,1056012752561,340647,100,24039,2730,66
1784646987.1089,23:16:27,1056012815949,340647,100,24039,2730,66
1784646987.3089,23:16:27,1056012879323,340647,100,24039,2730,66
1784646987.5089,23:16:27,1056012942651,340702,100,24039,2730,66
1784646987.7089,23:16:27,1056013005978,340702,100,24039,2730,66
1784646987.9089,23:16:27,1056013069321,340679,100,24039,2730,66
1784646988.1089,23:16:28,1056013132628,340679,100,24039,2730,66
1784646988.3089,23:16:28,1056013195899,340679,100,24039,2730,66
1784646988.5089,23:16:28,1056013259158,340610,100,24039,2730,66
1784646988.7089,23:16:28,1056013322311,340610,100,24039,2730,66
1784646988.9089,23:16:28,1056013385556,340560,100,24039,2730,66
1784646989.1089,23:16:29,1056013448802,340560,100,24039,2730,66
1784646989.3089,23:16:29,1056013511964,340560,100,24039,2730,66
1784646989.5089,23:16:29,1056013569542,340657,100,24039,2730,66
1784646989.7089,23:16:29,1056013632461,340657,100,24039,2730,66
1784646989.9089,23:16:29,1056013695483,336084,100,24039,2730,66
1784646990.1089,23:16:30,1056013758518,336084,100,24039,2730,66
1784646990.3089,23:16:30,1056013821581,336084,100,24039,2730,66
1784646990.5089,23:16:30,1056013884704,336266,100,24039,2730,66
1784646990.7089,23:16:30,1056013947739,336266,100,24039,2730,66
1784646990.9089,23:16:30,1056014010764,341001,100,24039,2730,66
1784646991.1089,23:16:31,1056014073685,341001,100,24039,2730,66
1784646991.3089,23:16:31,1056014136658,341001,100,24039,2730,66
1784646991.5089,23:16:31,1056014199667,340965,100,24039,2730,66
1784646991.7089,23:16:31,1056014262635,340965,100,24039,2730,66
1784646991.9089,23:16:31,1056014325694,341104,100,24039,2730,66
1784646992.1089,23:16:32,1056014388523,341104,100,24039,2730,66
1784646992.3089,23:16:32,1056014451392,341104,100,24039,2730,66
1784646992.5089,23:16:32,1056014514291,341195,100,24039,2730,66
1784646992.7089,23:16:32,1056014577058,341195,100,24039,2730,66
1784646992.9089,23:16:32,1056014639930,341167,100,24039,2730,66
1784646993.1089,23:16:33,1056014702746,341167,100,24039,2730,66
1784646993.3089,23:16:33,1056014765726,341167,100,24039,2730,66
1784646993.5089,23:16:33,1056014828517,341179,100,24039,2730,66
1784646993.7089,23:16:33,1056014891209,341179,100,24039,2730,66
1784646993.9089,23:16:33,1056014953887,341040,100,24039,2730,66
1784646994.1089,23:16:34,1056015016468,341040,100,24039,2730,66
1784646994.3089,23:16:34,1056015079135,341040,100,24039,2730,66
1784646994.5089,23:16:34,1056015141805,341006,100,24039,2730,66
1784646994.7089,23:16:34,1056015204487,341006,100,24039,2730,66
1784646994.9089,23:16:34,1056015267172,341213,100,24039,2730,66
1784646995.1089,23:16:35,1056015329677,341213,100,24039,2730,66
1784646995.3089,23:16:35,1056015392264,341213,100,24039,2730,66
1784646995.5089,23:16:35,1056015454892,341345,100,24039,2730,66
1784646995.7089,23:16:35,1056015517285,341345,100,24039,2730,66
1784646995.9089,23:16:35,1056015577833,337431,100,24039,2730,65
1784646996.1089,23:16:36,1056015637182,337431,100,24039,2730,65
1784646996.3089,23:16:36,1056015699347,337431,100,24039,2730,65
1784646996.5089,23:16:36,1056015795483,334434,100,24039,2730,66
1784646996.7089,23:16:36,1056015829354,334434,100,24039,2730,66
1784646996.9089,23:16:36,1056015925393,335616,100,24039,2730,66
1784646997.1089,23:16:37,1056015959233,335616,100,24039,2730,66
1784646997.3089,23:16:37,1056016021296,335616,100,24039,2730,66
1784646997.5089,23:16:37,1056016117344,339644,100,24039,2730,66
1784646997.7089,23:16:37,1056016185130,339644,100,24039,2730,66
1784646997.9089,23:16:37,1056016252920,339711,100,24039,2730,66
1784646998.1089,23:16:38,1056016320737,339711,100,24039,2730,66
1784646998.3089,23:16:38,1056016388543,339711,100,24039,2730,66
1784646998.5089,23:16:38,1056016456354,339775,100,24039,2730,66
1784646998.7089,23:16:38,1056016524233,339775,100,24039,2730,66
1784646998.9089,23:16:38,1056016592112,339920,100,24039,2730,66
1784646999.1089,23:16:39,1056016660039,339920,100,24039,2730,66
1784646999.3089,23:16:39,1056016727868,339920,100,24039,2730,66
1784646999.5089,23:16:39,1056016795719,340306,100,24039,2730,66
1784646999.7089,23:16:39,1056016863546,340306,100,24039,2730,66
1784646999.9089,23:16:39,1056016931482,340445,100,24039,2730,66
1784647000.1089,23:16:40,1056016999435,340445,100,24039,2730,66
1784647000.3089,23:16:40,1056017067351,340445,100,24039,2730,66
1784647000.5089,23:16:40,1056017135387,340584,100,24039,2730,66
1784647000.7089,23:16:40,1056017203255,340584,100,24039,2730,66
1784647000.9089,23:16:40,1056017271185,340765,100,24039,2730,66
1784647001.1089,23:16:41,1056017339124,340765,100,24039,2730,66
1784647001.3089,23:16:41,1056017407034,340765,100,24039,2730,66
1784647001.5089,23:16:41,1056017474993,341031,100,24039,2730,66
1784647001.7089,23:16:41,1056017542757,341031,100,24039,2730,66
1784647001.9089,23:16:41,1056017610447,341007,100,24039,2730,66
1784647002.1089,23:16:42,1056017678152,341007,100,24039,2730,66
1784647002.3089,23:16:42,1056017745860,341007,100,24039,2730,66
1784647002.5089,23:16:42,1056017813584,340768,100,24039,2730,66
1784647002.7089,23:16:42,1056017881207,340768,100,24039,2730,66
1784647002.9089,23:16:42,1056017948920,340673,100,24039,2730,66
1784647003.1089,23:16:43,1056018016522,340673,100,24039,2730,66
1784647003.3089,23:16:43,1056018084147,340673,100,24039,2730,66
1784647003.5089,23:16:43,1056018151532,340861,100,24039,2730,66
1784647003.7089,23:16:43,1056018217753,340861,100,24039,2730,66
1784647003.9089,23:16:43,1056018285310,337324,100,24039,2730,66
1784647004.1089,23:16:44,1056018352827,337324,100,24039,2730,66
1784647004.3089,23:16:44,1056018420428,337324,100,24039,2730,66
1784647004.5089,23:16:44,1056018488001,337394,100,24039,2730,66
1784647004.7089,23:16:44,1056018555570,337394,100,24039,2730,66
1784647004.9089,23:16:44,1056018623013,341089,100,24039,2730,66
1784647005.1089,23:16:45,1056018687351,341089,100,24039,2730,66
1784647005.3089,23:16:45,1056018754780,341089,100,24039,2730,66
1784647005.5089,23:16:45,1056018822201,338675,100,24039,2730,66
1784647005.7089,23:16:45,1056018889677,338675,100,24039,2730,66
1784647005.9089,23:16:45,1056018953356,338611,100,24039,2730,66
1784647006.1089,23:16:46,1056019019566,338611,100,24039,2730,66
1784647006.3089,23:16:46,1056019086870,338611,100,24039,2730,66
1784647006.5089,23:16:46,1056019153001,337901,100,24039,2730,66
1784647006.7089,23:16:46,1056019219252,337901,100,24039,2730,66
1784647006.9089,23:16:46,1056019285432,337822,100,24039,2730,66
1784647007.1089,23:16:47,1056019351700,337822,100,24039,2730,66
1784647007.3089,23:16:47,1056019417931,337822,100,24039,2730,66
1784647007.5089,23:16:47,1056019484115,340689,100,24039,2730,66
1784647007.7089,23:16:47,1056019550357,340689,100,24039,2730,66
1784647007.9089,23:16:47,1056019616514,340671,100,24039,2730,66
1784647008.1089,23:16:48,1056019682742,340671,100,24039,2730,66
1784647008.3089,23:16:48,1056019748928,340671,100,24039,2730,66
1784647008.5089,23:16:48,1056019815126,340760,100,24039,2730,66
1784647008.7089,23:16:48,1056019881340,340760,100,24039,2730,66
1784647008.9089,23:16:48,1056019947613,340759,100,24039,2730,66
1784647009.1089,23:16:49,1056020013842,340759,100,24039,2730,66
1784647009.3089,23:16:49,1056020080070,340759,100,24039,2730,66
1784647009.5089,23:16:49,1056020146287,340603,100,24039,2730,66
1784647009.7089,23:16:49,1056020212534,340603,100,24039,2730,66
1784647009.9090,23:16:49,1056020278769,340717,100,24039,2730,66
1784647010.1089,23:16:50,1056020344971,340717,100,24039,2730,66
1784647010.3089,23:16:50,1056020411189,340717,100,24039,2730,66
1784647010.5089,23:16:50,1056020477355,340656,100,24039,2730,66
1784647010.7089,23:16:50,1056020543513,340656,100,24039,2730,66
1784647010.9089,23:16:50,1056020609716,340441,100,24039,2730,66
1784647011.1089,23:16:51,1056020675807,340441,100,24039,2730,66
1784647011.3089,23:16:51,1056020742003,340441,100,24039,2730,66
1784647011.5089,23:16:51,1056020808213,340370,100,24039,2730,66
1784647011.7089,23:16:51,1056020874441,340370,100,24039,2730,66
1784647011.9089,23:16:51,1056020940742,340501,100,24039,2730,66
1784647012.1089,23:16:52,1056021007066,340501,100,24039,2730,66
1784647012.3089,23:16:52,1056021073431,340501,100,24039,2730,66
1784647012.5089,23:16:52,1056021139637,340903,100,24039,2730,66
1784647012.7089,23:16:52,1056021205918,340903,100,24039,2730,66
1784647012.9089,23:16:52,1056021272236,341215,100,24039,2730,66
1784647013.1089,23:16:53,1056021338568,341215,100,24039,2730,66
1784647013.3089,23:16:53,1056021404880,341215,100,24039,2730,66
1784647013.5089,23:16:53,1056021471186,341119,100,24039,2730,66
1784647013.7089,23:16:53,1056021537414,341119,100,24039,2730,66
1784647013.9091,23:16:53,1056021603434,340882,100,24039,2730,66
1784647014.1089,23:16:54,1056021664979,340882,100,24039,2730,66
1784647014.3089,23:16:54,1056021730986,340882,100,24039,2730,66
1784647014.5089,23:16:54,1056021796976,336759,100,24039,2730,66
1784647014.7089,23:16:54,1056021862993,336759,100,24039,2730,66
1784647014.9089,23:16:54,1056021928905,336126,100,24039,2730,66
1784647015.1089,23:16:55,1056021994837,336126,100,24039,2730,66
1784647015.3089,23:16:55,1056022060706,336126,100,24039,2730,66
1784647015.5089,23:16:55,1056022126737,339493,100,24039,2730,66
1784647015.7089,23:16:55,1056022192896,339493,100,24039,2730,66
1784647015.9089,23:16:55,1056022259103,339766,100,24039,2730,66
1784647016.1089,23:16:56,1056022325330,339766,100,24039,2730,66
1784647016.3089,23:16:56,1056022391495,339766,100,24039,2730,66
1784647016.5089,23:16:56,1056022457671,340239,100,24039,2730,66
1784647016.7089,23:16:56,1056022523724,340239,100,24039,2730,66
1784647016.9089,23:16:56,1056022590015,340623,100,24039,2730,66
1784647017.1089,23:16:57,1056022656221,340623,100,24039,2730,66
1784647017.3089,23:16:57,1056022722401,340623,100,24039,2730,66
1784647017.5089,23:16:57,1056022788620,340566,100,24039,2730,66
1784647017.7089,23:16:57,1056022854926,340566,100,24039,2730,66
1784647017.9089,23:16:57,1056022921212,340703,100,24039,2730,66
1784647018.1089,23:16:58,1056022987315,340703,100,24039,2730,66
1784647018.3089,23:16:58,1056023053586,340703,100,24039,2730,66
1784647018.5089,23:16:58,1056023119807,340702,100,24039,2730,66
1784647018.7090,23:16:58,1056023186024,340702,100,24039,2730,66
1784647018.9089,23:16:58,1056023252340,340714,100,24039,2730,66
1784647019.1089,23:16:59,1056023318617,340714,100,24039,2730,66
1784647019.3089,23:16:59,1056023384907,340714,100,24039,2730,66
1784647019.5089,23:16:59,1056023451097,340767,100,24039,2730,66
1784647019.7089,23:16:59,1056023517416,340767,100,24039,2730,66
1784647019.9089,23:16:59,1056023583799,341052,100,24039,2730,66
1784647020.1089,23:17:00,1056023650176,341052,100,24039,2730,66
1784647020.3089,23:17:00,1056023716546,341052,100,24039,2730,66
1784647020.5089,23:17:00,1056023782835,341189,100,24039,2730,66
1784647020.7089,23:17:00,1056023849188,341189,100,24039,2730,66
1784647020.9089,23:17:00,1056023915420,341329,100,24039,2730,66
1784647021.1089,23:17:01,1056023981772,341329,100,24039,2730,66
1784647021.3089,23:17:01,1056024048073,341329,100,24039,2730,66
1784647021.5089,23:17:01,1056024114405,341278,100,24039,2730,66
1784647021.7089,23:17:01,1056024180730,341278,100,24039,2730,66
1784647021.9089,23:17:01,1056024247090,341171,100,24039,2730,66
1784647022.1089,23:17:02,1056024313347,341171,100,24039,2730,66
1784647022.3089,23:17:02,1056024379679,341171,100,24039,2730,66
1784647022.5089,23:17:02,1056024446027,341266,100,24039,2730,66
1784647022.7089,23:17:02,1056024512343,341266,100,24039,2730,66
1784647022.9089,23:17:02,1056024578738,341548,100,24039,2730,66
1784647023.1089,23:17:03,1056024645037,341548,100,24039,2730,66
1784647023.3089,23:17:03,1056024711375,341548,100,24039,2730,66
1784647023.5089,23:17:03,1056024777743,341727,100,24039,2730,66
1784647023.7089,23:17:03,1056024843982,341727,100,24039,2730,66
1784647023.9089,23:17:03,1056024910289,341932,100,24039,2730,66
1784647024.1089,23:17:04,1056024971882,341932,100,24039,2730,66
1784647024.3089,23:17:04,1056025037878,341932,100,24039,2730,66
1784647024.5089,23:17:04,1056025103864,338203,100,24039,2730,66
1784647024.7089,23:17:04,1056025164274,338203,100,24039,2730,66
1784647024.9089,23:17:04,1056025230187,333374,100,24039,2730,66
1784647025.1089,23:17:05,1056025296171,333374,100,24039,2730,66
1784647025.3089,23:17:05,1056025362228,333374,100,24039,2730,66
1784647025.5089,23:17:05,1056025428241,336825,100,24039,2730,66
1784647025.7089,23:17:05,1056025494239,336825,100,24039,2730,66
1784647025.9089,23:17:05,1056025560180,341439,100,24039,2730,66
1784647026.1089,23:17:06,1056025626078,341439,100,24039,2730,66
1784647026.3089,23:17:06,1056025692067,341439,100,24039,2730,66
1784647026.5089,23:17:06,1056025758108,341607,100,24039,2730,66
1784647026.7089,23:17:06,1056025824114,341607,100,24039,2730,66
1784647026.9089,23:17:06,1056025890117,341917,100,24039,2730,66
1784647027.1089,23:17:07,1056025956014,341917,100,24039,2730,66
1784647027.3090,23:17:07,1056026021929,341917,100,24039,2730,66
1784647027.5089,23:17:07,1056026087779,342187,100,24039,2730,66
1784647027.7089,23:17:07,1056026153584,342187,100,24039,2730,66
1784647027.9089,23:17:07,1056026219498,342154,100,24039,2730,66
1784647028.1089,23:17:08,1056026285397,342154,100,24039,2730,66
1784647028.3090,23:17:08,1056026351217,342154,100,24039,2730,66
1784647028.5089,23:17:08,1056026416990,342289,100,24039,2730,66
1784647028.7089,23:17:08,1056026482734,342289,100,24039,2730,66
1784647028.9089,23:17:08,1056026548415,342342,100,24039,2730,66
1784647029.1089,23:17:09,1056026614016,342342,100,24039,2730,66
1784647029.3089,23:17:09,1056026679641,342342,100,24039,2730,66
1784647029.5089,23:17:09,1056026745223,341996,100,24039,2730,66
1784647029.7089,23:17:09,1056026810723,341996,100,24039,2730,66
1784647029.9090,23:17:09,1056026876288,341676,100,24039,2730,66
1784647030.1089,23:17:10,1056026941855,341676,100,24039,2730,66
1784647030.3089,23:17:10,1056027007243,341676,100,24039,2730,66
1784647030.5089,23:17:10,1056027072803,341834,100,24039,2730,66
1784647030.7089,23:17:10,1056027138300,341834,100,24039,2730,66
1784647030.9089,23:17:10,1056027203663,342057,100,24039,2730,66
1784647031.1089,23:17:11,1056027268974,342057,100,24039,2730,66
1784647031.3089,23:17:11,1056027334381,342057,100,24039,2730,66
1784647031.5089,23:17:11,1056027393338,341870,100,24039,2730,66
1784647031.7089,23:17:11,1056027454108,341870,100,24039,2730,66
1784647031.9089,23:17:11,1056027519108,332888,100,24039,2730,66
1784647032.1089,23:17:12,1056027579415,332888,100,24039,2730,66
1784647032.3089,23:17:12,1056027640109,332888,100,24039,2730,66
1784647032.5089,23:17:12,1056027705019,325268,100,24039,2730,66
1784647032.7089,23:17:12,1056027769898,325268,100,24039,2730,66
1784647032.9089,23:17:12,1056027834834,333212,100,24039,2730,66
1784647033.1089,23:17:13,1056027899848,333212,100,24039,2730,66
1784647033.3089,23:17:13,1056027964774,333212,100,24039,2730,66
1784647033.5089,23:17:13,1056028029723,337046,100,24039,2730,66
1784647033.7089,23:17:13,1056028094674,337046,100,24039,2730,66
1784647033.9089,23:17:13,1056028159655,340744,100,24039,2730,66
1784647034.1089,23:17:14,1056028224520,340744,100,24039,2730,66
1784647034.3089,23:17:14,1056028289335,340744,100,24039,2730,66
1784647034.5089,23:17:14,1056028354120,340823,100,24039,2730,66
1784647034.7089,23:17:14,1056028418931,340823,100,24039,2730,66
1784647034.9090,23:17:14,1056028483669,340712,100,24039,2730,66
1784647035.1089,23:17:15,1056028548198,340712,100,24039,2730,66
1784647035.3089,23:17:15,1056028612964,340712,100,24039,2730,66
1784647035.5089,23:17:15,1056028677667,340621,100,24039,2730,66
1784647035.7089,23:17:15,1056028742326,340621,100,24039,2730,66
1784647035.9089,23:17:15,1056028807024,340723,100,24039,2730,66
1784647036.1089,23:17:16,1056028871595,340723,100,24039,2730,66
1784647036.3089,23:17:16,1056028936282,340723,100,24039,2730,66
1784647036.5089,23:17:16,1056029001094,340911,100,24039,2730,66
1784647036.7089,23:17:16,1056029065703,340911,100,24039,2730,66
1784647036.9089,23:17:16,1056029130414,341188,100,24039,2730,66
1784647037.1089,23:17:17,1056029195029,341188,100,24039,2730,66
1784647037.3089,23:17:17,1056029259680,341188,100,24039,2730,66
1784647037.5089,23:17:17,1056029324433,341395,100,24039,2730,66
1784647037.7089,23:17:17,1056029389041,341395,100,24039,2730,66
1784647037.9089,23:17:17,1056029453665,341500,100,24039,2730,66
1784647038.1089,23:17:18,1056029513223,341500,100,24039,2730,66
1784647038.3089,23:17:18,1056029576998,341500,100,24039,2730,66
1784647038.5089,23:17:18,1056029641338,335012,100,24039,2730,66
1784647038.7089,23:17:18,1056029705681,335012,100,24039,2730,66
1784647038.9089,23:17:18,1056029770071,334633,100,24039,2730,66
1784647039.1089,23:17:19,1056029834321,334633,100,24039,2730,66
1784647039.3089,23:17:19,1056029898650,334633,100,24039,2730,66
1784647039.5089,23:17:19,1056029963045,340789,100,24039,2730,66
1784647039.7090,23:17:19,1056030027323,340789,100,24039,2730,66
1784647039.9089,23:17:19,1056030087887,338224,87,24039,2730,66
1784647040.1089,23:17:20,1056030151987,338224,87,24039,2730,66
1784647040.3089,23:17:20,1056030216138,338224,87,24039,2730,66
1784647040.5089,23:17:20,1056030275882,338224,87,24039,2730,66
1784647040.7089,23:17:20,1056030339951,338224,87,24039,2730,66
1784647040.9089,23:17:20,1056030404030,334464,100,24039,2730,66
1784647041.1089,23:17:21,1056030467979,334464,100,24039,2730,66
1784647041.3089,23:17:21,1056030529467,334464,100,24039,2730,66
1784647041.5090,23:17:21,1056030593512,333238,100,24039,2730,66
1784647041.7089,23:17:21,1056030657440,333238,100,24039,2730,66
1784647041.9089,23:17:21,1056030721465,336774,100,24039,2730,66
1784647042.1090,23:17:22,1056030785565,336774,100,24039,2730,66
1784647042.3089,23:17:22,1056030849554,336774,100,24039,2730,66
1784647042.5089,23:17:22,1056030913650,341084,100,24039,2730,66
1784647042.7089,23:17:22,1056030977583,341084,100,24039,2730,66
1784647042.9089,23:17:22,1056031041543,341363,100,24039,2730,66
1784647043.1089,23:17:23,1056031105436,341363,100,24039,2730,66
1784647043.3089,23:17:23,1056031169383,341363,100,24039,2730,66
1784647043.5089,23:17:23,1056031233282,341383,100,24039,2730,66
1784647043.7089,23:17:23,1056031297050,341383,100,24039,2730,66
1784647043.9089,23:17:23,1056031360887,341226,100,24039,2730,66
1784647044.1089,23:17:24,1056031424620,341226,100,24039,2730,66
1784647044.3089,23:17:24,1056031488438,341226,100,24039,2730,66
1784647044.5089,23:17:24,1056031552359,341205,100,24039,2730,66
1784647044.7090,23:17:24,1056031616149,341205,100,24039,2730,66
1784647044.9089,23:17:24,1056031679992,341397,100,24039,2730,66
1784647045.1089,23:17:25,1056031743713,341397,100,24039,2730,66
1784647045.3089,23:17:25,1056031807453,341397,100,24039,2730,66
1784647045.5089,23:17:25,1056031867589,341545,100,24039,2730,66
1784647045.7089,23:17:25,1056031931054,341545,100,24039,2730,66
1784647045.9089,23:17:25,1056031994550,338392,100,24039,2730,66
1784647046.1089,23:17:26,1056032058023,338392,100,24039,2730,66
1784647046.3090,23:17:26,1056032121497,338392,100,24039,2730,66
1784647046.5089,23:17:26,1056032184997,338121,100,24039,2730,66
1784647046.7089,23:17:26,1056032248582,338121,100,24039,2730,66
1784647046.9089,23:17:26,1056032312191,341066,100,24039,2730,66
1784647047.1090,23:17:27,1056032375639,341066,100,24039,2730,66
1784647047.3089,23:17:27,1056032438986,341066,100,24039,2730,66
1784647047.5089,23:17:27,1056032502360,341214,100,24039,2730,66
1784647047.7089,23:17:27,1056032565656,341214,100,24039,2730,66
1784647047.9089,23:17:27,1056032629042,340966,100,24039,2730,66
1784647048.1089,23:17:28,1056032692294,340966,100,24039,2730,66
1784647048.3089,23:17:28,1056032755737,340966,100,24039,2730,66
1784647048.5089,23:17:28,1056032819075,340890,100,24039,2730,66
1784647048.7089,23:17:28,1056032882291,340890,100,24039,2730,66
1784647048.9089,23:17:28,1056032945598,341019,100,24039,2730,66
1784647049.1089,23:17:29,1056033008764,341019,100,24039,2730,66
1784647049.3089,23:17:29,1056033071976,341019,100,24039,2730,66
1784647049.5089,23:17:29,1056033135197,341018,100,24039,2730,66
1784647049.7089,23:17:29,1056033198432,341018,100,24039,2730,66
1784647049.9089,23:17:29,1056033261624,341118,100,24039,2730,66
1784647050.1089,23:17:30,1056033324590,341118,100,24039,2730,66
1784647050.3089,23:17:30,1056033387775,341118,100,24039,2730,66
1784647050.5090,23:17:30,1056033451035,341136,100,24039,2730,66
1784647050.7090,23:17:30,1056033514012,341136,100,24039,2730,66
1784647050.9089,23:17:30,1056033577131,341374,100,24039,2730,66
1784647051.1089,23:17:31,1056033640221,341374,100,24039,2730,66
1784647051.3089,23:17:31,1056033703294,341374,100,24039,2730,66
1784647051.5089,23:17:31,1056033766362,341616,100,24039,2730,66
1784647051.7089,23:17:31,1056033829343,341616,100,24039,2730,66
1784647051.9089,23:17:31,1056033892379,341561,100,24039,2730,66
1784647052.1089,23:17:32,1056033955272,341561,100,24039,2730,66
1784647052.3089,23:17:32,1056034018290,341561,100,24039,2730,66
1784647052.5089,23:17:32,1056034081306,341504,100,24039,2730,66
1784647052.7089,23:17:32,1056034144159,341504,100,24039,2730,66
1784647052.9089,23:17:32,1056034207004,341431,100,24039,2730,66
1784647053.1089,23:17:33,1056034269815,341431,100,24039,2730,66
1784647053.3089,23:17:33,1056034332625,341431,100,24039,2730,66
1784647053.5089,23:17:33,1056034395463,341374,100,24039,2730,66
1784647053.7089,23:17:33,1056034458267,341374,100,24039,2730,66
1784647053.9089,23:17:33,1056034521106,341321,100,24039,2730,66
1784647054.1089,23:17:34,1056034583830,341321,100,24039,2730,66
1784647054.3089,23:17:34,1056034646598,341321,100,24039,2730,66
1784647054.5089,23:17:34,1056034709463,341509,100,24039,2730,66
1784647054.7089,23:17:34,1056034772136,341509,100,24039,2730,66
1784647054.9089,23:17:34,1056034808503,337048,74,24039,2730,61
1784647055.1089,23:17:35,1056034825333,337048,74,24039,2730,61
1784647055.3089,23:17:35,1056034841829,337048,74,24039,2730,61
1784647055.5090,23:17:35,1056034858172,223262,74,24039,2745,56
1784647055.7089,23:17:35,1056034874400,223262,74,24039,2745,56
1784647055.9090,23:17:35,1056034890471,131142,0,24039,2745,55
1784647056.1090,23:17:36,1056034906077,131142,0,24039,2745,55
1784647056.3089,23:17:36,1056034921683,131142,0,24039,2745,55
1784647056.5089,23:17:36,1056034937199,131142,0,24039,2745,55
1784647056.7089,23:17:36,1056034950137,131142,0,24039,2745,55
1784647056.9089,23:17:36,1056034963408,83832,0,24039,2520,53
1784647057.1090,23:17:37,1056034976105,83832,0,24039,2520,53
1784647057.3089,23:17:37,1056034988767,83832,0,24039,2520,53
1784647057.5089,23:17:37,1056035001481,83832,0,24039,2520,53
1784647057.7089,23:17:37,1056035014187,83832,0,24039,2520,53
1784647057.9090,23:17:37,1056035026884,76876,0,24039,2520,52
1784647058.1089,23:17:38,1056035039550,76876,0,24039,2520,52
1784647058.3089,23:17:38,1056035052189,76876,0,24039,2520,52
1784647058.5089,23:17:38,1056035064743,76876,0,24039,2520,52
1784647058.7089,23:17:38,1056035077258,76876,0,24039,2520,52
1784647058.9089,23:17:38,1056035089775,70129,0,24039,2520,52
1784647059.1089,23:17:39,1056035102133,70129,0,24039,2520,52
1784647059.3089,23:17:39,1056035114493,70129,0,24039,2520,52
1784647059.5089,23:17:39,1056035126783,70129,0,24039,2520,52
1784647059.7089,23:17:39,1056035139021,70129,0,24039,2520,52
1784647059.9089,23:17:39,1056035151152,69231,0,24039,2520,51
1784647060.1089,23:17:40,1056035163125,69231,0,24039,2520,51
1784647060.3089,23:17:40,1056035174987,69231,0,24039,2520,51
1784647060.5089,23:17:40,1056035186719,69231,0,24039,2520,51
1784647060.7089,23:17:40,1056035198362,69231,0,24039,2520,51
1784647060.9089,23:17:40,1056035210059,67267,0,24039,2520,50
1784647061.1089,23:17:41,1056035221622,67267,0,24039,2520,50
1784647061.3089,23:17:41,1056035233052,67267,0,24039,2520,50
1784647061.5089,23:17:41,1056035244451,67267,0,24039,2520,50
1784647061.7089,23:17:41,1056035255732,67267,0,24039,2520,50
1784647061.9089,23:17:41,1056035266996,64932,0,24039,2520,50
1784647062.1089,23:17:42,1056035278106,64932,0,24039,2520,50
1784647062.3089,23:17:42,1056035289185,64932,0,24039,2520,50
1784647062.5089,23:17:42,1056035300205,64932,0,24039,2520,50
1784647062.7089,23:17:42,1056035311119,64932,0,24039,2520,50
1784647062.9089,23:17:42,1056035322063,62838,0,24039,2520,49
1784647063.1089,23:17:43,1056035332892,62838,0,24039,2520,49
1784647063.3089,23:17:43,1056035343683,62838,0,24039,2520,49
1784647063.5089,23:17:43,1056035354458,62838,0,24039,2520,49
1784647063.7089,23:17:43,1056035365183,62838,0,24039,2520,49
1784647063.9089,23:17:43,1056035375814,61102,0,24039,2520,49
1784647064.1091,23:17:44,1056035386306,61102,0,24039,2520,49
1784647064.3090,23:17:44,1056035396692,61102,0,24039,2520,49
1784647064.5089,23:17:44,1056035407099,61102,0,24039,2520,49
1784647064.7089,23:17:44,1056035417378,61102,0,24039,2520,49
1784647064.9089,23:17:44,1056035427732,59427,0,24039,2520,49
1784647065.1090,23:17:45,1056035437978,59427,0,24039,2520,49
1784647065.3090,23:17:45,1056035448130,59427,0,24039,2520,49
1784647065.5090,23:17:45,1056035458201,59427,0,24039,2520,49
1784647065.7089,23:17:45,1056035468198,59427,0,24039,2520,49
1784647065.9089,23:17:45,1056035478197,57705,0,24039,2520,48
1784647066.1089,23:17:46,1056035488116,57705,0,24039,2520,48
1784647066.3089,23:17:46,1056035498009,57705,0,24039,2520,48
1784647066.5090,23:17:46,1056035507862,57705,0,24039,2520,48
1784647066.7089,23:17:46,1056035517640,57705,0,24039,2520,48
1784647066.9089,23:17:46,1056035527486,56248,0,24039,2520,48
1784647067.1090,23:17:47,1056035537161,56248,0,24039,2520,48
1784647067.3089,23:17:47,1056035546738,56248,0,24039,2520,48
1784647067.5089,23:17:47,1056035556265,56248,0,24039,2520,48
1784647067.7090,23:17:47,1056035565785,56248,0,24039,2520,48
1784647067.9089,23:17:47,1056035575359,54867,0,24039,2520,48
1784647068.1090,23:17:48,1056035584891,54867,0,24039,2520,48
1784647068.3090,23:17:48,1056035594378,54867,0,24039,2520,48
1784647068.5090,23:17:48,1056035603806,54867,0,24039,2520,48
1784647068.7090,23:17:48,1056035613197,54867,0,24039,2520,48
1784647068.9090,23:17:48,1056035622483,53858,0,24039,2520,47
1784647069.1089,23:17:49,1056035631863,53858,0,24039,2520,47
1784647069.3090,23:17:49,1056035641189,53858,0,24039,2520,47
1784647069.5090,23:17:49,1056035650470,53858,0,24039,2520,47
1784647069.7090,23:17:49,1056035659711,53858,0,24039,2520,47
1784647069.9089,23:17:49,1056035668930,53145,0,24039,2520,47
1784647070.1089,23:17:50,1056035678125,53145,0,24039,2520,47
1784647070.3089,23:17:50,1056035687307,53145,0,24039,2520,47
1784647070.5090,23:17:50,1056035696446,53145,0,24039,2520,47
1784647070.7089,23:17:50,1056035705557,53145,0,24039,2520,47
1784647070.9089,23:17:50,1056035714648,52338,0,24039,2520,47
1784647071.1090,23:17:51,1056035723614,52338,0,24039,2520,47
1784647071.3089,23:17:51,1056035732588,52338,0,24039,2520,47
1784647071.5090,23:17:51,1056035739818,52338,0,24039,2520,47
1784647071.7089,23:17:51,1056035743377,52338,0,24039,2520,47
1784647071.9089,23:17:51,1056035747733,47490,0,24039,450,46
1784647072.1090,23:17:52,1056035751208,47490,0,24039,450,46
1784647072.3089,23:17:52,1056035754570,47490,0,24039,450,46
1784647072.5089,23:17:52,1056035757165,47490,0,24039,450,46
1784647072.7089,23:17:52,1056035774428,47490,0,24039,450,46
1784647072.9090,23:17:52,1056035820560,52785,100,24039,2520,51
1784647073.1090,23:17:53,1056035875375,52785,100,24039,2520,51
1784647073.3089,23:17:53,1056035931255,52785,100,24039,2520,51
1784647073.5090,23:17:53,1056035987361,122138,100,24039,2760,55
1784647073.7090,23:17:53,1056036041089,122138,100,24039,2760,55
1784647073.9089,23:17:53,1056036096660,276157,100,24039,2745,56
1784647074.1090,23:17:54,1056036152336,276157,100,24039,2745,56
1784647074.3090,23:17:54,1056036208012,276157,100,24039,2745,56
1784647074.5090,23:17:54,1056036263638,285308,100,24039,2745,57
1784647074.7090,23:17:54,1056036319285,285308,100,24039,2745,57
1784647074.9090,23:17:54,1056036374999,285117,100,24039,2745,57
1784647075.1089,23:17:55,1056036430795,285117,100,24039,2745,57
1784647075.3089,23:17:55,1056036486544,285117,100,24039,2745,57
1784647075.5089,23:17:55,1056036542393,285584,100,24039,2745,57
1784647075.7089,23:17:55,1056036598314,285584,100,24039,2745,57
1784647075.9090,23:17:55,1056036654535,286005,100,24039,2745,58
1784647076.1090,23:17:56,1056036710351,286005,100,24039,2745,58
1784647076.3090,23:17:56,1056036767211,286005,100,24039,2745,58
1784647076.5090,23:17:56,1056036821401,287243,100,24039,2745,58
1784647076.7089,23:17:56,1056036877458,287243,100,24039,2745,58
1784647076.9089,23:17:56,1056036933862,287920,100,24039,2745,58
1784647077.1089,23:17:57,1056036989893,287920,100,24039,2745,58
1784647077.3090,23:17:57,1056037045851,287920,100,24039,2745,58
1784647077.5090,23:17:57,1056037101927,288093,100,24039,2745,58
1784647077.7090,23:17:57,1056037157980,288093,100,24039,2745,58
1784647077.9090,23:17:57,1056037214798,287805,100,24039,2745,58
1784647078.1090,23:17:58,1056037270876,287805,100,24039,2745,58
1784647078.3090,23:17:58,1056037326923,287805,100,24039,2745,58
1784647078.5090,23:17:58,1056037383040,287618,100,24039,2745,59
1784647078.7090,23:17:58,1056037439069,287618,100,24039,2745,59
1784647078.9090,23:17:58,1056037495221,287790,100,24039,2745,59
1784647079.1090,23:17:59,1056037551403,287790,100,24039,2745,59
1784647079.3090,23:17:59,1056037607992,287790,100,24039,2745,59
1784647079.5090,23:17:59,1056037664181,287844,100,24039,2745,59
1784647079.7090,23:17:59,1056037720331,287844,100,24039,2745,59
1784647079.9089,23:17:59,1056037776592,288181,100,24039,2745,59
1784647080.1089,23:18:00,1056037832660,288181,100,24039,2745,59
1784647080.3089,23:18:00,1056037888782,288181,100,24039,2745,59
1784647080.5090,23:18:00,1056037945007,288327,100,24039,2745,59
1784647080.7090,23:18:00,1056038001160,288327,100,24039,2745,59
1784647080.9090,23:18:00,1056038057374,288177,100,24039,2745,59
1784647081.1090,23:18:01,1056038113556,288177,100,24039,2745,59
1784647081.3090,23:18:01,1056038169840,288177,100,24039,2745,59
1784647081.5090,23:18:01,1056038226139,288512,100,24039,2745,60
1784647081.7090,23:18:01,1056038282368,288512,100,24039,2745,60
1784647081.9090,23:18:01,1056038338577,288877,100,24039,2745,60
1784647082.1090,23:18:02,1056038394759,288877,100,24039,2745,60
1784647082.3090,23:18:02,1056038451034,288877,100,24039,2745,60
1784647082.5090,23:18:02,1056038507212,289111,100,24039,2745,60
1784647082.7090,23:18:02,1056038563318,289111,100,24039,2745,60
1784647082.9090,23:18:02,1056038619481,289147,100,24039,2745,60
1784647083.1090,23:18:03,1056038675732,289147,100,24039,2745,60
1784647083.3089,23:18:03,1056038732009,289147,100,24039,2745,60
1784647083.5089,23:18:03,1056038788171,289383,100,24039,2745,60
1784647083.7090,23:18:03,1056038844359,289383,100,24039,2745,60
1784647083.9090,23:18:03,1056038900592,289649,100,24039,2745,60
1784647084.1090,23:18:04,1056038957132,289649,100,24039,2745,60
1784647084.3090,23:18:04,1056039013397,289649,100,24039,2745,60
1784647084.5090,23:18:04,1056039069613,290255,100,24039,2745,61
1784647084.7090,23:18:04,1056039125955,290255,100,24039,2745,61
1784647084.9090,23:18:04,1056039180667,290741,100,24039,2745,61
1784647085.1089,23:18:05,1056039237268,290741,100,24039,2745,61
1784647085.3089,23:18:05,1056039294096,290741,100,24039,2745,61
1784647085.5089,23:18:05,1056039351096,291830,100,24039,2745,61
1784647085.7089,23:18:05,1056039407868,291830,100,24039,2745,61
1784647085.9089,23:18:05,1056039464709,293396,100,24039,2745,61
1784647086.1089,23:18:06,1056039521357,293396,100,24039,2745,61
1784647086.3089,23:18:06,1056039578214,293396,100,24039,2745,61
1784647086.5089,23:18:06,1056039635097,293978,100,24039,2745,61
1784647086.7089,23:18:06,1056039691955,293978,100,24039,2745,61
1784647086.9089,23:18:06,1056039748705,294229,100,24039,2745,61
1784647087.1089,23:18:07,1056039805465,294229,100,24039,2745,61
1784647087.3089,23:18:07,1056039862315,294229,100,24039,2745,61
1784647087.5089,23:18:07,1056039919257,294572,100,24039,2745,62
1784647087.7089,23:18:07,1056039976173,294572,100,24039,2745,62
1784647087.9089,23:18:07,1056040033147,295023,100,24039,2745,62
1784647088.1089,23:18:08,1056040090024,295023,100,24039,2745,62
1784647088.3090,23:18:08,1056040146963,295023,100,24039,2745,62
1784647088.5090,23:18:08,1056040203723,295822,100,24039,2745,62
1784647088.7090,23:18:08,1056040260477,295822,100,24039,2745,62
1784647088.9090,23:18:08,1056040318060,296106,100,24039,2745,62
1784647089.1089,23:18:09,1056040374875,296106,100,24039,2745,62
1784647089.3089,23:18:09,1056040431714,296106,100,24039,2745,62
1784647089.5089,23:18:09,1056040488726,296190,100,24039,2745,62
1784647089.7089,23:18:09,1056040545620,296190,100,24039,2745,62
1784647089.9089,23:18:09,1056040602615,296775,100,24039,2745,62
1784647090.1089,23:18:10,1056040659557,296775,100,24039,2745,62
1784647090.3089,23:18:10,1056040716424,296775,100,24039,2745,62
1784647090.5090,23:18:10,1056040773713,296814,100,24039,2745,62
1784647090.7090,23:18:10,1056040830616,296814,100,24039,2745,62
1784647090.9089,23:18:10,1056040887562,297414,100,24039,2745,62
1784647091.1089,23:18:11,1056040944552,297414,100,24039,2745,62
1784647091.3089,23:18:11,1056041001642,297414,100,24039,2745,62
1784647091.5089,23:18:11,1056041058801,297811,100,24039,2745,62
1784647091.7089,23:18:11,1056041115800,297811,100,24039,2745,62
1784647091.9089,23:18:11,1056041172778,298055,100,24039,2745,63
1784647092.1089,23:18:12,1056041229676,298055,100,24039,2745,63
1784647092.3089,23:18:12,1056041286855,298055,100,24039,2745,63
1784647092.5089,23:18:12,1056041344033,298381,100,24039,2745,63
1784647092.7089,23:18:12,1056041401091,298381,100,24039,2745,63
1784647092.9090,23:18:12,1056041458358,298720,100,24039,2745,63
1784647093.1089,23:18:13,1056041515907,298720,100,24039,2745,63
1784647093.3089,23:18:13,1056041573129,298720,100,24039,2745,63
1784647093.5089,23:18:13,1056041630618,299658,100,24039,2745,63
1784647093.7089,23:18:13,1056041687730,299658,100,24039,2745,63
1784647093.9089,23:18:13,1056041744880,300290,100,24039,2745,63
1784647094.1089,23:18:14,1056041802167,300290,100,24039,2745,63
1784647094.3089,23:18:14,1056041859267,300290,100,24039,2745,63
1784647094.5089,23:18:14,1056041916362,300167,100,24039,2745,63
1784647094.7089,23:18:14,1056041973445,300167,100,24039,2745,63
1784647094.9089,23:18:14,1056042030353,299901,100,24039,2745,63
1784647095.1090,23:18:15,1056042087307,299901,100,24039,2745,63
1784647095.3090,23:18:15,1056042144592,299901,100,24039,2745,63
1784647095.5090,23:18:15,1056042201638,300116,100,24039,2745,63
1784647095.7090,23:18:15,1056042258680,300116,100,24039,2745,63
1784647095.9089,23:18:15,1056042315838,300386,100,24039,2745,63
1784647096.1089,23:18:16,1056042372885,300386,100,24039,2745,63
1784647096.3089,23:18:16,1056042429976,300386,100,24039,2745,63
1784647096.5089,23:18:16,1056042487086,300671,100,24039,2745,63
1784647096.7089,23:18:16,1056042543976,300671,100,24039,2745,63
1784647096.9089,23:18:16,1056042601105,300936,100,24039,2745,63
1784647097.1089,23:18:17,1056042658356,300936,100,24039,2745,63
1784647097.3090,23:18:17,1056042715573,300936,100,24039,2745,63
1784647097.5090,23:18:17,1056042772731,301696,100,24039,2745,63
1784647097.7090,23:18:17,1056042829906,301696,100,24039,2745,63
1784647097.9090,23:18:17,1056042887178,302294,100,24039,2745,63
1784647098.1089,23:18:18,1056042944706,302294,100,24039,2745,63
1784647098.3090,23:18:18,1056043002270,302294,100,24039,2745,63
1784647098.5089,23:18:18,1056043059516,302902,100,24039,2745,63
1784647098.7089,23:18:18,1056043116832,302902,100,24039,2745,63
1784647098.9090,23:18:18,1056043174196,303427,100,24039,2745,64
1784647099.1090,23:18:19,1056043231326,303427,100,24039,2745,64
1784647099.3090,23:18:19,1056043288568,303427,100,24039,2745,64
1784647099.5090,23:18:19,1056043345805,303187,100,24039,2745,64
1784647099.7090,23:18:19,1056043402971,303187,100,24039,2745,64
1784647099.9090,23:18:19,1056043460581,303399,100,24039,2745,64
1784647100.1090,23:18:20,1056043517713,303399,100,24039,2745,64
1784647100.3090,23:18:20,1056043574836,303399,100,24039,2745,64
1784647100.5090,23:18:20,1056043632012,303684,100,24039,2745,64
1784647100.7090,23:18:20,1056043689130,303684,100,24039,2745,64
1784647100.9089,23:18:20,1056043746310,303748,100,24039,2745,64
1784647101.1089,23:18:21,1056043803444,303748,100,24039,2745,64
1784647101.3090,23:18:21,1056043860620,303748,100,24039,2745,64
1784647101.5090,23:18:21,1056043917789,303666,100,24039,2745,64
1784647101.7090,23:18:21,1056043974934,303666,100,24039,2745,64
1784647101.9090,23:18:21,1056044032118,303967,100,24039,2745,64
1784647102.1090,23:18:22,1056044089375,303967,100,24039,2745,64
1784647102.3090,23:18:22,1056044146956,303967,100,24039,2745,64
1784647102.5090,23:18:22,1056044204160,304681,100,24039,2745,64
1784647102.7089,23:18:22,1056044261213,304681,100,24039,2745,64
1784647102.9090,23:18:22,1056044318296,304892,100,24039,2745,64
1784647103.1089,23:18:23,1056044375506,304892,100,24039,2745,64
1784647103.3090,23:18:23,1056044432659,304892,100,24039,2745,64
1784647103.5089,23:18:23,1056044489820,305017,100,24039,2745,64
1784647103.7089,23:18:23,1056044546988,305017,100,24039,2745,64
1784647103.9090,23:18:23,1056044604178,305052,100,24039,2745,64
1784647104.1090,23:18:24,1056044661259,305052,100,24039,2745,64
1784647104.3090,23:18:24,1056044718672,305052,100,24039,2745,64
1784647104.5090,23:18:24,1056044775705,305423,100,24039,2745,64
1784647104.7089,23:18:24,1056044832768,305423,100,24039,2745,64
1784647104.9089,23:18:24,1056044889892,305478,100,24039,2745,64
1784647105.1090,23:18:25,1056044946924,305478,100,24039,2745,64
1784647105.3090,23:18:25,1056045004082,305478,100,24039,2745,64
1784647105.5089,23:18:25,1056045061005,305487,100,24039,2745,64
1784647105.7089,23:18:25,1056045117971,305487,100,24039,2745,64
1784647105.9089,23:18:25,1056045174976,305735,100,24039,2745,64
1784647106.1090,23:18:26,1056045231996,305735,100,24039,2745,64
1784647106.3090,23:18:26,1056045289808,305735,100,24039,2745,64
1784647106.5090,23:18:26,1056045346912,306663,100,24039,2745,64
1784647106.7090,23:18:26,1056045404069,306663,100,24039,2745,64
1784647106.9090,23:18:26,1056045461499,307447,100,24039,2745,64
1784647107.1090,23:18:27,1056045518685,307447,100,24039,2745,64
1784647107.3090,23:18:27,1056045575857,307447,100,24039,2745,64
1784647107.5089,23:18:27,1056045633067,307359,100,24039,2745,64
1784647107.7090,23:18:27,1056045690129,307359,100,24039,2745,64
1784647107.9090,23:18:27,1056045747309,307584,100,24039,2745,64
1784647108.1090,23:18:28,1056045804390,307584,100,24039,2745,64
1784647108.3090,23:18:28,1056045861763,307584,100,24039,2745,64
1784647108.5090,23:18:28,1056045918758,307697,100,24039,2745,64
1784647108.7090,23:18:28,1056045975698,307697,100,24039,2745,64
1784647108.9090,23:18:28,1056046032728,307637,100,24039,2745,64
1784647109.1090,23:18:29,1056046089657,307637,100,24039,2745,64
1784647109.3090,23:18:29,1056046146644,307637,100,24039,2745,64
1784647109.5090,23:18:29,1056046203604,307533,100,24039,2745,64
1784647109.7090,23:18:29,1056046260408,307533,100,24039,2745,64
1784647109.9090,23:18:29,1056046317363,307281,100,24039,2745,64
1784647110.1090,23:18:30,1056046374168,307281,100,24039,2745,64
1784647110.3090,23:18:30,1056046430973,307281,100,24039,2745,64
1784647110.5090,23:18:30,1056046487848,307371,100,24039,2745,64
1784647110.7090,23:18:30,1056046545461,307371,100,24039,2745,64
1784647110.9090,23:18:30,1056046602357,308171,100,24039,2745,64
1784647111.1090,23:18:31,1056046659162,308171,100,24039,2745,64
1784647111.3090,23:18:31,1056046716041,308171,100,24039,2745,64
1784647111.5090,23:18:31,1056046773279,308289,100,24039,2745,65
1784647111.7090,23:18:31,1056046830205,308289,100,24039,2745,65
1784647111.9090,23:18:31,1056046887237,308331,100,24039,2745,64
1784647112.1090,23:18:32,1056046944157,308331,100,24039,2745,64
1784647112.3090,23:18:32,1056047001437,308331,100,24039,2745,64
1784647112.5090,23:18:32,1056047058447,308977,100,24039,2745,64
1784647112.7090,23:18:32,1056047115185,308977,100,24039,2745,64
1784647112.9089,23:18:32,1056047172013,308999,100,24039,2745,64
1784647113.1090,23:18:33,1056047228754,308999,100,24039,2745,64
1784647113.3090,23:18:33,1056047285508,308999,100,24039,2745,64
1784647113.5090,23:18:33,1056047342280,308490,100,24039,2745,64
1784647113.7090,23:18:33,1056047398995,308490,100,24039,2745,64
1784647113.9090,23:18:33,1056047455606,308344,100,24039,2745,64
1784647114.1090,23:18:34,1056047512204,308344,100,24039,2745,64
1784647114.3090,23:18:34,1056047568820,308344,100,24039,2745,64
1784647114.5089,23:18:34,1056047625304,308276,100,24039,2745,64
1784647114.7090,23:18:34,1056047681593,308276,100,24039,2745,64
1784647114.9090,23:18:34,1056047738057,307928,100,24039,2745,64
1784647115.1090,23:18:35,1056047794354,307928,100,24039,2745,64
1784647115.3090,23:18:35,1056047850718,307928,100,24039,2745,64
1784647115.5090,23:18:35,1056047906823,307614,100,24039,2745,64
1784647115.7090,23:18:35,1056047962201,307614,100,24039,2745,64
1784647115.9090,23:18:35,1056048007267,307625,100,24039,2745,64
1784647116.1090,23:18:36,1056048023130,307625,100,24039,2745,64
1784647116.3090,23:18:36,1056048038195,307625,100,24039,2745,64
1784647116.5090,23:18:36,1056048053076,213137,100,24039,2745,56
1784647116.7090,23:18:36,1056048067806,213137,100,24039,2745,56
1784647116.9090,23:18:36,1056048082415,111071,0,24039,2745,55
1784647117.1090,23:18:37,1056048095135,111071,0,24039,2745,55
1784647117.3090,23:18:37,1056048107802,111071,0,24039,2745,55
1784647117.5090,23:18:37,1056048120407,111071,0,24039,2745,55
1784647117.7090,23:18:37,1056048132964,111071,0,24039,2745,55
1784647117.9090,23:18:37,1056048143426,77370,0,24039,2520,54
1784647118.1090,23:18:38,1056048153449,77370,0,24039,2520,54
1784647118.3090,23:18:38,1056048163427,77370,0,24039,2520,54
1784647118.5090,23:18:38,1056048173368,77370,0,24039,2520,54
1784647118.7090,23:18:38,1056048183351,77370,0,24039,2520,54
1784647118.9090,23:18:38,1056048193274,69655,0,24039,2520,53
1784647119.1090,23:18:39,1056048203184,69655,0,24039,2520,53
1784647119.3090,23:18:39,1056048213052,69655,0,24039,2520,53
1784647119.5090,23:18:39,1056048222992,69655,0,24039,2520,53
1784647119.7090,23:18:39,1056048232891,69655,0,24039,2520,53
1784647119.9090,23:18:39,1056048242763,61971,0,24039,2520,52
1784647120.1090,23:18:40,1056048252664,61971,0,24039,2520,52
1784647120.3090,23:18:40,1056048262515,61971,0,24039,2520,52
1784647120.5090,23:18:40,1056048272349,61971,0,24039,2520,52
1784647120.7090,23:18:40,1056048282074,61971,0,24039,2520,52
1784647120.9090,23:18:40,1056048291807,61570,0,24039,2520,51
1784647121.1090,23:18:41,1056048301675,61570,0,24039,2520,51
1784647121.3090,23:18:41,1056048311477,61570,0,24039,2520,51
1784647121.5090,23:18:41,1056048321257,61570,0,24039,2520,51
1784647121.7090,23:18:41,1056048331027,61570,0,24039,2520,51
1784647121.9090,23:18:41,1056048340831,61362,0,24039,2520,51
1784647122.1090,23:18:42,1056048350669,61362,0,24039,2520,51
1784647122.3090,23:18:42,1056048360363,61362,0,24039,2520,51
1784647122.5090,23:18:42,1056048370028,61362,0,24039,2520,51
1784647122.7090,23:18:42,1056048379564,61362,0,24039,2520,51
1784647122.9090,23:18:42,1056048389120,61057,0,24039,2520,50
1784647123.1090,23:18:43,1056048398610,61057,0,24039,2520,50
1784647123.3090,23:18:43,1056048408050,61057,0,24039,2520,50
1784647123.5090,23:18:43,1056048417470,61057,0,24039,2520,50
1784647123.7090,23:18:43,1056048426875,61057,0,24039,2520,50
1784647123.9090,23:18:43,1056048436287,60097,0,24039,2520,50
1784647124.1090,23:18:44,1056048445658,60097,0,24039,2520,50
1784647124.3090,23:18:44,1056048455011,60097,0,24039,2520,50
1784647124.5090,23:18:44,1056048464358,60097,0,24039,2520,50
1784647124.7090,23:18:44,1056048473636,60097,0,24039,2520,50
1784647124.9090,23:18:44,1056048482880,59105,0,24039,2520,50
1784647125.1090,23:18:45,1056048492086,59105,0,24039,2520,50
1784647125.3090,23:18:45,1056048501261,59105,0,24039,2520,50
1784647125.5090,23:18:45,1056048510376,59105,0,24039,2520,50
1784647125.7090,23:18:45,1056048519470,59105,0,24039,2520,50
1784647125.9089,23:18:45,1056048528516,58278,0,24039,2520,49
1784647126.1090,23:18:46,1056048537520,58278,0,24039,2520,49
1784647126.3090,23:18:46,1056048546481,58278,0,24039,2520,49
1784647126.5090,23:18:46,1056048555452,58278,0,24039,2520,49
1784647126.7090,23:18:46,1056048564384,58278,0,24039,2520,49
1784647126.9090,23:18:46,1056048573295,57245,0,24039,2520,49
1784647127.1090,23:18:47,1056048582164,57245,0,24039,2520,49
1784647127.3090,23:18:47,1056048591023,57245,0,24039,2520,49
1784647127.5090,23:18:47,1056048599831,57245,0,24039,2520,49
1784647127.7090,23:18:47,1056048608614,57245,0,24039,2520,49
1784647127.9090,23:18:47,1056048617385,56384,0,24039,2520,49
1784647128.1090,23:18:48,1056048626052,56384,0,24039,2520,49
1784647128.3090,23:18:48,1056048634693,56384,0,24039,2520,49
1784647128.5090,23:18:48,1056048643341,56384,0,24039,2520,49
1784647128.7090,23:18:48,1056048651925,56384,0,24039,2520,49
1784647128.9090,23:18:48,1056048660474,55453,0,24039,2520,48
1784647129.1090,23:18:49,1056048668975,55453,0,24039,2520,48
1784647129.3090,23:18:49,1056048677440,55453,0,24039,2520,48
1784647129.5090,23:18:49,1056048685850,55453,0,24039,2520,48
1784647129.7090,23:18:49,1056048694234,55453,0,24039,2520,48
1784647129.9090,23:18:49,1056048702640,54332,0,24039,2520,48
1784647130.1090,23:18:50,1056048711095,54332,0,24039,2520,48
1784647130.3090,23:18:50,1056048719482,54332,0,24039,2520,48
1784647130.5090,23:18:50,1056048727861,54332,0,24039,2520,48
1784647130.7090,23:18:50,1056048736226,54332,0,24039,2520,48
1784647130.9090,23:18:50,1056048744542,53638,0,24039,2520,48
1784647131.1090,23:18:51,1056048752826,53638,0,24039,2520,48
1784647131.3090,23:18:51,1056048761099,53638,0,24039,2520,48
1784647131.5090,23:18:51,1056048769334,53638,0,24039,2520,48
1784647131.7090,23:18:51,1056048777511,53638,0,24039,2520,48
1784647131.9090,23:18:51,1056048785656,53060,0,24039,2520,47
1784647132.1090,23:18:52,1056048793803,53060,0,24039,2520,47
1784647132.3090,23:18:52,1056048801931,53060,0,24039,2520,47
1784647132.5090,23:18:52,1056048808975,53060,0,24039,2520,47
1784647132.7090,23:18:52,1056048812229,53060,0,24039,2520,47
1784647132.9090,23:18:52,1056048815945,47119,0,24039,465,46
1784647133.1090,23:18:53,1056048819140,47119,0,24039,465,46
1784647133.3090,23:18:53,1056048822208,47119,0,24039,465,46
1784647133.5090,23:18:53,1056048825247,47119,0,24039,465,46
1784647133.7090,23:18:53,1056048855181,47119,0,24039,465,46
1784647133.9090,23:18:53,1056048910096,59011,100,24039,2760,54
1784647134.1090,23:18:54,1056048966143,59011,100,24039,2760,54
1784647134.3090,23:18:54,1056049022096,59011,100,24039,2760,54
1784647134.5090,23:18:54,1056049077787,146492,100,24039,2745,56
1784647134.7090,23:18:54,1056049133573,146492,100,24039,2745,56
1784647134.9090,23:18:54,1056049189404,285537,100,24039,2745,57
1784647135.1090,23:18:55,1056049245184,285537,100,24039,2745,57
1784647135.3090,23:18:55,1056049300859,285537,100,24039,2745,57
1784647135.5090,23:18:55,1056049356782,285856,100,24039,2745,57
1784647135.7090,23:18:55,1056049412839,285856,100,24039,2745,57
1784647135.9090,23:18:55,1056049468767,286347,100,24039,2745,57
1784647136.1090,23:18:56,1056049524656,286347,100,24039,2745,57
1784647136.3090,23:18:56,1056049580664,286347,100,24039,2745,57
1784647136.5090,23:18:56,1056049636637,286633,100,24039,2745,58
1784647136.7090,23:18:56,1056049692608,286633,100,24039,2745,58
1784647136.9090,23:18:56,1056049748945,287048,100,24039,2745,58
1784647137.1090,23:18:57,1056049805044,287048,100,24039,2745,58
1784647137.3090,23:18:57,1056049861339,287048,100,24039,2745,58
1784647137.5090,23:18:57,1056049917899,287968,100,24039,2745,58
1784647137.7090,23:18:57,1056049973974,287968,100,24039,2745,58
1784647137.9090,23:18:57,1056050030274,288750,100,24039,2745,59
1784647138.1090,23:18:58,1056050086348,288750,100,24039,2745,59
1784647138.3090,23:18:58,1056050142480,288750,100,24039,2745,59
1784647138.5090,23:18:58,1056050198646,288178,100,24039,2745,59
1784647138.7090,23:18:58,1056050255215,288178,100,24039,2745,59
1784647138.9090,23:18:58,1056050311445,288494,100,24039,2745,59
1784647139.1090,23:18:59,1056050367757,288494,100,24039,2745,59
1784647139.3090,23:18:59,1056050423927,288494,100,24039,2745,59
1784647139.5090,23:18:59,1056050480249,288574,100,24039,2745,59
1784647139.7090,23:18:59,1056050536549,288574,100,24039,2745,59
1784647139.9090,23:18:59,1056050592883,288377,100,24039,2745,59
1784647140.1090,23:19:00,1056050649180,288377,100,24039,2745,59
1784647140.3090,23:19:00,1056050705936,288377,100,24039,2745,59
1784647140.5090,23:19:00,1056050762327,288907,100,24039,2745,59
1784647140.7090,23:19:00,1056050818601,288907,100,24039,2745,59
1784647140.9090,23:19:00,1056050874885,289016,100,24039,2745,60
1784647141.1090,23:19:01,1056050931176,289016,100,24039,2745,60
1784647141.3090,23:19:01,1056050987563,289016,100,24039,2745,60
1784647141.5090,23:19:01,1056051043917,289003,100,24039,2745,60
1784647141.7090,23:19:01,1056051100266,289003,100,24039,2745,60
1784647141.9090,23:19:01,1056051156634,289201,100,24039,2745,60
1784647142.1090,23:19:02,1056051212848,289201,100,24039,2745,60
1784647142.3090,23:19:02,1056051269137,289201,100,24039,2745,60
1784647142.5090,23:19:02,1056051325512,289382,100,24039,2745,60
1784647142.7090,23:19:02,1056051381813,289382,100,24039,2745,60
1784647142.9090,23:19:02,1056051438168,289583,100,24039,2745,60
1784647143.1090,23:19:03,1056051494429,289583,100,24039,2745,60
1784647143.3090,23:19:03,1056051550861,289583,100,24039,2745,60
1784647143.5090,23:19:03,1056051607169,289864,100,24039,2745,60
1784647143.7090,23:19:03,1056051663445,289864,100,24039,2745,60
1784647143.9090,23:19:03,1056051719679,290011,100,24039,2745,61
1784647144.1090,23:19:04,1056051775914,290011,100,24039,2745,61
1784647144.3090,23:19:04,1056051832394,290011,100,24039,2745,61
1784647144.5090,23:19:04,1056051889110,290435,100,24039,2745,61
1784647144.7090,23:19:04,1056051945900,290435,100,24039,2745,61
1784647144.9090,23:19:04,1056052002753,291934,100,24039,2745,61
1784647145.1090,23:19:05,1056052060016,291934,100,24039,2745,61
1784647145.3090,23:19:05,1056052116770,291934,100,24039,2745,61
1784647145.5090,23:19:05,1056052173738,293742,100,24039,2745,61
1784647145.7090,23:19:05,1056052230602,293742,100,24039,2745,61
1784647145.9090,23:19:05,1056052287595,294403,100,24039,2745,61
1784647146.1090,23:19:06,1056052344486,294403,100,24039,2745,61
1784647146.3090,23:19:06,1056052401607,294403,100,24039,2745,61
1784647146.5090,23:19:06,1056052458634,294770,100,24039,2745,61
1784647146.7090,23:19:06,1056052515643,294770,100,24039,2745,61
1784647146.9090,23:19:06,1056052572791,295229,100,24039,2745,62
1784647147.1090,23:19:07,1056052629667,295229,100,24039,2745,62
1784647147.3090,23:19:07,1056052686718,295229,100,24039,2745,62
1784647147.5090,23:19:07,1056052743675,295531,100,24039,2745,62
1784647147.7090,23:19:07,1056052800708,295531,100,24039,2745,62
1784647147.9090,23:19:07,1056052857677,295683,100,24039,2745,62
1784647148.1090,23:19:08,1056052914631,295683,100,24039,2745,62
1784647148.3090,23:19:08,1056052971571,295683,100,24039,2745,62
1784647148.5090,23:19:08,1056053028475,295742,100,24039,2745,62
1784647148.7090,23:19:08,1056053085425,295742,100,24039,2745,62
1784647148.9090,23:19:08,1056053142696,295736,100,24039,2745,62
1784647149.1090,23:19:09,1056053199602,295736,100,24039,2745,62
1784647149.3090,23:19:09,1056053256639,295736,100,24039,2745,62
1784647149.5090,23:19:09,1056053313640,296349,100,24039,2745,62
1784647149.7090,23:19:09,1056053370864,296349,100,24039,2745,62
1784647149.9090,23:19:09,1056053428214,297183,100,24039,2745,62
1784647150.1090,23:19:10,1056053485103,297183,100,24039,2745,62
1784647150.3090,23:19:10,1056053542115,297183,100,24039,2745,62
1784647150.5090,23:19:10,1056053599140,297188,100,24039,2745,62
1784647150.7090,23:19:10,1056053656036,297188,100,24039,2745,62
1784647150.9090,23:19:10,1056053712998,297251,100,24039,2745,62
1784647151.1090,23:19:11,1056053769795,297251,100,24039,2745,62
1784647151.3090,23:19:11,1056053827032,297251,100,24039,2745,62
1784647151.5090,23:19:11,1056053884079,297417,100,24039,2745,63
1784647151.7090,23:19:11,1056053941046,297417,100,24039,2745,63
1784647151.9090,23:19:11,1056053998135,297645,100,24039,2745,63
1784647152.1090,23:19:12,1056054055065,297645,100,24039,2745,63
1784647152.3090,23:19:12,1056054112218,297645,100,24039,2745,63
1784647152.5090,23:19:12,1056054169323,298223,100,24039,2745,63
1784647152.7090,23:19:12,1056054226373,298223,100,24039,2745,63
1784647152.9090,23:19:12,1056054283510,298511,100,24039,2745,63
1784647153.1090,23:19:13,1056054340594,298511,100,24039,2745,63
1784647153.3090,23:19:13,1056054397731,298511,100,24039,2745,63
1784647153.5090,23:19:13,1056054454854,298935,100,24039,2745,63
1784647153.7090,23:19:13,1056054511875,298935,100,24039,2745,63
1784647153.9090,23:19:13,1056054569491,299356,100,24039,2745,63
1784647154.1090,23:19:14,1056054626680,299356,100,24039,2745,63
1784647154.3090,23:19:14,1056054683915,299356,100,24039,2745,63
1784647154.5090,23:19:14,1056054741191,300459,100,24039,2745,63
1784647154.7090,23:19:14,1056054798454,300459,100,24039,2745,63
1784647154.9090,23:19:14,1056054855900,301035,100,24039,2745,63
1784647155.1090,23:19:15,1056054913104,301035,100,24039,2745,63
1784647155.3090,23:19:15,1056054970262,301035,100,24039,2745,63
1784647155.5090,23:19:15,1056055027583,301206,100,24039,2745,63
1784647155.7090,23:19:15,1056055084907,301206,100,24039,2745,63
1784647155.9090,23:19:15,1056055142330,301412,100,24039,2745,63
1784647156.1090,23:19:16,1056055199695,301412,100,24039,2745,63
1784647156.3090,23:19:16,1056055257285,301412,100,24039,2745,63
1784647156.5090,23:19:16,1056055314616,302042,100,24039,2745,63
1784647156.7090,23:19:16,1056055371889,302042,100,24039,2745,63
1784647156.9090,23:19:16,1056055429102,302186,100,24039,2745,63
1784647157.1090,23:19:17,1056055486291,302186,100,24039,2745,63
1784647157.3090,23:19:17,1056055543549,302186,100,24039,2745,63
1784647157.5090,23:19:17,1056055600741,301896,100,24039,2745,63
1784647157.7090,23:19:17,1056055657904,301896,100,24039,2745,63
1784647157.9090,23:19:17,1056055715505,302307,100,24039,2745,64
1784647158.1090,23:19:18,1056055773011,302307,100,24039,2745,64
1784647158.3090,23:19:18,1056055830373,302307,100,24039,2745,64
1784647158.5090,23:19:18,1056055887789,303079,100,24039,2745,64
1784647158.7090,23:19:18,1056055945085,303079,100,24039,2745,64
1784647158.9090,23:19:18,1056056002396,303618,100,24039,2745,64
1784647159.1090,23:19:19,1056056059968,303618,100,24039,2745,64
1784647159.3090,23:19:19,1056056117547,303618,100,24039,2745,64
1784647159.5090,23:19:19,1056056174873,304037,100,24039,2745,64
1784647159.7090,23:19:19,1056056232194,304037,100,24039,2745,64
1784647159.9090,23:19:19,1056056289613,304472,100,24039,2745,64
1784647160.1090,23:19:20,1056056346917,304472,100,24039,2745,64
1784647160.3090,23:19:20,1056056404374,304472,100,24039,2745,64
1784647160.5090,23:19:20,1056056461824,304383,100,24039,2745,64
1784647160.7090,23:19:20,1056056519257,304383,100,24039,2745,64
1784647160.9090,23:19:20,1056056576978,304959,100,24039,2745,64
1784647161.1090,23:19:21,1056056634393,304959,100,24039,2745,64
1784647161.3090,23:19:21,1056056691963,304959,100,24039,2745,64
1784647161.5090,23:19:21,1056056749443,305427,100,24039,2745,64
1784647161.7090,23:19:21,1056056806881,305427,100,24039,2745,64
1784647161.9090,23:19:21,1056056864395,305570,100,24039,2745,64
1784647162.1090,23:19:22,1056056921869,305570,100,24039,2745,64
1784647162.3090,23:19:22,1056056979415,305570,100,24039,2745,64
1784647162.5090,23:19:22,1056057036898,305955,100,24039,2745,64
1784647162.7089,23:19:22,1056057094305,305955,100,24039,2745,64
1784647162.9090,23:19:22,1056057151816,306212,100,24039,2745,64
1784647163.1090,23:19:23,1056057209250,306212,100,24039,2745,64
1784647163.3090,23:19:23,1056057266770,306212,100,24039,2745,64
1784647163.5090,23:19:23,1056057324154,306505,100,24039,2745,64
1784647163.7090,23:19:23,1056057381517,306505,100,24039,2745,64
1784647163.9090,23:19:23,1056057438921,306450,100,24039,2745,64
1784647164.1090,23:19:24,1056057496261,306450,100,24039,2745,64
1784647164.3090,23:19:24,1056057553644,306450,100,24039,2745,64
1784647164.5090,23:19:24,1056057611029,306272,100,24039,2745,64
1784647164.7090,23:19:24,1056057668347,306272,100,24039,2745,64
1784647164.9090,23:19:24,1056057725711,306459,100,24039,2745,64
1784647165.1090,23:19:25,1056057783077,306459,100,24039,2745,64
1784647165.3090,23:19:25,1056057840525,306459,100,24039,2745,64
1784647165.5090,23:19:25,1056057897952,307059,100,24039,2745,64
1784647165.7090,23:19:25,1056057955214,307059,100,24039,2745,64
1784647165.9090,23:19:25,1056058012467,307206,100,24039,2745,64
1784647166.1090,23:19:26,1056058069651,307206,100,24039,2745,64
1784647166.3090,23:19:26,1056058127012,307206,100,24039,2745,64
1784647166.5090,23:19:26,1056058184272,306987,100,24039,2745,64
1784647166.7090,23:19:26,1056058241474,306987,100,24039,2745,64
1784647166.9090,23:19:26,1056058298833,307180,100,24039,2745,64
1784647167.1090,23:19:27,1056058355944,307180,100,24039,2745,64
1784647167.3090,23:19:27,1056058413616,307180,100,24039,2745,64
1784647167.5090,23:19:27,1056058470804,307857,100,24039,2745,64
1784647167.7090,23:19:27,1056058528012,307857,100,24039,2745,64
1784647167.9090,23:19:27,1056058585122,308123,100,24039,2745,64
1784647168.1090,23:19:28,1056058642179,308123,100,24039,2745,64
1784647168.3090,23:19:28,1056058699324,308123,100,24039,2745,64
1784647168.5090,23:19:28,1056058756403,307577,100,24039,2745,64
1784647168.7090,23:19:28,1056058813453,307577,100,24039,2745,64
1784647168.9090,23:19:28,1056058870509,307331,100,24039,2745,64
1784647169.1090,23:19:29,1056058927419,307331,100,24039,2745,64
1784647169.3090,23:19:29,1056058984624,307331,100,24039,2745,64
1784647169.5090,23:19:29,1056059041547,307619,100,24039,2745,64
1784647169.7090,23:19:29,1056059098366,307619,100,24039,2745,64
1784647169.9090,23:19:29,1056059155306,307360,100,24039,2745,64
1784647170.1090,23:19:30,1056059212144,307360,100,24039,2745,64
1784647170.3090,23:19:30,1056059268951,307360,100,24039,2745,64
1784647170.5090,23:19:30,1056059325779,306993,100,24039,2745,64
1784647170.7090,23:19:30,1056059382542,306993,100,24039,2745,64
1784647170.9090,23:19:30,1056059439431,307204,100,24039,2745,64
1784647171.1090,23:19:31,1056059496267,307204,100,24039,2745,64
1784647171.3090,23:19:31,1056059553084,307204,100,24039,2745,64
1784647171.5090,23:19:31,1056059609882,307426,100,24039,2745,64
1784647171.7090,23:19:31,1056059667200,307426,100,24039,2745,64
1784647171.9090,23:19:31,1056059724010,308229,100,24039,2745,64
1784647172.1090,23:19:32,1056059780654,308229,100,24039,2745,64
1784647172.3090,23:19:32,1056059837856,308229,100,24039,2745,64
1784647172.5090,23:19:32,1056059894664,308638,100,24039,2745,65
1784647172.7090,23:19:32,1056059951500,308638,100,24039,2745,65
1784647172.9090,23:19:32,1056060008424,308391,100,24039,2745,65
1784647173.1090,23:19:33,1056060065298,308391,100,24039,2745,65
1784647173.3090,23:19:33,1056060122092,308391,100,24039,2745,65
1784647173.5090,23:19:33,1056060178948,308672,100,24039,2745,65
1784647173.7090,23:19:33,1056060235691,308672,100,24039,2745,65
1784647173.9090,23:19:33,1056060292453,308837,100,24039,2745,65
1784647174.1090,23:19:34,1056060349203,308837,100,24039,2745,65
1784647174.3090,23:19:34,1056060405882,308837,100,24039,2745,65
1784647174.5090,23:19:34,1056060462587,308565,100,24039,2745,65
1784647174.7090,23:19:34,1056060519223,308565,100,24039,2745,65
1784647174.9090,23:19:34,1056060575964,308587,100,24039,2745,65
1784647175.1090,23:19:35,1056060632735,308587,100,24039,2745,65
1784647175.3090,23:19:35,1056060689262,308587,100,24039,2745,65
1784647175.5090,23:19:35,1056060745865,308732,100,24039,2745,65
1784647175.7090,23:19:35,1056060802594,308732,100,24039,2745,65
1784647175.9090,23:19:35,1056060859142,308752,100,24039,2745,65
1784647176.1090,23:19:36,1056060915749,308752,100,24039,2745,65
1784647176.3090,23:19:36,1056060972428,308752,100,24039,2745,65
1784647176.5090,23:19:36,1056061029216,308734,100,24039,2745,65
1784647176.7090,23:19:36,1056061085674,308734,100,24039,2745,65
1784647176.9090,23:19:36,1056061143249,309882,100,24039,2745,65
1784647177.1090,23:19:37,1056061199691,309882,100,24039,2745,65
1784647177.3090,23:19:37,1056061256743,309882,100,24039,2745,65
1784647177.5090,23:19:37,1056061313420,310640,100,24039,2745,65
1784647177.7090,23:19:37,1056061369857,310640,100,24039,2745,65
1784647177.9090,23:19:37,1056061426411,310336,100,24039,2745,65
1784647178.1090,23:19:38,1056061482748,310336,100,24039,2745,65
1784647178.3090,23:19:38,1056061539298,310336,100,24039,2745,65
1784647178.5090,23:19:38,1056061595760,309371,100,24039,2745,65
1784647178.7090,23:19:38,1056061652044,309371,100,24039,2745,65
1784647178.9090,23:19:38,1056061708369,308800,100,24039,2745,65
1784647179.1090,23:19:39,1056061764601,308800,100,24039,2745,65
1784647179.3090,23:19:39,1056061820925,308800,100,24039,2745,65
1784647179.5090,23:19:39,1056061877519,308786,100,24039,2745,65
1784647179.7090,23:19:39,1056061934119,308786,100,24039,2745,65
1784647179.9090,23:19:39,1056061990424,309492,100,24039,2745,65
1784647180.1090,23:19:40,1056062046679,309492,100,24039,2745,65
1784647180.3090,23:19:40,1056062102647,309492,100,24039,2745,65
1784647180.5090,23:19:40,1056062158830,309634,100,24039,2745,65
1784647180.7090,23:19:40,1056062214972,309634,100,24039,2745,65
1784647180.9090,23:19:40,1056062271249,309264,100,24039,2745,65
1784647181.1090,23:19:41,1056062327401,309264,100,24039,2745,65
1784647181.3090,23:19:41,1056062383646,309264,100,24039,2745,65
1784647181.5090,23:19:41,1056062439935,309481,100,24039,2745,65
1784647181.7090,23:19:41,1056062496012,309481,100,24039,2745,65
1784647181.9090,23:19:41,1056062552171,309538,100,24039,2745,65
1784647182.1090,23:19:42,1056062608334,309538,100,24039,2745,65
1784647182.3090,23:19:42,1056062664810,309538,100,24039,2745,65
1784647182.5090,23:19:42,1056062721057,309881,100,24039,2745,65
1784647182.7090,23:19:42,1056062777149,309881,100,24039,2745,65
1784647182.9090,23:19:42,1056062833276,310196,100,24039,2745,65
1784647183.1090,23:19:43,1056062889322,310196,100,24039,2745,65
1784647183.3091,23:19:43,1056062945284,310196,100,24039,2745,65
1784647183.5090,23:19:43,1056063001201,309842,100,24039,2745,65
1784647183.7090,23:19:43,1056063057213,309842,100,24039,2745,65
1784647183.9090,23:19:43,1056063113166,309536,100,24039,2745,65
1784647184.1090,23:19:44,1056063169049,309536,100,24039,2745,65
1784647184.3090,23:19:44,1056063225083,309536,100,24039,2745,65
1784647184.5090,23:19:44,1056063280995,309640,100,24039,2745,65
1784647184.7090,23:19:44,1056063337239,309640,100,24039,2745,65
1784647184.9090,23:19:44,1056063393240,310118,100,24039,2745,65
1784647185.1090,23:19:45,1056063449101,310118,100,24039,2745,65
1784647185.3090,23:19:45,1056063505037,310118,100,24039,2745,65
1784647185.5090,23:19:45,1056063560885,310383,100,24039,2745,65
1784647185.7090,23:19:45,1056063616696,310383,100,24039,2745,65
1784647185.9090,23:19:45,1056063672465,310165,100,24039,2745,65
1784647186.1090,23:19:46,1056063728278,310165,100,24039,2745,65
1784647186.3090,23:19:46,1056063788917,310165,100,24039,2745,65
1784647186.5090,23:19:46,1056063844751,310196,100,24039,2745,65
1784647186.7090,23:19:46,1056063905332,310196,100,24039,2745,65
1784647186.9090,23:19:46,1056063965917,310346,100,24039,2745,65
1784647187.1090,23:19:47,1056064027003,310346,100,24039,2745,65
1784647187.3090,23:19:47,1056064087428,310346,100,24039,2745,65
1784647187.5090,23:19:47,1056064148035,310839,100,24039,2745,65
1784647187.7090,23:19:47,1056064208574,310839,100,24039,2745,65
1784647187.9090,23:19:47,1056064269180,310802,100,24039,2745,65
1784647188.1090,23:19:48,1056064329709,310802,100,24039,2745,65
1784647188.3090,23:19:48,1056064390195,310802,100,24039,2745,65
1784647188.5090,23:19:48,1056064450652,310009,100,24039,2745,65
1784647188.7090,23:19:48,1056064510983,310009,100,24039,2745,65
1784647188.9090,23:19:48,1056064571402,309731,100,24039,2745,65
1784647189.1090,23:19:49,1056064632092,309731,100,24039,2745,65
1784647189.3090,23:19:49,1056064692764,309731,100,24039,2745,65
1784647189.5090,23:19:49,1056064753857,310612,100,24039,2745,65
1784647189.7090,23:19:49,1056064814679,310612,100,24039,2745,65
1784647189.9090,23:19:49,1056064875402,312037,100,24039,2745,65
1784647190.1090,23:19:50,1056064936316,312037,100,24039,2745,65
1784647190.3090,23:19:50,1056064997646,312037,100,24039,2745,65
1784647190.5090,23:19:50,1056065058225,312583,100,24039,2745,65
1784647190.7090,23:19:50,1056065118799,312583,100,24039,2745,65
1784647190.9090,23:19:50,1056065179429,311322,100,24039,2745,65
1784647191.1090,23:19:51,1056065239992,311322,100,24039,2745,65
1784647191.3090,23:19:51,1056065300564,311322,100,24039,2745,65
1784647191.5090,23:19:51,1056065361053,310321,100,24039,2745,65
1784647191.7090,23:19:51,1056065421646,310321,100,24039,2745,65
1784647191.9090,23:19:51,1056065482231,310302,100,24039,2745,65
1784647192.1090,23:19:52,1056065542794,310302,100,24039,2745,65
1784647192.3090,23:19:52,1056065603886,310302,100,24039,2745,65
1784647192.5090,23:19:52,1056065664467,311039,100,24039,2745,65
1784647192.7090,23:19:52,1056065725096,311039,100,24039,2745,65
1784647192.9090,23:19:52,1056065785607,311094,100,24039,2745,64
1784647193.1090,23:19:53,1056065846247,311094,100,24039,2745,64
1784647193.3090,23:19:53,1056065907542,311094,100,24039,2745,64
1784647193.5090,23:19:53,1056065968598,311034,100,24039,2745,65
1784647193.7090,23:19:53,1056066029263,311034,100,24039,2745,65
1784647193.9090,23:19:53,1056066089915,311438,100,24039,2745,64
1784647194.1090,23:19:54,1056066150931,311438,100,24039,2745,64
1784647194.3090,23:19:54,1056066211383,311438,100,24039,2745,64
1784647194.5090,23:19:54,1056066271955,311148,100,24039,2745,64
1784647194.7090,23:19:54,1056066332548,311148,100,24039,2745,64
1784647194.9090,23:19:54,1056066393124,310642,100,24039,2745,64
1784647195.1090,23:19:55,1056066453720,310642,100,24039,2745,64
1784647195.3090,23:19:55,1056066514372,310642,100,24039,2745,64
1784647195.5090,23:19:55,1056066575044,310401,100,24039,2745,64
1784647195.7090,23:19:55,1056066635487,310401,100,24039,2745,64
1784647195.9090,23:19:55,1056066696075,310505,100,24039,2745,64
1784647196.1090,23:19:56,1056066756807,310505,100,24039,2745,64
1784647196.3090,23:19:56,1056066817525,310505,100,24039,2745,64
1784647196.5090,23:19:56,1056066878322,310748,100,24039,2745,64
1784647196.7090,23:19:56,1056066939059,310748,100,24039,2745,64
1784647196.9090,23:19:56,1056066999753,310997,100,24039,2745,64
1784647197.1090,23:19:57,1056067060435,310997,100,24039,2745,64
1784647197.3090,23:19:57,1056067121113,310997,100,24039,2745,64
1784647197.5090,23:19:57,1056067181758,311072,100,24039,2745,64
1784647197.7090,23:19:57,1056067242484,311072,100,24039,2745,64
1784647197.9090,23:19:57,1056067303191,310938,100,24039,2745,64
1784647198.1090,23:19:58,1056067363738,310938,100,24039,2745,64
1784647198.3090,23:19:58,1056067424313,310938,100,24039,2745,64
1784647198.5090,23:19:58,1056067484891,310628,100,24039,2745,64
1784647198.7090,23:19:58,1056067545577,310628,100,24039,2745,64
1784647198.9092,23:19:58,1056067606267,310631,100,24039,2745,64
1784647199.1090,23:19:59,1056067667082,310631,100,24039,2745,64
1784647199.3090,23:19:59,1056067727863,310631,100,24039,2745,64
1784647199.5090,23:19:59,1056067788603,311074,100,24039,2745,64
1784647199.7090,23:19:59,1056067849318,311074,100,24039,2745,64
1784647199.9090,23:19:59,1056067909948,311185,100,24039,2745,64
1784647200.1090,23:20:00,1056067970635,311185,100,24039,2745,64
1784647200.3090,23:20:00,1056068031275,311185,100,24039,2745,64
1784647200.5090,23:20:00,1056068091844,310944,100,24039,2745,64
1784647200.7090,23:20:00,1056068152490,310944,100,24039,2745,64
1784647200.9090,23:20:00,1056068213095,310838,100,24039,2745,64
1784647201.1090,23:20:01,1056068273618,310838,100,24039,2745,64
1784647201.3090,23:20:01,1056068334206,310838,100,24039,2745,64
1784647201.5090,23:20:01,1056068395005,311107,100,24039,2745,64
1784647201.7090,23:20:01,1056068455333,311107,100,24039,2745,64
1784647201.9090,23:20:01,1056068515827,311043,100,24039,2745,64
1784647202.1090,23:20:02,1056068576272,311043,100,24039,2745,64
1784647202.3090,23:20:02,1056068636524,311043,100,24039,2745,64
1784647202.5090,23:20:02,1056068696954,310808,100,24039,2745,64
1784647202.7090,23:20:02,1056068758287,310808,100,24039,2745,64
1784647202.9090,23:20:02,1056068818698,311674,100,24039,2745,64
1784647203.1090,23:20:03,1056068879329,311674,100,24039,2745,64
1784647203.3090,23:20:03,1056068939629,311674,100,24039,2745,64
1784647203.5090,23:20:03,1056069000269,312454,100,24039,2745,64
1784647203.7090,23:20:03,1056069060513,312454,100,24039,2745,64
1784647203.9090,23:20:03,1056069120652,311438,100,24039,2745,64
1784647204.1090,23:20:04,1056069180680,311438,100,24039,2745,64
1784647204.3090,23:20:04,1056069240783,311438,100,24039,2745,64
1784647204.5090,23:20:04,1056069300878,310785,100,24039,2745,64
1784647204.7090,23:20:04,1056069361125,310785,100,24039,2745,64
1784647204.9090,23:20:04,1056069421407,310359,100,24039,2745,64
1784647205.1090,23:20:05,1056069481581,310359,100,24039,2745,64
1784647205.3090,23:20:05,1056069542420,310359,100,24039,2745,64
1784647205.5090,23:20:05,1056069602701,311350,100,24039,2745,64
1784647205.7090,23:20:05,1056069662764,311350,100,24039,2745,64
1784647205.9090,23:20:05,1056069722851,311480,100,24039,2745,64
1784647206.1090,23:20:06,1056069782792,311480,100,24039,2745,64
1784647206.3090,23:20:06,1056069842806,311480,100,24039,2745,64
1784647206.5090,23:20:06,1056069902848,310772,100,24039,2745,64
1784647206.7090,23:20:06,1056069962826,310772,100,24039,2745,64
1784647206.9090,23:20:06,1056070022926,310677,100,24039,2745,64
1784647207.1090,23:20:07,1056070082917,310677,100,24039,2745,64
1784647207.3090,23:20:07,1056070142833,310677,100,24039,2745,64
1784647207.5090,23:20:07,1056070202736,310726,100,24039,2745,64
1784647207.7090,23:20:07,1056070262633,310726,100,24039,2745,64
1784647207.9090,23:20:07,1056070322497,310716,100,24039,2745,64
1784647208.1090,23:20:08,1056070382275,310716,100,24039,2745,64
1784647208.3090,23:20:08,1056070442270,310716,100,24039,2745,64
1784647208.5090,23:20:08,1056070501960,310907,100,24039,2745,64
1784647208.7090,23:20:08,1056070561692,310907,100,24039,2745,64
1784647208.9090,23:20:08,1056070621525,310944,100,24039,2745,64
1784647209.1090,23:20:09,1056070681242,310944,100,24039,2745,64
1784647209.3090,23:20:09,1056070740925,310944,100,24039,2745,64
1784647209.5090,23:20:09,1056070800686,310569,100,24039,2745,64
1784647209.7090,23:20:09,1056070860184,310569,100,24039,2745,64
1784647209.9090,23:20:09,1056070919699,310210,100,24039,2745,64
1784647210.1090,23:20:10,1056070979139,310210,100,24039,2745,64
1784647210.3090,23:20:10,1056071038658,310210,100,24039,2745,64
1784647210.5090,23:20:10,1056071098196,310009,100,24039,2745,64
1784647210.7090,23:20:10,1056071157595,310009,100,24039,2745,64
1784647210.9090,23:20:10,1056071217170,310100,100,24039,2745,64
1784647211.1090,23:20:11,1056071276600,310100,100,24039,2745,64
1784647211.3090,23:20:11,1056071335933,310100,100,24039,2745,64
1784647211.5090,23:20:11,1056071395343,310215,100,24039,2745,64
1784647211.7090,23:20:11,1056071455074,310215,100,24039,2745,64
1784647211.9090,23:20:11,1056071514880,310821,100,24039,2745,64
1784647212.1090,23:20:12,1056071574161,310821,100,24039,2745,64
1784647212.3090,23:20:12,1056071633877,310821,100,24039,2745,64
1784647212.5090,23:20:12,1056071693146,311002,100,24039,2745,64
1784647212.7090,23:20:12,1056071752293,311002,100,24039,2745,64
1784647212.9090,23:20:12,1056071811440,310495,100,24039,2745,64
1784647213.1090,23:20:13,1056071870599,310495,100,24039,2745,64
1784647213.3090,23:20:13,1056071929782,310495,100,24039,2745,64
1784647213.5090,23:20:13,1056071988946,309795,100,24039,2745,64
1784647213.7090,23:20:13,1056072048064,309795,100,24039,2745,64
1784647213.9090,23:20:13,1056072107194,309921,100,24039,2745,64
1784647214.1090,23:20:14,1056072166265,309921,100,24039,2745,64
1784647214.3090,23:20:14,1056072225343,309921,100,24039,2745,64
1784647214.5090,23:20:14,1056072284504,310014,100,24039,2745,64
1784647214.7090,23:20:14,1056072343692,310014,100,24039,2745,64
1784647214.9090,23:20:14,1056072402798,310155,100,24039,2745,64
1784647215.1090,23:20:15,1056072461724,310155,100,24039,2745,64
1784647215.3090,23:20:15,1056072520499,310155,100,24039,2745,64
1784647215.5090,23:20:15,1056072579971,310345,100,24039,2745,64
1784647215.7090,23:20:15,1056072638989,310345,100,24039,2745,64
1784647215.9090,23:20:15,1056072698024,310772,100,24039,2745,64
1784647216.1090,23:20:16,1056072756879,310772,100,24039,2745,64
1784647216.3090,23:20:16,1056072815819,310772,100,24039,2745,64
1784647216.5090,23:20:16,1056072874847,310791,100,24039,2745,64
1784647216.7090,23:20:16,1056072933691,310791,100,24039,2745,64
1784647216.9090,23:20:16,1056072992504,310562,100,24039,2745,64
1784647217.1090,23:20:17,1056073051263,310562,100,24039,2745,64
1784647217.3091,23:20:17,1056073110030,310562,100,24039,2745,64
1784647217.5090,23:20:17,1056073168854,310449,100,24039,2745,64
1784647217.7090,23:20:17,1056073227668,310449,100,24039,2745,64
1784647217.9090,23:20:17,1056073286425,310163,100,24039,2745,64
1784647218.1090,23:20:18,1056073345205,310163,100,24039,2745,64
1784647218.3090,23:20:18,1056073403934,310163,100,24039,2745,64
1784647218.5090,23:20:18,1056073462541,310304,100,24039,2745,64
1784647218.7090,23:20:18,1056073521234,310304,100,24039,2745,64
1784647218.9090,23:20:18,1056073580019,310402,100,24039,2745,64
1784647219.1090,23:20:19,1056073638723,310402,100,24039,2745,64
1784647219.3090,23:20:19,1056073697728,310402,100,24039,2745,64
1784647219.5090,23:20:19,1056073756392,310811,100,24039,2745,64
1784647219.7090,23:20:19,1056073814984,310811,100,24039,2745,64
1784647219.9090,23:20:19,1056073873552,310897,100,24039,2745,64
1784647220.1090,23:20:20,1056073932178,310897,100,24039,2745,64
1784647220.3090,23:20:20,1056073990769,310897,100,24039,2745,64
1784647220.5090,23:20:20,1056074049275,310572,100,24039,2745,64
1784647220.7090,23:20:20,1056074107678,310572,100,24039,2745,64
1784647220.9090,23:20:20,1056074166034,310424,100,24039,2745,64
1784647221.1090,23:20:21,1056074224427,310424,100,24039,2745,64
1784647221.3090,23:20:21,1056074282827,310424,100,24039,2745,64
1784647221.5090,23:20:21,1056074341237,310124,100,24039,2745,64
1784647221.7090,23:20:21,1056074399550,310124,100,24039,2745,64
1784647221.9090,23:20:21,1056074458002,310437,100,24039,2745,64
1784647222.1090,23:20:22,1056074516931,310437,100,24039,2745,64
1784647222.3090,23:20:22,1056074575316,310437,100,24039,2745,64
1784647222.5090,23:20:22,1056074633728,311437,100,24039,2745,64
1784647222.7090,23:20:22,1056074692668,311437,100,24039,2745,64
1784647222.9090,23:20:22,1056074750927,311997,100,24039,2745,64
1784647223.1090,23:20:23,1056074809082,311997,100,24039,2745,64
1784647223.3090,23:20:23,1056074867231,311997,100,24039,2745,64
1784647223.5090,23:20:23,1056074925520,310908,100,24039,2745,64
1784647223.7090,23:20:23,1056074983599,310908,100,24039,2745,64
1784647223.9090,23:20:23,1056075041749,310215,100,24039,2745,64
1784647224.1090,23:20:24,1056075100056,310215,100,24039,2745,64
1784647224.3090,23:20:24,1056075158061,310215,100,24039,2745,64
1784647224.5090,23:20:24,1056075216062,310184,100,24039,2745,64
1784647224.7090,23:20:24,1056075274030,310184,100,24039,2745,64
1784647224.9090,23:20:24,1056075331963,310017,100,24039,2745,64
1784647225.1090,23:20:25,1056075389835,310017,100,24039,2745,64
1784647225.3090,23:20:25,1056075447488,310017,100,24039,2745,64
1784647225.5090,23:20:25,1056075505491,309704,100,24039,2745,64
1784647225.7090,23:20:25,1056075563244,309704,100,24039,2745,64
1784647225.9090,23:20:25,1056075621103,309832,100,24039,2745,64
1784647226.1090,23:20:26,1056075678869,309832,100,24039,2745,64
1784647226.3090,23:20:26,1056075736710,309832,100,24039,2745,64
1784647226.5090,23:20:26,1056075794552,309879,100,24039,2745,64
1784647226.7090,23:20:26,1056075852299,309879,100,24039,2745,64
1784647226.9090,23:20:26,1056075910554,310202,100,24039,2745,64
1784647227.1090,23:20:27,1056075968402,310202,100,24039,2745,64
1784647227.3090,23:20:27,1056076026226,310202,100,24039,2745,64
1784647227.5090,23:20:27,1056076084038,310460,100,24039,2745,64
1784647227.7090,23:20:27,1056076142490,310460,100,24039,2745,64
1784647227.9090,23:20:27,1056076200240,310784,100,24039,2745,64
1784647228.1090,23:20:28,1056076257846,310784,100,24039,2745,64
1784647228.3090,23:20:28,1056076315589,310784,100,24039,2745,64
1784647228.5090,23:20:28,1056076373216,310578,100,24039,2745,64
1784647228.7090,23:20:28,1056076431231,310578,100,24039,2745,64
1784647228.9090,23:20:28,1056076488807,310430,100,24039,2745,63
1784647229.1090,23:20:29,1056076546389,310430,100,24039,2745,63
1784647229.3090,23:20:29,1056076603898,310430,100,24039,2745,63
1784647229.5090,23:20:29,1056076661354,310449,100,24039,2745,63
1784647229.7090,23:20:29,1056076718698,310449,100,24039,2745,63
1784647229.9090,23:20:29,1056076776120,309730,100,24039,2745,63
1784647230.1090,23:20:30,1056076833503,309730,100,24039,2745,63
1784647230.3090,23:20:30,1056076890880,309730,100,24039,2745,63
1784647230.5090,23:20:30,1056076948734,309631,100,24039,2745,63
1784647230.7090,23:20:30,1056077006043,309631,100,24039,2745,63
1784647230.9090,23:20:30,1056077063336,310027,100,24039,2745,63
1784647231.1090,23:20:31,1056077120626,310027,100,24039,2745,63
1784647231.3090,23:20:31,1056077177977,310027,100,24039,2745,63
1784647231.5090,23:20:31,1056077235286,310129,100,24039,2745,63
1784647231.7090,23:20:31,1056077292596,310129,100,24039,2745,63
1784647231.9090,23:20:31,1056077349831,309935,100,24039,2745,63
1784647232.1090,23:20:32,1056077406981,309935,100,24039,2745,63
1784647232.3090,23:20:32,1056077464215,309935,100,24039,2745,63
1784647232.5090,23:20:32,1056077521500,309856,100,24039,2745,63
1784647232.7090,23:20:32,1056077578651,309856,100,24039,2745,63
1784647232.9090,23:20:32,1056077635835,309825,100,24039,2745,63
1784647233.1090,23:20:33,1056077692947,309825,100,24039,2745,63
1784647233.3090,23:20:33,1056077750887,309825,100,24039,2745,63
1784647233.5090,23:20:33,1056077808078,310477,100,24039,2745,63
1784647233.7090,23:20:33,1056077865132,310477,100,24039,2745,63
1784647233.9090,23:20:33,1056077922152,310460,100,24039,2745,63
1784647234.1090,23:20:34,1056077979119,310460,100,24039,2745,63
1784647234.3090,23:20:34,1056078036128,310460,100,24039,2745,63
1784647234.5090,23:20:34,1056078093165,309783,100,24039,2745,63
1784647234.7090,23:20:34,1056078150177,309783,100,24039,2745,63
1784647234.9090,23:20:34,1056078207042,309752,100,24039,2745,63
1784647235.1090,23:20:35,1056078263896,309752,100,24039,2745,63
1784647235.3090,23:20:35,1056078320702,309752,100,24039,2745,63
1784647235.5090,23:20:35,1056078377561,309744,100,24039,2745,63
1784647235.7090,23:20:35,1056078434328,309744,100,24039,2745,63
1784647235.9090,23:20:35,1056078491217,309616,100,24039,2745,63
1784647236.1090,23:20:36,1056078548063,309616,100,24039,2745,63
1784647236.3090,23:20:36,1056078604960,309616,100,24039,2745,63
1784647236.5090,23:20:36,1056078661966,309969,100,24039,2745,63
1784647236.7090,23:20:36,1056078719268,309969,100,24039,2745,63
1784647236.9090,23:20:36,1056078776084,310804,100,24039,2745,63
1784647237.1090,23:20:37,1056078832787,310804,100,24039,2745,63
1784647237.3090,23:20:37,1056078889524,310804,100,24039,2745,63
1784647237.5090,23:20:37,1056078946534,310809,100,24039,2745,64
1784647237.7090,23:20:37,1056079003191,310809,100,24039,2745,64
1784647237.9090,23:20:37,1056079059847,310101,100,24039,2745,63
1784647238.1090,23:20:38,1056079116511,310101,100,24039,2745,63
1784647238.3090,23:20:38,1056079173182,310101,100,24039,2745,63
1784647238.5090,23:20:38,1056079229903,310267,100,24039,2745,63
1784647238.7090,23:20:38,1056079286520,310267,100,24039,2745,63
1784647238.9090,23:20:38,1056079343133,310336,100,24039,2745,63
1784647239.1090,23:20:39,1056079399830,310336,100,24039,2745,63
1784647239.3090,23:20:39,1056079456513,310336,100,24039,2745,63
1784647239.5090,23:20:39,1056079513141,310750,100,24039,2745,63
1784647239.7090,23:20:39,1056079569620,310750,100,24039,2745,63
1784647239.9090,23:20:39,1056079626187,310816,100,24039,2745,63
1784647240.1090,23:20:40,1056079682573,310816,100,24039,2745,63
1784647240.3090,23:20:40,1056079739140,310816,100,24039,2745,63
1784647240.5090,23:20:40,1056079795638,310520,100,24039,2745,63
1784647240.7090,23:20:40,1056079852022,310520,100,24039,2745,63
1784647240.9090,23:20:40,1056079908477,310460,100,24039,2745,63
1784647241.1090,23:20:41,1056079964771,310460,100,24039,2745,63
1784647241.3090,23:20:41,1056080021148,310460,100,24039,2745,63
1784647241.5090,23:20:41,1056080077595,310584,100,24039,2745,63
1784647241.7090,23:20:41,1056080133831,310584,100,24039,2745,63
1784647241.9090,23:20:41,1056080190176,310488,100,24039,2745,63
1784647242.1090,23:20:42,1056080246960,310488,100,24039,2745,63
1784647242.3090,23:20:42,1056080303291,310488,100,24039,2745,63
1784647242.5090,23:20:42,1056080359616,310876,100,24039,2745,63
1784647242.7090,23:20:42,1056080415797,310876,100,24039,2745,63
1784647242.9090,23:20:42,1056080472042,310749,100,24039,2745,63
1784647243.1090,23:20:43,1056080528334,310749,100,24039,2745,63
1784647243.3090,23:20:43,1056080584627,310749,100,24039,2745,63
1784647243.5090,23:20:43,1056080640939,310447,100,24039,2745,63
1784647243.7090,23:20:43,1056080697202,310447,100,24039,2745,63
1784647243.9090,23:20:43,1056080753719,310986,100,24039,2745,63
1784647244.1090,23:20:44,1056080809862,310986,100,24039,2745,63
1784647244.3090,23:20:44,1056080865971,310986,100,24039,2745,63
1784647244.5090,23:20:44,1056080922125,311010,100,24039,2745,63
1784647244.7090,23:20:44,1056080978199,311010,100,24039,2745,63
1784647244.9090,23:20:44,1056081034273,310949,100,24039,2745,63
1784647245.1090,23:20:45,1056081090303,310949,100,24039,2745,63
1784647245.3090,23:20:45,1056081146310,310949,100,24039,2745,63
1784647245.5090,23:20:45,1056081202371,310662,100,24039,2745,63
1784647245.7090,23:20:45,1056081258517,310662,100,24039,2745,63
1784647245.9090,23:20:45,1056081315172,311566,100,24039,2745,63
1784647246.1090,23:20:46,1056081370986,311566,100,24039,2745,63
1784647246.3090,23:20:46,1056081426723,311566,100,24039,2745,63
1784647246.5090,23:20:46,1056081482563,311258,100,24039,2745,63
1784647246.7090,23:20:46,1056081538653,311258,100,24039,2745,63
1784647246.9090,23:20:46,1056081594473,310191,100,24039,2745,63
1784647247.1090,23:20:47,1056081654836,310191,100,24039,2745,63
1784647247.3090,23:20:47,1056081710480,310191,100,24039,2745,63
1784647247.5090,23:20:47,1056081770925,309903,100,24039,2745,63
1784647247.7090,23:20:47,1056081831374,309903,100,24039,2745,63
1784647247.9090,23:20:47,1056081891650,309362,100,24039,2745,63
1784647248.1090,23:20:48,1056081952003,309362,100,24039,2745,63
1784647248.3090,23:20:48,1056082012481,309362,100,24039,2745,63
1784647248.5090,23:20:48,1056082072902,309426,100,24039,2745,63
1784647248.7090,23:20:48,1056082133388,309426,100,24039,2745,63
1784647248.9090,23:20:48,1056082193769,309451,100,24039,2745,63
1784647249.1090,23:20:49,1056082254537,309451,100,24039,2745,63
1784647249.3090,23:20:49,1056082314831,309451,100,24039,2745,63
1784647249.5090,23:20:49,1056082375227,309728,100,24039,2745,63
1784647249.7090,23:20:49,1056082435578,309728,100,24039,2745,63
1784647249.9090,23:20:49,1056082495912,309576,100,24039,2745,63
1784647250.1090,23:20:50,1056082556271,309576,100,24039,2745,63
1784647250.3090,23:20:50,1056082616683,309576,100,24039,2745,63
1784647250.5090,23:20:50,1056082677085,309265,100,24039,2745,63
1784647250.7090,23:20:50,1056082737412,309265,100,24039,2745,63
1784647250.9090,23:20:50,1056082797821,309310,100,24039,2745,63
1784647251.1090,23:20:51,1056082858241,309310,100,24039,2745,63
1784647251.3090,23:20:51,1056082918696,309310,100,24039,2745,63
1784647251.5090,23:20:51,1056082979056,309444,100,24039,2745,63
1784647251.7090,23:20:51,1056083039431,309444,100,24039,2745,63
1784647251.9090,23:20:51,1056083099799,309351,100,24039,2745,63
1784647252.1090,23:20:52,1056083160038,309351,100,24039,2745,63
1784647252.3090,23:20:52,1056083220746,309351,100,24039,2745,63
1784647252.5090,23:20:52,1056083281200,309701,100,24039,2745,63
1784647252.7090,23:20:52,1056083341765,309701,100,24039,2745,63
1784647252.9090,23:20:52,1056083402180,309978,100,24039,2745,63
1784647253.1090,23:20:53,1056083462584,309978,100,24039,2745,63
1784647253.3090,23:20:53,1056083522924,309978,100,24039,2745,63
1784647253.5090,23:20:53,1056083583305,309572,100,24039,2745,63
1784647253.7090,23:20:53,1056083643790,309572,100,24039,2745,63
1784647253.9090,23:20:53,1056083704240,309536,100,24039,2745,63
1784647254.1090,23:20:54,1056083764677,309536,100,24039,2745,63
1784647254.3090,23:20:54,1056083825178,309536,100,24039,2745,63
1784647254.5090,23:20:54,1056083885711,309810,100,24039,2745,63
1784647254.7090,23:20:54,1056083946414,309810,100,24039,2745,63
1784647254.9090,23:20:54,1056084006727,310060,100,24039,2745,63
1784647255.1090,23:20:55,1056084067177,310060,100,24039,2745,63
1784647255.3090,23:20:55,1056084127631,310060,100,24039,2745,63
1784647255.5090,23:20:55,1056084187977,309938,100,24039,2745,63
1784647255.7090,23:20:55,1056084248351,309938,100,24039,2745,63
1784647255.9090,23:20:55,1056084308807,309568,100,24039,2745,63
1784647256.1090,23:20:56,1056084369323,309568,100,24039,2745,63
1784647256.3090,23:20:56,1056084429727,309568,100,24039,2745,63
1784647256.5090,23:20:56,1056084490124,309666,100,24039,2745,63
1784647256.7090,23:20:56,1056084550557,309666,100,24039,2745,63
1784647256.9090,23:20:56,1056084611102,309797,100,24039,2745,63
1784647257.1090,23:20:57,1056084671567,309797,100,24039,2745,63
1784647257.3090,23:20:57,1056084732103,309797,100,24039,2745,63
1784647257.5090,23:20:57,1056084792590,309853,100,24039,2745,63
1784647257.7090,23:20:57,1056084852964,309853,100,24039,2745,63
1784647257.9090,23:20:57,1056084913367,309773,100,24039,2745,63
1784647258.1090,23:20:58,1056084973697,309773,100,24039,2745,63
1784647258.3090,23:20:58,1056085034098,309773,100,24039,2745,63
1784647258.5090,23:20:58,1056085094511,309464,100,24039,2745,63
1784647258.7090,23:20:58,1056085155069,309464,100,24039,2745,63
1784647258.9090,23:20:58,1056085215539,309523,100,24039,2745,63
1784647259.1090,23:20:59,1056085275934,309523,100,24039,2745,63
1784647259.3090,23:20:59,1056085336411,309523,100,24039,2745,63
1784647259.5090,23:20:59,1056085396938,309836,100,24039,2745,63
1784647259.7090,23:20:59,1056085457436,309836,100,24039,2745,63
1784647259.9090,23:20:59,1056085517926,309931,100,24039,2745,63
1784647260.1090,23:21:00,1056085578520,309931,100,24039,2745,63
1784647260.3090,23:21:00,1056085639091,309931,100,24039,2745,63
1784647260.5090,23:21:00,1056085699529,310092,100,24039,2745,63
1784647260.7090,23:21:00,1056085760045,310092,100,24039,2745,63
1784647260.9090,23:21:00,1056085820574,310156,100,24039,2745,63
1784647261.1090,23:21:01,1056085881056,310156,100,24039,2745,63
1784647261.3090,23:21:01,1056085941595,310156,100,24039,2745,63
1784647261.5090,23:21:01,1056086001920,310060,100,24039,2745,63
1784647261.7090,23:21:01,1056086062137,310060,100,24039,2745,63
1784647261.9090,23:21:01,1056086122509,309744,100,24039,2745,63
1784647262.1090,23:21:02,1056086182815,309744,100,24039,2745,63
1784647262.3090,23:21:02,1056086243110,309744,100,24039,2745,63
1784647262.5090,23:21:02,1056086303354,309515,100,24039,2745,63
1784647262.7090,23:21:02,1056086363439,309515,100,24039,2745,63
1784647262.9090,23:21:02,1056086423827,309494,100,24039,2745,63
1784647263.1090,23:21:03,1056086484484,309494,100,24039,2745,63
1784647263.3090,23:21:03,1056086544622,309494,100,24039,2745,63
1784647263.5090,23:21:03,1056086604697,309829,100,24039,2745,63
1784647263.7090,23:21:03,1056086665035,309829,100,24039,2745,63
1784647263.9090,23:21:03,1056086725005,310142,100,24039,2745,63
1784647264.1090,23:21:04,1056086784958,310142,100,24039,2745,63
1784647264.3090,23:21:04,1056086845000,310142,100,24039,2745,63
1784647264.5090,23:21:04,1056086905859,310131,100,24039,2745,64
1784647264.7090,23:21:04,1056086965968,310131,100,24039,2745,64
1784647264.9090,23:21:04,1056087025856,309890,100,24039,2745,63
1784647265.1090,23:21:05,1056087086123,309890,100,24039,2745,63
1784647265.3090,23:21:05,1056087146036,309890,100,24039,2745,63
1784647265.5090,23:21:05,1056087206328,310580,100,24039,2745,63
1784647265.7090,23:21:05,1056087266089,310580,100,24039,2745,63
1784647265.9090,23:21:05,1056087325903,309686,100,24039,2745,63
1784647266.1090,23:21:06,1056087385568,309686,100,24039,2745,63
1784647266.3090,23:21:06,1056087445313,309686,100,24039,2745,63
1784647266.5090,23:21:06,1056087505034,309148,100,24039,2745,63
1784647266.7090,23:21:06,1056087565505,309148,100,24039,2745,63
1784647266.9090,23:21:06,1056087625164,309307,100,24039,2745,63
1784647267.1090,23:21:07,1056087684678,309307,100,24039,2745,63
1784647267.3090,23:21:07,1056087744357,309307,100,24039,2745,63
1784647267.5090,23:21:07,1056087803975,309332,100,24039,2745,63
1784647267.7090,23:21:07,1056087863443,309332,100,24039,2745,63
1784647267.9090,23:21:07,1056087923068,308722,100,24039,2745,63
1784647268.1090,23:21:08,1056087982546,308722,100,24039,2745,63
1784647268.3090,23:21:08,1056088042146,308722,100,24039,2745,63
1784647268.5090,23:21:08,1056088101749,308743,100,24039,2745,63
1784647268.7090,23:21:08,1056088161333,308743,100,24039,2745,63
1784647268.9090,23:21:08,1056088220829,308900,100,24039,2745,63
1784647269.1090,23:21:09,1056088280941,308900,100,24039,2745,63
1784647269.3090,23:21:09,1056088340336,308900,100,24039,2745,63
1784647269.5090,23:21:09,1056088399741,309441,100,24039,2745,63
1784647269.7090,23:21:09,1056088459026,309441,100,24039,2745,63
1784647269.9090,23:21:09,1056088518394,309240,100,24039,2745,63
1784647270.1090,23:21:10,1056088577890,309240,100,24039,2745,63
1784647270.3090,23:21:10,1056088637180,309240,100,24039,2745,63
1784647270.5090,23:21:10,1056088696337,308776,100,24039,2745,63
1784647270.7090,23:21:10,1056088755603,308776,100,24039,2745,63
1784647270.9090,23:21:10,1056088814877,308753,100,24039,2745,63
1784647271.1090,23:21:11,1056088874065,308753,100,24039,2745,63
1784647271.3090,23:21:11,1056088933291,308753,100,24039,2745,63
1784647271.5090,23:21:11,1056088992536,308632,100,24039,2745,63
1784647271.7090,23:21:11,1056089051720,308632,100,24039,2745,63
1784647271.9090,23:21:11,1056089110968,308837,100,24039,2745,63
1784647272.1090,23:21:12,1056089170232,308837,100,24039,2745,63
1784647272.3090,23:21:12,1056089229423,308837,100,24039,2745,63
1784647272.5090,23:21:12,1056089288577,309136,100,24039,2745,63
1784647272.7090,23:21:12,1056089347639,309136,100,24039,2745,63
1784647272.9090,23:21:12,1056089406946,309444,100,24039,2745,63
1784647273.1090,23:21:13,1056089466083,309444,100,24039,2745,63
1784647273.3090,23:21:13,1056089525217,309444,100,24039,2745,63
1784647273.5090,23:21:13,1056089584468,309605,100,24039,2745,63
1784647273.7090,23:21:13,1056089643438,309605,100,24039,2745,63
1784647273.9090,23:21:13,1056089702567,309424,100,24039,2745,63
1784647274.1090,23:21:14,1056089761519,309424,100,24039,2745,63
1784647274.3090,23:21:14,1056089820931,309424,100,24039,2745,63
1784647274.5090,23:21:14,1056089880066,309626,100,24039,2745,63
1784647274.7090,23:21:14,1056089938922,309626,100,24039,2745,63
1784647274.9090,23:21:14,1056089997928,309665,100,24039,2745,63
1784647275.1090,23:21:15,1056090056821,309665,100,24039,2745,63
1784647275.3090,23:21:15,1056090115750,309665,100,24039,2745,63
1784647275.5090,23:21:15,1056090175081,309670,100,24039,2745,63
1784647275.7090,23:21:15,1056090233910,309670,100,24039,2745,63
1784647275.9090,23:21:15,1056090293099,310281,100,24039,2745,63
1784647276.1090,23:21:16,1056090351889,310281,100,24039,2745,63
1784647276.3090,23:21:16,1056090410674,310281,100,24039,2745,63
1784647276.5090,23:21:16,1056090469472,310144,100,24039,2745,63
1784647276.7090,23:21:16,1056090528193,310144,100,24039,2745,63
1784647276.9090,23:21:16,1056090586986,309275,100,24039,2745,63
1784647277.1090,23:21:17,1056090645648,309275,100,24039,2745,63
1784647277.3090,23:21:17,1056090704361,309275,100,24039,2745,63
1784647277.5090,23:21:17,1056090763045,309289,100,24039,2745,63
1784647277.7090,23:21:17,1056090821584,309289,100,24039,2745,63
1784647277.9090,23:21:17,1056090880766,309721,100,24039,2745,63
1784647278.1090,23:21:18,1056090939373,309721,100,24039,2745,63
1784647278.3090,23:21:18,1056090997997,309721,100,24039,2745,63
1784647278.5090,23:21:18,1056091056564,309732,100,24039,2745,63
1784647278.7090,23:21:18,1056091115100,309732,100,24039,2745,63
1784647278.9090,23:21:18,1056091174211,310282,100,24039,2745,63
1784647279.1090,23:21:19,1056091232645,310282,100,24039,2745,63
1784647279.3090,23:21:19,1056091291326,310282,100,24039,2745,63
1784647279.5090,23:21:19,1056091349899,309822,100,24039,2745,63
1784647279.7090,23:21:19,1056091408447,309822,100,24039,2745,63
1784647279.9090,23:21:19,1056091467298,309689,100,24039,2745,63
1784647280.1090,23:21:20,1056091525661,309689,100,24039,2745,63
1784647280.3090,23:21:20,1056091584089,309689,100,24039,2745,63
1784647280.5090,23:21:20,1056091642564,309746,100,24039,2745,63
1784647280.7090,23:21:20,1056091700967,309746,100,24039,2745,63
1784647280.9090,23:21:20,1056091759365,309750,100,24039,2745,63
1784647281.1090,23:21:21,1056091817673,309750,100,24039,2745,63
1784647281.3090,23:21:21,1056091876085,309750,100,24039,2745,63
1784647281.5090,23:21:21,1056091934449,309608,100,24039,2745,63
1784647281.7090,23:21:21,1056091992734,309608,100,24039,2745,63
1784647281.9090,23:21:21,1056092051145,309618,100,24039,2745,63
1784647282.1090,23:21:22,1056092109388,309618,100,24039,2745,63
1784647282.3090,23:21:22,1056092167726,309618,100,24039,2745,63
1784647282.5090,23:21:22,1056092225990,309650,100,24039,2745,63
1784647282.7090,23:21:22,1056092284171,309650,100,24039,2745,63
1784647282.9090,23:21:22,1056092342389,309644,100,24039,2745,63
1784647283.1090,23:21:23,1056092400461,309644,100,24039,2745,63
1784647283.3090,23:21:23,1056092458884,309644,100,24039,2745,63
1784647283.5090,23:21:23,1056092517160,309631,100,24039,2745,63
1784647283.7090,23:21:23,1056092575228,309631,100,24039,2745,63
1784647283.9090,23:21:23,1056092633347,309699,100,24039,2745,63
1784647284.1090,23:21:24,1056092691402,309699,100,24039,2745,63
1784647284.3090,23:21:24,1056092749824,309699,100,24039,2745,63
1784647284.5090,23:21:24,1056092807819,309951,100,24039,2745,63
1784647284.7090,23:21:24,1056092866039,309951,100,24039,2745,63
1784647284.9090,23:21:24,1056092923869,309894,100,24039,2745,63
1784647285.1090,23:21:25,1056092982070,309894,100,24039,2745,63
1784647285.3090,23:21:25,1056093039967,309894,100,24039,2745,63
1784647285.5090,23:21:25,1056093097829,309708,100,24039,2745,63
1784647285.7090,23:21:25,1056093155444,309708,100,24039,2745,63
1784647285.9090,23:21:25,1056093213271,309509,100,24039,2745,63
1784647286.1090,23:21:26,1056093271150,309509,100,24039,2745,63
1784647286.3090,23:21:26,1056093329064,309509,100,24039,2745,63
1784647286.5090,23:21:26,1056093386974,309511,100,24039,2745,63
1784647286.7090,23:21:26,1056093444592,309511,100,24039,2745,63
1784647286.9090,23:21:26,1056093502408,309571,100,24039,2745,63
1784647287.1090,23:21:27,1056093560016,309571,100,24039,2745,63
1784647287.3090,23:21:27,1056093617638,309571,100,24039,2745,63
1784647287.5090,23:21:27,1056093675278,309579,100,24039,2745,63
1784647287.7090,23:21:27,1056093732858,309579,100,24039,2745,63
1784647287.9090,23:21:27,1056093790488,309526,100,24039,2745,63
1784647288.1090,23:21:28,1056093848030,309526,100,24039,2745,63
1784647288.3090,23:21:28,1056093905650,309526,100,24039,2745,63
1784647288.5090,23:21:28,1056093963440,309543,100,24039,2745,63
1784647288.7090,23:21:28,1056094021055,309543,100,24039,2745,63
1784647288.9090,23:21:28,1056094078870,310228,100,24039,2745,63
1784647289.1090,23:21:29,1056094136374,310228,100,24039,2745,63
1784647289.3090,23:21:29,1056094193789,310228,100,24039,2745,63
1784647289.5090,23:21:29,1056094251133,309932,100,24039,2745,63
1784647289.7090,23:21:29,1056094308382,309932,100,24039,2745,63
1784647289.9090,23:21:29,1056094365625,308675,100,24039,2745,63
1784647290.1090,23:21:30,1056094422826,308675,100,24039,2745,63
1784647290.3090,23:21:30,1056094480126,308675,100,24039,2745,63
1784647290.5090,23:21:30,1056094537297,308568,100,24039,2745,63
1784647290.7090,23:21:30,1056094594847,308568,100,24039,2745,63
1784647290.9090,23:21:30,1056094653043,309809,100,24039,2745,63
1784647291.1090,23:21:31,1056094710463,309809,100,24039,2745,63
1784647291.3090,23:21:31,1056094767639,309809,100,24039,2745,63
1784647291.5090,23:21:31,1056094824732,310077,100,24039,2745,63
1784647291.7090,23:21:31,1056094881733,310077,100,24039,2745,63
1784647291.9090,23:21:31,1056094938877,309808,100,24039,2745,63
1784647292.1090,23:21:32,1056094995967,309808,100,24039,2745,63
1784647292.3090,23:21:32,1056095053141,309808,100,24039,2745,63
1784647292.5090,23:21:32,1056095110233,308916,100,24039,2745,63
1784647292.7090,23:21:32,1056095167263,308916,100,24039,2745,63
1784647292.9090,23:21:32,1056095224441,309153,100,24039,2745,63
1784647293.1090,23:21:33,1056095281502,309153,100,24039,2745,63
1784647293.3090,23:21:33,1056095338647,309153,100,24039,2745,63
1784647293.5090,23:21:33,1056095395762,309282,100,24039,2745,63
1784647293.7090,23:21:33,1056095452827,309282,100,24039,2745,63
1784647293.9090,23:21:33,1056095509886,309539,100,24039,2745,63
1784647294.1090,23:21:34,1056095566910,309539,100,24039,2745,63
1784647294.3090,23:21:34,1056095624229,309539,100,24039,2745,63
1784647294.5090,23:21:34,1056095681281,309940,100,24039,2745,63
1784647294.7090,23:21:34,1056095738255,309940,100,24039,2745,63
1784647294.9090,23:21:34,1056095795224,309983,100,24039,2745,63
1784647295.1090,23:21:35,1056095852497,309983,100,24039,2745,63
1784647295.3090,23:21:35,1056095909429,309983,100,24039,2745,63
1784647295.5090,23:21:35,1056095966393,309864,100,24039,2745,63
1784647295.7090,23:21:35,1056096023204,309864,100,24039,2745,63
1784647295.9090,23:21:35,1056096080125,309815,100,24039,2745,63
1784647296.1090,23:21:36,1056096136869,309815,100,24039,2745,63
1784647296.3090,23:21:36,1056096193650,309815,100,24039,2745,63
1784647296.5090,23:21:36,1056096250417,309523,100,24039,2745,63
1784647296.7090,23:21:36,1056096307098,309523,100,24039,2745,63
1784647296.9090,23:21:36,1056096363778,309351,100,24039,2745,63
1784647297.1090,23:21:37,1056096420489,309351,100,24039,2745,63
1784647297.3090,23:21:37,1056096477536,309351,100,24039,2745,63
1784647297.5090,23:21:37,1056096534225,309652,100,24039,2745,63
1784647297.7090,23:21:37,1056096590803,309652,100,24039,2745,63
1784647297.9090,23:21:37,1056096647407,309665,100,24039,2745,63
1784647298.1090,23:21:38,1056096703975,309665,100,24039,2745,63
1784647298.3090,23:21:38,1056096760483,309665,100,24039,2745,63
1784647298.5090,23:21:38,1056096848105,309235,100,24039,2745,63
1784647298.7090,23:21:38,1056096909849,309235,100,24039,2745,63
1784647298.9090,23:21:38,1056096971642,309291,100,24039,2745,63
1784647299.1090,23:21:39,1056097033403,309291,100,24039,2745,63
1784647299.3090,23:21:39,1056097095141,309291,100,24039,2745,63
1784647299.5090,23:21:39,1056097156964,309378,100,24039,2745,63
1784647299.7090,23:21:39,1056097218721,309378,100,24039,2745,63
1784647299.9090,23:21:39,1056097280386,309637,100,24039,2745,63
1784647300.1090,23:21:40,1056097341965,309637,100,24039,2745,63
1784647300.3090,23:21:40,1056097403172,309637,100,24039,2745,63
1784647300.5090,23:21:40,1056097464648,309500,100,24039,2745,63
1784647300.7090,23:21:40,1056097526126,309500,100,24039,2745,63
1784647300.9090,23:21:40,1056097587615,308796,100,24039,2745,63
1784647301.1090,23:21:41,1056097649144,308796,100,24039,2745,63
1784647301.3090,23:21:41,1056097710777,308796,100,24039,2745,63
1784647301.5090,23:21:41,1056097772397,308685,100,24039,2745,63
1784647301.7090,23:21:41,1056097833841,308685,100,24039,2745,63
1784647301.9090,23:21:41,1056097895373,308636,100,24039,2745,63
1784647302.1090,23:21:42,1056097956799,308636,100,24039,2745,63
1784647302.3090,23:21:42,1056098018128,308636,100,24039,2745,63
1784647302.5090,23:21:42,1056098079541,308440,100,24039,2745,63
1784647302.7090,23:21:42,1056098140730,308440,100,24039,2745,63
1784647302.9090,23:21:42,1056098202117,308255,100,24039,2745,63
1784647303.1090,23:21:43,1056098263494,308255,100,24039,2745,63
1784647303.3090,23:21:43,1056098324838,308255,100,24039,2745,63
1784647303.5090,23:21:43,1056098386215,308338,100,24039,2745,63
1784647303.7090,23:21:43,1056098447859,308338,100,24039,2745,63
1784647303.9090,23:21:43,1056098509095,308761,100,24039,2745,63
1784647304.1090,23:21:44,1056098570158,308761,100,24039,2745,63
1784647304.3090,23:21:44,1056098631780,308761,100,24039,2745,63
1784647304.5090,23:21:44,1056098692997,308847,100,24039,2745,63
1784647304.7090,23:21:44,1056098754170,308847,100,24039,2745,63
1784647304.9090,23:21:44,1056098815375,308600,100,24039,2745,63
1784647305.1090,23:21:45,1056098876499,308600,100,24039,2745,63
1784647305.3090,23:21:45,1056098937757,308600,100,24039,2745,63
1784647305.5090,23:21:45,1056098998979,308598,100,24039,2745,63
1784647305.7090,23:21:45,1056099060124,308598,100,24039,2745,63
1784647305.9090,23:21:45,1056099121391,308813,100,24039,2745,63
1784647306.1090,23:21:46,1056099181663,308813,100,24039,2745,63
1784647306.3090,23:21:46,1056099242821,308813,100,24039,2745,63
1784647306.5090,23:21:46,1056099304066,309077,100,24039,2745,63
1784647306.7090,23:21:46,1056099364404,309077,100,24039,2745,63
1784647306.9090,23:21:46,1056099425571,309352,100,24039,2745,63
1784647307.1090,23:21:47,1056099485735,309352,100,24039,2745,63
1784647307.3090,23:21:47,1056099545964,309352,100,24039,2745,63
1784647307.5090,23:21:47,1056099607533,309290,100,24039,2745,63
1784647307.7090,23:21:47,1056099668075,309290,100,24039,2745,63
1784647307.9090,23:21:47,1056099728322,309888,100,24039,2745,63
1784647308.1090,23:21:48,1056099788612,309888,100,24039,2745,63
1784647308.3090,23:21:48,1056099848850,309888,100,24039,2745,63
1784647308.5090,23:21:48,1056099909822,310176,100,24039,2745,63
1784647308.7090,23:21:48,1056099969992,310176,100,24039,2745,63
1784647308.9090,23:21:48,1056100030090,309161,100,24039,2745,63
1784647309.1090,23:21:49,1056100090160,309161,100,24039,2745,63
1784647309.3090,23:21:49,1056100150246,309161,100,24039,2745,63
1784647309.5090,23:21:49,1056100210304,308535,100,24039,2745,63
1784647309.7090,23:21:49,1056100270419,308535,100,24039,2745,63
1784647309.9090,23:21:49,1056100330473,308363,100,24039,2745,63
1784647310.1090,23:21:50,1056100390594,308363,100,24039,2745,63
1784647310.3090,23:21:50,1056100451681,308363,100,24039,2745,63
1784647310.5090,23:21:50,1056100511849,309220,100,24039,2745,64
1784647310.7090,23:21:50,1056100572073,309220,100,24039,2745,64
1784647310.9090,23:21:50,1056100632177,309422,100,24039,2745,63
1784647311.1090,23:21:51,1056100692408,309422,100,24039,2745,63
1784647311.3090,23:21:51,1056100752792,309422,100,24039,2745,63
1784647311.5090,23:21:51,1056100813015,309669,100,24039,2745,64
1784647311.7090,23:21:51,1056100873209,309669,100,24039,2745,64
1784647311.9090,23:21:51,1056100933884,309462,100,24039,2745,64
1784647312.1090,23:21:52,1056100994311,309462,100,24039,2745,64
1784647312.3090,23:21:52,1056101054541,309462,100,24039,2745,64
1784647312.5090,23:21:52,1056101114865,309439,100,24039,2745,64
1784647312.7090,23:21:52,1056101174917,309439,100,24039,2745,64
1784647312.9090,23:21:52,1056101235151,309610,100,24039,2745,63
1784647313.1090,23:21:53,1056101295302,309610,100,24039,2745,63
1784647313.3090,23:21:53,1056101355527,309610,100,24039,2745,63
1784647313.5090,23:21:53,1056101415799,309117,100,24039,2745,63
1784647313.7090,23:21:53,1056101475967,309117,100,24039,2745,63
1784647313.9090,23:21:53,1056101536160,309038,100,24039,2745,64
1784647314.1090,23:21:54,1056101596283,309038,100,24039,2745,64
1784647314.3090,23:21:54,1056101655857,309038,100,24039,2745,64
1784647314.5090,23:21:54,1056101715058,308534,100,24039,2745,63
1784647314.7090,23:21:54,1056101774276,308534,100,24039,2745,63
1784647314.9090,23:21:54,1056101833592,306237,100,24039,2745,63
1784647315.1090,23:21:55,1056101892809,306237,100,24039,2745,63
1784647315.3090,23:21:55,1056101952065,306237,100,24039,2745,63
1784647315.5090,23:21:55,1056102011261,304136,100,24039,2745,63
1784647315.7090,23:21:55,1056102070596,304136,100,24039,2745,63
1784647315.9090,23:21:55,1056102129862,304250,100,24039,2745,63
1784647316.1090,23:21:56,1056102189221,304250,100,24039,2745,63
1784647316.3090,23:21:56,1056102250245,304250,100,24039,2745,63
1784647316.5090,23:21:56,1056102315522,305999,100,24039,2745,65
1784647316.7090,23:21:56,1056102380844,305999,100,24039,2745,65
1784647316.9090,23:21:56,1056102445944,319892,100,24039,2745,64
1784647317.1090,23:21:57,1056102511020,319892,100,24039,2745,64
1784647317.3090,23:21:57,1056102576090,319892,100,24039,2745,64
1784647317.5090,23:21:57,1056102641080,333372,100,24039,2745,64
1784647317.7090,23:21:57,1056102706075,333372,100,24039,2745,64
1784647317.9090,23:21:57,1056102771118,333701,100,24039,2745,64
1784647318.1090,23:21:58,1056102836123,333701,100,24039,2745,64
1784647318.3090,23:21:58,1056102901094,333701,100,24039,2745,64
1784647318.5090,23:21:58,1056102966185,333543,100,24039,2745,64
1784647318.7090,23:21:58,1056103031332,333543,100,24039,2745,64
1784647318.9090,23:21:58,1056103096493,333837,100,24039,2745,64
1784647319.1090,23:21:59,1056103161633,333837,100,24039,2745,64
1784647319.3091,23:21:59,1056103226885,333837,100,24039,2745,64
1784647319.5090,23:21:59,1056103292065,334149,100,24039,2745,64
1784647319.7090,23:21:59,1056103357100,334149,100,24039,2745,64
1784647319.9091,23:21:59,1056103422160,334276,100,24039,2745,64
1784647320.1090,23:22:00,1056103487292,334276,100,24039,2745,64
1784647320.3090,23:22:00,1056103552565,334276,100,24039,2745,64
1784647320.5090,23:22:00,1056103617835,334307,100,24039,2745,64
1784647320.7090,23:22:00,1056103683079,334307,100,24039,2745,64
1784647320.9090,23:22:00,1056103748248,334402,100,24039,2745,64
1784647321.1090,23:22:01,1056103813369,334402,100,24039,2745,64
1784647321.3090,23:22:01,1056103878578,334402,100,24039,2745,64
1784647321.5090,23:22:01,1056103943687,334467,100,24039,2745,64
1784647321.7090,23:22:01,1056104008759,334467,100,24039,2745,64
1784647321.9090,23:22:01,1056104073917,334226,100,24039,2745,64
1784647322.1090,23:22:02,1056104119094,334226,100,24039,2745,64
1784647322.3090,23:22:02,1056104135520,334226,100,24039,2745,64
1784647322.5090,23:22:02,1056104151809,270309,100,24039,2745,56
1784647322.7090,23:22:02,1056104167818,270309,100,24039,2745,56
1784647322.9090,23:22:02,1056104183765,156057,0,24039,2745,55
1784647323.1090,23:22:03,1056104199703,156057,0,24039,2745,55
1784647323.3091,23:22:03,1056104215371,156057,0,24039,2745,55
1784647323.5090,23:22:03,1056104230898,110151,0,24039,2745,55
1784647323.7090,23:22:03,1056104246429,110151,0,24039,2745,55
1784647323.9090,23:22:03,1056104260572,110151,0,24039,2745,55
1784647324.1090,23:22:04,1056104273110,110151,0,24039,2745,55
1784647324.3090,23:22:04,1056104285558,110151,0,24039,2745,55
1784647324.5090,23:22:04,1056104298038,78290,0,24039,2520,53
1784647324.7090,23:22:04,1056104310444,78290,0,24039,2520,53
1784647324.9090,23:22:04,1056104322798,78290,0,24039,2520,53
1784647325.1090,23:22:05,1056104335170,78290,0,24039,2520,53
1784647325.3090,23:22:05,1056104347480,78290,0,24039,2520,53
1784647325.5090,23:22:05,1056104359778,71256,0,24039,2520,52
1784647325.7090,23:22:05,1056104372043,71256,0,24039,2520,52
1784647325.9090,23:22:05,1056104384249,71256,0,24039,2520,52
1784647326.1090,23:22:06,1056104396461,71256,0,24039,2520,52
1784647326.3090,23:22:06,1056104408644,71256,0,24039,2520,52
1784647326.5090,23:22:06,1056104420788,64297,0,24039,2520,51
1784647326.7090,23:22:06,1056104432926,64297,0,24039,2520,51
1784647326.9090,23:22:06,1056104445083,64297,0,24039,2520,51
1784647327.1090,23:22:07,1056104457178,64297,0,24039,2520,51
1784647327.3090,23:22:07,1056104469195,64297,0,24039,2520,51
1784647327.5090,23:22:07,1056104481137,63713,0,24039,2520,51
1784647327.7090,23:22:07,1056104493059,63713,0,24039,2520,51
1784647327.9090,23:22:07,1056104504941,63713,0,24039,2520,51
1784647328.1090,23:22:08,1056104516775,63713,0,24039,2520,51
1784647328.3090,23:22:08,1056104528612,63713,0,24039,2520,51
1784647328.5090,23:22:08,1056104540394,62943,0,24039,2520,50
1784647328.7090,23:22:08,1056104552145,62943,0,24039,2520,50
1784647328.9090,23:22:08,1056104563891,62943,0,24039,2520,50
1784647329.1090,23:22:09,1056104575491,62943,0,24039,2520,50
1784647329.3091,23:22:09,1056104587050,62943,0,24039,2520,50
1784647329.5090,23:22:09,1056104598570,62030,0,24039,2520,50
1784647329.7090,23:22:09,1056104610057,62030,0,24039,2520,50
1784647329.9090,23:22:09,1056104621507,62030,0,24039,2520,50
1784647330.1090,23:22:10,1056104632997,62030,0,24039,2520,50
1784647330.3090,23:22:10,1056104644417,62030,0,24039,2520,50
1784647330.5090,23:22:10,1056104655753,60996,0,24039,2520,49
1784647330.7090,23:22:10,1056104666982,60996,0,24039,2520,49
1784647330.9091,23:22:10,1056104678243,60996,0,24039,2520,49
1784647331.1090,23:22:11,1056104689424,60996,0,24039,2520,49
1784647331.3090,23:22:11,1056104700521,60996,0,24039,2520,49
1784647331.5090,23:22:11,1056104711570,59957,0,24039,2520,49
1784647331.7090,23:22:11,1056104722600,59957,0,24039,2520,49
1784647331.9090,23:22:11,1056104733589,59957,0,24039,2520,49
1784647332.1090,23:22:12,1056104744491,59957,0,24039,2520,49
1784647332.3090,23:22:12,1056104755360,59957,0,24039,2520,49
1784647332.5090,23:22:12,1056104766220,58830,0,24039,2520,49
1784647332.7090,23:22:12,1056104776995,58830,0,24039,2520,49
1784647332.9090,23:22:12,1056104787645,58830,0,24039,2520,49
1784647333.1090,23:22:13,1056104798298,58830,0,24039,2520,49
1784647333.3090,23:22:13,1056104808854,58830,0,24039,2520,49
1784647333.5091,23:22:13,1056104819374,57520,0,24039,2520,48
1784647333.7090,23:22:13,1056104829795,57520,0,24039,2520,48
1784647333.9090,23:22:13,1056104840256,57520,0,24039,2520,48
1784647334.1090,23:22:14,1056104850625,57520,0,24039,2520,48
1784647334.3090,23:22:14,1056104860976,57520,0,24039,2520,48
1784647334.5090,23:22:14,1056104871297,56177,0,24039,2520,48
1784647334.7090,23:22:14,1056104881588,56177,0,24039,2520,48
1784647334.9090,23:22:14,1056104891879,56177,0,24039,2520,48
1784647335.1090,23:22:15,1056104902144,56177,0,24039,2520,48
1784647335.3090,23:22:15,1056104912285,56177,0,24039,2520,48
1784647335.5090,23:22:15,1056104922409,55013,0,24039,2520,48
1784647335.7090,23:22:15,1056104932493,55013,0,24039,2520,48
1784647335.9090,23:22:15,1056104942502,55013,0,24039,2520,48
1784647336.1090,23:22:16,1056104952485,55013,0,24039,2520,48
1784647336.3090,23:22:16,1056104962358,55013,0,24039,2520,48
1784647336.5090,23:22:16,1056104972150,54072,0,24039,2520,47
1784647336.7090,23:22:16,1056104981916,54072,0,24039,2520,47
1784647336.9090,23:22:16,1056104991637,54072,0,24039,2520,47
1784647337.1090,23:22:17,1056105001320,54072,0,24039,2520,47
1784647337.3090,23:22:17,1056105010940,54072,0,24039,2520,47
1784647337.5090,23:22:17,1056105020512,52804,0,24039,2520,47
1784647337.7090,23:22:17,1056105030082,52804,0,24039,2520,47
1784647337.9090,23:22:17,1056105039599,52804,0,24039,2520,47
1784647338.1090,23:22:18,1056105049062,52804,0,24039,2520,47
1784647338.3090,23:22:18,1056105058520,52804,0,24039,2520,47
1784647338.5090,23:22:18,1056105066086,51474,0,24039,2520,47
1784647338.7090,23:22:18,1056105069699,51474,0,24039,2520,47
1784647338.9090,23:22:18,1056105073430,51474,0,24039,2520,47
1784647339.1090,23:22:19,1056105077120,51474,0,24039,2520,47
1784647339.3092,23:22:19,1056105080601,51474,0,24039,2520,47
1784647339.5090,23:22:19,1056105084046,41976,0,24039,435,45
1784647339.7090,23:22:19,1056105087436,41976,0,24039,435,45
1784647339.9090,23:22:19,1056105090375,41976,0,24039,435,45
1784647340.1090,23:22:20,1056105092877,41976,0,24039,435,45
1784647340.3090,23:22:20,1056105132083,41976,0,24039,435,45
1784647340.5090,23:22:20,1056105182241,46465,0,24039,2520,51
1784647340.7090,23:22:20,1056105238255,46465,0,24039,2520,51
1784647340.9090,23:22:20,1056105293771,112068,100,24039,2760,56
1784647341.1090,23:22:21,1056105349210,112068,100,24039,2760,56
1784647341.3090,23:22:21,1056105404810,112068,100,24039,2760,56
1784647341.5090,23:22:21,1056105460427,284049,100,24039,2745,57
1784647341.7090,23:22:21,1056105516496,284049,100,24039,2745,57
1784647341.9090,23:22:21,1056105572492,294793,100,24039,2745,57
1784647342.1090,23:22:22,1056105628100,294793,100,24039,2745,57
1784647342.3090,23:22:22,1056105683990,294793,100,24039,2745,57
1784647342.5090,23:22:22,1056105739650,295727,100,24039,2745,57
1784647342.7090,23:22:22,1056105795224,295727,100,24039,2745,57
1784647342.9090,23:22:22,1056105851058,295569,100,24039,2745,58
1784647343.1090,23:22:23,1056105906771,295569,100,24039,2745,58
1784647343.3090,23:22:23,1056105962771,295569,100,24039,2745,58
1784647343.5090,23:22:23,1056106018748,296216,100,24039,2745,58
1784647343.7090,23:22:23,1056106074449,296216,100,24039,2745,58
1784647343.9090,23:22:23,1056106130165,296854,100,24039,2745,58
1784647344.1090,23:22:24,1056106186410,296854,100,24039,2745,58
1784647344.3090,23:22:24,1056106242136,296854,100,24039,2745,58
1784647344.5090,23:22:24,1056106297883,297087,100,24039,2745,58
1784647344.7090,23:22:24,1056106353499,297087,100,24039,2745,58
1784647344.9090,23:22:24,1056106409233,296986,100,24039,2745,59
1784647345.1090,23:22:25,1056106464938,296986,100,24039,2745,59
1784647345.3090,23:22:25,1056106520235,296986,100,24039,2745,59
1784647345.5090,23:22:25,1056106576059,296882,100,24039,2745,59
1784647345.7090,23:22:25,1056106631676,296882,100,24039,2745,59
1784647345.9090,23:22:25,1056106687309,297075,100,24039,2745,59
1784647346.1090,23:22:26,1056106742935,297075,100,24039,2745,59
1784647346.3090,23:22:26,1056106798720,297075,100,24039,2745,59
1784647346.5090,23:22:26,1056106854423,297429,100,24039,2745,59
1784647346.7090,23:22:26,1056106910068,297429,100,24039,2745,59
1784647346.9090,23:22:26,1056106965818,297849,100,24039,2745,60
1784647347.1090,23:22:27,1056107021556,297849,100,24039,2745,60
1784647347.3090,23:22:27,1056107077289,297849,100,24039,2745,60
1784647347.5090,23:22:27,1056107132926,298156,100,24039,2745,59
1784647347.7090,23:22:27,1056107188751,298156,100,24039,2745,59
1784647347.9090,23:22:27,1056107244575,298342,100,24039,2745,59
1784647348.1090,23:22:28,1056107300180,298342,100,24039,2745,59
1784647348.3090,23:22:28,1056107355768,298342,100,24039,2745,59
1784647348.5091,23:22:28,1056107411652,298168,100,24039,2745,60
1784647348.7090,23:22:28,1056107467152,298168,100,24039,2745,60
1784647348.9090,23:22:28,1056107522833,298462,100,24039,2745,60
1784647349.1090,23:22:29,1056107578567,298462,100,24039,2745,60
1784647349.3090,23:22:29,1056107634083,298462,100,24039,2745,60
1784647349.5090,23:22:29,1056107689852,298665,100,24039,2745,60
1784647349.7090,23:22:29,1056107745280,298665,100,24039,2745,60
1784647349.9090,23:22:29,1056107800832,298697,100,24039,2745,60
1784647350.1090,23:22:30,1056107856081,298697,100,24039,2745,60
1784647350.3090,23:22:30,1056107911801,298697,100,24039,2745,60
1784647350.5090,23:22:30,1056107967757,298845,100,24039,2745,60
1784647350.7090,23:22:30,1056108023182,298845,100,24039,2745,60
1784647350.9090,23:22:30,1056108078653,299555,100,24039,2745,60
1784647351.1090,23:22:31,1056108133949,299555,100,24039,2745,60
1784647351.3090,23:22:31,1056108189320,299555,100,24039,2745,60
1784647351.5090,23:22:31,1056108244981,299214,100,24039,2745,60
1784647351.7090,23:22:31,1056108300451,299214,100,24039,2745,60
1784647351.9090,23:22:31,1056108356160,299132,100,24039,2745,61
1784647352.1090,23:22:32,1056108411599,299132,100,24039,2745,61
1784647352.3090,23:22:32,1056108467099,299132,100,24039,2745,61
1784647352.5090,23:22:32,1056108522804,299751,100,24039,2745,61
1784647352.7090,23:22:32,1056108578183,299751,100,24039,2745,61
1784647352.9090,23:22:32,1056108633817,300031,100,24039,2745,61
1784647353.1090,23:22:33,1056108689190,300031,100,24039,2745,61
1784647353.3090,23:22:33,1056108744965,300031,100,24039,2745,61
1784647353.5090,23:22:33,1056108801015,300297,100,24039,2745,61
1784647353.7090,23:22:33,1056108856428,300297,100,24039,2745,61
1784647353.9090,23:22:33,1056108912514,300971,100,24039,2745,61
1784647354.1090,23:22:34,1056108967998,300971,100,24039,2745,61
1784647354.3090,23:22:34,1056109023530,300971,100,24039,2745,61
1784647354.5090,23:22:34,1056109079100,301504,100,24039,2745,61
1784647354.7090,23:22:34,1056109134663,301504,100,24039,2745,61
1784647354.9090,23:22:34,1056109190225,301458,100,24039,2745,61
1784647355.1090,23:22:35,1056109246511,301458,100,24039,2745,61
1784647355.3090,23:22:35,1056109302199,301458,100,24039,2745,61
1784647355.5090,23:22:35,1056109357732,302187,100,24039,2745,61
1784647355.7090,23:22:35,1056109413466,302187,100,24039,2745,61
1784647355.9090,23:22:35,1056109469060,302640,100,24039,2745,62
1784647356.1090,23:22:36,1056109524501,302640,100,24039,2745,62
1784647356.3090,23:22:36,1056109580083,302640,100,24039,2745,62
1784647356.5090,23:22:36,1056109635786,302092,100,24039,2745,62
1784647356.7090,23:22:36,1056109691334,302092,100,24039,2745,62
1784647356.9090,23:22:36,1056109746885,302319,100,24039,2745,62
1784647357.1090,23:22:37,1056109803243,302319,100,24039,2745,62
1784647357.3090,23:22:37,1056109858860,302319,100,24039,2745,62
1784647357.5090,23:22:37,1056109914463,303512,100,24039,2745,62
1784647357.7090,23:22:37,1056109970057,303512,100,24039,2745,62
1784647357.9090,23:22:37,1056110025692,303656,100,24039,2745,62
1784647358.1090,23:22:38,1056110081336,303656,100,24039,2745,62
1784647358.3090,23:22:38,1056110136947,303656,100,24039,2745,62
1784647358.5090,23:22:38,1056110192765,303586,100,24039,2745,62
1784647358.7090,23:22:38,1056110248291,303586,100,24039,2745,62
1784647358.9090,23:22:38,1056110303889,303985,100,24039,2745,62
1784647359.1090,23:22:39,1056110359974,303985,100,24039,2745,62
1784647359.3090,23:22:39,1056110415978,303985,100,24039,2745,62
1784647359.5090,23:22:39,1056110471553,304644,100,24039,2745,62
1784647359.7090,23:22:39,1056110527013,304644,100,24039,2745,62
1784647359.9090,23:22:39,1056110582568,304617,100,24039,2745,62
1784647360.1090,23:22:40,1056110638009,304617,100,24039,2745,62
1784647360.3090,23:22:40,1056110693428,304617,100,24039,2745,62
1784647360.5091,23:22:40,1056110748898,304052,100,24039,2745,62
1784647360.7090,23:22:40,1056110804465,304052,100,24039,2745,62
1784647360.9090,23:22:40,1056110860086,304162,100,24039,2745,62
1784647361.1090,23:22:41,1056110914719,304162,100,24039,2745,62
1784647361.3090,23:22:41,1056110969105,304162,100,24039,2745,62
1784647361.5090,23:22:41,1056111023536,302574,100,24039,2745,62
1784647361.7090,23:22:41,1056111077869,302574,100,24039,2745,62
1784647361.9090,23:22:41,1056111132192,300204,100,24039,2745,62
1784647362.1090,23:22:42,1056111186482,300204,100,24039,2745,62
1784647362.3090,23:22:42,1056111240815,300204,100,24039,2745,62
1784647362.5090,23:22:42,1056111295106,298977,100,24039,2745,62
1784647362.7090,23:22:42,1056111353260,298977,100,24039,2745,62
1784647362.9090,23:22:42,1056111412272,304904,100,24039,2745,64
1784647363.1090,23:22:43,1056111471291,304904,100,24039,2745,64
1784647363.3090,23:22:43,1056111530280,304904,100,24039,2745,64
1784647363.5090,23:22:43,1056111589311,316978,100,24039,2745,64
1784647363.7090,23:22:43,1056111648349,316978,100,24039,2745,64
1784647363.9090,23:22:43,1056111707307,325346,100,24039,2745,64
1784647364.1090,23:22:44,1056111766284,325346,100,24039,2745,64
1784647364.3090,23:22:44,1056111825320,325346,100,24039,2745,64
1784647364.5090,23:22:44,1056111884448,325543,100,24039,2745,64
1784647364.7090,23:22:44,1056111943568,325543,100,24039,2745,64
1784647364.9090,23:22:44,1056111994433,326340,100,24039,2745,64
1784647365.1090,23:22:45,1056112008768,326340,100,24039,2745,64
1784647365.3090,23:22:45,1056112022501,326340,100,24039,2745,64
1784647365.5090,23:22:45,1056112036135,226231,100,24039,2745,55
1784647365.7090,23:22:45,1056112049751,226231,100,24039,2745,55
1784647365.9090,23:22:45,1056112063358,111934,0,24039,2745,54
1784647366.1090,23:22:46,1056112076632,111934,0,24039,2745,54
1784647366.3090,23:22:46,1056112089944,111934,0,24039,2745,54
1784647366.5090,23:22:46,1056112103206,111934,0,24039,2745,54
1784647366.7090,23:22:46,1056112115104,111934,0,24039,2745,54
1784647366.9090,23:22:46,1056112126208,71908,0,24039,2520,53
1784647367.1090,23:22:47,1056112136754,71908,0,24039,2520,53
1784647367.3090,23:22:47,1056112147315,71908,0,24039,2520,53
1784647367.5091,23:22:47,1056112157833,71908,0,24039,2520,53
1784647367.7090,23:22:47,1056112168318,71908,0,24039,2520,53
1784647367.9090,23:22:47,1056112178858,65347,0,24039,2520,52
1784647368.1090,23:22:48,1056112189340,65347,0,24039,2520,52
1784647368.3090,23:22:48,1056112199868,65347,0,24039,2520,52
1784647368.5090,23:22:48,1056112210379,65347,0,24039,2520,52
1784647368.7090,23:22:48,1056112220862,65347,0,24039,2520,52
1784647368.9090,23:22:48,1056112231369,59094,0,24039,2520,51
1784647369.1090,23:22:49,1056112241857,59094,0,24039,2520,51
1784647369.3090,23:22:49,1056112252319,59094,0,24039,2520,51
1784647369.5090,23:22:49,1056112262698,59094,0,24039,2520,51
1784647369.7090,23:22:49,1056112273062,59094,0,24039,2520,51
1784647369.9090,23:22:49,1056112283402,58867,0,24039,2520,51
1784647370.1090,23:22:50,1056112293714,58867,0,24039,2520,51
1784647370.3090,23:22:50,1056112304039,58867,0,24039,2520,51
1784647370.5090,23:22:50,1056112314343,58867,0,24039,2520,51
1784647370.7090,23:22:50,1056112324545,58867,0,24039,2520,51
1784647370.9090,23:22:50,1056112334770,58331,0,24039,2520,50
1784647371.1090,23:22:51,1056112344981,58331,0,24039,2520,50
1784647371.3090,23:22:51,1056112355142,58331,0,24039,2520,50
1784647371.5090,23:22:51,1056112365265,58331,0,24039,2520,50
1784647371.7090,23:22:51,1056112375339,58331,0,24039,2520,50
1784647371.9090,23:22:51,1056112385422,57671,0,24039,2520,50
1784647372.1090,23:22:52,1056112395484,57671,0,24039,2520,50
1784647372.3090,23:22:52,1056112405484,57671,0,24039,2520,50
1784647372.5090,23:22:52,1056112415457,57671,0,24039,2520,50
1784647372.7090,23:22:52,1056112425454,57671,0,24039,2520,50
1784647372.9090,23:22:52,1056112435440,57017,0,24039,2520,49
1784647373.1090,23:22:53,1056112445342,57017,0,24039,2520,49
1784647373.3090,23:22:53,1056112455206,57017,0,24039,2520,49
1784647373.5090,23:22:53,1056112465043,57017,0,24039,2520,49
1784647373.7090,23:22:53,1056112474833,57017,0,24039,2520,49
1784647373.9090,23:22:53,1056112484616,56279,0,24039,2520,49
1784647374.1090,23:22:54,1056112494327,56279,0,24039,2520,49
1784647374.3090,23:22:54,1056112503982,56279,0,24039,2520,49
1784647374.5090,23:22:54,1056112513605,56279,0,24039,2520,49
1784647374.7090,23:22:54,1056112523215,56279,0,24039,2520,49
1784647374.9090,23:22:54,1056112532806,55365,0,24039,2520,48
1784647375.1090,23:22:55,1056112542376,55365,0,24039,2520,48
1784647375.3090,23:22:55,1056112551898,55365,0,24039,2520,48
1784647375.5090,23:22:55,1056112561349,55365,0,24039,2520,48
1784647375.7090,23:22:55,1056112570866,55365,0,24039,2520,48
1784647375.9090,23:22:55,1056112580354,54534,0,24039,2520,48
1784647376.1090,23:22:56,1056112589705,54534,0,24039,2520,48
1784647376.3090,23:22:56,1056112599016,54534,0,24039,2520,48
1784647376.5090,23:22:56,1056112608332,54534,0,24039,2520,48
1784647376.7090,23:22:56,1056112617608,54534,0,24039,2520,48
1784647376.9090,23:22:56,1056112626881,53703,0,24039,2520,48
1784647377.1090,23:22:57,1056112636128,53703,0,24039,2520,48
1784647377.3090,23:22:57,1056112645346,53703,0,24039,2520,48
1784647377.5090,23:22:57,1056112654493,53703,0,24039,2520,48
1784647377.7090,23:22:57,1056112663627,53703,0,24039,2520,48
1784647377.9090,23:22:57,1056112672733,52845,0,24039,2520,47
1784647378.1090,23:22:58,1056112681777,52845,0,24039,2520,47
1784647378.3090,23:22:58,1056112690806,52845,0,24039,2520,47
1784647378.5090,23:22:58,1056112699816,52845,0,24039,2520,47
1784647378.7090,23:22:58,1056112708778,52845,0,24039,2520,47
1784647378.9090,23:22:58,1056112717744,52041,0,24039,2520,47
1784647379.1090,23:22:59,1056112726705,52041,0,24039,2520,47
1784647379.3090,23:22:59,1056112735649,52041,0,24039,2520,47
1784647379.5090,23:22:59,1056112744602,52041,0,24039,2520,47
1784647379.7090,23:22:59,1056112753526,52041,0,24039,2520,47
1784647379.9090,23:22:59,1056112762441,51441,0,24039,2520,47
1784647380.1090,23:23:00,1056112771330,51441,0,24039,2520,47
1784647380.3090,23:23:00,1056112780148,51441,0,24039,2520,47
1784647380.5090,23:23:00,1056112788953,51441,0,24039,2520,47
1784647380.7090,23:23:00,1056112797784,51441,0,24039,2520,47
1784647380.9091,23:23:00,1056112806578,51041,0,24039,2520,47
1784647381.1090,23:23:01,1056112815315,51041,0,24039,2520,47
1784647381.3090,23:23:01,1056112824040,51041,0,24039,2520,47
1784647381.5090,23:23:01,1056112831444,51041,0,24039,2520,47
1784647381.7090,23:23:01,1056112834879,51041,0,24039,2520,47
1784647381.9090,23:23:01,1056112839113,45272,0,24039,435,45
1784647382.1090,23:23:02,1056112847438,45272,0,24039,435,45
1784647382.3090,23:23:02,1056112899057,45272,0,24039,435,45
1784647382.5090,23:23:02,1056112954508,71676,0,24039,2760,54
1784647382.7090,23:23:02,1056113012036,71676,0,24039,2760,54
1784647382.9090,23:23:02,1056113069477,127352,100,24039,2760,56
1784647383.1090,23:23:03,1056113126893,127352,100,24039,2760,56
1784647383.3090,23:23:03,1056113184366,127352,100,24039,2760,56
1784647383.5090,23:23:03,1056113241871,293818,100,24039,2760,57
1784647383.7090,23:23:03,1056113299930,293818,100,24039,2760,57
1784647383.9090,23:23:03,1056113357597,295257,100,24039,2745,57
1784647384.1090,23:23:04,1056113415293,295257,100,24039,2745,57
1784647384.3090,23:23:04,1056113472588,295257,100,24039,2745,57
1784647384.5090,23:23:04,1056113530131,295678,100,24039,2745,57
1784647384.7090,23:23:04,1056113587565,295678,100,24039,2745,57
1784647384.9090,23:23:04,1056113645056,295637,100,24039,2745,58
1784647385.1090,23:23:05,1056113702686,295637,100,24039,2745,58
1784647385.3090,23:23:05,1056113760463,295637,100,24039,2745,58
1784647385.5090,23:23:05,1056113817827,296171,100,24039,2745,58
1784647385.7090,23:23:05,1056113875098,296171,100,24039,2745,58
1784647385.9090,23:23:05,1056113932485,296012,100,24039,2745,58
1784647386.1090,23:23:06,1056113989807,296012,100,24039,2745,58
1784647386.3090,23:23:06,1056114047158,296012,100,24039,2745,58
1784647386.5090,23:23:06,1056114104504,295772,100,24039,2745,58
1784647386.7090,23:23:06,1056114161716,295772,100,24039,2745,58
1784647386.9090,23:23:06,1056114218897,295692,100,24039,2745,59
1784647387.1090,23:23:07,1056114276182,295692,100,24039,2745,59
1784647387.3090,23:23:07,1056114333480,295692,100,24039,2745,59
1784647387.5090,23:23:07,1056114390806,295436,100,24039,2745,59
1784647387.7090,23:23:07,1056114448051,295436,100,24039,2745,59
1784647387.9090,23:23:07,1056114505402,295657,100,24039,2745,59
1784647388.1090,23:23:08,1056114562932,295657,100,24039,2745,59
1784647388.3090,23:23:08,1056114620256,295657,100,24039,2745,59
1784647388.5090,23:23:08,1056114677547,296252,100,24039,2745,59
1784647388.7090,23:23:08,1056114734859,296252,100,24039,2745,59
1784647388.9090,23:23:08,1056114792474,296845,100,24039,2745,59
1784647389.1090,23:23:09,1056114849953,296845,100,24039,2745,59
1784647389.3090,23:23:09,1056114907306,296845,100,24039,2745,59
1784647389.5090,23:23:09,1056114964594,297041,100,24039,2745,60
1784647389.7090,23:23:09,1056115022192,297041,100,24039,2745,60
1784647389.9090,23:23:09,1056115079608,297761,100,24039,2745,60
1784647390.1090,23:23:10,1056115136922,297761,100,24039,2745,60
1784647390.3090,23:23:10,1056115194304,297761,100,24039,2745,60
1784647390.5090,23:23:10,1056115251781,297693,100,24039,2745,60
1784647390.7090,23:23:10,1056115309241,297693,100,24039,2745,60
1784647390.9090,23:23:10,1056115366583,298231,100,24039,2745,60
1784647391.1090,23:23:11,1056115424212,298231,100,24039,2745,60
1784647391.3090,23:23:11,1056115481581,298231,100,24039,2745,60
1784647391.5090,23:23:11,1056115539000,298570,100,24039,2745,60
1784647391.7090,23:23:11,1056115596366,298570,100,24039,2745,60
1784647391.9090,23:23:11,1056115653956,298784,100,24039,2745,60
1784647392.1090,23:23:12,1056115711667,298784,100,24039,2745,60
1784647392.3090,23:23:12,1056115769404,298784,100,24039,2745,60
1784647392.5090,23:23:12,1056115827437,299227,100,24039,2745,61
1784647392.7090,23:23:12,1056115884781,299227,100,24039,2745,61
1784647392.9090,23:23:12,1056115942177,299874,100,24039,2745,61
1784647393.1090,23:23:13,1056115999571,299874,100,24039,2745,61
1784647393.3090,23:23:13,1056116057026,299874,100,24039,2745,61
1784647393.5090,23:23:13,1056116114878,300051,100,24039,2745,61
1784647393.7090,23:23:13,1056116172488,300051,100,24039,2745,61
1784647393.9090,23:23:13,1056116230208,300546,100,24039,2745,61
1784647394.1090,23:23:14,1056116287613,300546,100,24039,2745,61
1784647394.3090,23:23:14,1056116345281,300546,100,24039,2745,61
1784647394.5090,23:23:14,1056116402865,301135,100,24039,2745,61
1784647394.7090,23:23:14,1056116460356,301135,100,24039,2745,61
1784647394.9090,23:23:14,1056116517884,300874,100,24039,2745,61
1784647395.1090,23:23:15,1056116575498,300874,100,24039,2745,61
1784647395.3090,23:23:15,1056116633036,300874,100,24039,2745,61
1784647395.5090,23:23:15,1056116690394,301400,100,24039,2745,61
1784647395.7090,23:23:15,1056116747890,301400,100,24039,2745,61
1784647395.9090,23:23:15,1056116805705,301681,100,24039,2745,62
1784647396.1090,23:23:16,1056116863204,301681,100,24039,2745,62
1784647396.3090,23:23:16,1056116920823,301681,100,24039,2745,62
1784647396.5090,23:23:16,1056116978284,301968,100,24039,2745,62
1784647396.7090,23:23:16,1056117035831,301968,100,24039,2745,62
1784647396.9090,23:23:16,1056117093712,302103,100,24039,2745,62
1784647397.1090,23:23:17,1056117151923,302103,100,24039,2745,62
1784647397.3090,23:23:17,1056117209690,302103,100,24039,2745,62
1784647397.5090,23:23:17,1056117267384,303091,100,24039,2745,62
1784647397.7090,23:23:17,1056117325149,303091,100,24039,2745,62
1784647397.9090,23:23:17,1056117382821,303754,100,24039,2745,62
1784647398.1090,23:23:18,1056117440423,303754,100,24039,2745,62
1784647398.3090,23:23:18,1056117498070,303754,100,24039,2745,62
1784647398.5090,23:23:18,1056117555745,303207,100,24039,2745,62
1784647398.7090,23:23:18,1056117613426,303207,100,24039,2745,62
1784647398.9090,23:23:18,1056117671298,303277,100,24039,2745,62
1784647399.1090,23:23:19,1056117729307,303277,100,24039,2745,62
1784647399.3090,23:23:19,1056117786930,303277,100,24039,2745,62
1784647399.5090,23:23:19,1056117844584,304341,100,24039,2745,62
1784647399.7090,23:23:19,1056117902133,304341,100,24039,2745,62
1784647399.9090,23:23:19,1056117959844,304499,100,24039,2745,62
1784647400.1090,23:23:20,1056118017807,304499,100,24039,2745,62
1784647400.3090,23:23:20,1056118075331,304499,100,24039,2745,62
1784647400.5090,23:23:20,1056118133244,304217,100,24039,2745,62
1784647400.7090,23:23:20,1056118190833,304217,100,24039,2745,62
1784647400.9090,23:23:20,1056118248490,304697,100,24039,2745,62
1784647401.1090,23:23:21,1056118306120,304697,100,24039,2745,62
1784647401.3090,23:23:21,1056118364188,304697,100,24039,2745,62
1784647401.5090,23:23:21,1056118422092,305544,100,24039,2745,62
1784647401.7091,23:23:21,1056118479749,305544,100,24039,2745,62
1784647401.9090,23:23:21,1056118537689,306242,100,24039,2745,63
1784647402.1090,23:23:22,1056118595306,306242,100,24039,2745,63
1784647402.3090,23:23:22,1056118653112,306242,100,24039,2745,63
1784647402.5090,23:23:22,1056118710942,306019,100,24039,2745,63
1784647402.7090,23:23:22,1056118768679,306019,100,24039,2745,63
1784647402.9090,23:23:22,1056118827134,306233,100,24039,2745,63
1784647403.1090,23:23:23,1056118885973,306233,100,24039,2745,63
1784647403.3090,23:23:23,1056118944260,306233,100,24039,2745,63
1784647403.5090,23:23:23,1056119001952,308554,100,24039,2745,63
1784647403.7090,23:23:23,1056119059731,308554,100,24039,2745,63
1784647403.9090,23:23:23,1056119117381,308666,100,24039,2745,63
1784647404.1090,23:23:24,1056119174935,308666,100,24039,2745,63
1784647404.3090,23:23:24,1056119232451,308666,100,24039,2745,63
1784647404.5090,23:23:24,1056119290494,306394,100,24039,2745,63
1784647404.7090,23:23:24,1056119348676,306394,100,24039,2745,63
1784647404.9090,23:23:24,1056119406732,307251,100,24039,2745,63
1784647405.1090,23:23:25,1056119464896,307251,100,24039,2745,63
1784647405.3090,23:23:25,1056119522934,307251,100,24039,2745,63
1784647405.5090,23:23:25,1056119580617,308906,100,24039,2745,63
1784647405.7090,23:23:25,1056119638201,308906,100,24039,2745,63
1784647405.9090,23:23:25,1056119695865,308240,100,24039,2745,63
1784647406.1090,23:23:26,1056119753420,308240,100,24039,2745,63
1784647406.3090,23:23:26,1056119811147,308240,100,24039,2745,63
1784647406.5090,23:23:26,1056119868877,307350,100,24039,2745,63
1784647406.7090,23:23:26,1056119926572,307350,100,24039,2745,63
1784647406.9090,23:23:26,1056119984340,307800,100,24039,2745,63
1784647407.1090,23:23:27,1056120042219,307800,100,24039,2745,63
1784647407.3090,23:23:27,1056120099954,307800,100,24039,2745,63
1784647407.5090,23:23:27,1056120157717,308320,100,24039,2745,63
1784647407.7090,23:23:27,1056120216575,308320,100,24039,2745,63
1784647407.9090,23:23:27,1056120274379,309548,100,24039,2745,63
1784647408.1090,23:23:28,1056120332570,309548,100,24039,2745,63
1784647408.3090,23:23:28,1056120390312,309548,100,24039,2745,63
1784647408.5090,23:23:28,1056120448502,310257,100,24039,2745,63
1784647408.7090,23:23:28,1056120506057,310257,100,24039,2745,63
1784647408.9090,23:23:28,1056120564226,310270,100,24039,2745,63
1784647409.1090,23:23:29,1056120622259,310270,100,24039,2745,63
1784647409.3090,23:23:29,1056120679876,310270,100,24039,2745,63
1784647409.5090,23:23:29,1056120737530,310634,100,24039,2745,63
1784647409.7090,23:23:29,1056120795132,310634,100,24039,2745,63
1784647409.9090,23:23:29,1056120852900,310417,100,24039,2745,63
1784647410.1091,23:23:30,1056120910554,310417,100,24039,2745,63
1784647410.3090,23:23:30,1056120968350,310417,100,24039,2745,63
1784647410.5090,23:23:30,1056121026143,309902,100,24039,2745,64
1784647410.7090,23:23:30,1056121083834,309902,100,24039,2745,64
1784647410.9090,23:23:30,1056121142117,310617,100,24039,2745,64
1784647411.1090,23:23:31,1056121200164,310617,100,24039,2745,64
1784647411.3090,23:23:31,1056121258011,310617,100,24039,2745,64
1784647411.5090,23:23:31,1056121315762,311892,100,24039,2745,64
1784647411.7090,23:23:31,1056121373428,311892,100,24039,2745,64
1784647411.9090,23:23:31,1056121431144,312064,100,24039,2745,64
1784647412.1090,23:23:32,1056121488811,312064,100,24039,2745,64
1784647412.3090,23:23:32,1056121546554,312064,100,24039,2745,64
1784647412.5090,23:23:32,1056121604414,310960,100,24039,2745,64
1784647412.7091,23:23:32,1056121662160,310960,100,24039,2745,64
1784647412.9090,23:23:32,1056121719920,311267,100,24039,2745,64
1784647413.1090,23:23:33,1056121777423,311267,100,24039,2745,64
1784647413.3090,23:23:33,1056121834946,311267,100,24039,2745,64
1784647413.5090,23:23:33,1056121892550,311319,100,24039,2745,64
1784647413.7090,23:23:33,1056121950054,311319,100,24039,2745,64
1784647413.9090,23:23:33,1056122007745,311219,100,24039,2745,64
1784647414.1090,23:23:34,1056122065315,311219,100,24039,2745,64
1784647414.3090,23:23:34,1056122122957,311219,100,24039,2745,64
1784647414.5090,23:23:34,1056122180539,311440,100,24039,2745,64
1784647414.7090,23:23:34,1056122238183,311440,100,24039,2745,64
1784647414.9090,23:23:34,1056122296667,311907,100,24039,2745,64
1784647415.1090,23:23:35,1056122354709,311907,100,24039,2745,64
1784647415.3090,23:23:35,1056122412269,311907,100,24039,2745,64
1784647415.5090,23:23:35,1056122470140,313221,100,24039,2745,64
1784647415.7090,23:23:35,1056122528307,313221,100,24039,2745,64
1784647415.9090,23:23:35,1056122585880,314101,100,24039,2745,64
1784647416.1090,23:23:36,1056122643457,314101,100,24039,2745,64
1784647416.3090,23:23:36,1056122701022,314101,100,24039,2745,64
1784647416.5090,23:23:36,1056122758581,313128,100,24039,2745,64
1784647416.7090,23:23:36,1056122816025,313128,100,24039,2745,64
1784647416.9090,23:23:36,1056122873557,312336,100,24039,2745,64
1784647417.1091,23:23:37,1056122930977,312336,100,24039,2745,64
1784647417.3091,23:23:37,1056122988389,312336,100,24039,2745,64
1784647417.5090,23:23:37,1056123046101,312558,100,24039,2745,64
1784647417.7090,23:23:37,1056123103586,312558,100,24039,2745,64
1784647417.9090,23:23:37,1056123161086,312961,100,24039,2745,64
1784647418.1090,23:23:38,1056123218634,312961,100,24039,2745,64
1784647418.3090,23:23:38,1056123276100,312961,100,24039,2745,64
1784647418.5090,23:23:38,1056123333532,313242,100,24039,2745,64
1784647418.7090,23:23:38,1056123390979,313242,100,24039,2745,64
1784647418.9090,23:23:38,1056123448733,313272,100,24039,2745,64
1784647419.1090,23:23:39,1056123506022,313272,100,24039,2745,64
1784647419.3090,23:23:39,1056123563464,313272,100,24039,2745,64
1784647419.5090,23:23:39,1056123620843,313497,100,24039,2745,64
1784647419.7090,23:23:39,1056123678121,313497,100,24039,2745,64
1784647419.9090,23:23:39,1056123735473,313505,100,24039,2745,64
1784647420.1090,23:23:40,1056123792945,313505,100,24039,2745,64
1784647420.3090,23:23:40,1056123850342,313505,100,24039,2745,64
1784647420.5090,23:23:40,1056123907736,313585,100,24039,2745,64
1784647420.7090,23:23:40,1056123965129,313585,100,24039,2745,64
1784647420.9090,23:23:40,1056124022435,313819,100,24039,2745,64
1784647421.1090,23:23:41,1056124079727,313819,100,24039,2745,64
1784647421.3090,23:23:41,1056124137833,313819,100,24039,2745,64
1784647421.5090,23:23:41,1056124195115,314589,100,24039,2745,64
1784647421.7090,23:23:41,1056124252313,314589,100,24039,2745,64
1784647421.9090,23:23:41,1056124309548,314724,100,24039,2745,64
1784647422.1090,23:23:42,1056124366652,314724,100,24039,2745,64
1784647422.3090,23:23:42,1056124423862,314724,100,24039,2745,64
1784647422.5090,23:23:42,1056124481276,314582,100,24039,2745,64
1784647422.7090,23:23:42,1056124538494,314582,100,24039,2745,64
1784647422.9090,23:23:42,1056124595742,314267,100,24039,2745,64
1784647423.1090,23:23:43,1056124652855,314267,100,24039,2745,64
1784647423.3090,23:23:43,1056124709960,314267,100,24039,2745,64
1784647423.5090,23:23:43,1056124767090,314345,100,24039,2745,64
1784647423.7090,23:23:43,1056124824358,314345,100,24039,2745,64
1784647423.9090,23:23:43,1056124881526,314295,100,24039,2745,64
1784647424.1090,23:23:44,1056124938597,314295,100,24039,2745,64
1784647424.3090,23:23:44,1056124995614,314295,100,24039,2745,64
1784647424.5090,23:23:44,1056125052712,314533,100,24039,2745,64
1784647424.7090,23:23:44,1056125109737,314533,100,24039,2745,64
1784647424.9090,23:23:44,1056125166834,314545,100,24039,2745,64
1784647425.1090,23:23:45,1056125223836,314545,100,24039,2745,64
1784647425.3090,23:23:45,1056125281597,314545,100,24039,2745,64
1784647425.5090,23:23:45,1056125338850,315266,100,24039,2745,64
1784647425.7090,23:23:45,1056125396986,315266,100,24039,2745,64
1784647425.9090,23:23:45,1056125455409,317263,100,24039,2745,65
1784647426.1090,23:23:46,1056125512890,317263,100,24039,2745,65
1784647426.3090,23:23:46,1056125569867,317263,100,24039,2745,65
1784647426.5090,23:23:46,1056125626808,317830,100,24039,2745,64
1784647426.7090,23:23:46,1056125683674,317830,100,24039,2745,64
1784647426.9090,23:23:46,1056125740547,315957,100,24039,2745,64
1784647427.1090,23:23:47,1056125797355,315957,100,24039,2745,64
1784647427.3090,23:23:47,1056125854248,315957,100,24039,2745,64
1784647427.5090,23:23:47,1056125911158,314940,100,24039,2745,64
1784647427.7090,23:23:47,1056125967984,314940,100,24039,2745,64
1784647427.9090,23:23:47,1056126024750,315032,100,24039,2745,64
1784647428.1090,23:23:48,1056126082105,315032,100,24039,2745,64
1784647428.3090,23:23:48,1056126138781,315032,100,24039,2745,64
1784647428.5090,23:23:48,1056126195681,315373,100,24039,2745,64
1784647428.7090,23:23:48,1056126252776,315373,100,24039,2745,64
1784647428.9090,23:23:48,1056126309442,316169,100,24039,2745,64
1784647429.1090,23:23:49,1056126366404,316169,100,24039,2745,64
1784647429.3090,23:23:49,1056126423366,316169,100,24039,2745,64
1784647429.5090,23:23:49,1056126480083,316320,100,24039,2745,65
1784647429.7090,23:23:49,1056126541622,316320,100,24039,2745,65
1784647429.9090,23:23:49,1056126603471,315893,100,24039,2745,65
1784647430.1090,23:23:50,1056126665205,315893,100,24039,2745,65
1784647430.3090,23:23:50,1056126726807,315893,100,24039,2745,65
1784647430.5090,23:23:50,1056126789014,315732,100,24039,2745,64
1784647430.7090,23:23:50,1056126850814,315732,100,24039,2745,64
1784647430.9090,23:23:50,1056126912462,316416,100,24039,2745,65
1784647431.1090,23:23:51,1056126973997,316416,100,24039,2745,65
1784647431.3090,23:23:51,1056127035662,316416,100,24039,2745,65
1784647431.5090,23:23:51,1056127097301,316166,100,24039,2745,65
1784647431.7090,23:23:51,1056127158886,316166,100,24039,2745,65
1784647431.9090,23:23:51,1056127220405,315478,100,24039,2745,64
1784647432.1090,23:23:52,1056127282525,315478,100,24039,2745,64
1784647432.3090,23:23:52,1056127344388,315478,100,24039,2745,64
1784647432.5090,23:23:52,1056127406384,316022,100,24039,2745,65
1784647432.7090,23:23:52,1056127467754,316022,100,24039,2745,65
1784647432.9090,23:23:52,1056127529152,315954,100,24039,2745,65
1784647433.1090,23:23:53,1056127590551,315954,100,24039,2745,65
1784647433.3090,23:23:53,1056127652509,315954,100,24039,2745,65
1784647433.5090,23:23:53,1056127713939,315461,100,24039,2745,65
1784647433.7090,23:23:53,1056127775395,315461,100,24039,2745,65
1784647433.9090,23:23:53,1056127836727,315034,100,24039,2745,65
1784647434.1090,23:23:54,1056127898248,315034,100,24039,2745,65
1784647434.3090,23:23:54,1056127959763,315034,100,24039,2745,65
1784647434.5090,23:23:54,1056128021240,314858,100,24039,2745,65
1784647434.7090,23:23:54,1056128082698,314858,100,24039,2745,65
1784647434.9090,23:23:54,1056128144235,315087,100,24039,2745,65
1784647435.1090,23:23:55,1056128205965,315087,100,24039,2745,65
1784647435.3090,23:23:55,1056128267462,315087,100,24039,2745,65
1784647435.5090,23:23:55,1056128329035,315360,100,24039,2745,65
1784647435.7090,23:23:55,1056128391052,315360,100,24039,2745,65
1784647435.9090,23:23:55,1056128452577,315768,100,24039,2745,65
1784647436.1090,23:23:56,1056128514158,315768,100,24039,2745,65
1784647436.3090,23:23:56,1056128576202,315768,100,24039,2745,65
1784647436.5090,23:23:56,1056128637849,316052,100,24039,2745,65
1784647436.7090,23:23:56,1056128699395,316052,100,24039,2745,65
1784647436.9090,23:23:56,1056128760982,315840,100,24039,2745,65
1784647437.1090,23:23:57,1056128822671,315840,100,24039,2745,65
1784647437.3090,23:23:57,1056128884239,315840,100,24039,2745,65
1784647437.5090,23:23:57,1056128945852,315655,100,24039,2745,65
1784647437.7090,23:23:57,1056129007576,315655,100,24039,2745,65
1784647437.9090,23:23:57,1056129069630,316050,100,24039,2745,65
1784647438.1090,23:23:58,1056129131539,316050,100,24039,2745,65
1784647438.3090,23:23:58,1056129193055,316050,100,24039,2745,65
1784647438.5090,23:23:58,1056129254655,316289,100,24039,2745,65
1784647438.7090,23:23:58,1056129316738,316289,100,24039,2745,65
1784647438.9090,23:23:58,1056129378266,316040,100,24039,2745,65
1784647439.1090,23:23:59,1056129439730,316040,100,24039,2745,65
1784647439.3090,23:23:59,1056129501231,316040,100,24039,2745,65
1784647439.5090,23:23:59,1056129562679,315516,100,24039,2745,65
1784647439.7090,23:23:59,1056129624233,315516,100,24039,2745,65
1784647439.9090,23:23:59,1056129685687,314926,100,24039,2745,65
1784647440.1090,23:24:00,1056129747319,314926,100,24039,2745,65
1784647440.3090,23:24:00,1056129808844,314926,100,24039,2745,65
1784647440.5090,23:24:00,1056129870404,315206,100,24039,2745,65
1784647440.7090,23:24:00,1056129931937,315206,100,24039,2745,65
1784647440.9090,23:24:00,1056129993364,315254,100,24039,2745,65
1784647441.1090,23:24:01,1056130054897,315254,100,24039,2745,65
1784647441.3090,23:24:01,1056130116467,315254,100,24039,2745,65
1784647441.5090,23:24:01,1056130178088,315332,100,24039,2745,65
1784647441.7090,23:24:01,1056130239620,315332,100,24039,2745,65
1784647441.9090,23:24:01,1056130301200,315457,100,24039,2745,65
1784647442.1090,23:24:02,1056130362937,315457,100,24039,2745,65
1784647442.3090,23:24:02,1056130424439,315457,100,24039,2745,65
1784647442.5090,23:24:02,1056130486199,315839,100,24039,2745,65
1784647442.7090,23:24:02,1056130547923,315839,100,24039,2745,65
1784647442.9090,23:24:02,1056130609663,316092,100,24039,2745,65
1784647443.1090,23:24:03,1056130671394,316092,100,24039,2745,65
1784647443.3090,23:24:03,1056130733220,316092,100,24039,2745,65
1784647443.5090,23:24:03,1056130795020,316302,100,24039,2745,65
1784647443.7090,23:24:03,1056130857096,316302,100,24039,2745,65
1784647443.9090,23:24:03,1056130918972,316891,100,24039,2745,65
1784647444.1090,23:24:04,1056130980694,316891,100,24039,2745,65
1784647444.3090,23:24:04,1056131042433,316891,100,24039,2745,65
1784647444.5090,23:24:04,1056131104352,317011,100,24039,2745,65
1784647444.7090,23:24:04,1056131166018,317011,100,24039,2745,65
1784647444.9090,23:24:04,1056131227728,316833,100,24039,2745,65
1784647445.1090,23:24:05,1056131289241,316833,100,24039,2745,65
1784647445.3090,23:24:05,1056131351093,316833,100,24039,2745,65
1784647445.5090,23:24:05,1056131413094,317265,100,24039,2745,65
1784647445.7090,23:24:05,1056131474683,317265,100,24039,2745,65
1784647445.9090,23:24:05,1056131536032,317093,100,24039,2745,65
1784647446.1090,23:24:06,1056131598063,317093,100,24039,2745,65
1784647446.3090,23:24:06,1056131659589,317093,100,24039,2745,65
1784647446.5090,23:24:06,1056131721053,317363,100,24039,2745,65
1784647446.7090,23:24:06,1056131782604,317363,100,24039,2745,65
1784647446.9090,23:24:06,1056131844337,317457,100,24039,2745,65
1784647447.1090,23:24:07,1056131905913,317457,100,24039,2745,65
1784647447.3090,23:24:07,1056131967238,317457,100,24039,2745,65
1784647447.5090,23:24:07,1056132028846,317381,100,24039,2745,65
1784647447.7090,23:24:07,1056132090184,317381,100,24039,2745,65
1784647447.9090,23:24:07,1056132151631,317015,100,24039,2745,65
1784647448.1090,23:24:08,1056132213389,317015,100,24039,2745,65
1784647448.3090,23:24:08,1056132274902,317015,100,24039,2745,65
1784647448.5090,23:24:08,1056132336162,317513,100,24039,2745,65
1784647448.7090,23:24:08,1056132397546,317513,100,24039,2745,65
1784647448.9090,23:24:08,1056132458757,317660,100,24039,2745,65
1784647449.1090,23:24:09,1056132519900,317660,100,24039,2745,65
1784647449.3090,23:24:09,1056132581322,317660,100,24039,2745,65
1784647449.5090,23:24:09,1056132642518,317005,100,24039,2745,65
1784647449.7090,23:24:09,1056132703645,317005,100,24039,2745,65
1784647449.9090,23:24:09,1056132764742,316689,100,24039,2745,65
1784647450.1090,23:24:10,1056132825834,316689,100,24039,2745,65
1784647450.3090,23:24:10,1056132886976,316689,100,24039,2745,65
1784647450.5090,23:24:10,1056132948080,316676,100,24039,2745,65
1784647450.7090,23:24:10,1056133009336,316676,100,24039,2745,65
1784647450.9090,23:24:10,1056133070392,316794,100,24039,2745,65
1784647451.1090,23:24:11,1056133132187,316794,100,24039,2745,65
1784647451.3090,23:24:11,1056133193469,316794,100,24039,2745,65
1784647451.5090,23:24:11,1056133254550,317911,100,24039,2745,65
1784647451.7090,23:24:11,1056133316227,317911,100,24039,2745,65
1784647451.9090,23:24:11,1056133377582,318916,100,24039,2745,65
1784647452.1090,23:24:12,1056133438637,318916,100,24039,2745,65
1784647452.3090,23:24:12,1056133500384,318916,100,24039,2745,65
1784647452.5090,23:24:12,1056133561533,318789,100,24039,2745,65
1784647452.7090,23:24:12,1056133622540,318789,100,24039,2745,65
1784647452.9090,23:24:12,1056133683552,318394,100,24039,2745,65
1784647453.1090,23:24:13,1056133744472,318394,100,24039,2745,65
1784647453.3090,23:24:13,1056133805737,318394,100,24039,2745,65
1784647453.5090,23:24:13,1056133867090,318467,100,24039,2745,65
1784647453.7090,23:24:13,1056133927973,318467,100,24039,2745,65
1784647453.9090,23:24:13,1056133988867,318320,100,24039,2745,65
1784647454.1090,23:24:14,1056134049704,318320,100,24039,2745,65
1784647454.3090,23:24:14,1056134110549,318320,100,24039,2745,65
1784647454.5090,23:24:14,1056134171985,318388,100,24039,2745,65
1784647454.7090,23:24:14,1056134232631,318388,100,24039,2745,65
1784647454.9090,23:24:14,1056134293276,317858,100,24039,2745,65
1784647455.1090,23:24:15,1056134353953,317858,100,24039,2745,65
1784647455.3090,23:24:15,1056134414611,317858,100,24039,2745,65
1784647455.5090,23:24:15,1056134475520,318062,100,24039,2745,65
1784647455.7090,23:24:15,1056134536163,318062,100,24039,2745,65
1784647455.9090,23:24:15,1056134596837,317551,100,24039,2745,65
1784647456.1090,23:24:16,1056134657386,317551,100,24039,2745,65
1784647456.3090,23:24:16,1056134718003,317551,100,24039,2745,65
1784647456.5090,23:24:16,1056134778671,317633,100,24039,2745,65
1784647456.7090,23:24:16,1056134839157,317633,100,24039,2745,65
1784647456.9090,23:24:16,1056134900272,317708,100,24039,2745,65
1784647457.1090,23:24:17,1056134960740,317708,100,24039,2745,65
1784647457.3090,23:24:17,1056135021497,317708,100,24039,2745,65
1784647457.5090,23:24:17,1056135082002,318044,100,24039,2745,65
1784647457.7090,23:24:17,1056135142457,318044,100,24039,2745,65
1784647457.9090,23:24:17,1056135203037,317776,100,24039,2745,65
1784647458.1090,23:24:18,1056135263527,317776,100,24039,2745,65
1784647458.3090,23:24:18,1056135324166,317776,100,24039,2745,65
1784647458.5090,23:24:18,1056135384653,317773,100,24039,2745,65
1784647458.7090,23:24:18,1056135445051,317773,100,24039,2745,65
1784647458.9090,23:24:18,1056135505526,317939,100,24039,2745,65
1784647459.1090,23:24:19,1056135566138,317939,100,24039,2745,65
1784647459.3090,23:24:19,1056135627038,317939,100,24039,2745,65
1784647459.5090,23:24:19,1056135687431,318458,100,24039,2745,65
1784647459.7090,23:24:19,1056135747709,318458,100,24039,2745,65
1784647459.9090,23:24:19,1056135808479,318829,100,24039,2745,65
1784647460.1090,23:24:20,1056135869580,318829,100,24039,2745,65
1784647460.3090,23:24:20,1056135929875,318829,100,24039,2745,65
1784647460.5091,23:24:20,1056135990648,319567,100,24039,2745,65
1784647460.7090,23:24:20,1056136051339,319567,100,24039,2745,65
1784647460.9090,23:24:20,1056136111614,319686,100,24039,2745,65
1784647461.1090,23:24:21,1056136171666,319686,100,24039,2745,65
1784647461.3090,23:24:21,1056136231868,319686,100,24039,2745,65
1784647461.5090,23:24:21,1056136291974,318528,100,24039,2745,65
1784647461.7090,23:24:21,1056136352070,318528,100,24039,2745,65
1784647461.9090,23:24:21,1056136412178,317590,100,24039,2745,65
1784647462.1090,23:24:22,1056136472217,317590,100,24039,2745,65
1784647462.3090,23:24:22,1056136532216,317590,100,24039,2745,65
1784647462.5090,23:24:22,1056136592328,317618,100,24039,2745,65
1784647462.7091,23:24:22,1056136652363,317618,100,24039,2745,65
1784647462.9090,23:24:22,1056136712466,318027,100,24039,2745,65
1784647463.1090,23:24:23,1056136772473,318027,100,24039,2745,65
1784647463.3090,23:24:23,1056136832403,318027,100,24039,2745,65
1784647463.5090,23:24:23,1056136892569,318336,100,24039,2745,65
1784647463.7090,23:24:23,1056136953405,318336,100,24039,2745,65
1784647463.9090,23:24:23,1056137013486,319136,100,24039,2745,65
1784647464.1090,23:24:24,1056137073435,319136,100,24039,2745,65
1784647464.3090,23:24:24,1056137133351,319136,100,24039,2745,65
1784647464.5090,23:24:24,1056137193205,319033,100,24039,2745,65
1784647464.7090,23:24:24,1056137252938,319033,100,24039,2745,65
1784647464.9090,23:24:24,1056137312861,318170,100,24039,2745,65
1784647465.1090,23:24:25,1056137372770,318170,100,24039,2745,65
1784647465.3090,23:24:25,1056137432684,318170,100,24039,2745,65
1784647465.5090,23:24:25,1056137492567,318296,100,24039,2745,65
1784647465.7090,23:24:25,1056137552435,318296,100,24039,2745,65
1784647465.9090,23:24:25,1056137612291,318633,100,24039,2745,65
1784647466.1090,23:24:26,1056137672099,318633,100,24039,2745,65
1784647466.3091,23:24:26,1056137731884,318633,100,24039,2745,65
1784647466.5090,23:24:26,1056137791597,318757,100,24039,2745,65
1784647466.7090,23:24:26,1056137851186,318757,100,24039,2745,65
1784647466.9090,23:24:26,1056137910873,318560,100,24039,2745,65
1784647467.1090,23:24:27,1056137970505,318560,100,24039,2745,65
1784647467.3090,23:24:27,1056138030198,318560,100,24039,2745,65
1784647467.5090,23:24:27,1056138090073,318477,100,24039,2745,65
1784647467.7091,23:24:27,1056138149619,318477,100,24039,2745,65
1784647467.9090,23:24:27,1056138209412,318717,100,24039,2745,65
1784647468.1090,23:24:28,1056138269448,318717,100,24039,2745,65
1784647468.3090,23:24:28,1056138329763,318717,100,24039,2745,65
1784647468.5090,23:24:28,1056138389549,319731,100,24039,2745,65
1784647468.7091,23:24:28,1056138449624,319731,100,24039,2745,65
1784647468.9090,23:24:28,1056138509725,320805,100,24039,2745,65
1784647469.1091,23:24:29,1056138569620,320805,100,24039,2745,65
1784647469.3090,23:24:29,1056138628942,320805,100,24039,2745,65
1784647469.5090,23:24:29,1056138688419,319975,100,24039,2745,65
1784647469.7090,23:24:29,1056138747758,319975,100,24039,2745,65
1784647469.9090,23:24:29,1056138807198,319127,100,24039,2745,65
1784647470.1090,23:24:30,1056138866506,319127,100,24039,2745,65
1784647470.3090,23:24:30,1056138925829,319127,100,24039,2745,65
1784647470.5090,23:24:30,1056138985138,318610,100,24039,2745,65
1784647470.7090,23:24:30,1056139044303,318610,100,24039,2745,65
1784647470.9091,23:24:30,1056139103496,318062,100,24039,2745,65
1784647471.1090,23:24:31,1056139162511,318062,100,24039,2745,65
1784647471.3090,23:24:31,1056139221558,318062,100,24039,2745,65
1784647471.5090,23:24:31,1056139280542,317741,100,24039,2745,65
1784647471.7090,23:24:31,1056139339510,317741,100,24039,2745,65
1784647471.9090,23:24:31,1056139398475,317443,100,24039,2745,65
1784647472.1090,23:24:32,1056139457359,317443,100,24039,2745,65
1784647472.3090,23:24:32,1056139516279,317443,100,24039,2745,65
1784647472.5091,23:24:32,1056139575064,317280,100,24039,2745,65
1784647472.7090,23:24:32,1056139633858,317280,100,24039,2745,65
1784647472.9090,23:24:32,1056139692723,317221,100,24039,2745,65
1784647473.1091,23:24:33,1056139751546,317221,100,24039,2745,65
1784647473.3090,23:24:33,1056139810439,317221,100,24039,2745,65
1784647473.5090,23:24:33,1056139869274,317351,100,24039,2745,65
1784647473.7090,23:24:33,1056139928054,317351,100,24039,2745,65
1784647473.9090,23:24:33,1056139986780,317487,100,24039,2745,65
1784647474.1091,23:24:34,1056140045343,317487,100,24039,2745,65
1784647474.3090,23:24:34,1056140102846,317487,100,24039,2745,65
1784647474.5090,23:24:34,1056140160169,315580,100,24039,2745,65
1784647474.7090,23:24:34,1056140217504,315580,100,24039,2745,65
1784647474.9090,23:24:34,1056140274312,311880,100,24039,2745,64
1784647475.1090,23:24:35,1056140330608,311880,100,24039,2745,64
1784647475.3090,23:24:35,1056140387018,311880,100,24039,2745,64
1784647475.5090,23:24:35,1056140443315,307741,100,24039,2745,64
1784647475.7090,23:24:35,1056140499452,307741,100,24039,2745,64
1784647475.9090,23:24:35,1056140555749,305422,100,24039,2745,64
1784647476.1090,23:24:36,1056140611921,305422,100,24039,2745,64
1784647476.3090,23:24:36,1056140668246,305422,100,24039,2745,64
1784647476.5090,23:24:36,1056140728160,306414,100,24039,2745,64
1784647476.7090,23:24:36,1056140789993,306414,100,24039,2745,64
1784647476.9090,23:24:36,1056140851997,320406,100,24039,2745,66
1784647477.1090,23:24:37,1056140913902,320406,100,24039,2745,66
1784647477.3090,23:24:37,1056140975901,320406,100,24039,2745,66
1784647477.5090,23:24:37,1056141037857,334615,100,24039,2745,66
1784647477.7090,23:24:37,1056141099720,334615,100,24039,2745,66
1784647477.9090,23:24:37,1056141161701,336952,100,24039,2745,66
1784647478.1090,23:24:38,1056141223595,336952,100,24039,2745,66
1784647478.3090,23:24:38,1056141285660,336952,100,24039,2745,66
1784647478.5090,23:24:38,1056141347515,337165,100,24039,2745,66
1784647478.7090,23:24:38,1056141409227,337165,100,24039,2745,66
1784647478.9090,23:24:38,1056141470950,337035,100,24039,2745,66
1784647479.1090,23:24:39,1056141532534,337035,100,24039,2745,66
1784647479.3090,23:24:39,1056141594197,337035,100,24039,2745,66
1784647479.5090,23:24:39,1056141655884,336586,100,24039,2745,66
1784647479.7090,23:24:39,1056141716914,336586,100,24039,2745,66
1784647479.9090,23:24:39,1056141733350,287718,0,24039,2745,59
1784647480.1090,23:24:40,1056141749133,287718,0,24039,2745,59
1784647480.3090,23:24:40,1056141764848,287718,0,24039,2745,59
1784647480.5090,23:24:40,1056141780422,173759,0,24039,2745,57
1784647480.7090,23:24:40,1056141795886,173759,0,24039,2745,57
1784647480.9090,23:24:40,1056141807684,127887,0,24039,2745,56
1784647481.1090,23:24:41,1056141819410,127887,0,24039,2745,56
1784647481.3090,23:24:41,1056141831131,127887,0,24039,2745,56
1784647481.5090,23:24:41,1056141841228,127887,0,24039,2745,56
1784647481.7091,23:24:41,1056141851535,127887,0,24039,2745,56
1784647481.9091,23:24:41,1056141860718,80384,0,24039,2520,54
1784647482.1090,23:24:42,1056141869901,80384,0,24039,2520,54
1784647482.3090,23:24:42,1056141879114,80384,0,24039,2520,54
1784647482.5090,23:24:42,1056141888311,80384,0,24039,2520,54
1784647482.7090,23:24:42,1056141897485,80384,0,24039,2520,54
1784647482.9090,23:24:42,1056141906682,72681,0,24039,2520,53
1784647483.1091,23:24:43,1056141915830,72681,0,24039,2520,53
1784647483.3091,23:24:43,1056141924921,72681,0,24039,2520,53
1784647483.5090,23:24:43,1056141934045,72681,0,24039,2520,53
1784647483.7090,23:24:43,1056141943160,72681,0,24039,2520,53
1784647483.9091,23:24:43,1056141952284,65261,0,24039,2520,53
1784647484.1090,23:24:44,1056141961397,65261,0,24039,2520,53
1784647484.3090,23:24:44,1056141970448,65261,0,24039,2520,53
1784647484.5090,23:24:44,1056141979502,65261,0,24039,2520,53
1784647484.7090,23:24:44,1056141988549,65261,0,24039,2520,53
1784647484.9090,23:24:44,1056141997554,64995,0,24039,2520,52
1784647485.1091,23:24:45,1056142006649,64995,0,24039,2520,52
1784647485.3091,23:24:45,1056142015647,64995,0,24039,2520,52
1784647485.5090,23:24:45,1056142024610,64995,0,24039,2520,52
1784647485.7090,23:24:45,1056142033566,64995,0,24039,2520,52
1784647485.9090,23:24:45,1056142042440,64693,0,24039,2520,52
1784647486.1091,23:24:46,1056142051251,64693,0,24039,2520,52
1784647486.3090,23:24:46,1056142060032,64693,0,24039,2520,52
1784647486.5091,23:24:46,1056142068787,64693,0,24039,2520,52
1784647486.7090,23:24:46,1056142077580,64693,0,24039,2520,52
1784647486.9090,23:24:46,1056142086258,63903,0,24039,2520,51
1784647487.1090,23:24:47,1056142094948,63903,0,24039,2520,51
1784647487.3090,23:24:47,1056142103545,63903,0,24039,2520,51
1784647487.5091,23:24:47,1056142112150,63903,0,24039,2520,51
1784647487.7090,23:24:47,1056142120755,63903,0,24039,2520,51
1784647487.9091,23:24:47,1056142129363,62749,0,24039,2520,51
1784647488.1090,23:24:48,1056142137957,62749,0,24039,2520,51
1784647488.3090,23:24:48,1056142146494,62749,0,24039,2520,51
1784647488.5091,23:24:48,1056142155017,62749,0,24039,2520,51
1784647488.7090,23:24:48,1056142163519,62749,0,24039,2520,51
1784647488.9091,23:24:48,1056142171986,61954,0,24039,2520,50
1784647489.1090,23:24:49,1056142180397,61954,0,24039,2520,50
1784647489.3090,23:24:49,1056142188783,61954,0,24039,2520,50
1784647489.5090,23:24:49,1056142197189,61954,0,24039,2520,50
1784647489.7090,23:24:49,1056142205570,61954,0,24039,2520,50
1784647489.9090,23:24:49,1056142213911,61250,0,24039,2520,50
1784647490.1091,23:24:50,1056142222160,61250,0,24039,2520,50
1784647490.3091,23:24:50,1056142230402,61250,0,24039,2520,50
1784647490.5090,23:24:50,1056142238585,61250,0,24039,2520,50
1784647490.7090,23:24:50,1056142246783,61250,0,24039,2520,50
1784647490.9091,23:24:50,1056142254994,60279,0,24039,2520,49
1784647491.1091,23:24:51,1056142263109,60279,0,24039,2520,49
1784647491.3090,23:24:51,1056142271178,60279,0,24039,2520,49
1784647491.5091,23:24:51,1056142279170,60279,0,24039,2520,49
1784647491.7091,23:24:51,1056142287203,60279,0,24039,2520,49
1784647491.9090,23:24:51,1056142295195,59206,0,24039,2520,49
1784647492.1091,23:24:52,1056142303153,59206,0,24039,2520,49
1784647492.3091,23:24:52,1056142311020,59206,0,24039,2520,49
1784647492.5091,23:24:52,1056142318836,59206,0,24039,2520,49
1784647492.7090,23:24:52,1056142326688,59206,0,24039,2520,49
1784647492.9090,23:24:52,1056142334462,58164,0,24039,2520,49
1784647493.1090,23:24:53,1056142342164,58164,0,24039,2520,49
1784647493.3091,23:24:53,1056142349875,58164,0,24039,2520,49
1784647493.5090,23:24:53,1056142357518,58164,0,24039,2520,49
1784647493.7090,23:24:53,1056142365202,58164,0,24039,2520,49
1784647493.9090,23:24:53,1056142372861,56951,0,24039,2520,48
1784647494.1091,23:24:54,1056142380406,56951,0,24039,2520,48
1784647494.3091,23:24:54,1056142387943,56951,0,24039,2520,48
1784647494.5090,23:24:54,1056142394017,56951,0,24039,2520,48
1784647494.7091,23:24:54,1056142401534,56951,0,24039,2520,48
1784647494.9090,23:24:54,1056142408930,55766,0,24039,2520,48
1784647495.1091,23:24:55,1056142416325,55766,0,24039,2520,48
1784647495.3090,23:24:55,1056142423678,55766,0,24039,2520,48
1784647495.5091,23:24:55,1056142431019,55766,0,24039,2520,48
1784647495.7091,23:24:55,1056142438357,55766,0,24039,2520,48
1784647495.9091,23:24:55,1056142445630,54659,0,24039,2520,48
1784647496.1090,23:24:56,1056142452838,54659,0,24039,2520,48
1784647496.3091,23:24:56,1056142460042,54659,0,24039,2520,48
1784647496.5090,23:24:56,1056142467134,54659,0,24039,2520,48
1784647496.7090,23:24:56,1056142472249,54659,0,24039,2520,48
1784647496.9090,23:24:56,1056142475195,51954,0,24039,480,47
1784647497.1090,23:24:57,1056142478090,51954,0,24039,480,47
1784647497.3090,23:24:57,1056142509173,51954,0,24039,480,47
1784647497.5090,23:24:57,1056142563504,69194,0,24039,2520,53
1784647497.7090,23:24:57,1056142624729,69194,0,24039,2520,53
1784647497.9091,23:24:57,1056142683735,175434,100,24039,2745,58
1784647498.1090,23:24:58,1056142744908,175434,100,24039,2745,58
1784647498.3090,23:24:58,1056142805866,175434,100,24039,2745,58
1784647498.5090,23:24:58,1056142866922,306977,100,24039,2745,59
1784647498.7090,23:24:58,1056142928313,306977,100,24039,2745,59
1784647498.9090,23:24:58,1056142989542,313588,100,24039,2745,59
1784647499.1090,23:24:59,1056143051039,313588,100,24039,2745,59
1784647499.3090,23:24:59,1056143112397,313588,100,24039,2745,59
1784647499.5090,23:24:59,1056143173628,314150,100,24039,2745,59
1784647499.7090,23:24:59,1056143235032,314150,100,24039,2745,59
1784647499.9090,23:24:59,1056143296290,314189,100,24039,2745,60
1784647500.1091,23:25:00,1056143357690,314189,100,24039,2745,60
1784647500.3090,23:25:00,1056143419235,314189,100,24039,2745,60
1784647500.5090,23:25:00,1056143480819,314380,100,24039,2745,60
1784647500.7090,23:25:00,1056143542535,314380,100,24039,2745,60
1784647500.9090,23:25:00,1056143603933,314925,100,24039,2745,60
1784647501.1091,23:25:01,1056143665723,314925,100,24039,2745,60
1784647501.3091,23:25:01,1056143727927,314925,100,24039,2745,60
1784647501.5090,23:25:01,1056143788972,315701,100,24039,2745,60
1784647501.7090,23:25:01,1056143850558,315701,100,24039,2745,60
1784647501.9091,23:25:01,1056143911873,315349,100,24039,2745,60
1784647502.1091,23:25:02,1056143974116,315349,100,24039,2745,60
1784647502.3091,23:25:02,1056144035897,315349,100,24039,2745,60
1784647502.5090,23:25:02,1056144097253,315501,100,24039,2745,61
1784647502.7091,23:25:02,1056144159085,315501,100,24039,2745,61
1784647502.9090,23:25:02,1056144220255,315759,100,24039,2745,61
1784647503.1091,23:25:03,1056144281947,315759,100,24039,2745,61
1784647503.3090,23:25:03,1056144343842,315759,100,24039,2745,61
1784647503.5091,23:25:03,1056144405487,315459,100,24039,2745,61
1784647503.7091,23:25:03,1056144467059,315459,100,24039,2745,61
1784647503.9091,23:25:03,1056144529322,316251,100,24039,2745,62
1784647504.1091,23:25:04,1056144591849,316251,100,24039,2745,62
1784647504.3091,23:25:04,1056144653335,316251,100,24039,2745,62
1784647504.5091,23:25:04,1056144715087,316748,100,24039,2745,61
1784647504.7091,23:25:04,1056144777441,316748,100,24039,2745,61
1784647504.9091,23:25:04,1056144839481,317845,100,24039,2745,62
1784647505.1091,23:25:05,1056144901168,317845,100,24039,2745,62
1784647505.3091,23:25:05,1056144962821,317845,100,24039,2745,62
1784647505.5091,23:25:05,1056145024468,317199,100,24039,2745,62
1784647505.7091,23:25:05,1056145085993,317199,100,24039,2745,62
1784647505.9091,23:25:05,1056145147489,316406,100,24039,2745,62
1784647506.1090,23:25:06,1056145208829,316406,100,24039,2745,62
1784647506.3091,23:25:06,1056145270097,316406,100,24039,2745,62
1784647506.5091,23:25:06,1056145331470,316027,100,24039,2745,62
1784647506.7091,23:25:06,1056145392771,316027,100,24039,2745,62
1784647506.9091,23:25:06,1056145454138,316225,100,24039,2745,62
1784647507.1091,23:25:07,1056145515459,316225,100,24039,2745,62
1784647507.3091,23:25:07,1056145576825,316225,100,24039,2745,62
1784647507.5091,23:25:07,1056145638264,316523,100,24039,2745,62
1784647507.7090,23:25:07,1056145699721,316523,100,24039,2745,62
1784647507.9090,23:25:07,1056145760204,315993,100,24039,2745,62
1784647508.1090,23:25:08,1056145819086,315993,100,24039,2745,62
1784647508.3090,23:25:08,1056145877996,315993,100,24039,2745,62
1784647508.5090,23:25:08,1056145936868,310222,100,24039,2745,62
1784647508.7090,23:25:08,1056145995700,310222,100,24039,2745,62
1784647508.9091,23:25:08,1056146054686,304241,100,24039,2745,62
1784647509.1091,23:25:09,1056146113451,304241,100,24039,2745,62
1784647509.3091,23:25:09,1056146172370,304241,100,24039,2745,62
1784647509.5091,23:25:09,1056146231156,304181,100,24039,2745,62
1784647509.7090,23:25:09,1056146289484,304181,100,24039,2745,62
1784647509.9090,23:25:09,1056146347167,302700,100,24039,2745,62
1784647510.1090,23:25:10,1056146404463,302700,100,24039,2745,62
1784647510.3090,23:25:10,1056146461006,302700,100,24039,2745,62
1784647510.5090,23:25:10,1056146517555,298325,100,24039,2745,61
1784647510.7090,23:25:10,1056146579138,298325,100,24039,2745,61
1784647510.9090,23:25:10,1056146638756,302091,100,24039,2745,63
1784647511.1090,23:25:11,1056146701208,302091,100,24039,2745,63
1784647511.3090,23:25:11,1056146763661,302091,100,24039,2745,63
1784647511.5091,23:25:11,1056146826064,314910,100,24039,2745,63
1784647511.7090,23:25:11,1056146888452,314910,100,24039,2745,63
1784647511.9090,23:25:11,1056146939424,311816,39,24039,2745,64
1784647512.1090,23:25:12,1056146953740,311816,39,24039,2745,64
1784647512.3091,23:25:12,1056146968051,311816,39,24039,2745,64
1784647512.5090,23:25:12,1056146982289,198507,39,24039,2745,54
1784647512.7090,23:25:12,1056146996468,198507,39,24039,2745,54
1784647512.9090,23:25:12,1056147010562,107290,0,24039,2745,53
1784647513.1090,23:25:13,1056147020025,107290,0,24039,2745,53
1784647513.3090,23:25:13,1056147029463,107290,0,24039,2745,53
1784647513.5090,23:25:13,1056147038864,107290,0,24039,2745,53
1784647513.7091,23:25:13,1056147046875,107290,0,24039,2745,53
1784647513.9090,23:25:13,1056147054779,69747,0,24039,2520,52
1784647514.1090,23:25:14,1056147062177,69747,0,24039,2520,52
1784647514.3090,23:25:14,1056147069557,69747,0,24039,2520,52
1784647514.5090,23:25:14,1056147076952,69747,0,24039,2520,52
1784647514.7090,23:25:14,1056147084301,69747,0,24039,2520,52
1784647514.9090,23:25:14,1056147091641,63037,0,24039,2520,51
1784647515.1091,23:25:15,1056147098946,63037,0,24039,2520,51
1784647515.3090,23:25:15,1056147106278,63037,0,24039,2520,51
1784647515.5090,23:25:15,1056147113588,63037,0,24039,2520,51
1784647515.7090,23:25:15,1056147120895,63037,0,24039,2520,51
1784647515.9091,23:25:15,1056147128185,56446,0,24039,2520,50
1784647516.1091,23:25:16,1056147135397,56446,0,24039,2520,50
1784647516.3090,23:25:16,1056147142588,56446,0,24039,2520,50
1784647516.5090,23:25:16,1056147149821,56446,0,24039,2520,50
1784647516.7090,23:25:16,1056147157042,56446,0,24039,2520,50
1784647516.9090,23:25:16,1056147164257,55965,0,24039,2520,50
1784647517.1091,23:25:17,1056147171542,55965,0,24039,2520,50
1784647517.3091,23:25:17,1056147178778,55965,0,24039,2520,50
1784647517.5090,23:25:17,1056147185964,55965,0,24039,2520,50
1784647517.7090,23:25:17,1056147193153,55965,0,24039,2520,50
1784647517.9091,23:25:17,1056147200360,55769,0,24039,2520,50
1784647518.1091,23:25:18,1056147207514,55769,0,24039,2520,50
1784647518.3090,23:25:18,1056147214670,55769,0,24039,2520,50
1784647518.5090,23:25:18,1056147221790,55769,0,24039,2520,50
1784647518.7090,23:25:18,1056147228941,55769,0,24039,2520,50
1784647518.9090,23:25:18,1056147236083,55664,0,24039,2520,49
1784647519.1091,23:25:19,1056147243181,55664,0,24039,2520,49
1784647519.3090,23:25:19,1056147250272,55664,0,24039,2520,49
1784647519.5090,23:25:19,1056147257319,55664,0,24039,2520,49
1784647519.7090,23:25:19,1056147264368,55664,0,24039,2520,49
1784647519.9090,23:25:19,1056147271424,55269,0,24039,2520,49
1784647520.1090,23:25:20,1056147278470,55269,0,24039,2520,49
1784647520.3090,23:25:20,1056147285466,55269,0,24039,2520,49
1784647520.5090,23:25:20,1056147292489,55269,0,24039,2520,49
1784647520.7090,23:25:20,1056147299461,55269,0,24039,2520,49
1784647520.9090,23:25:20,1056147306431,54855,0,24039,2520,49
1784647521.1090,23:25:21,1056147313355,54855,0,24039,2520,49
1784647521.3090,23:25:21,1056147320226,54855,0,24039,2520,49
1784647521.5090,23:25:21,1056147327008,54855,0,24039,2520,49
1784647521.7090,23:25:21,1056147333766,54855,0,24039,2520,49
1784647521.9090,23:25:21,1056147340572,54068,0,24039,2520,48
1784647522.1091,23:25:22,1056147347358,54068,0,24039,2520,48
1784647522.3091,23:25:22,1056147354112,54068,0,24039,2520,48
1784647522.5091,23:25:22,1056147360830,54068,0,24039,2520,48
1784647522.7091,23:25:22,1056147367512,54068,0,24039,2520,48
1784647522.9091,23:25:22,1056147374176,53112,0,24039,2520,48
1784647523.1091,23:25:23,1056147380797,53112,0,24039,2520,48
1784647523.3091,23:25:23,1056147387390,53112,0,24039,2520,48
1784647523.5091,23:25:23,1056147393968,53112,0,24039,2520,48
1784647523.7091,23:25:23,1056147400531,53112,0,24039,2520,48
1784647523.9091,23:25:23,1056147407089,52224,0,24039,2520,48
1784647524.1090,23:25:24,1056147413696,52224,0,24039,2520,48
1784647524.3091,23:25:24,1056147420312,52224,0,24039,2520,48
1784647524.5091,23:25:24,1056147426943,52224,0,24039,2520,48
1784647524.7091,23:25:24,1056147433495,52224,0,24039,2520,48
1784647524.9091,23:25:24,1056147440039,51790,0,24039,2520,47
1784647525.1091,23:25:25,1056147446541,51790,0,24039,2520,47
1784647525.3090,23:25:25,1056147453039,51790,0,24039,2520,47
1784647525.5091,23:25:25,1056147459560,51790,0,24039,2520,47
1784647525.7091,23:25:25,1056147466079,51790,0,24039,2520,47
1784647525.9091,23:25:25,1056147472576,51619,0,24039,2520,47
1784647526.1091,23:25:26,1056147479092,51619,0,24039,2520,47
1784647526.3091,23:25:26,1056147485550,51619,0,24039,2520,47
1784647526.5091,23:25:26,1056147492008,51619,0,24039,2520,47
1784647526.7091,23:25:26,1056147498438,51619,0,24039,2520,47
1784647526.9091,23:25:26,1056147504870,51275,0,24039,2520,47
1784647527.1091,23:25:27,1056147511270,51275,0,24039,2520,47
1784647527.3091,23:25:27,1056147517670,51275,0,24039,2520,47
1784647527.5091,23:25:27,1056147524013,51275,0,24039,2520,47
1784647527.7091,23:25:27,1056147530320,51275,0,24039,2520,47
1784647527.9091,23:25:27,1056147536654,50885,0,24039,2520,47
1784647528.1091,23:25:28,1056147542980,50885,0,24039,2520,47
1784647528.3091,23:25:28,1056147549293,50885,0,24039,2520,47
1784647528.5091,23:25:28,1056147555582,50885,0,24039,2520,47
1784647528.7091,23:25:28,1056147558127,50885,0,24039,2520,47
1784647528.9091,23:25:28,1056147561472,45888,0,24039,450,46
1784647529.1091,23:25:29,1056147563915,45888,0,24039,450,46
1784647529.3091,23:25:29,1056147566338,45888,0,24039,450,46
1784647529.5091,23:25:29,1056147592334,33468,0,24039,2520,45
1784647529.7091,23:25:29,1056147643861,33468,0,24039,2520,45
1784647529.9091,23:25:29,1056147701436,141032,100,24039,2745,56
1784647530.1091,23:25:30,1056147758998,141032,100,24039,2745,56
1784647530.3091,23:25:30,1056147816986,141032,100,24039,2745,56
1784647530.5091,23:25:30,1056147874586,193651,100,24039,2745,57
1784647530.7091,23:25:30,1056147932588,193651,100,24039,2745,57
1784647530.9091,23:25:30,1056147990458,310011,100,24039,2745,58
1784647531.1091,23:25:31,1056148048461,310011,100,24039,2745,58
1784647531.3091,23:25:31,1056148106626,310011,100,24039,2745,58
1784647531.5091,23:25:31,1056148164814,310657,100,24039,2745,58
1784647531.7091,23:25:31,1056148222522,310657,100,24039,2745,58
1784647531.9090,23:25:31,1056148280629,311343,100,24039,2745,59
1784647532.1090,23:25:32,1056148338474,311343,100,24039,2745,59
1784647532.3091,23:25:32,1056148396565,311343,100,24039,2745,59
1784647532.5091,23:25:32,1056148454645,311806,100,24039,2745,59
1784647532.7091,23:25:32,1056148512801,311806,100,24039,2745,59
1784647532.9090,23:25:32,1056148570843,312385,100,24039,2745,59
1784647533.1090,23:25:33,1056148628793,312385,100,24039,2745,59
1784647533.3090,23:25:33,1056148687184,312385,100,24039,2745,59
1784647533.5090,23:25:33,1056148745756,313241,100,24039,2745,60
1784647533.7091,23:25:33,1056148803535,313241,100,24039,2745,60
1784647533.9091,23:25:33,1056148861473,313215,100,24039,2745,60
1784647534.1091,23:25:34,1056148919244,313215,100,24039,2745,60
1784647534.3091,23:25:34,1056148977388,313215,100,24039,2745,60
1784647534.5090,23:25:34,1056149035954,313729,100,24039,2745,60
1784647534.7090,23:25:34,1056149093777,313729,100,24039,2745,60
1784647534.9090,23:25:34,1056149151727,313595,100,24039,2745,60
1784647535.1091,23:25:35,1056149209457,313595,100,24039,2745,60
1784647535.3091,23:25:35,1056149267549,313595,100,24039,2745,60
1784647535.5091,23:25:35,1056149325394,313839,100,24039,2745,60
1784647535.7091,23:25:35,1056149383107,313839,100,24039,2745,60
1784647535.9091,23:25:35,1056149440920,313099,100,24039,2745,60
1784647536.1091,23:25:36,1056149499195,313099,100,24039,2745,60
1784647536.3091,23:25:36,1056149557672,313099,100,24039,2745,60
1784647536.5091,23:25:36,1056149615565,314566,100,24039,2745,61
1784647536.7091,23:25:36,1056149673248,314566,100,24039,2745,61
1784647536.9091,23:25:36,1056149732125,315610,100,24039,2745,61
1784647537.1090,23:25:37,1056149790319,315610,100,24039,2745,61
1784647537.3091,23:25:37,1056149848616,315610,100,24039,2745,61
1784647537.5091,23:25:37,1056149906582,315327,100,24039,2745,61
1784647537.7091,23:25:37,1056149964792,315327,100,24039,2745,61
1784647537.9091,23:25:37,1056150022828,315280,100,24039,2745,61
1784647538.1091,23:25:38,1056150081246,315280,100,24039,2745,61
1784647538.3091,23:25:38,1056150139329,315280,100,24039,2745,61
1784647538.5091,23:25:38,1056150197707,316008,100,24039,2745,61
1784647538.7091,23:25:38,1056150255756,316008,100,24039,2745,61
1784647538.9091,23:25:38,1056150314266,316869,100,24039,2745,62
1784647539.1091,23:25:39,1056150372835,316869,100,24039,2745,62
1784647539.3091,23:25:39,1056150431212,316869,100,24039,2745,62
1784647539.5091,23:25:39,1056150489899,318254,100,24039,2745,62
1784647539.7092,23:25:39,1056150548076,318254,100,24039,2745,62
1784647539.9091,23:25:39,1056150606124,318618,100,24039,2745,62
1784647540.1091,23:25:40,1056150664618,318618,100,24039,2745,62
1784647540.3091,23:25:40,1056150723820,318618,100,24039,2745,62
1784647540.5091,23:25:40,1056150782348,318876,100,24039,2745,62
1784647540.7091,23:25:40,1056150840450,318876,100,24039,2745,62
1784647540.9091,23:25:40,1056150898798,319129,100,24039,2745,62
1784647541.1090,23:25:41,1056150957448,319129,100,24039,2745,62
1784647541.3091,23:25:41,1056151015848,319129,100,24039,2745,62
1784647541.5091,23:25:41,1056151074891,319101,100,24039,2745,62
1784647541.7091,23:25:41,1056151133486,319101,100,24039,2745,62
1784647541.9091,23:25:41,1056151192589,320542,100,24039,2745,63
1784647542.1091,23:25:42,1056151251831,320542,100,24039,2745,63
1784647542.3091,23:25:42,1056151310145,320542,100,24039,2745,63
1784647542.5091,23:25:42,1056151369330,321628,100,24039,2745,63
1784647542.7091,23:25:42,1056151428056,321628,100,24039,2745,63
1784647542.9091,23:25:42,1056151486272,321360,100,24039,2745,63
1784647543.1091,23:25:43,1056151544620,321360,100,24039,2745,63
1784647543.3090,23:25:43,1056151603214,321360,100,24039,2745,63
1784647543.5091,23:25:43,1056151661858,320987,100,24039,2745,63
1784647543.7091,23:25:43,1056151720117,320987,100,24039,2745,63
1784647543.9091,23:25:43,1056151778622,320445,100,24039,2745,63
1784647544.1091,23:25:44,1056151837225,320445,100,24039,2745,63
1784647544.3091,23:25:44,1056151896105,320445,100,24039,2745,63
1784647544.5091,23:25:44,1056151954901,322002,100,24039,2745,63
1784647544.7091,23:25:44,1056152013386,322002,100,24039,2745,63
1784647544.9091,23:25:44,1056152072089,322741,100,24039,2745,63
1784647545.1091,23:25:45,1056152130388,322741,100,24039,2745,63
1784647545.3091,23:25:45,1056152188681,322741,100,24039,2745,63
1784647545.5091,23:25:45,1056152246961,321841,100,24039,2745,63
1784647545.7091,23:25:45,1056152305256,321841,100,24039,2745,63
1784647545.9091,23:25:45,1056152363716,321295,100,24039,2745,63
1784647546.1091,23:25:46,1056152422205,321295,100,24039,2745,63
1784647546.3091,23:25:46,1056152480729,321295,100,24039,2745,63
1784647546.5091,23:25:46,1056152539218,321731,100,24039,2745,63
1784647546.7091,23:25:46,1056152597744,321731,100,24039,2745,63
1784647546.9091,23:25:46,1056152656018,322439,100,24039,2745,63
1784647547.1091,23:25:47,1056152714342,322439,100,24039,2745,63
1784647547.3091,23:25:47,1056152773027,322439,100,24039,2745,63
1784647547.5091,23:25:47,1056152831405,322564,100,24039,2745,63
1784647547.7091,23:25:47,1056152889722,322564,100,24039,2745,63
1784647547.9091,23:25:47,1056152948006,322801,100,24039,2745,64
1784647548.1091,23:25:48,1056153006454,322801,100,24039,2745,64
1784647548.3091,23:25:48,1056153065195,322801,100,24039,2745,64
1784647548.5091,23:25:48,1056153124155,323656,100,24039,2745,64
1784647548.7091,23:25:48,1056153182726,323656,100,24039,2745,64
1784647548.9091,23:25:48,1056153241533,325065,100,24039,2745,64
1784647549.1091,23:25:49,1056153300062,325065,100,24039,2745,64
1784647549.3091,23:25:49,1056153359015,325065,100,24039,2745,64
1784647549.5091,23:25:49,1056153417514,325514,100,24039,2745,64
1784647549.7091,23:25:49,1056153476167,325514,100,24039,2745,64
1784647549.9091,23:25:49,1056153535057,325599,100,24039,2745,64
1784647550.1091,23:25:50,1056153593560,325599,100,24039,2745,64
1784647550.3091,23:25:50,1056153652157,325599,100,24039,2745,64
1784647550.5091,23:25:50,1056153710694,325664,100,24039,2745,64
1784647550.7091,23:25:50,1056153769200,325664,100,24039,2745,64
1784647550.9091,23:25:50,1056153827723,325358,100,24039,2745,64
1784647551.1090,23:25:51,1056153891231,325358,100,24039,2745,64
1784647551.3091,23:25:51,1056153954818,325358,100,24039,2745,64
1784647551.5091,23:25:51,1056154019037,325316,100,24039,2745,64
1784647551.7091,23:25:51,1056154083165,325316,100,24039,2745,64
1784647551.9090,23:25:51,1056154147371,327042,100,24039,2745,64
1784647552.1091,23:25:52,1056154211055,327042,100,24039,2745,64
1784647552.3090,23:25:52,1056154275081,327042,100,24039,2745,64
1784647552.5090,23:25:52,1056154338804,327754,100,24039,2745,64
1784647552.7091,23:25:52,1056154402565,327754,100,24039,2745,64
1784647552.9090,23:25:52,1056154466345,326716,100,24039,2745,65
1784647553.1091,23:25:53,1056154531199,326716,100,24039,2745,65
1784647553.3090,23:25:53,1056154595186,326716,100,24039,2745,65
1784647553.5091,23:25:53,1056154659261,327791,100,24039,2745,64
1784647553.7091,23:25:53,1056154723477,327791,100,24039,2745,64
1784647553.9091,23:25:53,1056154788074,329500,100,24039,2745,64
1784647554.1091,23:25:54,1056154852447,329500,100,24039,2745,64
1784647554.3091,23:25:54,1056154916808,329500,100,24039,2745,64
1784647554.5091,23:25:54,1056154980590,329476,100,24039,2745,64
1784647554.7090,23:25:54,1056155044518,329476,100,24039,2745,64
1784647554.9091,23:25:54,1056155108576,328471,100,24039,2745,64
1784647555.1091,23:25:55,1056155173394,328471,100,24039,2745,64
1784647555.3091,23:25:55,1056155237533,328471,100,24039,2745,64
1784647555.5091,23:25:55,1056155301615,328522,100,24039,2745,64
1784647555.7091,23:25:55,1056155365714,328522,100,24039,2745,64
1784647555.9090,23:25:55,1056155429985,329103,100,24039,2745,65
1784647556.1091,23:25:56,1056155494034,329103,100,24039,2745,65
1784647556.3091,23:25:56,1056155558227,329103,100,24039,2745,65
1784647556.5091,23:25:56,1056155622544,328463,100,24039,2745,65
1784647556.7091,23:25:56,1056155687235,328463,100,24039,2745,65
1784647556.9091,23:25:56,1056155751473,329549,100,24039,2745,65
1784647557.1091,23:25:57,1056155816295,329549,100,24039,2745,65
1784647557.3091,23:25:57,1056155880617,329549,100,24039,2745,65
1784647557.5091,23:25:57,1056155944891,330362,100,24039,2745,65
1784647557.7091,23:25:57,1056156009634,330362,100,24039,2745,65
1784647557.9091,23:25:57,1056156073873,330181,100,24039,2745,65
1784647558.1091,23:25:58,1056156138474,330181,100,24039,2745,65
1784647558.3091,23:25:58,1056156202717,330181,100,24039,2745,65
1784647558.5091,23:25:58,1056156267171,329891,100,24039,2745,65
1784647558.7091,23:25:58,1056156331423,329891,100,24039,2745,65
1784647558.9091,23:25:58,1056156395770,329656,100,24039,2745,65
1784647559.1091,23:25:59,1056156460415,329656,100,24039,2745,65
1784647559.3091,23:25:59,1056156524807,329656,100,24039,2745,65
1784647559.5091,23:25:59,1056156589340,329865,100,24039,2745,65
1784647559.7091,23:25:59,1056156653951,329865,100,24039,2745,65
1784647559.9091,23:25:59,1056156718474,330462,100,24039,2745,65
1784647560.1091,23:26:00,1056156782924,330462,100,24039,2745,65
1784647560.3091,23:26:00,1056156847459,330462,100,24039,2745,65
1784647560.5091,23:26:00,1056156912233,330737,100,24039,2745,65
1784647560.7091,23:26:00,1056156976939,330737,100,24039,2745,65
1784647560.9090,23:26:00,1056157041457,330878,100,24039,2745,65
1784647561.1091,23:26:01,1056157105990,330878,100,24039,2745,65
1784647561.3091,23:26:01,1056157170845,330878,100,24039,2745,65
1784647561.5091,23:26:01,1056157235334,331221,100,24039,2745,65
1784647561.7091,23:26:01,1056157300236,331221,100,24039,2745,65
1784647561.9091,23:26:01,1056157365044,331461,100,24039,2745,65
1784647562.1091,23:26:02,1056157429593,331461,100,24039,2745,65
1784647562.3091,23:26:02,1056157494317,331461,100,24039,2745,65
1784647562.5091,23:26:02,1056157558776,331316,100,24039,2745,65
1784647562.7091,23:26:02,1056157623865,331316,100,24039,2745,65
1784647562.9091,23:26:02,1056157688488,331288,100,24039,2745,65
1784647563.1091,23:26:03,1056157753249,331288,100,24039,2745,65
1784647563.3091,23:26:03,1056157818305,331288,100,24039,2745,65
1784647563.5091,23:26:03,1056157882744,331717,100,24039,2745,65
1784647563.7091,23:26:03,1056157947778,331717,100,24039,2745,65
1784647563.9091,23:26:03,1056158012470,331884,100,24039,2745,65
1784647564.1091,23:26:04,1056158077337,331884,100,24039,2745,65
1784647564.3091,23:26:04,1056158142053,331884,100,24039,2745,65
1784647564.5091,23:26:04,1056158207541,332032,100,24039,2745,65
1784647564.7091,23:26:04,1056158272610,332032,100,24039,2745,65
1784647564.9091,23:26:04,1056158337842,333148,100,24039,2745,65
1784647565.1091,23:26:05,1056158402475,333148,100,24039,2745,65
1784647565.3091,23:26:05,1056158467336,333148,100,24039,2745,65
1784647565.5091,23:26:05,1056158532490,333455,100,24039,2745,66
1784647565.7091,23:26:05,1056158597475,333455,100,24039,2745,66
1784647565.9091,23:26:05,1056158662449,333033,100,24039,2745,65
1784647566.1091,23:26:06,1056158727112,333033,100,24039,2745,65
1784647566.3091,23:26:06,1056158792047,333033,100,24039,2745,65
1784647566.5091,23:26:06,1056158857020,333053,100,24039,2745,65
1784647566.7091,23:26:06,1056158921526,333053,100,24039,2745,65
1784647566.9091,23:26:06,1056158986046,332472,100,24039,2745,65
1784647567.1091,23:26:07,1056159050655,332472,100,24039,2745,65
1784647567.3091,23:26:07,1056159115289,332472,100,24039,2745,65
1784647567.5091,23:26:07,1056159179809,332302,100,24039,2745,65
1784647567.7091,23:26:07,1056159244736,332302,100,24039,2745,65
1784647567.9091,23:26:07,1056159309890,333060,100,24039,2745,66
1784647568.1091,23:26:08,1056159375198,333060,100,24039,2745,66
1784647568.3091,23:26:08,1056159440043,333060,100,24039,2745,66
1784647568.5091,23:26:08,1056159504690,334272,100,24039,2745,65
1784647568.7091,23:26:08,1056159569244,334272,100,24039,2745,65
1784647568.9091,23:26:08,1056159634397,334223,100,24039,2745,65
1784647569.1091,23:26:09,1056159698982,334223,100,24039,2745,65
1784647569.3091,23:26:09,1056159763667,334223,100,24039,2745,65
1784647569.5091,23:26:09,1056159828227,333602,100,24039,2745,65
1784647569.7091,23:26:09,1056159893069,333602,100,24039,2745,65
1784647569.9091,23:26:09,1056159957908,334202,100,24039,2745,65
1784647570.1091,23:26:10,1056160022693,334202,100,24039,2745,65
1784647570.3091,23:26:10,1056160087129,334202,100,24039,2745,65
1784647570.5091,23:26:10,1056160151614,334058,100,24039,2745,65
1784647570.7091,23:26:10,1056160216319,334058,100,24039,2745,65
1784647570.9091,23:26:10,1056160281012,334057,100,24039,2745,65
1784647571.1091,23:26:11,1056160345392,334057,100,24039,2745,65
1784647571.3091,23:26:11,1056160410338,334057,100,24039,2745,65
1784647571.5091,23:26:11,1056160474950,334339,100,24039,2745,66
1784647571.7091,23:26:11,1056160539099,334339,100,24039,2745,66
1784647571.9091,23:26:11,1056160603779,334521,100,24039,2745,66
1784647572.1091,23:26:12,1056160668700,334521,100,24039,2745,66
1784647572.3091,23:26:12,1056160734741,334521,100,24039,2745,66
1784647572.5091,23:26:12,1056160799239,335944,100,24039,2745,66
1784647572.7091,23:26:12,1056160863403,335944,100,24039,2745,66
1784647572.9091,23:26:12,1056160927555,335508,100,24039,2745,65
1784647573.1091,23:26:13,1056160991650,335508,100,24039,2745,65
1784647573.3091,23:26:13,1056161055745,335508,100,24039,2745,65
1784647573.5091,23:26:13,1056161119843,333378,100,24039,2745,65
1784647573.7091,23:26:13,1056161183907,333378,100,24039,2745,65
1784647573.9091,23:26:13,1056161247809,333208,100,24039,2745,65
1784647574.1091,23:26:14,1056161311728,333208,100,24039,2745,65
1784647574.3091,23:26:14,1056161375715,333208,100,24039,2745,65
1784647574.5091,23:26:14,1056161439620,332976,100,24039,2745,65
1784647574.7091,23:26:14,1056161503450,332976,100,24039,2745,65
1784647574.9091,23:26:14,1056161567332,332758,100,24039,2745,65
1784647575.1091,23:26:15,1056161631259,332758,100,24039,2745,65
1784647575.3091,23:26:15,1056161695073,332758,100,24039,2745,65
1784647575.5091,23:26:15,1056161758888,332896,100,24039,2745,65
1784647575.7091,23:26:15,1056161822577,332896,100,24039,2745,65
1784647575.9091,23:26:15,1056161886174,332863,100,24039,2745,65
1784647576.1091,23:26:16,1056161949732,332863,100,24039,2745,65
1784647576.3091,23:26:16,1056162013315,332863,100,24039,2745,65
1784647576.5091,23:26:16,1056162074882,331716,100,24039,2745,65
1784647576.7091,23:26:16,1056162135830,331716,100,24039,2745,65
1784647576.9091,23:26:16,1056162196714,325352,100,24039,2745,65
1784647577.1091,23:26:17,1056162257334,325352,100,24039,2745,65
1784647577.3091,23:26:17,1056162317983,325352,100,24039,2745,65
1784647577.5091,23:26:17,1056162378619,318485,100,24039,2745,65
1784647577.7091,23:26:17,1056162439190,318485,100,24039,2745,65
1784647577.9091,23:26:17,1056162499849,317363,100,24039,2745,65
1784647578.1091,23:26:18,1056162560350,317363,100,24039,2745,65
1784647578.3091,23:26:18,1056162619616,317363,100,24039,2745,65
1784647578.5091,23:26:18,1056162678838,315418,100,24039,2745,64
1784647578.7091,23:26:18,1056162737994,315418,100,24039,2745,64
1784647578.9091,23:26:18,1056162797136,312588,100,24039,2745,64
1784647579.1091,23:26:19,1056162856254,312588,100,24039,2745,64
1784647579.3091,23:26:19,1056162915371,312588,100,24039,2745,64
1784647579.5091,23:26:19,1056162973839,310818,100,24039,2745,64
1784647579.7091,23:26:19,1056163031880,310818,100,24039,2745,64
1784647579.9091,23:26:19,1056163090042,308421,100,24039,2745,64
1784647580.1091,23:26:20,1056163148110,308421,100,24039,2745,64
1784647580.3091,23:26:20,1056163206132,308421,100,24039,2745,64
1784647580.5091,23:26:20,1056163264054,305997,100,24039,2745,64
1784647580.7091,23:26:20,1056163322025,305997,100,24039,2745,64
1784647580.9091,23:26:20,1056163379963,305613,100,24039,2745,64
1784647581.1091,23:26:21,1056163437834,305613,100,24039,2745,64
1784647581.3091,23:26:21,1056163495801,305613,100,24039,2745,64
1784647581.5091,23:26:21,1056163554539,305553,100,24039,2745,64
1784647581.7091,23:26:21,1056163618084,305553,100,24039,2745,64
1784647581.9091,23:26:21,1056163681782,317636,100,24039,2745,66
1784647582.1091,23:26:22,1056163745394,317636,100,24039,2745,66
1784647582.3091,23:26:22,1056163809077,317636,100,24039,2745,66
1784647582.5091,23:26:22,1056163872724,331536,100,24039,2745,66
1784647582.7091,23:26:22,1056163931389,331536,100,24039,2745,66
1784647582.9091,23:26:22,1056163948079,283823,0,24039,2745,57
1784647583.1091,23:26:23,1056163964183,283823,0,24039,2745,57
1784647583.3091,23:26:23,1056163980169,283823,0,24039,2745,57
1784647583.5091,23:26:23,1056163996027,169350,0,24039,2745,56
1784647583.7091,23:26:23,1056164011782,169350,0,24039,2745,56
1784647583.9091,23:26:23,1056164020591,123370,0,24039,2745,55
1784647584.1091,23:26:24,1056164029404,123370,0,24039,2745,55
1784647584.3091,23:26:24,1056164038226,123370,0,24039,2745,55
1784647584.5091,23:26:24,1056164045453,123370,0,24039,2745,55
1784647584.7091,23:26:24,1056164053237,123370,0,24039,2745,55
1784647584.9091,23:26:24,1056164060192,79374,0,24039,2520,54
1784647585.1091,23:26:25,1056164067081,79374,0,24039,2520,54
1784647585.3091,23:26:25,1056164073910,79374,0,24039,2520,54
1784647585.5091,23:26:25,1056164080739,79374,0,24039,2520,54
1784647585.7091,23:26:25,1056164087607,79374,0,24039,2520,54
1784647585.9091,23:26:25,1056164094412,71717,0,24039,2520,53
1784647586.1091,23:26:26,1056164101206,71717,0,24039,2520,53
1784647586.3091,23:26:26,1056164108010,71717,0,24039,2520,53
1784647586.5091,23:26:26,1056164114835,71717,0,24039,2520,53
1784647586.7091,23:26:26,1056164121639,71717,0,24039,2520,53
1784647586.9091,23:26:26,1056164128459,64107,0,24039,2520,52
1784647587.1091,23:26:27,1056164135253,64107,0,24039,2520,52
1784647587.3091,23:26:27,1056164142028,64107,0,24039,2520,52
1784647587.5091,23:26:27,1056164148779,64107,0,24039,2520,52
1784647587.7091,23:26:27,1056164155555,64107,0,24039,2520,52
1784647587.9091,23:26:27,1056164162305,63762,0,24039,2520,51
1784647588.1091,23:26:28,1056164168978,63762,0,24039,2520,51
1784647588.3091,23:26:28,1056164175628,63762,0,24039,2520,51
1784647588.5091,23:26:28,1056164182251,63762,0,24039,2520,51
1784647588.7091,23:26:28,1056164188897,63762,0,24039,2520,51
1784647588.9091,23:26:28,1056164195492,63361,0,24039,2520,51
1784647589.1091,23:26:29,1056164202047,63361,0,24039,2520,51
1784647589.3091,23:26:29,1056164208601,63361,0,24039,2520,51
1784647589.5091,23:26:29,1056164215158,63361,0,24039,2520,51
1784647589.7091,23:26:29,1056164221729,63361,0,24039,2520,51
1784647589.9091,23:26:29,1056164228256,62548,0,24039,2520,50
1784647590.1091,23:26:30,1056164234782,62548,0,24039,2520,50
1784647590.3091,23:26:30,1056164241301,62548,0,24039,2520,50
1784647590.5091,23:26:30,1056164247775,62548,0,24039,2520,50
1784647590.7091,23:26:30,1056164254237,62548,0,24039,2520,50
1784647590.9091,23:26:30,1056164260641,62005,0,24039,2520,50
1784647591.1091,23:26:31,1056164266991,62005,0,24039,2520,50
1784647591.3091,23:26:31,1056164273309,62005,0,24039,2520,50
1784647591.5091,23:26:31,1056164279623,62005,0,24039,2520,50
1784647591.7091,23:26:31,1056164285945,62005,0,24039,2520,50
1784647591.9091,23:26:31,1056164292235,61105,0,24039,2520,50
1784647592.1091,23:26:32,1056164298473,61105,0,24039,2520,50
1784647592.3091,23:26:32,1056164304719,61105,0,24039,2520,50
1784647592.5091,23:26:32,1056164310945,61105,0,24039,2520,50
1784647592.7091,23:26:32,1056164317153,61105,0,24039,2520,50
1784647592.9091,23:26:32,1056164323285,59969,0,24039,2520,49
1784647593.1091,23:26:33,1056164329386,59969,0,24039,2520,49
1784647593.3091,23:26:33,1056164335466,59969,0,24039,2520,49
1784647593.5091,23:26:33,1056164341489,59969,0,24039,2520,49
1784647593.7091,23:26:33,1056164347526,59969,0,24039,2520,49
1784647593.9091,23:26:33,1056164353474,58923,0,24039,2520,49
1784647594.1091,23:26:34,1056164359410,58923,0,24039,2520,49
1784647594.3091,23:26:34,1056164365326,58923,0,24039,2520,49
1784647594.5091,23:26:34,1056164371169,58923,0,24039,2520,49
1784647594.7091,23:26:34,1056164377062,58923,0,24039,2520,49
1784647594.9091,23:26:34,1056164382912,57568,0,24039,2520,48
1784647595.1091,23:26:35,1056164388723,57568,0,24039,2520,48
1784647595.3091,23:26:35,1056164394516,57568,0,24039,2520,48
1784647595.5092,23:26:35,1056164400295,57568,0,24039,2520,48
1784647595.7091,23:26:35,1056164406060,57568,0,24039,2520,48
1784647595.9091,23:26:35,1056164411817,56464,0,24039,2520,48
1784647596.1091,23:26:36,1056164417518,56464,0,24039,2520,48
1784647596.3091,23:26:36,1056164423155,56464,0,24039,2520,48
1784647596.5091,23:26:36,1056164428773,56464,0,24039,2520,48
1784647596.7091,23:26:36,1056164434414,56464,0,24039,2520,48
1784647596.9091,23:26:36,1056164440016,55484,0,24039,2520,48
1784647597.1091,23:26:37,1056164445592,55484,0,24039,2520,48
1784647597.3091,23:26:37,1056164451129,55484,0,24039,2520,48
1784647597.5091,23:26:37,1056164456675,55484,0,24039,2520,48
1784647597.7091,23:26:37,1056164462214,55484,0,24039,2520,48
1784647597.9091,23:26:37,1056164467706,54398,0,24039,2520,47
1784647598.1091,23:26:38,1056164473156,54398,0,24039,2520,47
1784647598.3091,23:26:38,1056164478601,54398,0,24039,2520,47
1784647598.5091,23:26:38,1056164483988,54398,0,24039,2520,47
1784647598.7091,23:26:38,1056164489384,54398,0,24039,2520,47
1784647598.9091,23:26:38,1056164494668,53410,0,24039,2520,47
1784647599.1091,23:26:39,1056164499965,53410,0,24039,2520,47
1784647599.3091,23:26:39,1056164505255,53410,0,24039,2520,47
1784647599.5091,23:26:39,1056164510561,53410,0,24039,2520,47
1784647599.7091,23:26:39,1056164538448,53410,0,24039,2520,47
1784647599.9091,23:26:39,1056164593877,105664,100,24039,2745,57
1784647600.1091,23:26:40,1056164655352,105664,100,24039,2745,57
1784647600.3091,23:26:40,1056164717095,105664,100,24039,2745,57
1784647600.5091,23:26:40,1056164778915,169640,100,24039,2745,59
1784647600.7091,23:26:40,1056164840626,169640,100,24039,2745,59
1784647600.9091,23:26:40,1056164902252,335676,100,24039,2745,60
1784647601.1091,23:26:41,1056164963995,335676,100,24039,2745,60
1784647601.3091,23:26:41,1056165025600,335676,100,24039,2745,60
1784647601.5091,23:26:41,1056165087052,336898,100,24039,2745,60
1784647601.7091,23:26:41,1056165148623,336898,100,24039,2745,60
1784647601.9091,23:26:41,1056165243733,336641,100,24039,2745,61
1784647602.1091,23:26:42,1056165277135,336641,100,24039,2745,61
1784647602.3091,23:26:42,1056165371465,336641,100,24039,2745,61
1784647602.5091,23:26:42,1056165437912,335298,100,24039,2745,61
1784647602.7091,23:26:42,1056165504350,335298,100,24039,2745,61
1784647602.9091,23:26:42,1056165570760,333684,100,24039,2745,61
1784647603.1091,23:26:43,1056165637241,333684,100,24039,2745,61
1784647603.3091,23:26:43,1056165702949,333684,100,24039,2745,61
1784647603.5091,23:26:43,1056165768586,332347,100,24039,2745,61
1784647603.7091,23:26:43,1056165834282,332347,100,24039,2745,61
1784647603.9091,23:26:43,1056165900275,330970,100,24039,2745,61
1784647604.1091,23:26:44,1056165966291,330970,100,24039,2745,61
1784647604.3091,23:26:44,1056166032191,330970,100,24039,2745,61
1784647604.5091,23:26:44,1056166098306,330242,100,24039,2745,61
1784647604.7091,23:26:44,1056166162923,330242,100,24039,2745,61
1784647604.9091,23:26:44,1056166225912,328329,100,24039,2745,61
1784647605.1091,23:26:45,1056166288610,328329,100,24039,2745,61
1784647605.3091,23:26:45,1056166351235,328329,100,24039,2745,61
1784647605.5091,23:26:45,1056166413848,320821,100,24039,2745,61
1784647605.7091,23:26:45,1056166476432,320821,100,24039,2745,61
1784647605.9091,23:26:45,1056166539249,314380,100,24039,2745,61
1784647606.1091,23:26:46,1056166602108,314380,100,24039,2745,61
1784647606.3091,23:26:46,1056166664946,314380,100,24039,2745,61
1784647606.5091,23:26:46,1056166727703,314706,100,24039,2745,61
1784647606.7091,23:26:46,1056166789028,314706,100,24039,2745,61
1784647606.9091,23:26:46,1056166849272,312699,100,24039,2745,61
1784647607.1091,23:26:47,1056166909459,312699,100,24039,2745,61
1784647607.3091,23:26:47,1056166969783,312699,100,24039,2745,61
1784647607.5091,23:26:47,1056167030070,306946,100,24039,2745,61
1784647607.7091,23:26:47,1056167090155,306946,100,24039,2745,61
1784647607.9091,23:26:47,1056167150127,302759,100,24039,2745,61
1784647608.1091,23:26:48,1056167210218,302759,100,24039,2745,61
1784647608.3091,23:26:48,1056167270328,302759,100,24039,2745,61
1784647608.5091,23:26:48,1056167330458,302728,100,24039,2745,61
1784647608.7091,23:26:48,1056167390463,302728,100,24039,2745,61
1784647608.9091,23:26:48,1056167450501,302617,100,24039,2745,61
1784647609.1091,23:26:49,1056167509989,302617,100,24039,2745,61
1784647609.3091,23:26:49,1056167568583,302617,100,24039,2745,61
1784647609.5091,23:26:49,1056167627160,301021,100,24039,2745,61
1784647609.7091,23:26:49,1056167685731,301021,100,24039,2745,61
1784647609.9091,23:26:49,1056167744329,298036,100,24039,2745,61
1784647610.1091,23:26:50,1056167802841,298036,100,24039,2745,61
1784647610.3091,23:26:50,1056167861335,298036,100,24039,2745,61
1784647610.5091,23:26:50,1056167919891,296205,100,24039,2745,61
1784647610.7091,23:26:50,1056167977400,296205,100,24039,2745,61
1784647610.9091,23:26:50,1056168035865,296224,100,24039,2745,61
1784647611.1091,23:26:51,1056168093421,296224,100,24039,2745,61
1784647611.3091,23:26:51,1056168150590,296224,100,24039,2745,61
1784647611.5091,23:26:51,1056168207175,295783,100,24039,2745,61
1784647611.7091,23:26:51,1056168263833,295783,100,24039,2745,61
1784647611.9091,23:26:51,1056168320514,293691,100,24039,2745,61
1784647612.1091,23:26:52,1056168377244,293691,100,24039,2745,61
1784647612.3091,23:26:52,1056168435380,293691,100,24039,2745,61
1784647612.5091,23:26:52,1056168497853,293306,100,24039,2745,62
1784647612.7091,23:26:52,1056168552021,293306,100,24039,2745,62
1784647612.9091,23:26:52,1056168566612,271374,0,24039,2745,55
1784647613.1091,23:26:53,1056168580785,271374,0,24039,2745,55
1784647613.3091,23:26:53,1056168594819,271374,0,24039,2745,55
1784647613.5091,23:26:53,1056168608625,174463,0,24039,2745,53
1784647613.7091,23:26:53,1056168622260,174463,0,24039,2745,53
1784647613.9091,23:26:53,1056168635801,107144,0,24039,2745,53
1784647614.1091,23:26:54,1056168649358,107144,0,24039,2745,53
1784647614.3091,23:26:54,1056168662905,107144,0,24039,2745,53
1784647614.5091,23:26:54,1056168676393,107144,0,24039,2745,53
1784647614.7091,23:26:54,1056168687740,107144,0,24039,2745,53
1784647614.9091,23:26:54,1056168698403,67854,0,24039,2520,51
1784647615.1091,23:26:55,1056168709106,67854,0,24039,2520,51
1784647615.3091,23:26:55,1056168719762,67854,0,24039,2520,51
1784647615.5091,23:26:55,1056168730401,67854,0,24039,2520,51
1784647615.7091,23:26:55,1056168741044,67854,0,24039,2520,51
1784647615.9091,23:26:55,1056168751624,60946,0,24039,2520,50
1784647616.1091,23:26:56,1056168762209,60946,0,24039,2520,50
1784647616.3091,23:26:56,1056168772831,60946,0,24039,2520,50
1784647616.5091,23:26:56,1056168783445,60946,0,24039,2520,50
1784647616.7091,23:26:56,1056168793982,60946,0,24039,2520,50
1784647616.9091,23:26:56,1056168804445,54237,0,24039,2520,50
1784647617.1091,23:26:57,1056168814914,54237,0,24039,2520,50
1784647617.3091,23:26:57,1056168825400,54237,0,24039,2520,50
1784647617.5091,23:26:57,1056168835824,54237,0,24039,2520,50
1784647617.7091,23:26:57,1056168846256,54237,0,24039,2520,50
1784647617.9091,23:26:57,1056168856764,53814,0,24039,2520,50
1784647618.1091,23:26:58,1056168867202,53814,0,24039,2520,50
1784647618.3091,23:26:58,1056168877623,53814,0,24039,2520,50
1784647618.5091,23:26:58,1056168888052,53814,0,24039,2520,50
1784647618.7091,23:26:58,1056168898486,53814,0,24039,2520,50
1784647618.9091,23:26:58,1056168908911,53498,0,24039,2520,49
1784647619.1091,23:26:59,1056168919324,53498,0,24039,2520,49
1784647619.3091,23:26:59,1056168929689,53498,0,24039,2520,49
1784647619.5091,23:26:59,1056168940082,53498,0,24039,2520,49
1784647619.7091,23:26:59,1056168950449,53498,0,24039,2520,49
1784647619.9091,23:26:59,1056168960772,53413,0,24039,2520,49
1784647620.1091,23:27:00,1056168971093,53413,0,24039,2520,49
1784647620.3091,23:27:00,1056168981400,53413,0,24039,2520,49
1784647620.5091,23:27:00,1056168991702,53413,0,24039,2520,49
1784647620.7091,23:27:00,1056169001996,53413,0,24039,2520,49
1784647620.9091,23:27:00,1056169012200,53150,0,24039,2520,49
1784647621.1091,23:27:01,1056169022416,53150,0,24039,2520,49
1784647621.3091,23:27:01,1056169032582,53150,0,24039,2520,49
1784647621.5091,23:27:01,1056169042704,53150,0,24039,2520,49
1784647621.7091,23:27:01,1056169052868,53150,0,24039,2520,49
1784647621.9091,23:27:01,1056169062986,52695,0,24039,2520,48
1784647622.1091,23:27:02,1056169073123,52695,0,24039,2520,48
1784647622.3091,23:27:02,1056169083250,52695,0,24039,2520,48
1784647622.5091,23:27:02,1056169093315,52695,0,24039,2520,48
1784647622.7091,23:27:02,1056169103388,52695,0,24039,2520,48
1784647622.9091,23:27:02,1056169113489,52264,0,24039,2520,48
1784647623.1091,23:27:03,1056169123596,52264,0,24039,2520,48
1784647623.3091,23:27:03,1056169133669,52264,0,24039,2520,48
1784647623.5091,23:27:03,1056169143726,52264,0,24039,2520,48
1784647623.7091,23:27:03,1056169153752,52264,0,24039,2520,48
1784647623.9091,23:27:03,1056169163740,52068,0,24039,2520,48
1784647624.1091,23:27:04,1056169173756,52068,0,24039,2520,48
1784647624.3091,23:27:04,1056169183734,52068,0,24039,2520,48
1784647624.5091,23:27:04,1056169193685,52068,0,24039,2520,48
1784647624.7091,23:27:04,1056169203606,52068,0,24039,2520,48
1784647624.9091,23:27:04,1056169213530,51816,0,24039,2520,47
1784647625.1091,23:27:05,1056169223499,51816,0,24039,2520,47
1784647625.3091,23:27:05,1056169233442,51816,0,24039,2520,47
1784647625.5091,23:27:05,1056169243374,51816,0,24039,2520,47
1784647625.7091,23:27:05,1056169253271,51816,0,24039,2520,47
1784647625.9091,23:27:05,1056169263108,51548,0,24039,2520,47
1784647626.1091,23:27:06,1056169272972,51548,0,24039,2520,47
1784647626.3091,23:27:06,1056169282810,51548,0,24039,2520,47
1784647626.5091,23:27:06,1056169292616,51548,0,24039,2520,47
1784647626.7091,23:27:06,1056169302433,51548,0,24039,2520,47
1784647626.9091,23:27:06,1056169312102,51270,0,24039,2520,47
1784647627.1091,23:27:07,1056169321818,51270,0,24039,2520,47
1784647627.3091,23:27:07,1056169331519,51270,0,24039,2520,47
1784647627.5091,23:27:07,1056169341260,51270,0,24039,2520,47
1784647627.7091,23:27:07,1056169350937,51270,0,24039,2520,47
1784647627.9091,23:27:07,1056169360636,50774,0,24039,2520,47
1784647628.1091,23:27:08,1056169370329,50774,0,24039,2520,47
1784647628.3091,23:27:08,1056169379981,50774,0,24039,2520,47
1784647628.5091,23:27:08,1056169389644,50774,0,24039,2520,47
1784647628.7091,23:27:08,1056169399274,50774,0,24039,2520,47
1784647628.9091,23:27:08,1056169408849,50405,0,24039,2520,47
1784647629.1091,23:27:09,1056169418396,50405,0,24039,2520,47
1784647629.3091,23:27:09,1056169427962,50405,0,24039,2520,47
1784647629.5091,23:27:09,1056169435868,50405,0,24039,2520,47
1784647629.7091,23:27:09,1056169440662,50405,0,24039,2520,47
1784647629.9091,23:27:09,1056169444370,47772,0,24039,495,46
1784647630.1091,23:27:10,1056169469519,47772,0,24039,495,46
1784647630.3091,23:27:10,1056169523831,47772,0,24039,495,46
1784647630.5091,23:27:10,1056169585370,79236,0,24039,2745,55
1784647630.7091,23:27:10,1056169649989,79236,0,24039,2745,55
1784647630.9091,23:27:10,1056169712929,210587,100,24039,2745,59
1784647631.1091,23:27:11,1056169776559,210587,100,24039,2745,59
1784647631.3091,23:27:11,1056169841159,210587,100,24039,2745,59
1784647631.5091,23:27:11,1056169906110,326810,100,24039,2745,59
1784647631.7091,23:27:11,1056169968565,326810,100,24039,2745,59
1784647631.9091,23:27:11,1056170032996,334824,100,24039,2745,60
1784647632.1091,23:27:12,1056170097548,334824,100,24039,2745,60
1784647632.3091,23:27:12,1056170161955,334824,100,24039,2745,60
1784647632.5091,23:27:12,1056170226507,334895,100,24039,2745,60
1784647632.7091,23:27:12,1056170291398,334895,100,24039,2745,60
1784647632.9091,23:27:12,1056170356161,334937,100,24039,2745,60
1784647633.1091,23:27:13,1056170420777,334937,100,24039,2745,60
1784647633.3091,23:27:13,1056170485450,334937,100,24039,2745,60
1784647633.5091,23:27:13,1056170550476,335550,100,24039,2745,61
1784647633.7091,23:27:13,1056170615226,335550,100,24039,2745,61
1784647633.9091,23:27:13,1056170680180,336283,100,24039,2745,61
1784647634.1091,23:27:14,1056170745049,336283,100,24039,2745,61
1784647634.3091,23:27:14,1056170809954,336283,100,24039,2745,61
1784647634.5091,23:27:14,1056170875256,337600,100,24039,2745,61
1784647634.7091,23:27:14,1056170940345,337600,100,24039,2745,61
1784647634.9091,23:27:14,1056171005718,338920,100,24039,2745,62
1784647635.1091,23:27:15,1056171071024,338920,100,24039,2745,62
1784647635.3091,23:27:15,1056171136483,338920,100,24039,2745,62
1784647635.5091,23:27:15,1056171201605,340243,100,24039,2745,62
1784647635.7091,23:27:15,1056171266788,340243,100,24039,2745,62
1784647635.9091,23:27:15,1056171332080,340638,100,24039,2745,62
1784647636.1091,23:27:16,1056171397249,340638,100,24039,2745,62
1784647636.3091,23:27:16,1056171462739,340638,100,24039,2745,62
1784647636.5091,23:27:16,1056171528199,340992,100,24039,2745,62
1784647636.7091,23:27:16,1056171593688,340992,100,24039,2745,62
1784647636.9091,23:27:16,1056171659339,341738,100,24039,2745,62
1784647637.1091,23:27:17,1056171724645,341738,100,24039,2745,62
1784647637.3091,23:27:17,1056171789968,341738,100,24039,2745,62
1784647637.5091,23:27:17,1056171855374,342468,100,24039,2745,63
1784647637.7091,23:27:17,1056171920976,342468,100,24039,2745,63
1784647637.9091,23:27:17,1056171986770,342822,100,24039,2745,63
1784647638.1091,23:27:18,1056172052195,342822,100,24039,2745,63
1784647638.3091,23:27:18,1056172117639,342822,100,24039,2745,63
1784647638.5091,23:27:18,1056172183222,343125,100,24039,2745,63
1784647638.7091,23:27:18,1056172249061,343125,100,24039,2745,63
1784647638.9091,23:27:18,1056172314986,344064,100,24039,2745,63
1784647639.1091,23:27:19,1056172380687,344064,100,24039,2745,63
1784647639.3091,23:27:19,1056172446158,344064,100,24039,2745,63
1784647639.5091,23:27:19,1056172511822,344477,100,24039,2745,63
1784647639.7091,23:27:19,1056172577455,344477,100,24039,2745,63
1784647639.9091,23:27:19,1056172643190,344777,100,24039,2745,64
1784647640.1091,23:27:20,1056172712288,344777,100,24039,2745,64
1784647640.3091,23:27:20,1056172777201,344777,100,24039,2745,64
1784647640.5091,23:27:20,1056172843182,345314,100,24039,2745,64
1784647640.7091,23:27:20,1056172908884,345314,100,24039,2745,64
1784647640.9091,23:27:20,1056172974879,346377,100,24039,2745,64
1784647641.1091,23:27:21,1056173040548,346377,100,24039,2745,64
1784647641.3091,23:27:21,1056173105979,346377,100,24039,2745,64
1784647641.5091,23:27:21,1056173171153,346280,100,24039,2745,64
1784647641.7091,23:27:21,1056173236220,346280,100,24039,2745,64
1784647641.9091,23:27:21,1056173301490,344928,100,24039,2745,64
1784647642.1091,23:27:22,1056173366644,344928,100,24039,2745,64
1784647642.3091,23:27:22,1056173431829,344928,100,24039,2745,64
1784647642.5091,23:27:22,1056173497189,344013,100,24039,2745,64
1784647642.7091,23:27:22,1056173562384,344013,100,24039,2745,64
1784647642.9091,23:27:22,1056173627683,344406,100,24039,2745,64
1784647643.1091,23:27:23,1056173693103,344406,100,24039,2745,64
1784647643.3091,23:27:23,1056173758932,344406,100,24039,2745,64
1784647643.5091,23:27:23,1056173824499,345419,100,24039,2745,64
1784647643.7091,23:27:23,1056173890034,345419,100,24039,2745,64
1784647643.9091,23:27:23,1056173955798,346569,100,24039,2745,65
1784647644.1091,23:27:24,1056174021341,346569,100,24039,2745,65
1784647644.3091,23:27:24,1056174087226,346569,100,24039,2745,65
1784647644.5091,23:27:24,1056174153156,347558,100,24039,2745,65
1784647644.7091,23:27:24,1056174219132,347558,100,24039,2745,65
1784647644.9091,23:27:24,1056174284880,348715,100,24039,2745,65
1784647645.1091,23:27:25,1056174350578,348715,100,24039,2745,65
1784647645.3091,23:27:25,1056174416389,348715,100,24039,2745,65
1784647645.5091,23:27:25,1056174482240,349071,100,24039,2745,65
1784647645.7091,23:27:25,1056174548084,349071,100,24039,2745,65
1784647645.9091,23:27:25,1056174614073,349366,100,24039,2745,65
1784647646.1091,23:27:26,1056174680105,349366,100,24039,2745,65
1784647646.3091,23:27:26,1056174746031,349366,100,24039,2745,65
1784647646.5091,23:27:26,1056174811799,350021,100,24039,2745,65
1784647646.7091,23:27:26,1056174877583,350021,100,24039,2745,65
1784647646.9091,23:27:26,1056174943163,350039,100,24039,2745,65
1784647647.1091,23:27:27,1056175008936,350039,100,24039,2745,65
1784647647.3091,23:27:27,1056175074700,350039,100,24039,2745,65
1784647647.5091,23:27:27,1056175140576,349622,100,24039,2745,65
1784647647.7091,23:27:27,1056175206494,349622,100,24039,2745,65
1784647647.9091,23:27:27,1056175272397,350095,100,24039,2745,65
1784647648.1091,23:27:28,1056175338364,350095,100,24039,2745,65
1784647648.3091,23:27:28,1056175404371,350095,100,24039,2745,65
1784647648.5091,23:27:28,1056175470441,351264,100,24039,2745,65
1784647648.7091,23:27:28,1056175536433,351264,100,24039,2745,65
1784647648.9091,23:27:28,1056175602649,352168,100,24039,2745,65
1784647649.1091,23:27:29,1056175668775,352168,100,24039,2745,65
1784647649.3091,23:27:29,1056175734882,352168,100,24039,2745,65
1784647649.5091,23:27:29,1056175801005,353001,100,24039,2745,66
1784647649.7091,23:27:29,1056175867232,353001,100,24039,2745,66
1784647649.9091,23:27:29,1056175933398,353768,100,24039,2745,66
1784647650.1091,23:27:30,1056175999634,353768,100,24039,2745,66
1784647650.3091,23:27:30,1056176065983,353768,100,24039,2745,66
1784647650.5091,23:27:30,1056176132352,354431,100,24039,2745,66
1784647650.7091,23:27:30,1056176198528,354431,100,24039,2745,66
1784647650.9091,23:27:30,1056176264900,355158,100,24039,2745,66
1784647651.1091,23:27:31,1056176331253,355158,100,24039,2745,66
1784647651.3091,23:27:31,1056176397754,355158,100,24039,2745,66
1784647651.5091,23:27:31,1056176463935,355398,100,24039,2745,66
1784647651.7091,23:27:31,1056176529913,355398,100,24039,2745,66
1784647651.9091,23:27:31,1056176595966,355056,100,24039,2745,66
1784647652.1091,23:27:32,1056176661797,355056,100,24039,2745,66
1784647652.3091,23:27:32,1056176727329,355056,100,24039,2745,66
1784647652.5091,23:27:32,1056176792892,353938,100,24039,2745,66
1784647652.7091,23:27:32,1056176858432,353938,100,24039,2745,66
1784647652.9091,23:27:32,1056176924055,352937,100,24039,2745,66
1784647653.1091,23:27:33,1056176989448,352937,100,24039,2745,66
1784647653.3091,23:27:33,1056177054828,352937,100,24039,2745,66
1784647653.5091,23:27:33,1056177120257,352196,100,24039,2745,66
1784647653.7091,23:27:33,1056177185535,352196,100,24039,2745,66
1784647653.9091,23:27:33,1056177250855,352016,100,24039,2745,66
1784647654.1091,23:27:34,1056177316349,352016,100,24039,2745,66
1784647654.3091,23:27:34,1056177380761,352016,100,24039,2745,66
1784647654.5091,23:27:34,1056177445058,350961,100,24039,2745,65
1784647654.7091,23:27:34,1056177509271,350961,100,24039,2745,65
1784647654.9091,23:27:34,1056177573596,348670,100,24039,2745,66
1784647655.1091,23:27:35,1056177638183,348670,100,24039,2745,66
1784647655.3091,23:27:35,1056177702812,348670,100,24039,2745,66
1784647655.5091,23:27:35,1056177767421,347723,100,24039,2745,66
1784647655.7091,23:27:35,1056177831811,347723,100,24039,2745,66
1784647655.9091,23:27:35,1056177896427,348567,100,24039,2745,66
1784647656.1091,23:27:36,1056177960836,348567,100,24039,2745,66
1784647656.3091,23:27:36,1056178025312,348567,100,24039,2745,66
1784647656.5091,23:27:36,1056178089792,348822,100,24039,2745,66
1784647656.7091,23:27:36,1056178152810,348822,100,24039,2745,66
1784647656.9091,23:27:36,1056178214185,346003,100,24039,2745,65
1784647657.1091,23:27:37,1056178275616,346003,100,24039,2745,65
1784647657.3091,23:27:37,1056178336904,346003,100,24039,2745,65
1784647657.5091,23:27:37,1056178398059,338479,100,24039,2745,65
1784647657.7091,23:27:37,1056178459151,338479,100,24039,2745,65
1784647657.9091,23:27:37,1056178520130,331628,100,24039,2745,65
1784647658.1091,23:27:38,1056178581139,331628,100,24039,2745,65
1784647658.3091,23:27:38,1056178642277,331628,100,24039,2745,65
1784647658.5091,23:27:38,1056178702036,331086,100,24039,2745,65
1784647658.7091,23:27:38,1056178760311,331086,100,24039,2745,65
1784647658.9091,23:27:38,1056178817442,325147,100,24039,2745,64
1784647659.1091,23:27:39,1056178874373,325147,100,24039,2745,64
1784647659.3091,23:27:39,1056178931331,325147,100,24039,2745,64
1784647659.5091,23:27:39,1056178988208,315637,100,24039,2745,63
1784647659.7091,23:27:39,1056179045138,315637,100,24039,2745,63
1784647659.9091,23:27:39,1056179102090,310065,100,24039,2745,63
1784647660.1091,23:27:40,1056179158899,310065,100,24039,2745,63
1784647660.3091,23:27:40,1056179215680,310065,100,24039,2745,63
1784647660.5091,23:27:40,1056179271738,309891,100,24039,2745,63
1784647660.7091,23:27:40,1056179327412,309891,100,24039,2745,63
1784647660.9091,23:27:40,1056179383305,307493,100,24039,2745,63
1784647661.1091,23:27:41,1056179439042,307493,100,24039,2745,63
1784647661.3091,23:27:41,1056179494794,307493,100,24039,2745,63
1784647661.5091,23:27:41,1056179550653,305223,100,24039,2745,63
1784647661.7091,23:27:41,1056179608145,305223,100,24039,2745,63
1784647661.9091,23:27:41,1056179651941,309227,100,24039,2745,62
1784647662.1091,23:27:42,1056179667662,309227,100,24039,2745,62
1784647662.3091,23:27:42,1056179683034,309227,100,24039,2745,62
1784647662.5091,23:27:42,1056179698358,215060,100,24039,2745,55
1784647662.7091,23:27:42,1056179713595,215060,100,24039,2745,55
1784647662.9091,23:27:42,1056179728821,112538,0,24039,2745,55
1784647663.1091,23:27:43,1056179743591,112538,0,24039,2745,55
1784647663.3091,23:27:43,1056179758294,112538,0,24039,2745,55
1784647663.5091,23:27:43,1056179773051,112538,0,24039,2745,55
1784647663.7091,23:27:43,1056179787781,112538,0,24039,2745,55
1784647663.9091,23:27:43,1056179799988,80513,0,24039,2520,53
1784647664.1091,23:27:44,1056179811625,80513,0,24039,2520,53
1784647664.3091,23:27:44,1056179823210,80513,0,24039,2520,53
1784647664.5091,23:27:44,1056179834797,80513,0,24039,2520,53
1784647664.7091,23:27:44,1056179846327,80513,0,24039,2520,53
1784647664.9091,23:27:44,1056179857825,72283,0,24039,2520,52
1784647665.1091,23:27:45,1056179869318,72283,0,24039,2520,52
1784647665.3091,23:27:45,1056179880817,72283,0,24039,2520,52
