ts,iso,energy_mj,power_mw,util_gpu,mem_used_mib,sm_clock_mhz,temp_c
1784725247.2918,21:00:47,717607255467,14049,0,24039,210,33
1784725247.4919,21:00:47,717607257933,14049,0,24039,210,33
1784725247.6919,21:00:47,717607259502,14049,0,24039,210,33
1784725247.8919,21:00:47,717607261093,14049,0,24039,210,33
1784725248.0919,21:00:48,717607262679,14049,0,24039,210,33
1784725248.2919,21:00:48,717607264288,14049,0,24039,210,33
1784725248.4919,21:00:48,717607266677,14169,0,24039,210,33
1784725248.6919,21:00:48,717607268254,14169,0,24039,210,33
1784725248.8919,21:00:48,717607269838,14169,0,24039,210,33
1784725249.0919,21:00:49,717607271453,14169,0,24039,210,33
1784725249.2919,21:00:49,717607273026,14169,0,24039,210,33
1784725249.4919,21:00:49,717607275424,14257,0,24039,210,33
1784725249.6919,21:00:49,717607276957,14257,0,24039,210,33
1784725249.8919,21:00:49,717607278515,14257,0,24039,210,33
1784725250.0919,21:00:50,717607280088,14257,0,24039,210,33
1784725250.2919,21:00:50,717607281543,14257,0,24039,210,33
1784725250.4919,21:00:50,717607283910,14131,0,24039,210,33
1784725250.6919,21:00:50,717607285413,14131,0,24039,210,33
1784725250.8919,21:00:50,717607286994,14131,0,24039,210,33
1784725251.0919,21:00:51,717607288570,14131,0,24039,210,33
1784725251.2919,21:00:51,717607290154,14131,0,24039,210,33
1784725251.4919,21:00:51,717607292565,14040,0,24039,210,33
1784725251.6919,21:00:51,717607294148,14040,0,24039,210,33
1784725251.8919,21:00:51,717607295731,14040,0,24039,210,33
1784725252.0919,21:00:52,717607297295,14040,0,24039,210,33
1784725252.2919,21:00:52,717607298888,14040,0,24039,210,33
1784725252.4919,21:00:52,717607301384,14328,0,24039,210,33
1784725252.6919,21:00:52,717607302960,14328,0,24039,210,33
1784725252.8919,21:00:52,717607304563,14328,0,24039,210,33
1784725253.0919,21:00:53,717607306159,14328,0,24039,210,33
1784725253.2919,21:00:53,717607307715,14328,0,24039,210,33
1784725253.4919,21:00:53,717607310200,14668,0,24039,210,33
1784725253.6919,21:00:53,717607311743,14668,0,24039,210,33
1784725253.8919,21:00:53,717607313338,14668,0,24039,210,33
1784725254.0919,21:00:54,717607314837,14668,0,24039,210,33
1784725254.2919,21:00:54,717607316420,14668,0,24039,210,33
1784725254.4919,21:00:54,717607318838,14652,0,24039,210,33
1784725254.6919,21:00:54,717607320367,14652,0,24039,210,33
1784725254.8919,21:00:54,717607321927,14652,0,24039,210,33
1784725255.0919,21:00:55,717607323425,14652,0,24039,210,33
1784725255.2919,21:00:55,717607324974,14652,0,24039,210,33
1784725255.4919,21:00:55,717607327377,14499,0,24039,210,33
1784725255.6919,21:00:55,717607328894,14499,0,24039,210,33
1784725255.8919,21:00:55,717607330410,14499,0,24039,210,33
1784725256.0919,21:00:56,717607331937,14499,0,24039,210,33
1784725256.2919,21:00:56,717607333447,14499,0,24039,210,33
1784725256.4919,21:00:56,717607335829,14452,0,24039,210,33
1784725256.6919,21:00:56,717607337339,14452,0,24039,210,33
1784725256.8919,21:00:56,717607338849,14452,0,24039,210,33
1784725257.0919,21:00:57,717607340334,14452,0,24039,210,33
1784725257.2919,21:00:57,717607341824,14452,0,24039,210,33
1784725257.4919,21:00:57,717607344243,14366,0,24039,210,33
1784725257.6919,21:00:57,717607345801,14366,0,24039,210,33
1784725257.8922,21:00:57,717607347344,14366,0,24039,210,33
1784725258.0919,21:00:58,717607348865,14366,0,24039,210,33
1784725258.2919,21:00:58,717607350352,14366,0,24039,210,33
1784725258.4919,21:00:58,717607352730,14531,0,24039,210,33
1784725258.6919,21:00:58,717607354205,14531,0,24039,210,33
1784725258.8919,21:00:58,717607355622,14531,0,24039,210,33
1784725259.0919,21:00:59,717607357029,14531,0,24039,210,33
1784725259.2919,21:00:59,717607358575,14531,0,24039,210,33
1784725259.4919,21:00:59,717607362386,14468,0,24039,210,33
1784725259.6919,21:00:59,717607365155,14468,0,24039,210,33
1784725259.8919,21:00:59,717607367826,14468,0,24039,210,33
1784725260.0919,21:01:00,717607370530,14468,0,24039,210,33
1784725260.2919,21:01:00,717607373238,14468,0,24039,210,33
1784725260.4919,21:01:00,717607376089,14010,0,24039,210,33
1784725260.6920,21:01:00,717607378965,14010,0,24039,210,33
1784725260.8919,21:01:00,717607381819,14010,0,24039,210,33
1784725261.0919,21:01:01,717607384662,14010,0,24039,210,33
1784725261.2919,21:01:01,717607387586,14010,0,24039,210,33
1784725261.4919,21:01:01,717607390429,14116,0,24039,210,33
1784725261.6919,21:01:01,717607393341,14116,0,24039,210,33
1784725261.8919,21:01:01,717607396284,14116,0,24039,210,33
1784725262.0919,21:01:02,717607399129,14116,0,24039,210,33
1784725262.2919,21:01:02,717607401930,14116,0,24039,210,33
1784725262.4919,21:01:02,717607404682,14435,0,24039,210,33
1784725262.6919,21:01:02,717607407481,14435,0,24039,210,33
1784725262.8919,21:01:02,717607410518,14435,0,24039,210,33
1784725263.0919,21:01:03,717607413550,14435,0,24039,210,33
1784725263.2919,21:01:03,717607416519,14435,0,24039,210,33
1784725263.4919,21:01:03,717607419427,14611,0,24039,210,33
1784725263.6919,21:01:03,717607422360,14611,0,24039,210,33
1784725263.8919,21:01:03,717607425233,14611,0,24039,210,33
1784725264.0919,21:01:04,717607428117,14611,0,24039,210,33
1784725264.2919,21:01:04,717607430913,14611,0,24039,210,33
1784725264.4919,21:01:04,717607433740,14720,0,24039,210,33
1784725264.6919,21:01:04,717607436629,14720,0,24039,210,33
1784725264.8919,21:01:04,717607439451,14720,0,24039,210,33
1784725265.0919,21:01:05,717607442379,14720,0,24039,210,33
1784725265.2920,21:01:05,717607445269,14720,0,24039,210,33
1784725265.4919,21:01:05,717607448207,14707,0,24039,210,33
1784725265.6919,21:01:05,717607451009,14707,0,24039,210,33
1784725265.8919,21:01:05,717607453803,14707,0,24039,210,33
1784725266.0919,21:01:06,717607456667,14707,0,24039,210,33
1784725266.2919,21:01:06,717607459571,14707,0,24039,210,33
1784725266.4919,21:01:06,717607462443,14710,0,24039,210,33
1784725266.6919,21:01:06,717607465241,14710,0,24039,210,33
1784725266.8919,21:01:06,717607467987,14710,0,24039,210,33
1784725267.0919,21:01:07,717607470767,14710,0,24039,210,33
1784725267.2919,21:01:07,717607473604,14710,0,24039,210,33
1784725267.4919,21:01:07,717607476488,14620,0,24039,210,33
1784725267.6919,21:01:07,717607479337,14620,0,24039,210,33
1784725267.8919,21:01:07,717607482207,14620,0,24039,210,33
1784725268.0919,21:01:08,717607485063,14620,0,24039,210,33
1784725268.2919,21:01:08,717607487922,14620,0,24039,210,33
1784725268.4919,21:01:08,717607490715,14665,0,24039,210,33
1784725268.6919,21:01:08,717607493513,14665,0,24039,210,33
1784725268.8919,21:01:08,717607496334,14665,0,24039,210,33
1784725269.0919,21:01:09,717607499101,14665,0,24039,210,33
1784725269.2919,21:01:09,717607501677,14665,0,24039,210,33
1784725269.4919,21:01:09,717607504185,14627,0,24039,210,33
1784725269.6919,21:01:09,717607506951,14627,0,24039,210,33
1784725269.8919,21:01:09,717607509749,14627,0,24039,210,33
1784725270.0919,21:01:10,717607512587,14627,0,24039,210,33
1784725270.2919,21:01:10,717607515349,14627,0,24039,210,33
1784725270.4919,21:01:10,717607518151,14270,0,24039,210,33
1784725270.6919,21:01:10,717607521018,14270,0,24039,210,33
1784725270.8919,21:01:10,717607523819,14270,0,24039,210,33
1784725271.0919,21:01:11,717607526567,14270,0,24039,210,33
1784725271.2919,21:01:11,717607529339,14270,0,24039,210,33
1784725271.4919,21:01:11,717607532056,14399,0,24039,210,33
1784725271.6919,21:01:11,717607534755,14399,0,24039,210,33
1784725271.8919,21:01:11,717607537500,14399,0,24039,210,33
1784725272.0919,21:01:12,717607540152,14399,0,24039,210,33
1784725272.2919,21:01:12,717607542698,14399,0,24039,210,33
1784725272.4919,21:01:12,717607545172,14425,0,24039,210,33
1784725272.6919,21:01:12,717607547645,14425,0,24039,210,33
1784725272.8919,21:01:12,717607550132,14425,0,24039,210,33
1784725273.0919,21:01:13,717607552624,14425,0,24039,210,33
1784725273.2919,21:01:13,717607555219,14425,0,24039,210,33
1784725273.4919,21:01:13,717607557897,13666,0,24039,210,33
1784725273.6919,21:01:13,717607560587,13666,0,24039,210,33
1784725273.8919,21:01:13,717607563313,13666,0,24039,210,33
1784725274.0919,21:01:14,717607566025,13666,0,24039,210,33
1784725274.2919,21:01:14,717607568754,13666,0,24039,210,33
1784725274.4919,21:01:14,717607571454,13771,0,24039,210,33
1784725274.6919,21:01:14,717607574209,13771,0,24039,210,33
1784725274.8919,21:01:14,717607576949,13771,0,24039,210,33
1784725275.0919,21:01:15,717607579632,13771,0,24039,210,33
1784725275.2919,21:01:15,717607582302,13771,0,24039,210,33
1784725275.4919,21:01:15,717607584768,14418,0,24039,210,33
1784725275.6919,21:01:15,717607587120,14418,0,24039,210,33
1784725275.8919,21:01:15,717607589481,14418,0,24039,210,33
1784725276.0919,21:01:16,717607591873,14418,0,24039,210,33
1784725276.2919,21:01:16,717607594240,14418,0,24039,210,33
1784725276.4919,21:01:16,717607596630,13693,0,24039,210,33
1784725276.6919,21:01:16,717607599053,13693,0,24039,210,33
1784725276.8919,21:01:16,717607601414,13693,0,24039,210,33
1784725277.0919,21:01:17,717607603743,13693,0,24039,210,33
1784725277.2919,21:01:17,717607606104,13693,0,24039,210,33
1784725277.4919,21:01:17,717607608424,12836,0,24039,210,33
1784725277.6919,21:01:17,717607610746,12836,0,24039,210,33
1784725277.8919,21:01:17,717607613023,12836,0,24039,210,33
1784725278.0919,21:01:18,717607615305,12836,0,24039,210,33
1784725278.2919,21:01:18,717607617610,12836,0,24039,210,33
1784725278.4919,21:01:18,717607619909,12597,0,24039,210,33
1784725278.6919,21:01:18,717607622214,12597,0,24039,210,33
1784725278.8919,21:01:18,717607624554,12597,0,24039,210,33
1784725279.0919,21:01:19,717607626876,12597,0,24039,210,33
1784725279.2919,21:01:19,717607629194,12597,0,24039,210,33
1784725279.4919,21:01:19,717607631524,12499,0,24039,210,33
1784725279.6919,21:01:19,717607633860,12499,0,24039,210,33
1784725279.8919,21:01:19,717607636202,12499,0,24039,210,33
1784725280.0919,21:01:20,717607638535,12499,0,24039,210,33
1784725280.2919,21:01:20,717607640865,12499,0,24039,210,33
1784725280.4919,21:01:20,717607643227,12623,0,24039,210,33
1784725280.6919,21:01:20,717607645576,12623,0,24039,210,33
1784725280.8919,21:01:20,717607647899,12623,0,24039,210,33
1784725281.0919,21:01:21,717607650219,12623,0,24039,210,33
1784725281.2919,21:01:21,717607652541,12623,0,24039,210,33
1784725281.4919,21:01:21,717607654903,12736,0,24039,210,33
1784725281.6919,21:01:21,717607657266,12736,0,24039,210,33
1784725281.8919,21:01:21,717607659616,12736,0,24039,210,33
1784725282.0919,21:01:22,717607661996,12736,0,24039,210,33
1784725282.2919,21:01:22,717607664385,12736,0,24039,210,33
1784725282.4919,21:01:22,717607666649,12877,0,24039,210,33
1784725282.6919,21:01:22,717607668921,12877,0,24039,210,33
1784725282.8919,21:01:22,717607671174,12877,0,24039,210,33
1784725283.0919,21:01:23,717607673432,12877,0,24039,210,33
1784725283.2919,21:01:23,717607675703,12877,0,24039,210,33
1784725283.4919,21:01:23,717607677971,12753,0,24039,210,33
1784725283.6919,21:01:23,717607680301,12753,0,24039,210,33
1784725283.8919,21:01:23,717607682676,12753,0,24039,210,33
1784725284.0919,21:01:24,717607685010,12753,0,24039,210,33
1784725284.2919,21:01:24,717607687383,12753,0,24039,210,33
1784725284.4919,21:01:24,717607689738,12715,0,24039,210,33
1784725284.6919,21:01:24,717607692071,12715,0,24039,210,33
1784725284.8919,21:01:24,717607694328,12715,0,24039,210,33
1784725285.0919,21:01:25,717607696634,12715,0,24039,210,33
1784725285.2919,21:01:25,717607698953,12715,0,24039,210,33
1784725285.4919,21:01:25,717607701226,12908,0,24039,210,33
1784725285.6919,21:01:25,717607703503,12908,0,24039,210,33
1784725285.8919,21:01:25,717607705771,12908,0,24039,210,33
1784725286.0919,21:01:26,717607708084,12908,0,24039,210,33
1784725286.2919,21:01:26,717607710389,12908,0,24039,210,33
1784725286.4919,21:01:26,717607712670,12845,0,24039,210,33
1784725286.6919,21:01:26,717607714916,12845,0,24039,210,33
1784725286.8919,21:01:26,717607717144,12845,0,24039,210,33
1784725287.0919,21:01:27,717607719379,12845,0,24039,210,33
1784725287.2919,21:01:27,717607721618,12845,0,24039,210,33
1784725287.4919,21:01:27,717607723862,12712,0,24039,210,33
1784725287.6919,21:01:27,717607726112,12712,0,24039,210,33
1784725287.8919,21:01:27,717607728382,12712,0,24039,210,33
1784725288.0919,21:01:28,717607730616,12712,0,24039,210,33
1784725288.2919,21:01:28,717607732866,12712,0,24039,210,33
1784725288.4919,21:01:28,717607735104,12661,0,24039,210,33
1784725288.6919,21:01:28,717607737436,12661,0,24039,210,33
1784725288.8919,21:01:28,717607739689,12661,0,24039,210,33
1784725289.0919,21:01:29,717607741959,12661,0,24039,210,33
1784725289.2919,21:01:29,717607744285,12661,0,24039,210,33
1784725289.4919,21:01:29,717607746611,12788,0,24039,210,33
1784725289.6919,21:01:29,717607748936,12788,0,24039,210,33
1784725289.8919,21:01:29,717607751252,12788,0,24039,210,33
1784725290.0919,21:01:30,717607753590,12788,0,24039,210,33
1784725290.2919,21:01:30,717607755909,12788,0,24039,210,33
1784725290.4919,21:01:30,717607758181,13078,0,24039,210,33
1784725290.6919,21:01:30,717607760471,13078,0,24039,210,33
1784725290.8919,21:01:30,717607762769,13078,0,24039,210,33
1784725291.0919,21:01:31,717607765047,13078,0,24039,210,33
1784725291.2919,21:01:31,717607767311,13078,0,24039,210,33
1784725291.4919,21:01:31,717607769573,13154,0,24039,210,33
1784725291.6919,21:01:31,717607771826,13154,0,24039,210,33
1784725291.8919,21:01:31,717607774098,13154,0,24039,210,33
1784725292.0919,21:01:32,717607776328,13154,0,24039,210,33
1784725292.2919,21:01:32,717607778571,13154,0,24039,210,33
1784725292.4919,21:01:32,717607780799,12989,0,24039,210,33
1784725292.6919,21:01:32,717607783006,12989,0,24039,210,33
1784725292.8919,21:01:32,717607785221,12989,0,24039,210,33
1784725293.0919,21:01:33,717607787459,12989,0,24039,210,33
1784725293.2919,21:01:33,717607846281,12989,0,24039,210,33
1784725293.4919,21:01:33,717607908478,84756,100,24039,2700,43
1784725293.6919,21:01:33,717607966496,84756,100,24039,2700,43
1784725293.8919,21:01:33,717608023757,84756,100,24039,2700,43
1784725294.0919,21:01:34,717608081081,149739,100,24039,2700,46
1784725294.2919,21:01:34,717608138404,149739,100,24039,2700,46
1784725294.4919,21:01:34,717608195715,299724,100,24039,2700,46
1784725294.6919,21:01:34,717608253131,299724,100,24039,2700,46
1784725294.8919,21:01:34,717608318270,299724,100,24039,2700,46
1784725295.0919,21:01:35,717608382579,302780,100,24039,2700,48
1784725295.2919,21:01:35,717608439901,302780,100,24039,2700,48
1784725295.4919,21:01:35,717608497259,311081,100,24039,2700,47
1784725295.6919,21:01:35,717608554544,311081,100,24039,2700,47
1784725295.8919,21:01:35,717608611734,311081,100,24039,2700,47
1784725296.0919,21:01:36,717608669710,303818,100,24039,2700,47
1784725296.2919,21:01:36,717608727360,303818,100,24039,2700,47
1784725296.4919,21:01:36,717608796156,310275,100,24039,2685,55
1784725296.6919,21:01:36,717608859047,310275,100,24039,2685,55
1784725296.8919,21:01:36,717608916183,310275,100,24039,2685,55
1784725297.0919,21:01:37,717608973167,315629,100,24039,2685,48
1784725297.2919,21:01:37,717609030416,315629,100,24039,2685,48
1784725297.4919,21:01:37,717609087329,312842,100,24039,2685,48
1784725297.6919,21:01:37,717609144016,312842,100,24039,2685,48
1784725297.8919,21:01:37,717609200800,312842,100,24039,2685,48
1784725298.0919,21:01:38,717609257548,298021,100,24039,2685,48
1784725298.2919,21:01:38,717609314294,298021,100,24039,2685,48
1784725298.4919,21:01:38,717609370971,297447,100,24039,2685,48
1784725298.6919,21:01:38,717609427631,297447,100,24039,2685,48
1784725298.8919,21:01:38,717609484251,297447,100,24039,2685,48
1784725299.0919,21:01:39,717609540838,297590,100,24039,2685,48
1784725299.2919,21:01:39,717609597419,297590,100,24039,2685,48
1784725299.4919,21:01:39,717609663260,297798,100,24039,2685,48
1784725299.6919,21:01:39,717609719916,297798,100,24039,2685,48
1784725299.8919,21:01:39,717609776457,297798,100,24039,2685,48
1784725300.0919,21:01:40,717609832903,305311,100,24039,2685,49
1784725300.2920,21:01:40,717609892393,305311,100,24039,2685,49
1784725300.4919,21:01:40,717609948789,308297,100,24039,2685,49
1784725300.6919,21:01:40,717610005028,308297,100,24039,2685,49
1784725300.8919,21:01:40,717610061161,308297,100,24039,2685,49
1784725301.0919,21:01:41,717610120028,301032,100,24039,2685,49
1784725301.2919,21:01:41,717610189392,301032,100,24039,2685,49
1784725301.4919,21:01:41,717610245384,313356,100,24039,2685,50
1784725301.6919,21:01:41,717610301411,313356,100,24039,2685,50
1784725301.8919,21:01:41,717610370634,313356,100,24039,2685,50
1784725302.0919,21:01:42,717610426700,323593,100,24039,2685,56
1784725302.2919,21:01:42,717610482496,323593,100,24039,2685,56
1784725302.4919,21:01:42,717610545648,308801,100,24039,2685,49
1784725302.6919,21:01:42,717610601563,308801,100,24039,2685,49
1784725302.8919,21:01:42,717610663944,308801,100,24039,2685,49
1784725303.0919,21:01:43,717610719452,320919,100,24039,2685,49
1784725303.2919,21:01:43,717610775651,320919,100,24039,2685,49
1784725303.4919,21:01:43,717610831192,310893,100,24039,2685,50
1784725303.6919,21:01:43,717610887346,310893,100,24039,2685,50
1784725303.8919,21:01:43,717610945989,310893,100,24039,2685,50
1784725304.0919,21:01:44,717611001132,308673,100,24039,2685,52
1784725304.2919,21:01:44,717611056487,308673,100,24039,2685,52
1784725304.4919,21:01:44,717611111664,301925,100,24039,2685,50
1784725304.6919,21:01:44,717611166816,301925,100,24039,2685,50
1784725304.8919,21:01:44,717611235112,301925,100,24039,2685,50
1784725305.0919,21:01:45,717611290940,313216,100,24039,2625,54
1784725305.2919,21:01:45,717611346179,313216,100,24039,2625,54
1784725305.4919,21:01:45,717611402103,311829,100,24039,2685,51
1784725305.6919,21:01:45,717611457201,311829,100,24039,2685,51
1784725305.8919,21:01:45,717611526689,311829,100,24039,2685,51
1784725306.0919,21:01:46,717611579344,310914,100,24039,2685,50
1784725306.2919,21:01:46,717611634592,310914,100,24039,2685,50
1784725306.4919,21:01:46,717611689743,310630,100,24039,2685,50
1784725306.6919,21:01:46,717611750260,310630,100,24039,2685,50
1784725306.8919,21:01:46,717611804851,310630,100,24039,2685,50
1784725307.0919,21:01:47,717611860354,315277,100,24039,2685,50
1784725307.2919,21:01:47,717611915282,315277,100,24039,2685,50
1784725307.4919,21:01:47,717611970824,305431,100,24039,2685,50
1784725307.6919,21:01:47,717612025603,305431,100,24039,2685,50
1784725307.8919,21:01:47,717612080330,305431,100,24039,2685,50
1784725308.0919,21:01:48,717612135012,300738,100,24039,2685,50
1784725308.2919,21:01:48,717612189702,300738,100,24039,2685,50
1784725308.4919,21:01:48,717612247148,300172,100,24039,2685,50
1784725308.6919,21:01:48,717612310511,300172,100,24039,2685,50
1784725308.8919,21:01:48,717612370955,300172,100,24039,2685,50
1784725309.0919,21:01:49,717612425579,321244,100,24039,2685,51
1784725309.2919,21:01:49,717612480050,321244,100,24039,2685,51
1784725309.4919,21:01:49,717612534849,321858,100,24039,2685,50
1784725309.6919,21:01:49,717612589270,321858,100,24039,2685,50
1784725309.8919,21:01:49,717612643648,321858,100,24039,2685,50
1784725310.0919,21:01:50,717612697896,300836,100,24039,2685,50
1784725310.2919,21:01:50,717612751209,300836,100,24039,2685,50
1784725310.4919,21:01:50,717612803061,298460,100,24039,2610,50
1784725310.6919,21:01:50,717612851241,298460,100,24039,2610,50
1784725310.8919,21:01:50,717612901902,298460,100,24039,2610,50
1784725311.0919,21:01:51,717612955599,288948,100,24039,2685,50
1784725311.2919,21:01:51,717613008750,288948,100,24039,2685,50
1784725311.4919,21:01:51,717613059282,287021,100,24039,2535,49
1784725311.6919,21:01:51,717613107164,287021,100,24039,2535,49
1784725311.8919,21:01:51,717613151485,287021,100,24039,2535,49
1784725312.0919,21:01:52,717613196198,274892,100,24039,1860,47
1784725312.2919,21:01:52,717613242074,274892,100,24039,1860,47
1784725312.4919,21:01:52,717613279766,255977,100,24039,1035,48
1784725312.6919,21:01:52,717613317355,255977,100,24039,1035,48
1784725312.8919,21:01:52,717613354697,255977,100,24039,1035,48
1784725313.0919,21:01:53,717613386168,223208,100,24039,1140,46
1784725313.2919,21:01:53,717613420548,223208,100,24039,1140,46
1784725313.4919,21:01:53,717613452945,196997,100,24039,840,45
1784725313.6919,21:01:53,717613479067,196997,100,24039,840,45
1784725313.8919,21:01:53,717613510229,196997,100,24039,840,45
1784725314.0919,21:01:54,717613541708,175342,100,24039,720,44
1784725314.2919,21:01:54,717613573396,175342,100,24039,720,44
1784725314.4919,21:01:54,717613605002,169492,100,24039,750,44
1784725314.6919,21:01:54,717613635149,169492,100,24039,750,44
1784725314.8919,21:01:54,717613663689,169492,100,24039,750,44
1784725315.0919,21:01:55,717613690442,170253,100,24039,510,44
1784725315.2919,21:01:55,717613719075,170253,100,24039,510,44
1784725315.4919,21:01:55,717613743713,156924,100,24039,435,43
1784725315.6919,21:01:55,717613768225,156924,100,24039,435,43
1784725315.8919,21:01:55,717613792696,156924,100,24039,435,43
1784725316.0919,21:01:56,717613817191,142252,100,24039,435,43
1784725316.2919,21:01:56,717613842974,142252,100,24039,435,43
1784725316.4919,21:01:56,717613870607,138645,100,24039,555,43
1784725316.6919,21:01:56,717613899397,138645,100,24039,555,43
1784725316.8919,21:01:56,717613930588,138645,100,24039,495,43
1784725317.0919,21:01:57,717613961703,149105,100,24039,495,43
1784725317.2919,21:01:57,717613992845,149105,100,24039,495,43
1784725317.4919,21:01:57,717614023931,158484,100,24039,495,43
1784725317.6919,21:01:57,717614053627,158484,100,24039,495,43
1784725317.8919,21:01:57,717614081182,158484,100,24039,495,43
1784725318.0919,21:01:58,717614107801,154668,100,24039,375,42
1784725318.2919,21:01:58,717614132911,154668,100,24039,375,42
1784725318.4919,21:01:58,717614156887,141391,100,24039,300,42
1784725318.6919,21:01:58,717614181467,141391,100,24039,300,42
1784725318.8919,21:01:58,717614208028,141391,100,24039,300,42
1784725319.0919,21:01:59,717614235580,130754,100,24039,390,42
1784725319.2919,21:01:59,717614263794,130754,100,24039,390,42
1784725319.4919,21:01:59,717614293427,135976,100,24039,480,42
1784725319.6919,21:01:59,717614324283,135976,100,24039,480,42
1784725319.8919,21:01:59,717614353577,135976,100,24039,480,42
1784725320.0919,21:02:00,717614380411,148650,100,24039,270,42
1784725320.2919,21:02:00,717614405580,148650,100,24039,270,42
1784725320.4919,21:02:00,717614430835,144184,100,24039,210,42
1784725320.6919,21:02:00,717614455466,144184,100,24039,210,42
1784725320.8919,21:02:00,717614480100,144184,100,24039,210,42
1784725321.0919,21:02:01,717614504801,131229,100,24039,210,42
1784725321.2919,21:02:01,717614529420,131229,100,24039,210,42
1784725321.4919,21:02:01,717614554119,126943,100,24039,210,42
1784725321.6919,21:02:01,717614578758,126943,100,24039,210,42
1784725321.8919,21:02:01,717614603457,126943,100,24039,210,42
1784725322.0919,21:02:02,717614628136,126411,100,24039,210,42
1784725322.2919,21:02:02,717614652719,126411,100,24039,210,42
1784725322.4919,21:02:02,717614677282,126339,100,24039,210,41
1784725322.6919,21:02:02,717614701832,126339,100,24039,210,41
1784725322.8919,21:02:02,717614726372,126339,100,24039,210,41
1784725323.0919,21:02:03,717614750914,126077,100,24039,210,41
1784725323.2919,21:02:03,717614775467,126077,100,24039,210,41
1784725323.4920,21:02:03,717614800027,125851,100,24039,210,41
1784725323.6919,21:02:03,717614824586,125851,100,24039,210,41
1784725323.8919,21:02:03,717614849113,125851,100,24039,210,41
1784725324.0919,21:02:04,717614873627,125827,100,24039,210,41
1784725324.2919,21:02:04,717614898092,125827,100,24039,210,41
1784725324.4919,21:02:04,717614922566,125690,100,24039,210,41
1784725324.6919,21:02:04,717614947539,125690,100,24039,210,41
1784725324.8919,21:02:04,717614973807,125690,100,24039,210,41
1784725325.0919,21:02:05,717615000691,127755,100,24039,255,42
1784725325.2919,21:02:05,717615028767,127755,100,24039,255,42
1784725325.4919,21:02:05,717615057318,135250,100,24039,300,42
1784725325.6919,21:02:05,717615085970,135250,100,24039,300,42
1784725325.8919,21:02:05,717615113073,135250,100,24039,300,42
1784725326.0919,21:02:06,717615138391,142087,100,24039,255,42
1784725326.2919,21:02:06,717615162860,142087,100,24039,255,42
1784725326.4919,21:02:06,717615178653,134065,63,24039,2145,40
1784725326.6919,21:02:06,717615190830,134065,63,24039,2145,40
1784725326.8919,21:02:06,717615203019,134065,63,24039,2145,40
1784725327.0919,21:02:07,717615215197,95583,63,24039,2520,40
1784725327.2919,21:02:07,717615227381,95583,63,24039,2520,40
1784725327.4919,21:02:07,717615239520,70967,0,24039,2520,40
1784725327.6920,21:02:07,717615249027,70967,0,24039,2520,40
1784725327.8919,21:02:07,717615258537,70967,0,24039,2520,40
1784725328.0919,21:02:08,717615268051,70967,0,24039,2520,40
1784725328.2919,21:02:08,717615277565,70967,0,24039,2520,40
1784725328.4919,21:02:08,717615287126,61909,0,24039,2520,39
1784725328.6919,21:02:08,717615296653,61909,0,24039,2520,39
1784725328.8919,21:02:08,717615306184,61909,0,24039,2520,39
1784725329.0919,21:02:09,717615315693,61909,0,24039,2520,39
1784725329.2919,21:02:09,717615325196,61909,0,24039,2520,39
1784725329.4919,21:02:09,717615334742,61935,0,24039,2520,39
1784725329.6919,21:02:09,717615344235,61935,0,24039,2520,39
1784725329.8919,21:02:09,717615353706,61935,0,24039,2520,39
1784725330.0919,21:02:10,717615363187,61935,0,24039,2520,39
1784725330.2919,21:02:10,717615372676,61935,0,24039,2520,39
1784725330.4919,21:02:10,717615382183,61956,0,24039,2520,39
1784725330.6919,21:02:10,717615391635,61956,0,24039,2520,39
1784725330.8919,21:02:10,717615401108,61956,0,24039,2520,39
1784725331.0919,21:02:11,717615410569,61956,0,24039,2520,39
1784725331.2919,21:02:11,717615420060,61956,0,24039,2520,39
1784725331.4919,21:02:11,717615429532,61913,0,24039,2520,39
1784725331.6919,21:02:11,717615438952,61913,0,24039,2520,39
1784725331.8919,21:02:11,717615448375,61913,0,24039,2520,39
1784725332.0919,21:02:12,717615457813,61913,0,24039,2520,39
1784725332.2919,21:02:12,717615467260,61913,0,24039,2520,39
1784725332.4919,21:02:12,717615476722,61851,0,24039,2520,39
1784725332.6919,21:02:12,717615486156,61851,0,24039,2520,39
1784725332.8919,21:02:12,717615495572,61851,0,24039,2520,39
1784725333.0919,21:02:13,717615504977,61851,0,24039,2520,39
1784725333.2919,21:02:13,717615514345,61851,0,24039,2520,39
1784725333.4919,21:02:13,717615523767,61807,0,24039,2520,39
1784725333.6919,21:02:13,717615533132,61807,0,24039,2520,39
1784725333.8919,21:02:13,717615542479,61807,0,24039,2520,39
1784725334.0919,21:02:14,717615551825,61807,0,24039,2520,39
1784725334.2919,21:02:14,717615561186,61807,0,24039,2520,39
1784725334.4919,21:02:14,717615570578,61687,0,24039,2520,39
1784725334.6919,21:02:14,717615579931,61687,0,24039,2520,39
1784725334.8919,21:02:14,717615589272,61687,0,24039,2520,39
1784725335.0919,21:02:15,717615598622,61687,0,24039,2520,39
1784725335.2919,21:02:15,717615607917,61687,0,24039,2520,39
1784725335.4919,21:02:15,717615617271,61608,0,24039,2520,38
1784725335.6919,21:02:15,717615626621,61608,0,24039,2520,38
1784725335.8919,21:02:15,717615635993,61608,0,24039,2520,38
1784725336.0919,21:02:16,717615645354,61608,0,24039,2520,38
1784725336.2919,21:02:16,717615654702,61608,0,24039,2520,38
1784725336.4919,21:02:16,717615664106,61698,0,24039,2520,38
1784725336.6919,21:02:16,717615673447,61698,0,24039,2520,38
1784725336.8919,21:02:16,717615682789,61698,0,24039,2520,38
1784725337.0919,21:02:17,717615692141,61698,0,24039,2520,38
1784725337.2919,21:02:17,717615701468,61698,0,24039,2520,38
1784725337.4919,21:02:17,717615710821,61794,0,24039,2520,38
1784725337.6919,21:02:17,717615720131,61794,0,24039,2520,38
1784725337.8919,21:02:17,717615729443,61794,0,24039,2520,38
1784725338.0919,21:02:18,717615738742,61794,0,24039,2520,38
1784725338.2919,21:02:18,717615748020,61794,0,24039,2520,38
1784725338.4919,21:02:18,717615757331,61767,0,24039,2520,38
1784725338.6919,21:02:18,717615766600,61767,0,24039,2520,38
1784725338.8919,21:02:18,717615775854,61767,0,24039,2520,38
1784725339.0919,21:02:19,717615785089,61767,0,24039,2520,38
1784725339.2919,21:02:19,717615794328,61767,0,24039,2520,38
1784725339.4919,21:02:19,717615803596,61596,0,24039,2520,38
1784725339.6919,21:02:19,717615812834,61596,0,24039,2520,38
1784725339.8919,21:02:19,717615822081,61596,0,24039,2520,38
1784725340.0919,21:02:20,717615831339,61596,0,24039,2520,38
1784725340.2919,21:02:20,717615840546,61596,0,24039,2520,38
1784725340.4919,21:02:20,717615849815,61512,0,24039,2520,38
1784725340.6919,21:02:20,717615859036,61512,0,24039,2520,38
1784725340.8919,21:02:20,717615868274,61512,0,24039,2520,38
1784725341.0919,21:02:21,717615877504,61512,0,24039,2520,38
1784725341.2919,21:02:21,717615886729,61512,0,24039,2520,38
1784725341.4919,21:02:21,717615895982,61569,0,24039,2520,38
1784725341.6919,21:02:21,717615925886,61569,0,24039,2520,38
1784725341.8919,21:02:21,717615981897,61569,0,24039,2520,38
1784725342.0919,21:02:22,717616038917,105134,0,24039,2700,46
1784725342.2919,21:02:22,717616095492,105134,0,24039,2700,46
1784725342.4919,21:02:22,717616152207,231649,100,24039,2685,48
1784725342.6919,21:02:22,717616208893,231649,100,24039,2685,48
1784725342.8919,21:02:22,717616265661,231649,100,24039,2685,48
1784725343.0919,21:02:23,717616322493,296251,100,24039,2685,49
1784725343.2919,21:02:23,717616379785,296251,100,24039,2685,49
1784725343.4919,21:02:23,717616436771,297333,100,24039,2685,49
1784725343.6919,21:02:23,717616493936,297333,100,24039,2685,49
1784725343.8919,21:02:23,717616550789,297333,100,24039,2685,49
1784725344.0919,21:02:24,717616607640,298254,100,24039,2685,49
1784725344.2919,21:02:24,717616664488,298254,100,24039,2685,49
1784725344.4919,21:02:24,717616721655,298242,100,24039,2685,49
1784725344.6919,21:02:24,717616778672,298242,100,24039,2685,49
1784725344.8919,21:02:24,717616835720,298242,100,24039,2685,49
1784725345.0919,21:02:25,717616892569,298539,100,24039,2685,49
1784725345.2919,21:02:25,717616949238,298539,100,24039,2685,49
1784725345.4919,21:02:25,717617005465,298638,100,24039,2610,49
1784725345.6919,21:02:25,717617059814,298638,100,24039,2610,49
1784725345.8919,21:02:25,717617112605,298638,100,24039,2610,49
1784725346.0919,21:02:26,717617163908,291371,100,24039,2580,48
1784725346.2919,21:02:26,717617211951,291371,100,24039,2580,48
1784725346.4919,21:02:26,717617257071,272326,100,24039,2190,47
1784725346.6919,21:02:26,717617299443,272326,100,24039,2190,47
1784725346.8919,21:02:26,717617338206,272326,100,24039,2190,47
1784725347.0919,21:02:27,717617371606,239913,100,24039,780,44
1784725347.2919,21:02:27,717617397626,239913,100,24039,780,44
1784725347.4919,21:02:27,717617419111,187962,100,24039,300,42
1784725347.6919,21:02:27,717617440582,187962,100,24039,300,42
1784725347.8919,21:02:27,717617461817,187962,100,24039,300,42
1784725348.0919,21:02:28,717617484527,136908,100,24039,345,41
1784725348.2919,21:02:28,717617509329,136908,100,24039,345,41
1784725348.4919,21:02:28,717617536081,119627,100,24039,480,42
1784725348.6919,21:02:28,717617564211,119627,100,24039,480,42
1784725348.8919,21:02:28,717617594279,119627,100,24039,480,42
1784725349.0919,21:02:29,717617626045,137194,100,24039,675,43
1784725349.2919,21:02:29,717617659504,137194,100,24039,675,43
1784725349.4919,21:02:29,717617693488,160350,100,24039,810,43
1784725349.6919,21:02:29,717617727301,160350,100,24039,810,43
1784725349.8919,21:02:29,717617759423,160350,100,24039,810,43
1784725350.0920,21:02:30,717617789272,173039,100,24039,585,43
1784725350.2919,21:02:30,717617816560,173039,100,24039,585,43
1784725350.4920,21:02:30,717617843276,163198,100,24039,465,42
1784725350.6919,21:02:30,717617869905,163198,100,24039,465,42
1784725350.8919,21:02:30,717617896547,163198,100,24039,465,42
1784725351.0919,21:02:31,717617923011,146398,100,24039,465,42
1784725351.2919,21:02:31,717617949312,146398,100,24039,465,42
1784725351.4919,21:02:31,717617976750,140151,100,24039,525,42
1784725351.6919,21:02:31,717618004599,140151,100,24039,525,42
1784725351.8919,21:02:31,717618032740,140151,100,24039,525,42
1784725352.0919,21:02:32,717618060865,143779,100,24039,525,42
1784725352.2919,21:02:32,717618088946,143779,100,24039,525,42
1784725352.4919,21:02:32,717618117012,148087,100,24039,525,42
1784725352.6919,21:02:32,717618143871,148087,100,24039,525,42
1784725352.8919,21:02:32,717618169718,148087,100,24039,525,42
1784725353.0919,21:02:33,717618195448,145439,100,24039,450,42
1784725353.2919,21:02:33,717618220940,145439,100,24039,450,42
1784725353.4919,21:02:33,717618246351,139381,100,24039,435,42
1784725353.6919,21:02:33,717618272205,139381,100,24039,435,42
1784725353.8919,21:02:33,717618299470,139381,100,24039,435,42
1784725354.0919,21:02:34,717618326515,137700,100,24039,495,42
1784725354.2919,21:02:34,717618353904,137700,100,24039,495,42
1784725354.4919,21:02:34,717618381385,141642,100,24039,525,42
1784725354.6919,21:02:34,717618410337,141642,100,24039,525,42
1784725354.8919,21:02:34,717618439600,141642,100,24039,525,42
1784725355.0919,21:02:35,717618469130,148664,100,24039,585,42
1784725355.2919,21:02:35,717618497891,148664,100,24039,585,42
1784725355.4919,21:02:35,717618524957,152470,100,24039,480,42
1784725355.6919,21:02:35,717618550113,152470,100,24039,480,42
1784725355.8919,21:02:35,717618573599,152470,100,24039,480,42
1784725356.0919,21:02:36,717618596792,143697,100,24039,375,41
1784725356.2919,21:02:36,717618620209,143697,100,24039,375,41
1784725356.4919,21:02:36,717618643572,129506,100,24039,390,41
1784725356.6919,21:02:36,717618666698,129506,100,24039,390,41
1784725356.8919,21:02:36,717618691647,129506,100,24039,390,41
1784725357.0919,21:02:37,717618718454,125980,100,24039,495,42
1784725357.2919,21:02:37,717618746663,125980,100,24039,495,42
1784725357.4919,21:02:37,717618775422,136903,100,24039,570,42
1784725357.6919,21:02:37,717618804408,136903,100,24039,570,42
1784725357.8919,21:02:37,717618831156,136903,100,24039,570,42
1784725358.0919,21:02:38,717618855702,147881,100,24039,390,42
1784725358.2919,21:02:38,717618879584,147881,100,24039,390,42
1784725358.4919,21:02:38,717618903596,140756,100,24039,390,41
1784725358.6919,21:02:38,717618927267,140756,100,24039,390,41
1784725358.8919,21:02:38,717618951094,140756,100,24039,390,41
1784725359.0919,21:02:39,717618974990,129317,100,24039,390,41
1784725359.2919,21:02:39,717618999700,129317,100,24039,390,41
1784725359.4919,21:02:39,717619025290,129431,100,24039,450,42
1784725359.6919,21:02:39,717619051130,129431,100,24039,450,42
1784725359.8919,21:02:39,717619077548,129431,100,24039,450,42
1784725360.0919,21:02:40,717619104930,134960,100,24039,510,42
1784725360.2919,21:02:40,717619131060,134960,100,24039,510,42
1784725360.4919,21:02:40,717619156494,140722,100,24039,450,42
1784725360.6919,21:02:40,717619181934,140722,100,24039,450,42
1784725360.8919,21:02:40,717619206986,140722,100,24039,450,42
1784725361.0919,21:02:41,717619232332,139882,100,24039,450,42
1784725361.2919,21:02:41,717619257811,139882,100,24039,450,42
1784725361.4919,21:02:41,717619283189,136234,100,24039,450,42
1784725361.6919,21:02:41,717619308200,136234,100,24039,450,42
1784725361.8919,21:02:41,717619333657,136234,100,24039,450,42
1784725362.0919,21:02:42,717619358222,136188,100,24039,450,42
1784725362.2919,21:02:42,717619380848,136188,100,24039,450,42
1784725362.4920,21:02:42,717619403397,131356,100,24039,360,41
1784725362.6920,21:02:42,717619425688,131356,100,24039,360,41
1784725362.8919,21:02:42,717619448169,131356,100,24039,360,41
1784725363.0919,21:02:43,717619470647,124498,100,24039,360,41
1784725363.2919,21:02:43,717619493177,124498,100,24039,360,41
1784725363.4919,21:02:43,717619517212,122046,100,24039,390,41
1784725363.6920,21:02:43,717619541076,122046,100,24039,390,41
1784725363.8919,21:02:43,717619564844,122046,100,24039,390,41
1784725364.0919,21:02:44,717619588924,125510,100,24039,405,41
1784725364.2919,21:02:44,717619613019,125510,100,24039,405,41
1784725364.4919,21:02:44,717619636886,129216,100,24039,405,41
1784725364.6919,21:02:44,717619660873,129216,100,24039,405,41
1784725364.8919,21:02:44,717619684780,129216,100,24039,405,41
1784725365.0919,21:02:45,717619708791,129431,100,24039,405,41
1784725365.2919,21:02:45,717619732764,129431,100,24039,405,41
1784725365.4919,21:02:45,717619756703,129688,100,24039,405,41
1784725365.6920,21:02:45,717619780578,129688,100,24039,405,41
1784725365.8919,21:02:45,717619802355,129688,100,24039,405,41
1784725366.0919,21:02:46,717619823919,127447,100,24039,330,41
1784725366.2919,21:02:46,717619845485,127447,100,24039,330,41
1784725366.4919,21:02:46,717619868447,122167,100,24039,390,41
1784725366.6919,21:02:46,717619891851,122167,100,24039,390,41
1784725366.8919,21:02:46,717619915303,122167,100,24039,390,41
1784725367.0919,21:02:47,717619938213,122095,100,24039,405,41
1784725367.2919,21:02:47,717619961476,122095,100,24039,405,41
1784725367.4919,21:02:47,717619984837,126110,100,24039,390,41
1784725367.6919,21:02:47,717620007796,126110,100,24039,390,41
1784725367.8919,21:02:47,717620031185,126110,100,24039,390,41
1784725368.0919,21:02:48,717620054602,126228,100,24039,390,41
1784725368.2919,21:02:48,717620078876,126228,100,24039,390,41
1784725368.4919,21:02:48,717620104832,128765,100,24039,480,42
1784725368.6919,21:02:48,717620130913,128765,100,24039,480,42
1784725368.8919,21:02:48,717620157686,128765,100,24039,480,42
1784725369.0919,21:02:49,717620184254,136902,100,24039,495,42
1784725369.2919,21:02:49,717620209973,136902,100,24039,495,42
1784725369.4919,21:02:49,717620233445,142120,100,24039,360,41
1784725369.6919,21:02:49,717620255811,142120,100,24039,360,41
1784725369.8919,21:02:49,717620278230,142120,100,24039,360,41
1784725370.0919,21:02:50,717620300547,132677,100,24039,360,41
1784725370.2919,21:02:50,717620322888,132677,100,24039,360,41
1784725370.4919,21:02:50,717620345292,123052,100,24039,360,41
1784725370.6919,21:02:50,717620367999,123052,100,24039,360,41
1784725370.8919,21:02:50,717620392071,123052,100,24039,360,41
1784725371.0920,21:02:51,717620416400,124156,100,24039,420,41
1784725371.2919,21:02:51,717620440478,124156,100,24039,420,41
1784725371.4920,21:02:51,717620464336,128721,100,24039,405,41
1784725371.6920,21:02:51,717620488507,128721,100,24039,405,41
1784725371.8919,21:02:51,717620513633,128721,100,24039,405,41
1784725372.0919,21:02:52,717620537139,132777,100,24039,405,42
1784725372.2919,21:02:52,717620560845,132777,100,24039,405,42
1784725372.4919,21:02:52,717620584385,131377,100,24039,405,41
1784725372.6919,21:02:52,717620608086,131377,100,24039,405,41
1784725372.8920,21:02:52,717620631556,131377,100,24039,405,41
1784725373.0919,21:02:53,717620654892,129658,100,24039,405,41
1784725373.2919,21:02:53,717620678257,129658,100,24039,405,41
1784725373.4919,21:02:53,717620701430,128823,100,24039,390,41
1784725373.6919,21:02:53,717620724948,128823,100,24039,390,41
1784725373.8919,21:02:53,717620748629,128823,100,24039,390,41
1784725374.0919,21:02:54,717620772213,128647,100,24039,390,41
1784725374.2919,21:02:54,717620795616,128647,100,24039,390,41
1784725374.4919,21:02:54,717620819036,128838,100,24039,405,41
1784725374.6919,21:02:54,717620842654,128838,100,24039,405,41
1784725374.8919,21:02:54,717620866214,128838,100,24039,405,41
1784725375.0919,21:02:55,717620889544,129340,100,24039,405,41
1784725375.2919,21:02:55,717620912579,129340,100,24039,405,41
1784725375.4920,21:02:55,717620935832,128781,100,24039,390,41
1784725375.6920,21:02:55,717620958930,128781,100,24039,390,41
1784725375.8920,21:02:55,717620982543,128781,100,24039,390,41
1784725376.0919,21:02:56,717621005628,128421,100,24039,390,41
1784725376.2920,21:02:56,717621027506,128421,100,24039,390,41
1784725376.4920,21:02:56,717621048714,125834,100,24039,330,41
1784725376.6919,21:02:56,717621070574,125834,100,24039,330,41
1784725376.8920,21:02:56,717621093653,125834,100,24039,330,41
1784725377.0919,21:02:57,717621116267,123254,100,24039,375,41
1784725377.2919,21:02:57,717621139225,123254,100,24039,375,41
1784725377.4919,21:02:57,717621161851,123278,100,24039,390,41
1784725377.6919,21:02:57,717621184854,123278,100,24039,390,41
1784725377.8920,21:02:57,717621207412,123278,100,24039,390,41
1784725378.0919,21:02:58,717621230335,125922,100,24039,390,41
1784725378.2920,21:02:58,717621253376,125922,100,24039,390,41
1784725378.4919,21:02:58,717621276970,126465,100,24039,435,41
1784725378.6919,21:02:58,717621301741,126465,100,24039,435,41
1784725378.8919,21:02:58,717621327522,126465,100,24039,435,41
1784725379.0919,21:02:59,717621353787,132018,100,24039,495,42
1784725379.2919,21:02:59,717621379479,132018,100,24039,495,42
1784725379.4919,21:02:59,717621403320,138893,100,24039,420,41
1784725379.6919,21:02:59,717621427220,138893,100,24039,420,41
1784725379.8920,21:02:59,717621451061,138893,100,24039,420,41
1784725380.0920,21:03:00,717621474540,137744,100,24039,420,41
1784725380.2920,21:03:00,717621496068,137744,100,24039,420,41
1784725380.4920,21:03:00,717621517192,127596,100,24039,270,41
1784725380.6919,21:03:00,717621538468,127596,100,24039,270,41
1784725380.8920,21:03:00,717621560869,127596,100,24039,270,41
1784725381.0919,21:03:01,717621583552,117908,100,24039,330,41
1784725381.2920,21:03:01,717621607525,117908,100,24039,330,41
1784725381.4920,21:03:01,717621628208,113393,100,24039,345,41
1784725381.6919,21:03:01,717621655354,113393,100,24039,345,41
1784725381.8919,21:03:01,717621677534,113393,100,24039,345,41
1784725382.0919,21:03:02,717621731424,120296,100,24039,2520,44
1784725382.2920,21:03:02,717621796655,120296,100,24039,2520,44
1784725382.4920,21:03:02,717621853282,206228,100,24039,2640,49
1784725382.6919,21:03:02,717621904649,206228,100,24039,2640,49
1784725382.8920,21:03:02,717621957478,206228,100,24039,2640,49
1784725383.0919,21:03:03,717622001772,288179,100,24039,2310,47
1784725383.2919,21:03:03,717622045742,288179,100,24039,2310,47
1784725383.4919,21:03:03,717622086290,252713,100,24039,1200,45
1784725383.6920,21:03:03,717622122037,252713,100,24039,1200,45
1784725383.8919,21:03:03,717622148897,252713,100,24039,1200,45
1784725384.0919,21:03:04,717622169601,203091,100,24039,240,42
1784725384.2919,21:03:04,717622188355,203091,100,24039,240,42
1784725384.4919,21:03:04,717622207108,140819,100,24039,210,41
1784725384.6919,21:03:04,717622225805,140819,100,24039,210,41
1784725384.8920,21:03:04,717622244471,140819,100,24039,210,41
1784725385.0920,21:03:05,717622263073,100574,100,24039,210,41
1784725385.2920,21:03:05,717622281020,100574,100,24039,210,41
1784725385.4920,21:03:05,717622295853,93225,100,24039,210,40
1784725385.6919,21:03:05,717622337599,93225,100,24039,210,40
1784725385.8919,21:03:05,717622394984,93225,100,24039,210,40
1784725386.0920,21:03:06,717622451134,152444,100,24039,2685,49
1784725386.2920,21:03:06,717622504612,152444,100,24039,2685,49
1784725386.4919,21:03:06,717622554966,236099,100,24039,2415,47
1784725386.6919,21:03:06,717622602191,236099,100,24039,2415,47
1784725386.8919,21:03:06,717622646374,236099,100,24039,2415,47
1784725387.0919,21:03:07,717622688467,260844,100,24039,1455,45
1784725387.2920,21:03:07,717622721413,260844,100,24039,1455,45
1784725387.4920,21:03:07,717622751889,217492,100,24039,435,43
1784725387.6919,21:03:07,717622776041,217492,100,24039,435,43
1784725387.8920,21:03:07,717622795286,217492,100,24039,435,43
1784725388.0919,21:03:08,717622814074,159277,100,24039,210,41
1784725388.2920,21:03:08,717622832805,159277,100,24039,210,41
1784725388.4919,21:03:08,717622851385,112346,100,24039,210,41
1784725388.6919,21:03:08,717622870074,112346,100,24039,210,41
1784725388.8919,21:03:08,717622888832,112346,100,24039,210,41
1784725389.0919,21:03:09,717622907534,96199,100,24039,210,41
1784725389.2919,21:03:09,717622926138,96199,100,24039,210,41
1784725389.4920,21:03:09,717622944848,95885,100,24039,210,40
1784725389.6920,21:03:09,717622963414,95885,100,24039,210,40
1784725389.8920,21:03:09,717622981993,95885,100,24039,210,40
1784725390.0920,21:03:10,717623002067,95793,100,24039,255,40
1784725390.2920,21:03:10,717623023596,95793,100,24039,255,40
1784725390.4919,21:03:10,717623047385,102289,100,24039,360,41
1784725390.6920,21:03:10,717623071276,102289,100,24039,360,41
1784725390.8920,21:03:10,717623095127,102289,100,24039,360,41
1784725391.0920,21:03:11,717623113033,114442,100,24039,315,41
1784725391.2920,21:03:11,717623130473,114442,100,24039,315,41
1784725391.4920,21:03:11,717623148701,108078,100,24039,360,42
1784725391.6920,21:03:11,717623193800,108078,100,24039,360,42
1784725391.8919,21:03:11,717623250353,108078,100,24039,360,42
1784725392.0920,21:03:12,717623310213,157357,100,24039,2700,48
1784725392.2919,21:03:12,717623360669,157357,100,24039,2700,48
1784725392.4920,21:03:12,717623402479,240425,100,24039,825,48
1784725392.6919,21:03:12,717623435288,240425,100,24039,825,48
1784725392.8919,21:03:12,717623461269,240425,100,24039,825,48
1784725393.0920,21:03:13,717623481671,224743,100,24039,225,42
1784725393.2920,21:03:13,717623499834,224743,100,24039,225,42
1784725393.4920,21:03:13,717623514774,136115,100,24039,210,41
1784725393.6920,21:03:13,717623529598,136115,100,24039,210,41
1784725393.8920,21:03:13,717623544789,136115,100,24039,210,41
1784725394.0919,21:03:14,717623583867,88827,100,24039,255,41
1784725394.2919,21:03:14,717623640051,88827,100,24039,255,41
1784725394.4920,21:03:14,717623696657,160589,100,24039,2655,48
1784725394.6920,21:03:14,717623750750,160589,100,24039,2655,48
1784725394.8919,21:03:14,717623801711,160589,100,24039,2655,48
1784725395.0920,21:03:15,717623846936,249648,100,24039,2460,47
1784725395.2920,21:03:15,717623887912,249648,100,24039,2460,47
1784725395.4920,21:03:15,717623924274,250396,100,24039,720,45
1784725395.6920,21:03:15,717623954917,250396,100,24039,720,45
1784725395.8919,21:03:15,717623979774,250396,100,24039,720,45
1784725396.0920,21:03:16,717624000213,191070,100,24039,285,42
1784725396.2920,21:03:16,717624018947,191070,100,24039,285,42
1784725396.4920,21:03:16,717624037545,131307,100,24039,210,41
1784725396.6920,21:03:16,717624056178,131307,100,24039,210,41
1784725396.8920,21:03:16,717624074861,131307,100,24039,210,41
1784725397.0920,21:03:17,717624093509,99640,100,24039,210,41
1784725397.2920,21:03:17,717624112063,99640,100,24039,210,41
1784725397.4920,21:03:17,717624130616,95842,100,24039,210,41
1784725397.6920,21:03:17,717624148699,95842,100,24039,210,41
1784725397.8919,21:03:17,717624166396,95842,100,24039,210,41
1784725398.0920,21:03:18,717624184910,94477,100,24039,210,41
1784725398.2920,21:03:18,717624202940,94477,100,24039,210,41
1784725398.4920,21:03:18,717624217993,92242,100,24039,225,41
1784725398.6920,21:03:18,717624234389,92242,100,24039,225,41
1784725398.8926,21:03:18,717624289324,92242,100,24039,225,41
1784725399.0920,21:03:19,717624344829,126202,100,24039,2700,48
1784725399.2920,21:03:19,717624400475,126202,100,24039,2700,48
1784725399.4920,21:03:19,717624452918,212662,100,24039,2550,48
1784725399.6920,21:03:19,717624501376,212662,100,24039,2550,48
1784725399.8920,21:03:19,717624547609,212662,100,24039,2550,48
1784725400.0920,21:03:20,717624591121,273217,100,24039,2040,46
1784725400.2920,21:03:20,717624632029,273217,100,24039,2040,46
1784725400.4919,21:03:20,717624666572,232343,100,24039,1305,45
1784725400.6919,21:03:20,717624704126,232343,100,24039,1305,45
1784725400.8919,21:03:20,717624736159,232343,100,24039,1305,45
1784725401.0919,21:03:21,717624763076,198715,100,24039,420,43
1784725401.2920,21:03:21,717624785143,198715,100,24039,420,43
1784725401.4919,21:03:21,717624804363,152870,100,24039,210,41
1784725401.6919,21:03:21,717624823008,152870,100,24039,210,41
1784725401.8920,21:03:21,717624841659,152870,100,24039,210,41
1784725402.0919,21:03:22,717624860280,113111,100,24039,210,41
1784725402.2919,21:03:22,717624878930,113111,100,24039,210,41
1784725402.4919,21:03:22,717624897524,96917,100,24039,210,41
1784725402.6919,21:03:22,717624916111,96917,100,24039,210,41
1784725402.8920,21:03:22,717624934624,96917,100,24039,210,41
1784725403.0920,21:03:23,717624953127,96373,100,24039,210,41
1784725403.2920,21:03:23,717624971688,96373,100,24039,210,41
1784725403.4920,21:03:23,717624990309,96209,100,24039,210,41
1784725403.6919,21:03:23,717625008782,96209,100,24039,210,41
1784725403.8920,21:03:23,717625027157,96209,100,24039,210,41
1784725404.0919,21:03:24,717625045513,96053,100,24039,210,40
1784725404.2919,21:03:24,717625063908,96053,100,24039,210,40
1784725404.4919,21:03:24,717625082643,95717,100,24039,255,40
1784725404.6919,21:03:24,717625103040,95717,100,24039,255,40
1784725404.8919,21:03:24,717625125660,95717,100,24039,255,40
1784725405.0919,21:03:25,717625149709,101947,100,24039,375,41
1784725405.2920,21:03:25,717625173261,101947,100,24039,375,41
1784725405.4919,21:03:25,717625194878,113753,100,24039,315,41
1784725405.6920,21:03:25,717625216798,113753,100,24039,315,41
1784725405.8920,21:03:25,717625238680,113753,100,24039,315,41
1784725406.0920,21:03:26,717625260560,117918,100,24039,315,41
1784725406.2920,21:03:26,717625282431,117918,100,24039,315,41
1784725406.4920,21:03:26,717625304299,113803,100,24039,315,41
1784725406.6920,21:03:26,717625326173,113803,100,24039,315,41
1784725406.8920,21:03:26,717625347941,113803,100,24039,315,41
1784725407.0920,21:03:27,717625369481,114045,100,24039,300,41
1784725407.2920,21:03:27,717625390867,114045,100,24039,300,41
1784725407.4920,21:03:27,717625412215,113226,100,24039,300,41
1784725407.6920,21:03:27,717625433079,113226,100,24039,300,41
1784725407.8920,21:03:27,717625448986,113226,100,24039,300,41
1784725408.0920,21:03:28,717625466939,106195,100,24039,285,41
1784725408.2920,21:03:28,717625518967,106195,100,24039,285,41
1784725408.4920,21:03:28,717625575084,148906,100,24039,2700,48
1784725408.6920,21:03:28,717625630436,148906,100,24039,2700,48
1784725408.8920,21:03:28,717625672671,148906,100,24039,2700,48
1784725409.0920,21:03:29,717625706607,220117,100,24039,825,46
1784725409.2919,21:03:29,717625742172,220117,100,24039,825,46
1784725409.4920,21:03:29,717625772513,226738,100,24039,510,43
1784725409.6920,21:03:29,717625796818,226738,100,24039,510,43
1784725409.8920,21:03:29,717625814353,226738,100,24039,510,43
1784725410.0919,21:03:30,717625832764,153189,100,24039,210,41
1784725410.2920,21:03:30,717625851073,153189,100,24039,210,41
1784725410.4919,21:03:30,717625869601,111811,100,24039,210,41
1784725410.6920,21:03:30,717625887962,111811,100,24039,210,41
1784725410.8920,21:03:30,717625906322,111811,100,24039,210,41
1784725411.0920,21:03:31,717625924760,96210,100,24039,210,41
1784725411.2919,21:03:31,717625943076,96210,100,24039,210,41
1784725411.4919,21:03:31,717625962031,96647,100,24039,255,40
1784725411.6920,21:03:31,717625982725,96647,100,24039,255,40
1784725411.8919,21:03:31,717626004420,96647,100,24039,255,40
1784725412.0920,21:03:32,717626026366,102693,100,24039,315,41
1784725412.2919,21:03:32,717626048265,102693,100,24039,315,41
1784725412.4919,21:03:32,717626070250,111270,100,24039,315,41
1784725412.6919,21:03:32,717626092209,111270,100,24039,315,41
1784725412.8920,21:03:32,717626114414,111270,100,24039,315,41
1784725413.0920,21:03:33,717626136551,115950,100,24039,330,41
1784725413.2920,21:03:33,717626157111,115950,100,24039,330,41
1784725413.4920,21:03:33,717626178718,114549,100,24039,360,41
1784725413.6920,21:03:33,717626202686,114549,100,24039,360,41
1784725413.8920,21:03:33,717626228307,114549,100,24039,360,41
1784725414.0920,21:03:34,717626253951,120270,100,24039,420,42
1784725414.2920,21:03:34,717626279219,120270,100,24039,420,42
1784725414.4920,21:03:34,717626302475,128598,100,24039,330,41
1784725414.6920,21:03:34,717626325586,128598,100,24039,330,41
1784725414.8920,21:03:34,717626348979,128598,100,24039,330,41
1784725415.0920,21:03:35,717626372360,128182,100,24039,360,41
1784725415.2920,21:03:35,717626395687,128182,100,24039,360,41
1784725415.4920,21:03:35,717626418979,123309,100,24039,360,41
1784725415.6920,21:03:35,717626439964,123309,100,24039,360,41
1784725415.8920,21:03:35,717626460711,123309,100,24039,360,41
1784725416.0920,21:03:36,717626481479,118657,100,24039,285,41
1784725416.2920,21:03:36,717626502141,118657,100,24039,285,41
1784725416.4920,21:03:36,717626523311,112633,100,24039,300,41
1784725416.6920,21:03:36,717626544549,112633,100,24039,300,41
1784725416.8920,21:03:36,717626565486,112633,100,24039,300,41
1784725417.0920,21:03:37,717626587737,111020,100,24039,330,41
1784725417.2920,21:03:37,717626611839,111020,100,24039,330,41
1784725417.4920,21:03:37,717626636475,117917,100,24039,390,41
1784725417.6920,21:03:37,717626660944,117917,100,24039,390,41
1784725417.8920,21:03:37,717626686759,117917,100,24039,390,41
1784725418.0919,21:03:38,717626712987,127403,100,24039,450,42
1784725418.2920,21:03:38,717626737306,127403,100,24039,450,42
1784725418.4920,21:03:38,717626759711,132162,100,24039,315,41
1784725418.6920,21:03:38,717626780956,132162,100,24039,315,41
1784725418.8919,21:03:38,717626802529,132162,100,24039,315,41
1784725419.0920,21:03:39,717626825048,124457,100,24039,345,41
1784725419.2920,21:03:39,717626848647,124457,100,24039,345,41
1784725419.4920,21:03:39,717626871935,119019,100,24039,360,41
1784725419.6919,21:03:39,717626895154,119019,100,24039,360,41
1784725419.8919,21:03:39,717626918266,119019,100,24039,360,41
1784725420.0920,21:03:40,717626941800,122838,100,24039,390,41
1784725420.2920,21:03:40,717626965185,122838,100,24039,390,41
1784725420.4920,21:03:40,717626988562,124375,100,24039,375,41
1784725420.6920,21:03:40,717627011824,124375,100,24039,375,41
1784725420.8920,21:03:40,717627035374,124375,100,24039,375,41
1784725421.0920,21:03:41,717627056864,125008,100,24039,330,41
1784725421.2920,21:03:41,717627080024,125008,100,24039,330,41
1784725421.4920,21:03:41,717627103268,122844,100,24039,360,41
1784725421.6920,21:03:41,717627126513,122844,100,24039,360,41
1784725421.8920,21:03:41,717627149771,122844,100,24039,360,41
1784725422.0919,21:03:42,717627172889,122606,100,24039,360,41
1784725422.2919,21:03:42,717627195590,122606,100,24039,360,41
1784725422.4919,21:03:42,717627216746,122720,100,24039,300,41
1784725422.6919,21:03:42,717627237934,122720,100,24039,300,41
1784725422.8919,21:03:42,717627258650,122720,100,24039,300,41
1784725423.0920,21:03:43,717627281234,117443,100,24039,345,41
1784725423.2920,21:03:43,717627305826,117443,100,24039,345,41
1784725423.4920,21:03:43,717627331879,120461,100,24039,465,41
1784725423.6919,21:03:43,717627357624,120461,100,24039,465,41
1784725423.8919,21:03:43,717627377675,120461,100,24039,465,41
1784725424.0920,21:03:44,717627403339,126583,100,24039,450,42
1784725424.2919,21:03:44,717627430965,126583,100,24039,450,42
1784725424.4920,21:03:44,717627455590,135342,100,24039,450,42
1784725424.6919,21:03:44,717627480404,135342,100,24039,450,42
1784725424.8919,21:03:44,717627508053,135342,100,24039,450,42
1784725425.0919,21:03:45,717627535953,137459,100,24039,525,42
1784725425.2919,21:03:45,717627563767,137459,100,24039,525,42
1784725425.4920,21:03:45,717627588955,142735,100,24039,405,42
1784725425.6920,21:03:45,717627611985,142735,100,24039,405,42
1784725425.8920,21:03:45,717627635955,142735,100,24039,405,42
1784725426.0920,21:03:46,717627658383,138754,100,24039,330,41
1784725426.2919,21:03:46,717627680381,138754,100,24039,330,41
1784725426.4920,21:03:46,717627702704,124946,100,24039,345,41
1784725426.6919,21:03:46,717627724908,124946,100,24039,345,41
1784725426.8920,21:03:46,717627746873,124946,100,24039,345,41
1784725427.0920,21:03:47,717627768912,120371,100,24039,330,41
1784725427.2920,21:03:47,717627788355,120371,100,24039,330,41
1784725427.4920,21:03:47,717627807944,114636,100,24039,330,41
1784725427.6919,21:03:47,717627830929,114636,100,24039,330,41
1784725427.8920,21:03:47,717627855454,114636,100,24039,330,41
1784725428.0920,21:03:48,717627879821,117454,100,24039,435,41
1784725428.2920,21:03:48,717627900057,117454,100,24039,435,41
1784725428.4920,21:03:48,717627925231,122328,100,24039,450,41
1784725428.6920,21:03:48,717627951452,122328,100,24039,450,41
1784725428.8920,21:03:48,717627978832,122328,100,24039,450,41
1784725429.0920,21:03:49,717628006392,133688,100,24039,510,42
1784725429.2919,21:03:49,717628033063,133688,100,24039,510,42
1784725429.4919,21:03:49,717628058726,143721,100,24039,435,42
1784725429.6920,21:03:49,717628083476,143721,100,24039,435,42
1784725429.8919,21:03:49,717628105748,143721,100,24039,435,42
1784725430.0920,21:03:50,717628126348,138739,100,24039,285,41
1784725430.2919,21:03:50,717628146625,138739,100,24039,285,41
1784725430.4920,21:03:50,717628167298,122201,100,24039,300,41
1784725430.6920,21:03:50,717628182950,122201,100,24039,300,41
1784725430.8920,21:03:50,717628198322,122201,100,24039,300,41
1784725431.0920,21:03:51,717628221283,102013,100,24039,270,41
1784725431.2920,21:03:51,717628269104,102013,100,24039,270,41
1784725431.4920,21:03:51,717628323023,148583,100,24039,2655,48
1784725431.6920,21:03:51,717628376715,148583,100,24039,2655,48
1784725431.8920,21:03:51,717628427380,148583,100,24039,2655,48
1784725432.0920,21:03:52,717628474684,235306,100,24039,2475,47
1784725432.2920,21:03:52,717628518484,235306,100,24039,2475,47
1784725432.4920,21:03:52,717628559729,267423,100,24039,1980,46
1784725432.6920,21:03:52,717628597857,267423,100,24039,1980,46
1784725432.8920,21:03:52,717628626915,267423,100,24039,1980,46
1784725433.0920,21:03:53,717628646967,222135,100,24039,450,44
1784725433.2920,21:03:53,717628665732,222135,100,24039,450,44
1784725433.4920,21:03:53,717628683684,154960,100,24039,210,41
1784725433.6920,21:03:53,717628700451,154960,100,24039,210,41
1784725433.8920,21:03:53,717628714684,154960,100,24039,210,41
1784725434.0920,21:03:54,717628729828,99282,100,24039,210,41
1784725434.2920,21:03:54,717628747404,99282,100,24039,210,41
1784725434.4920,21:03:54,717628765925,90179,100,24039,255,41
1784725434.6920,21:03:54,717628784909,90179,100,24039,255,41
1784725434.8920,21:03:54,717628801755,90179,100,24039,255,41
1784725435.0920,21:03:55,717628821086,93862,100,24039,375,41
1784725435.2920,21:03:55,717628858700,93862,100,24039,375,41
1784725435.4920,21:03:55,717628920414,154194,100,24039,2685,50
1784725435.6920,21:03:55,717628972864,154194,100,24039,2685,50
1784725435.8920,21:03:55,717629022118,154194,100,24039,2685,50
1784725436.0920,21:03:56,717629068298,230927,100,24039,2430,48
1784725436.2920,21:03:56,717629112040,230927,100,24039,2430,48
1784725436.4920,21:03:56,717629153534,274824,100,24039,1935,46
1784725436.6931,21:03:56,717629191892,274824,100,24039,1935,46
1784725436.8920,21:03:56,717629225334,274824,100,24039,1935,46
1784725437.0920,21:03:57,717629254123,227199,100,24039,690,44
1784725437.2920,21:03:57,717629278211,227199,100,24039,690,44
1784725437.4920,21:03:57,717629297052,176200,100,24039,210,42
1784725437.6920,21:03:57,717629314711,176200,100,24039,210,42
1784725437.8920,21:03:57,717629332224,176200,100,24039,210,42
1784725438.0920,21:03:58,717629349768,122713,100,24039,210,41
1784725438.2920,21:03:58,717629367352,122713,100,24039,210,41
1784725438.4920,21:03:58,717629384914,97849,100,24039,210,41
1784725438.6920,21:03:58,717629402419,97849,100,24039,210,41
1784725438.8920,21:03:58,717629419985,97849,100,24039,210,41
1784725439.0920,21:03:59,717629437558,96574,100,24039,210,41
1784725439.2920,21:03:59,717629455077,96574,100,24039,210,41
1784725439.4920,21:03:59,717629472582,96751,100,24039,210,40
1784725439.6920,21:03:59,717629490179,96751,100,24039,210,40
1784725439.8920,21:03:59,717629506659,96751,100,24039,210,40
1784725440.0920,21:04:00,717629524264,95712,100,24039,210,40
1784725440.2919,21:04:00,717629543265,95712,100,24039,210,40
1784725440.4920,21:04:00,717629562449,98235,100,24039,255,41
1784725440.6920,21:04:00,717629583188,98235,100,24039,255,41
1784725440.8920,21:04:00,717629604097,98235,100,24039,255,41
1784725441.0920,21:04:01,717629626760,106325,100,24039,375,41
1784725441.2920,21:04:01,717629651248,106325,100,24039,375,41
1784725441.4920,21:04:01,717629673685,120269,100,24039,360,41
1784725441.6920,21:04:01,717629694472,120269,100,24039,360,41
1784725441.8920,21:04:01,717629714991,120269,100,24039,360,41
1784725442.0920,21:04:02,717629735513,122277,100,24039,300,41
1784725442.2920,21:04:02,717629756273,122277,100,24039,300,41
1784725442.4920,21:04:02,717629775038,115254,100,24039,225,41
1784725442.6920,21:04:02,717629792371,115254,100,24039,225,41
1784725442.8920,21:04:02,717629809352,115254,100,24039,225,41
1784725443.0920,21:04:03,717629827309,105127,100,24039,225,40
1784725443.2920,21:04:03,717629846436,105127,100,24039,225,40
1784725443.4920,21:04:03,717629867362,101104,100,24039,360,41
1784725443.6920,21:04:03,717629890329,101104,100,24039,360,41
1784725443.8920,21:04:03,717629912338,101104,100,24039,360,41
1784725444.0920,21:04:04,717629940093,113422,100,24039,480,42
1784725444.2920,21:04:04,717629969470,113422,100,24039,480,42
1784725444.4920,21:04:04,717629998880,134081,100,24039,525,42
1784725444.6920,21:04:04,717630027186,134081,100,24039,525,42
1784725444.8920,21:04:04,717630053678,134081,100,24039,525,42
1784725445.0920,21:04:05,717630076308,142498,100,24039,345,42
1784725445.2920,21:04:05,717630099508,142498,100,24039,345,42
1784725445.4920,21:04:05,717630122237,131998,100,24039,315,41
1784725445.6920,21:04:05,717630145016,131998,100,24039,315,41
1784725445.8920,21:04:05,717630168491,131998,100,24039,315,41
1784725446.0920,21:04:06,717630192118,119001,100,24039,345,41
1784725446.2920,21:04:06,717630215778,119001,100,24039,345,41
1784725446.4920,21:04:06,717630239360,119561,100,24039,345,41
1784725446.6920,21:04:06,717630262913,119561,100,24039,345,41
1784725446.8920,21:04:06,717630285599,119561,100,24039,345,41
1784725447.0920,21:04:07,717630306409,120049,100,24039,270,41
1784725447.2920,21:04:07,717630327485,120049,100,24039,270,41
1784725447.4920,21:04:07,717630348491,114029,100,24039,270,41
1784725447.6920,21:04:07,717630369113,114029,100,24039,270,41
1784725447.8920,21:04:07,717630389791,114029,100,24039,270,41
1784725448.0920,21:04:08,717630410511,107398,100,24039,255,40
1784725448.2920,21:04:08,717630432893,107398,100,24039,255,40
1784725448.4920,21:04:08,717630457498,110142,100,24039,375,41
1784725448.6920,21:04:08,717630482465,110142,100,24039,375,41
1784725448.8920,21:04:08,717630507400,110142,100,24039,375,41
1784725449.0920,21:04:09,717630532370,119659,100,24039,375,41
1784725449.2920,21:04:09,717630557425,119659,100,24039,375,41
1784725449.4920,21:04:09,717630582244,127643,100,24039,375,41
1784725449.6920,21:04:09,717630606960,127643,100,24039,375,41
1784725449.8920,21:04:09,717630631898,127643,100,24039,375,41
1784725450.0920,21:04:10,717630656893,127657,100,24039,390,41
1784725450.2920,21:04:10,717630681581,127657,100,24039,390,41
1784725450.4920,21:04:10,717630705021,126725,100,24039,330,41
1784725450.6920,21:04:10,717630727991,126725,100,24039,330,41
1784725450.8920,21:04:10,717630749154,126725,100,24039,330,41
1784725451.0920,21:04:11,717630769562,120927,100,24039,255,41
1784725451.2920,21:04:11,717630789966,120927,100,24039,255,41
1784725451.4920,21:04:11,717630810460,110492,100,24039,255,40
1784725451.6920,21:04:11,717630827831,110492,100,24039,255,40
1784725451.8920,21:04:11,717630844394,110492,100,24039,255,40
1784725452.0920,21:04:12,717630886421,98382,100,24039,2250,41
1784725452.2920,21:04:12,717630942845,98382,100,24039,2250,41
1784725452.4920,21:04:12,717631006108,172522,100,24039,2340,51
1784725452.6920,21:04:12,717631049448,172522,100,24039,2340,51
1784725452.8920,21:04:12,717631098541,172522,100,24039,2340,51
1784725453.0920,21:04:13,717631145146,247985,100,24039,2370,47
1784725453.2920,21:04:13,717631188364,247985,100,24039,2370,47
1784725453.4920,21:04:13,717631227066,247130,100,24039,900,45
1784725453.6920,21:04:13,717631260706,247130,100,24039,900,45
1784725453.8920,21:04:13,717631288802,247130,100,24039,900,45
1784725454.0920,21:04:14,717631310539,199314,100,24039,360,42
1784725454.2920,21:04:14,717631329448,199314,100,24039,360,42
1784725454.4920,21:04:14,717631348374,140168,100,24039,210,41
1784725454.6920,21:04:14,717631367250,140168,100,24039,210,41
1784725454.8920,21:04:14,717631386098,140168,100,24039,210,41
1784725455.0920,21:04:15,717631404867,102706,100,24039,210,41
1784725455.2920,21:04:15,717631423627,102706,100,24039,210,41
1784725455.4920,21:04:15,717631442466,96665,100,24039,210,40
1784725455.6920,21:04:15,717631461288,96665,100,24039,210,40
1784725455.8920,21:04:15,717631480133,96665,100,24039,210,40
1784725456.0920,21:04:16,717631499065,96542,100,24039,210,40
1784725456.2920,21:04:16,717631519483,96542,100,24039,210,40
1784725456.4920,21:04:16,717631540049,99051,100,24039,285,41
1784725456.6920,21:04:16,717631562465,99051,100,24039,285,41
1784725456.8920,21:04:16,717631586529,99051,100,24039,285,41
1784725457.0920,21:04:17,717631612493,108334,100,24039,420,41
1784725457.2920,21:04:17,717631638544,108334,100,24039,420,41
1784725457.4920,21:04:17,717631664639,123415,100,24039,420,41
1784725457.6920,21:04:17,717631690664,123415,100,24039,420,41
1784725457.8920,21:04:17,717631714722,123415,100,24039,420,41
1784725458.0920,21:04:18,717631736700,130753,100,24039,300,41
1784725458.2920,21:04:18,717631755072,130753,100,24039,300,41
1784725458.4920,21:04:18,717631772082,116094,100,24039,240,41
1784725458.6920,21:04:18,717631794875,116094,100,24039,240,41
1784725458.8920,21:04:18,717631820076,116094,100,24039,240,41
1784725459.0920,21:04:19,717631846208,109339,100,24039,450,41
1784725459.2920,21:04:19,717631873516,109339,100,24039,450,41
1784725459.4920,21:04:19,717631900956,123790,100,24039,465,42
1784725459.6920,21:04:19,717631926500,123790,100,24039,465,42
1784725459.8920,21:04:19,717631949880,123790,100,24039,465,42
1784725460.0920,21:04:20,717631970676,133094,100,24039,255,41
1784725460.2920,21:04:20,717631990498,133094,100,24039,255,41
1784725460.4920,21:04:20,717632010238,118366,100,24039,240,40
1784725460.6920,21:04:20,717632030969,118366,100,24039,240,40
1784725460.8920,21:04:20,717632052843,118366,100,24039,240,40
1784725461.0920,21:04:21,717632075721,106830,100,24039,345,41
1784725461.2920,21:04:21,717632099616,106830,100,24039,345,41
1784725461.4920,21:04:21,717632123495,113490,100,24039,360,41
1784725461.6920,21:04:21,717632147372,113490,100,24039,360,41
1784725461.8920,21:04:21,717632171318,113490,100,24039,360,41
1784725462.0920,21:04:22,717632195221,121365,100,24039,360,41
1784725462.2920,21:04:22,717632213259,121365,100,24039,360,41
1784725462.4919,21:04:22,717632232371,114666,100,24039,390,41
1784725462.6920,21:04:22,717632267542,114666,100,24039,390,41
1784725462.8920,21:04:22,717632324416,114666,100,24039,390,41
1784725463.0920,21:04:23,717632380056,154509,100,24039,2700,48
1784725463.2920,21:04:23,717632434314,154509,100,24039,2700,48
1784725463.4920,21:04:23,717632484182,232910,100,24039,2295,47
1784725463.6920,21:04:23,717632528819,232910,100,24039,2295,47
1784725463.8920,21:04:23,717632570315,232910,100,24039,2295,47
1784725464.0920,21:04:24,717632607094,258710,100,24039,1050,45
1784725464.2920,21:04:24,717632636523,258710,100,24039,1050,45
1784725464.4920,21:04:24,717632660211,201727,100,24039,210,42
1784725464.6920,21:04:24,717632678831,201727,100,24039,210,42
1784725464.8920,21:04:24,717632697319,201727,100,24039,210,42
1784725465.0920,21:04:25,717632715872,138775,100,24039,210,41
1784725465.2920,21:04:25,717632734038,138775,100,24039,210,41
1784725465.4920,21:04:25,717632752465,100691,100,24039,210,40
1784725465.6920,21:04:25,717632770799,100691,100,24039,210,40
1784725465.8920,21:04:25,717632789270,100691,100,24039,210,40
1784725466.0920,21:04:26,717632807765,95304,100,24039,210,40
1784725466.2920,21:04:26,717632826237,95304,100,24039,210,40
1784725466.4920,21:04:26,717632844701,95551,100,24039,210,40
1784725466.6920,21:04:26,717632863858,95551,100,24039,210,40
1784725466.8920,21:04:26,717632882700,95551,100,24039,210,40
1784725467.0920,21:04:27,717632900041,96894,100,24039,315,41
1784725467.2920,21:04:27,717632948482,96894,100,24039,315,41
1784725467.4920,21:04:27,717633004687,160904,100,24039,2685,48
1784725467.6920,21:04:27,717633057331,160904,100,24039,2685,48
1784725467.8920,21:04:27,717633105733,160904,100,24039,2685,48
1784725468.0920,21:04:28,717633150786,234182,100,24039,2265,47
1784725468.2920,21:04:28,717633193704,234182,100,24039,2265,47
1784725468.4920,21:04:28,717633235770,246364,100,24039,1965,45
1784725468.6920,21:04:28,717633276942,246364,100,24039,1965,45
1784725468.8920,21:04:28,717633313962,246364,100,24039,1965,45
1784725469.0920,21:04:29,717633348322,214451,100,24039,750,44
1784725469.2920,21:04:29,717633376030,214451,100,24039,750,44
1784725469.4920,21:04:29,717633397748,172744,100,24039,210,42
1784725469.6920,21:04:29,717633416203,172744,100,24039,210,42
1784725469.8920,21:04:29,717633434645,172744,100,24039,210,42
1784725470.0920,21:04:30,717633453040,122398,100,24039,210,41
1784725470.2920,21:04:30,717633471321,122398,100,24039,210,41
1784725470.4920,21:04:30,717633489759,96526,100,24039,210,41
1784725470.6920,21:04:30,717633508232,96526,100,24039,210,41
1784725470.8920,21:04:30,717633526684,96526,100,24039,210,41
1784725471.0920,21:04:31,717633545085,96306,100,24039,210,40
1784725471.2920,21:04:31,717633563451,96306,100,24039,210,40
1784725471.4920,21:04:31,717633581761,96139,100,24039,210,40
1784725471.6920,21:04:31,717633600100,96139,100,24039,210,40
1784725471.8920,21:04:31,717633618430,96139,100,24039,210,40
1784725472.0920,21:04:32,717633636842,95964,100,24039,210,40
1784725472.2920,21:04:32,717633655455,95964,100,24039,210,40
1784725472.4920,21:04:32,717633673843,96323,100,24039,210,40
1784725472.6920,21:04:32,717633692230,96323,100,24039,210,40
1784725472.8920,21:04:32,717633710554,96323,100,24039,210,40
1784725473.0920,21:04:33,717633729060,96489,100,24039,210,40
1784725473.2920,21:04:33,717633749098,96489,100,24039,210,40
1784725473.4920,21:04:33,717633769161,99732,100,24039,255,40
1784725473.6920,21:04:33,717633789234,99732,100,24039,255,40
1784725473.8920,21:04:33,717633811305,99732,100,24039,255,40
1784725474.0920,21:04:34,717633835268,107811,100,24039,375,41
1784725474.2920,21:04:34,717633859177,107811,100,24039,375,41
1784725474.4920,21:04:34,717633883165,118728,100,24039,390,41
1784725474.6920,21:04:34,717633907609,118728,100,24039,390,41
1784725474.8920,21:04:34,717633931826,118728,100,24039,390,41
1784725475.0920,21:04:35,717633956129,126873,100,24039,390,41
1784725475.2920,21:04:35,717633980182,126873,100,24039,390,41
1784725475.4920,21:04:35,717633998408,121680,100,24039,285,41
1784725475.6920,21:04:35,717634015899,121680,100,24039,285,41
1784725475.8920,21:04:35,717634037903,121680,100,24039,285,41
1784725476.0920,21:04:36,717634063089,113608,100,24039,420,41
1784725476.2920,21:04:36,717634088675,113608,100,24039,420,41
1784725476.4920,21:04:36,717634114551,119759,100,24039,435,42
1784725476.6919,21:04:36,717634140689,119759,100,24039,435,42
1784725476.8920,21:04:36,717634165597,119759,100,24039,435,42
1784725477.0920,21:04:37,717634187889,133378,100,24039,300,41
1784725477.2920,21:04:37,717634209388,133378,100,24039,300,41
1784725477.4920,21:04:37,717634230873,123855,100,24039,300,41
1784725477.6920,21:04:37,717634252639,123855,100,24039,300,41
1784725477.8920,21:04:37,717634274493,123855,100,24039,300,41
1784725478.0920,21:04:38,717634296074,114872,100,24039,300,41
1784725478.2920,21:04:38,717634317452,114872,100,24039,300,41
1784725478.4920,21:04:38,717634338822,114033,100,24039,315,41
1784725478.6920,21:04:38,717634361254,114033,100,24039,315,41
1784725478.8920,21:04:38,717634384564,114033,100,24039,315,41
1784725479.0920,21:04:39,717634408342,117378,100,24039,375,41
1784725479.2920,21:04:39,717634431095,117378,100,24039,375,41
1784725479.4920,21:04:39,717634451410,118748,100,24039,225,41
1784725479.6920,21:04:39,717634470199,118748,100,24039,225,41
1784725479.8920,21:04:39,717634488931,118748,100,24039,225,41
1784725480.0920,21:04:40,717634507627,109560,100,24039,210,40
1784725480.2920,21:04:40,717634528296,109560,100,24039,210,40
1784725480.4920,21:04:40,717634550675,105334,100,24039,345,41
1784725480.6920,21:04:40,717634573714,105334,100,24039,345,41
1784725480.8920,21:04:40,717634598156,105334,100,24039,345,41
1784725481.0920,21:04:41,717634622477,117528,100,24039,390,41
1784725481.2920,21:04:41,717634646445,117528,100,24039,390,41
1784725481.4920,21:04:41,717634668698,124895,100,24039,330,41
1784725481.6920,21:04:41,717634690852,124895,100,24039,330,41
1784725481.8920,21:04:41,717634713095,124895,100,24039,330,41
1784725482.0920,21:04:42,717634735291,121847,100,24039,330,41
1784725482.2920,21:04:42,717634757485,121847,100,24039,330,41
1784725482.4920,21:04:42,717634780080,118632,100,24039,345,41
1784725482.6920,21:04:42,717634802614,118632,100,24039,345,41
1784725482.8920,21:04:42,717634824329,118632,100,24039,345,41
1784725483.0920,21:04:43,717634846367,118438,100,24039,330,41
1784725483.2920,21:04:43,717634868623,118438,100,24039,330,41
1784725483.4920,21:04:43,717634890860,118415,100,24039,330,41
1784725483.6920,21:04:43,717634913027,118415,100,24039,330,41
1784725483.8920,21:04:43,717634935218,118415,100,24039,330,41
1784725484.0920,21:04:44,717634957309,118351,100,24039,330,41
1784725484.2920,21:04:44,717634975545,118351,100,24039,330,41
1784725484.4920,21:04:44,717634993480,110443,100,24039,315,41
1784725484.6920,21:04:44,717635036350,110443,100,24039,315,41
1784725484.8920,21:04:44,717635100200,110443,100,24039,315,41
1784725485.0920,21:04:45,717635157774,190520,100,24039,2685,51
1784725485.2920,21:04:45,717635210365,190520,100,24039,2685,51
1784725485.4920,21:04:45,717635259084,270549,100,24039,2505,48
1784725485.6920,21:04:45,717635305358,270549,100,24039,2505,48
1784725485.8920,21:04:45,717635347657,270549,100,24039,2505,48
1784725486.0920,21:04:46,717635386675,262210,100,24039,1305,45
1784725486.2920,21:04:46,717635420920,262210,100,24039,1305,45
1784725486.4920,21:04:46,717635449528,209377,100,24039,465,43
1784725486.6920,21:04:46,717635468439,209377,100,24039,465,43
1784725486.8920,21:04:46,717635486699,209377,100,24039,465,43
1784725487.0920,21:04:47,717635504776,144017,100,24039,210,41
1784725487.2920,21:04:47,717635522814,144017,100,24039,210,41
1784725487.4920,21:04:47,717635540908,102007,100,24039,210,41
1784725487.6920,21:04:47,717635558988,102007,100,24039,210,41
1784725487.8920,21:04:47,717635575497,102007,100,24039,210,41
1784725488.0920,21:04:48,717635589763,93735,100,24039,210,41
1784725488.2920,21:04:48,717635605810,93735,100,24039,210,41
1784725488.4920,21:04:48,717635625580,91692,100,24039,315,41
1784725488.6920,21:04:48,717635647519,91692,100,24039,315,41
1784725488.8920,21:04:48,717635671378,91692,100,24039,315,41
1784725489.0920,21:04:49,717635695819,106227,100,24039,435,41
1784725489.2919,21:04:49,717635720114,106227,100,24039,435,41
1784725489.4920,21:04:49,717635745461,127324,100,24039,450,42
1784725489.6920,21:04:49,717635771005,127324,100,24039,450,42
1784725489.8920,21:04:49,717635796069,127324,100,24039,450,42
1784725490.0920,21:04:50,717635819000,133621,100,24039,360,41
1784725490.2920,21:04:50,717635839774,133621,100,24039,360,41
1784725490.4920,21:04:50,717635858178,122912,100,24039,225,41
1784725490.6920,21:04:50,717635875487,122912,100,24039,225,41
1784725490.8920,21:04:50,717635893125,122912,100,24039,225,41
1784725491.0920,21:04:51,717635913025,104956,100,24039,285,40
1784725491.2920,21:04:51,717635935110,104956,100,24039,285,40
1784725491.4920,21:04:51,717635959058,108458,100,24039,405,41
1784725491.6920,21:04:51,717635978003,108458,100,24039,405,41
1784725491.8920,21:04:51,717636001676,108458,100,24039,405,41
1784725492.0920,21:04:52,717636029098,120455,100,24039,525,42
1784725492.2920,21:04:52,717636056380,120455,100,24039,525,42
1784725492.4920,21:04:52,717636083705,134685,100,24039,525,42
1784725492.6920,21:04:52,717636111264,134685,100,24039,525,42
1784725492.8920,21:04:52,717636137464,134685,100,24039,525,42
1784725493.0920,21:04:53,717636161947,146039,100,24039,405,42
1784725493.2920,21:04:53,717636184508,146039,100,24039,405,42
1784725493.4920,21:04:53,717636205144,133242,100,24039,285,41
1784725493.6920,21:04:53,717636224027,133242,100,24039,285,41
1784725493.8920,21:04:53,717636241886,133242,100,24039,285,41
1784725494.0920,21:04:54,717636259553,111584,100,24039,210,40
1784725494.2920,21:04:54,717636277222,111584,100,24039,210,40
1784725494.4920,21:04:54,717636295722,99403,100,24039,270,40
1784725494.6920,21:04:54,717636316493,99403,100,24039,270,40
1784725494.8920,21:04:54,717636339013,99403,100,24039,270,40
1784725495.0920,21:04:55,717636363330,107866,100,24039,420,41
1784725495.2920,21:04:55,717636388608,107866,100,24039,420,41
1784725495.4920,21:04:55,717636413886,126582,100,24039,450,42
1784725495.6920,21:04:55,717636439144,126582,100,24039,450,42
1784725495.8920,21:04:55,717636463207,126582,100,24039,450,42
1784725496.0920,21:04:56,717636486200,134442,100,24039,375,41
1784725496.2920,21:04:56,717636509160,134442,100,24039,375,41
1784725496.4920,21:04:56,717636532056,129582,100,24039,360,41
1784725496.6920,21:04:56,717636554643,129582,100,24039,360,41
1784725496.8920,21:04:56,717636577317,129582,100,24039,360,41
1784725497.0920,21:04:57,717636600143,124528,100,24039,375,41
1784725497.2920,21:04:57,717636623024,124528,100,24039,375,41
1784725497.4920,21:04:57,717636645452,124039,100,24039,360,41
1784725497.6920,21:04:57,717636667771,124039,100,24039,360,41
1784725497.8920,21:04:57,717636690530,124039,100,24039,360,41
1784725498.0920,21:04:58,717636713217,124059,100,24039,375,41
1784725498.2920,21:04:58,717636745676,124059,100,24039,375,41
1784725498.4920,21:04:58,717636768685,120399,100,24039,315,41
1784725498.6920,21:04:58,717636787905,120399,100,24039,315,41
1784725498.8920,21:04:58,717636808245,120399,100,24039,315,41
1784725499.0920,21:04:59,717636834039,110831,100,24039,360,41
1784725499.2920,21:04:59,717636861140,110831,100,24039,360,41
1784725499.4920,21:04:59,717636889970,118506,100,24039,480,42
1784725499.6920,21:04:59,717636918685,118506,100,24039,480,42
1784725499.8920,21:04:59,717636947441,118506,100,24039,480,42
1784725500.0920,21:05:00,717636975555,137561,100,24039,480,42
1784725500.2920,21:05:00,717637002049,137561,100,24039,480,42
1784725500.4920,21:05:00,717637029845,141612,100,24039,480,42
1784725500.6920,21:05:00,717637056535,141612,100,24039,480,42
1784725500.8920,21:05:00,717637080421,141612,100,24039,480,42
1784725501.0920,21:05:01,717637098537,134092,100,24039,300,41
1784725501.2920,21:05:01,717637116893,134092,100,24039,300,41
1784725501.4920,21:05:01,717637147274,114605,100,24039,375,41
1784725501.6920,21:05:01,717637202178,114605,100,24039,375,41
1784725501.8920,21:05:01,717637266136,114605,100,24039,375,41
1784725502.0920,21:05:02,717637323562,179784,100,24039,2640,49
1784725502.2920,21:05:02,717637377592,179784,100,24039,2640,49
1784725502.4920,21:05:02,717637428447,262118,100,24039,2475,47
1784725502.6920,21:05:02,717637477312,262118,100,24039,2475,47
1784725502.8920,21:05:02,717637529888,262118,100,24039,2475,47
1784725503.0920,21:05:03,717637580270,266811,100,24039,2490,47
1784725503.2920,21:05:03,717637621894,266811,100,24039,2490,47
1784725503.4920,21:05:03,717637658407,238997,100,24039,810,45
1784725503.6920,21:05:03,717637688609,238997,100,24039,810,45
1784725503.8920,21:05:03,717637712686,238997,100,24039,810,45
1784725504.0920,21:05:04,717637732124,190134,100,24039,210,42
1784725504.2920,21:05:04,717637751506,190134,100,24039,210,42
1784725504.4920,21:05:04,717637770937,126812,100,24039,210,41
1784725504.6920,21:05:04,717637790388,126812,100,24039,210,41
1784725504.8920,21:05:04,717637809841,126812,100,24039,210,41
1784725505.0920,21:05:05,717637829323,99732,100,24039,210,41
1784725505.2920,21:05:05,717637844912,99732,100,24039,210,41
1784725505.4920,21:05:05,717637860373,92872,100,24039,210,41
1784725505.6920,21:05:05,717637877955,92872,100,24039,210,41
1784725505.8920,21:05:05,717637898376,92872,100,24039,210,41
1784725506.0920,21:05:06,717637920650,90466,100,24039,270,41
1784725506.2920,21:05:06,717637944581,90466,100,24039,270,41
1784725506.4920,21:05:06,717637969598,103411,100,24039,375,41
1784725506.6920,21:05:06,717637994397,103411,100,24039,375,41
1784725506.8920,21:05:06,717638019646,103411,100,24039,375,41
1784725507.0920,21:05:07,717638044467,121350,100,24039,375,41
1784725507.2920,21:05:07,717638067788,121350,100,24039,375,41
1784725507.4920,21:05:07,717638088914,123740,100,24039,255,41
1784725507.6920,21:05:07,717638108699,123740,100,24039,255,41
1784725507.8920,21:05:07,717638128440,123740,100,24039,255,41
1784725508.0920,21:05:08,717638147835,112557,100,24039,225,40
1784725508.2920,21:05:08,717638167273,112557,100,24039,225,40
1784725508.4920,21:05:08,717638187842,102326,100,24039,255,40
1784725508.6920,21:05:08,717638209748,102326,100,24039,255,40
1784725508.8920,21:05:08,717638231717,102326,100,24039,255,40
1784725509.0920,21:05:09,717638253875,105876,100,24039,300,41
1784725509.2920,21:05:09,717638277824,105876,100,24039,300,41
1784725509.4920,21:05:09,717638301769,114572,100,24039,360,41
1784725509.6920,21:05:09,717638326226,114572,100,24039,360,41
1784725509.8920,21:05:09,717638352173,114572,100,24039,360,41
1784725510.0920,21:05:10,717638378203,122840,100,24039,420,41
1784725510.2920,21:05:10,717638403983,122840,100,24039,420,41
1784725510.4920,21:05:10,717638429547,129712,100,24039,405,41
1784725510.6920,21:05:10,717638455079,129712,100,24039,405,41
1784725510.8920,21:05:10,717638480267,129712,100,24039,405,41
1784725511.0920,21:05:11,717638503739,131695,100,24039,345,41
1784725511.2920,21:05:11,717638527196,131695,100,24039,345,41
1784725511.4920,21:05:11,717638550637,125997,100,24039,345,41
1784725511.6920,21:05:11,717638574092,125997,100,24039,345,41
1784725511.8920,21:05:11,717638597572,125997,100,24039,345,41
1784725512.0920,21:05:12,717638618903,121052,100,24039,300,41
1784725512.2920,21:05:12,717638639909,121052,100,24039,300,41
1784725512.4920,21:05:12,717638660813,115110,100,24039,270,41
1784725512.6920,21:05:12,717638681718,115110,100,24039,270,41
1784725512.8920,21:05:12,717638698733,115110,100,24039,270,41
1784725513.0920,21:05:13,717638714789,105367,100,24039,240,41
1784725513.2920,21:05:13,717638766738,105367,100,24039,240,41
1784725513.4920,21:05:13,717638827494,145417,100,24039,2685,47
1784725513.6920,21:05:13,717638890819,145417,100,24039,2685,47
1784725513.8920,21:05:13,717638945737,145417,100,24039,2685,47
1784725514.0920,21:05:14,717638997600,242040,100,24039,2610,49
1784725514.2920,21:05:14,717639046794,242040,100,24039,2610,49
1784725514.4920,21:05:14,717639092944,285645,100,24039,2265,47
1784725514.6920,21:05:14,717639135604,285645,100,24039,2265,47
1784725514.8920,21:05:14,717639165390,285645,100,24039,2265,47
1784725515.0920,21:05:15,717639196269,229655,100,24039,780,44
1784725515.2920,21:05:15,717639221713,229655,100,24039,780,44
1784725515.4920,21:05:15,717639241838,172175,100,24039,210,42
1784725515.6920,21:05:15,717639260635,172175,100,24039,210,42
1784725515.8920,21:05:15,717639279465,172175,100,24039,210,42
1784725516.0920,21:05:16,717639298251,121088,100,24039,210,41
1784725516.2920,21:05:16,717639317078,121088,100,24039,210,41
1784725516.4920,21:05:16,717639335785,97569,100,24039,210,41
1784725516.6920,21:05:16,717639354534,97569,100,24039,210,41
1784725516.8920,21:05:16,717639373211,97569,100,24039,210,41
1784725517.0920,21:05:17,717639391955,96409,100,24039,210,40
1784725517.2920,21:05:17,717639410444,96409,100,24039,210,40
1784725517.4920,21:05:17,717639429015,95909,100,24039,210,40
1784725517.6920,21:05:17,717639447715,95909,100,24039,210,40
1784725517.8920,21:05:17,717639466348,95909,100,24039,210,40
1784725518.0920,21:05:18,717639485010,95666,100,24039,210,40
1784725518.2920,21:05:18,717639504068,95666,100,24039,210,40
1784725518.4920,21:05:18,717639524282,96984,100,24039,255,40
1784725518.6920,21:05:18,717639545907,96984,100,24039,255,40
1784725518.8920,21:05:18,717639570602,96984,100,24039,255,40
1784725519.0920,21:05:19,717639595506,106292,100,24039,390,41
1784725519.2920,21:05:19,717639620327,106292,100,24039,390,41
1784725519.4920,21:05:19,717639644808,120194,100,24039,375,41
1784725519.6920,21:05:19,717639669199,120194,100,24039,375,41
1784725519.8920,21:05:19,717639693244,120194,100,24039,375,41
1784725520.0920,21:05:20,717639717599,126106,100,24039,375,41
1784725520.2920,21:05:20,717639737555,126106,100,24039,375,41
1784725520.4920,21:05:20,717639753920,116942,100,24039,255,41
1784725520.6920,21:05:20,717639775723,116942,100,24039,255,41
1784725520.8920,21:05:20,717639800990,116942,100,24039,255,41
1784725521.0920,21:05:21,717639827764,111665,100,24039,435,41
1784725521.2920,21:05:21,717639854950,111665,100,24039,435,41
1784725521.4920,21:05:21,717639880165,121807,100,24039,390,42
1784725521.6920,21:05:21,717639899061,121807,100,24039,390,42
1784725521.8920,21:05:21,717639919427,121807,100,24039,390,42
1784725522.0920,21:05:22,717639945319,122514,100,24039,390,41
1784725522.2920,21:05:22,717639969421,122514,100,24039,390,41
1784725522.4920,21:05:22,717639996090,119509,100,24039,450,42
1784725522.6920,21:05:22,717640023048,119509,100,24039,450,42
1784725522.8920,21:05:22,717640050001,119509,100,24039,450,42
1784725523.0920,21:05:23,717640076088,132730,100,24039,465,42
1784725523.2920,21:05:23,717640099341,132730,100,24039,465,42
1784725523.4920,21:05:23,717640120447,131444,100,24039,255,41
1784725523.6920,21:05:23,717640140736,131444,100,24039,255,41
1784725523.8920,21:05:23,717640160699,131444,100,24039,255,41
1784725524.0920,21:05:24,717640180787,115961,100,24039,240,40
1784725524.2920,21:05:24,717640201062,115961,100,24039,240,40
1784725524.4920,21:05:24,717640222141,104752,100,24039,300,40
1784725524.6920,21:05:24,717640245011,104752,100,24039,300,40
1784725524.8920,21:05:24,717640269316,104752,100,24039,300,40
1784725525.0920,21:05:25,717640293646,111222,100,24039,375,41
1784725525.2920,21:05:25,717640318018,111222,100,24039,375,41
1784725525.4920,21:05:25,717640342400,121214,100,24039,375,41
1784725525.6920,21:05:25,717640367267,121214,100,24039,375,41
1784725525.8920,21:05:25,717640393021,121214,100,24039,375,41
1784725526.0920,21:05:26,717640418736,127541,100,24039,420,41
1784725526.2920,21:05:26,717640444627,127541,100,24039,420,41
1784725526.4920,21:05:26,717640470089,131106,100,24039,435,41
1784725526.6920,21:05:26,717640493715,131106,100,24039,435,41
1784725526.8920,21:05:26,717640515920,131106,100,24039,435,41
1784725527.0920,21:05:27,717640538162,127403,100,24039,315,41
1784725527.2920,21:05:27,717640560362,127403,100,24039,315,41
1784725527.4920,21:05:27,717640582738,119057,100,24039,315,41
1784725527.6920,21:05:27,717640606467,119057,100,24039,315,41
1784725527.8920,21:05:27,717640630535,119057,100,24039,315,41
1784725528.0920,21:05:28,717640654782,118271,100,24039,375,41
1784725528.2920,21:05:28,717640678822,118271,100,24039,375,41
1784725528.4920,21:05:28,717640700000,121974,100,24039,300,41
1784725528.6920,21:05:28,717640716491,121974,100,24039,300,41
1784725528.8920,21:05:28,717640734300,121974,100,24039,300,41
1784725529.0920,21:05:29,717640786886,110237,100,24039,2250,41
1784725529.2920,21:05:29,717640843909,110237,100,24039,2250,41
1784725529.4920,21:05:29,717640899004,183749,100,24039,2595,48
1784725529.6920,21:05:29,717640954399,183749,100,24039,2595,48
1784725529.8920,21:05:29,717641005135,183749,100,24039,2595,48
1784725530.0920,21:05:30,717641059266,266789,100,24039,2610,48
1784725530.2920,21:05:30,717641109879,266789,100,24039,2610,48
1784725530.4920,21:05:30,717641157951,275716,100,24039,2415,47
1784725530.6920,21:05:30,717641203189,275716,100,24039,2415,47
1784725530.8920,21:05:30,717641245897,275716,100,24039,2415,47
1784725531.0920,21:05:31,717641284636,255835,100,24039,1575,46
1784725531.2920,21:05:31,717641318042,255835,100,24039,1575,46
1784725531.4920,21:05:31,717641346197,211479,100,24039,465,44
1784725531.6920,21:05:31,717641367832,211479,100,24039,465,44
1784725531.8920,21:05:31,717641386725,211479,100,24039,465,44
1784725532.0920,21:05:32,717641405246,153048,100,24039,210,41
1784725532.2920,21:05:32,717641423832,153048,100,24039,210,41
1784725532.4920,21:05:32,717641442443,108780,100,24039,210,41
1784725532.6920,21:05:32,717641460980,108780,100,24039,210,41
1784725532.8920,21:05:32,717641476940,108780,100,24039,210,41
1784725533.0920,21:05:33,717641495364,94212,100,24039,210,41
1784725533.2920,21:05:33,717641513789,94212,100,24039,210,41
1784725533.4920,21:05:33,717641532217,93912,100,24039,210,40
1784725533.6920,21:05:33,717641550576,93912,100,24039,210,40
1784725533.8920,21:05:33,717641568961,93912,100,24039,210,40
1784725534.0920,21:05:34,717641587334,94893,100,24039,210,40
1784725534.2920,21:05:34,717641605756,94893,100,24039,210,40
1784725534.4920,21:05:34,717641624077,96082,100,24039,210,40
1784725534.6920,21:05:34,717641642470,96082,100,24039,210,40
1784725534.8920,21:05:34,717641660823,96082,100,24039,210,40
1784725535.0920,21:05:35,717641679175,96128,100,24039,210,40
1784725535.2920,21:05:35,717641697911,96128,100,24039,210,40
1784725535.4920,21:05:35,717641718424,97512,100,24039,270,40
1784725535.6920,21:05:35,717641741099,97512,100,24039,270,40
1784725535.8920,21:05:35,717641765628,97512,100,24039,270,40
1784725536.0920,21:05:36,717641790422,108853,100,24039,405,41
1784725536.2920,21:05:36,717641815122,108853,100,24039,405,41
1784725536.4920,21:05:36,717641839483,123453,100,24039,390,41
1784725536.6920,21:05:36,717641864124,123453,100,24039,390,41
1784725536.8920,21:05:36,717641888540,123453,100,24039,390,41
1784725537.0920,21:05:37,717641913020,129159,100,24039,390,41
1784725537.2920,21:05:37,717641935295,129159,100,24039,390,41
1784725537.4920,21:05:37,717641955717,124500,100,24039,270,41
1784725537.6920,21:05:37,717641974053,124500,100,24039,270,41
1784725537.8920,21:05:37,717641992353,124500,100,24039,270,41
1784725538.0920,21:05:38,717642010658,110621,100,24039,210,40
1784725538.2920,21:05:38,717642028923,110621,100,24039,210,40
1784725538.4920,21:05:38,717642048151,98645,100,24039,240,40
1784725538.6920,21:05:38,717642069131,98645,100,24039,240,40
1784725538.8920,21:05:38,717642092344,98645,100,24039,240,40
1784725539.0920,21:05:39,717642115758,104524,100,24039,360,41
1784725539.2920,21:05:39,717642140471,104524,100,24039,360,41
1784725539.4920,21:05:39,717642165976,119140,100,24039,435,41
1784725539.6920,21:05:39,717642191485,119140,100,24039,435,41
1784725539.8920,21:05:39,717642217073,119140,100,24039,435,41
1784725540.0920,21:05:40,717642242683,130961,100,24039,435,41
1784725540.2920,21:05:40,717642263754,130961,100,24039,435,41
1784725540.4920,21:05:40,717642280636,126605,100,24039,285,41
1784725540.6920,21:05:40,717642297576,126605,100,24039,285,41
1784725540.8920,21:05:40,717642339785,126605,100,24039,285,41
1784725541.0920,21:05:41,717642392465,131105,100,24039,2520,44
1784725541.2920,21:05:41,717642454594,131105,100,24039,2520,44
1784725541.4920,21:05:41,717642499459,203940,100,24039,2205,48
1784725541.6920,21:05:41,717642534441,203940,100,24039,2205,48
1784725541.8920,21:05:41,717642555694,203940,100,24039,2205,48
1784725542.0920,21:05:42,717642578960,235682,100,24039,405,43
1784725542.2920,21:05:42,717642595057,235682,100,24039,405,43
1784725542.4920,21:05:42,717642610679,143247,100,24039,225,41
1784725542.6920,21:05:42,717642630714,143247,100,24039,225,41
1784725542.8920,21:05:42,717642652907,143247,100,24039,225,41
1784725543.0920,21:05:43,717642676642,103534,100,24039,390,41
1784725543.2920,21:05:43,717642697680,103534,100,24039,390,41
1784725543.4920,21:05:43,717642716949,107974,100,24039,345,41
1784725543.6920,21:05:43,717642742522,107974,100,24039,345,41
1784725543.8920,21:05:43,717642769567,107974,100,24039,345,41
1784725544.0920,21:05:44,717642796667,124015,100,24039,495,42
1784725544.2920,21:05:44,717642822484,124015,100,24039,495,42
1784725544.4920,21:05:44,717642845347,130860,100,24039,405,42
1784725544.6920,21:05:44,717642870387,130860,100,24039,405,42
1784725544.8920,21:05:44,717642895543,130860,100,24039,405,42
1784725545.0920,21:05:45,717642919728,134733,100,24039,435,42
1784725545.2920,21:05:45,717642937913,134733,100,24039,435,42
1784725545.4920,21:05:45,717642956149,120136,100,24039,360,42
1784725545.6920,21:05:45,717642981957,120136,100,24039,360,42
1784725545.8920,21:05:45,717643010284,120136,100,24039,360,42
1784725546.0920,21:05:46,717643038767,122912,100,24039,555,42
1784725546.2920,21:05:46,717643066950,122912,100,24039,555,42
1784725546.4920,21:05:46,717643092427,137360,100,24039,450,42
1784725546.6920,21:05:46,717643115761,137360,100,24039,450,42
1784725546.8920,21:05:46,717643137161,137360,100,24039,450,42
1784725547.0920,21:05:47,717643155414,136865,100,24039,240,41
1784725547.2920,21:05:47,717643173193,136865,100,24039,240,41
1784725547.4920,21:05:47,717643190944,111862,100,24039,210,40
1784725547.6920,21:05:47,717643208614,111862,100,24039,210,40
1784725547.8920,21:05:47,717643226402,111862,100,24039,210,40
1784725548.0920,21:05:48,717643245022,97065,100,24039,210,40
1784725548.2920,21:05:48,717643264195,97065,100,24039,210,40
1784725548.4920,21:05:48,717643284566,98144,100,24039,315,40
1784725548.6920,21:05:48,717643306841,98144,100,24039,315,40
1784725548.8920,21:05:48,717643330843,98144,100,24039,315,40
1784725549.0920,21:05:49,717643356346,110429,100,24039,420,41
1784725549.2920,21:05:49,717643382944,110429,100,24039,420,41
1784725549.4920,21:05:49,717643409552,128726,100,24039,495,42
1784725549.6920,21:05:49,717643435882,128726,100,24039,495,42
1784725549.8920,21:05:49,717643461816,128726,100,24039,495,42
1784725550.0920,21:05:50,717643487034,139545,100,24039,480,42
1784725550.2920,21:05:50,717643511057,139545,100,24039,480,42
1784725550.4920,21:05:50,717643535118,136753,100,24039,405,41
1784725550.6920,21:05:50,717643559083,136753,100,24039,405,41
1784725550.8920,21:05:50,717643582924,136753,100,24039,405,41
1784725551.0920,21:05:51,717643606886,131204,100,24039,390,41
1784725551.2920,21:05:51,717643629896,131204,100,24039,390,41
1784725551.4920,21:05:51,717643651881,127065,100,24039,345,41
1784725551.6920,21:05:51,717643673777,127065,100,24039,345,41
1784725551.8920,21:05:51,717643695087,127065,100,24039,345,41
1784725552.0920,21:05:52,717643714120,121334,100,24039,255,41
1784725552.2920,21:05:52,717643733237,121334,100,24039,255,41
1784725552.4920,21:05:52,717643752422,110423,100,24039,255,40
1784725552.6920,21:05:52,717643771027,110423,100,24039,255,40
1784725552.8920,21:05:52,717643789625,110423,100,24039,255,40
1784725553.0920,21:05:53,717643808483,102624,100,24039,240,40
1784725553.2920,21:05:53,717643829232,102624,100,24039,240,40
1784725553.4920,21:05:53,717643850208,104501,100,24039,315,41
1784725553.6920,21:05:53,717643873005,104501,100,24039,315,41
1784725553.8920,21:05:53,717643897540,104501,100,24039,315,41
1784725554.0920,21:05:54,717643921862,115311,100,24039,435,41
1784725554.2920,21:05:54,717643946427,115311,100,24039,435,41
1784725554.4920,21:05:54,717643970962,127470,100,24039,420,41
1784725554.6920,21:05:54,717643995410,127470,100,24039,420,41
1784725554.8920,21:05:54,717644018248,127470,100,24039,420,41
1784725555.0920,21:05:55,717644041005,130801,100,24039,360,41
1784725555.2920,21:05:55,717644063839,130801,100,24039,360,41
1784725555.4920,21:05:55,717644086365,126505,100,24039,375,41
1784725555.6920,21:05:55,717644109147,126505,100,24039,375,41
1784725555.8920,21:05:55,717644129857,126505,100,24039,375,41
1784725556.0920,21:05:56,717644149895,121334,100,24039,300,41
1784725556.2920,21:05:56,717644169896,121334,100,24039,300,41
1784725556.4920,21:05:56,717644189821,114550,100,24039,285,40
1784725556.6920,21:05:56,717644209742,114550,100,24039,285,40
1784725556.8920,21:05:56,717644229153,114550,100,24039,285,40
1784725557.0920,21:05:57,717644248756,108120,100,24039,270,40
1784725557.2920,21:05:57,717644269792,108120,100,24039,270,40
1784725557.4920,21:05:57,717644292166,109272,100,24039,390,41
1784725557.6920,21:05:57,717644315804,109272,100,24039,390,41
1784725557.8919,21:05:57,717644339601,109272,100,24039,390,41
1784725558.0920,21:05:58,717644363402,118913,100,24039,420,41
1784725558.2920,21:05:58,717644384092,118913,100,24039,420,41
1784725558.4920,21:05:58,717644408329,124770,100,24039,450,41
1784725558.6920,21:05:58,717644433815,124770,100,24039,450,41
1784725558.8919,21:05:58,717644459279,124770,100,24039,450,41
1784725559.0920,21:05:59,717644484313,130494,100,24039,465,41
1784725559.2920,21:05:59,717644508526,130494,100,24039,465,41
1784725559.4920,21:05:59,717644530144,134897,100,24039,315,41
1784725559.6920,21:05:59,717644549300,134897,100,24039,315,41
1784725559.8920,21:05:59,717644566668,134897,100,24039,315,41
1784725560.0920,21:06:00,717644584083,119521,100,24039,210,40
1784725560.2920,21:06:00,717644601695,119521,100,24039,210,40
1784725560.4920,21:06:00,717644621053,102334,100,24039,255,40
1784725560.6920,21:06:00,717644642462,102334,100,24039,255,40
1784725560.8920,21:06:00,717644665820,102334,100,24039,255,40
1784725561.0920,21:06:01,717644690726,107540,100,24039,450,41
1784725561.2920,21:06:01,717644714948,107540,100,24039,450,41
1784725561.4920,21:06:01,717644737612,124031,100,24039,375,41
1784725561.6920,21:06:01,717644760270,124031,100,24039,375,41
1784725561.8920,21:06:01,717644782970,124031,100,24039,375,41
1784725562.0920,21:06:02,717644801143,128394,100,24039,375,41
1784725562.2920,21:06:02,717644820576,128394,100,24039,375,41
1784725562.4920,21:06:02,717644844599,117446,100,24039,420,41
1784725562.6920,21:06:02,717644870432,117446,100,24039,420,41
1784725562.8920,21:06:02,717644889845,117446,100,24039,420,41
1784725563.0920,21:06:03,717644911719,118527,100,24039,420,42
1784725563.2920,21:06:03,717644974861,118527,100,24039,420,42
1784725563.4920,21:06:03,717645032231,181140,100,24039,2685,49
1784725563.6920,21:06:03,717645084123,181140,100,24039,2685,49
1784725563.8919,21:06:03,717645125539,181140,100,24039,2685,49
1784725564.0920,21:06:04,717645164165,241213,100,24039,1890,46
1784725564.2920,21:06:04,717645198294,241213,100,24039,1890,46
1784725564.4920,21:06:04,717645221244,236727,100,24039,390,44
1784725564.6920,21:06:04,717645236631,236727,100,24039,390,44
1784725564.8920,21:06:04,717645253356,236727,100,24039,390,44
1784725565.0920,21:06:05,717645270887,149238,100,24039,210,41
1784725565.2920,21:06:05,717645288357,149238,100,24039,210,41
1784725565.4920,21:06:05,717645305782,99337,100,24039,210,40
1784725565.6920,21:06:05,717645323300,99337,100,24039,210,40
1784725565.8920,21:06:05,717645341741,99337,100,24039,210,40
1784725566.0920,21:06:06,717645361980,97421,100,24039,270,40
1784725566.2920,21:06:06,717645383926,97421,100,24039,270,40
1784725566.4920,21:06:06,717645406753,107198,100,24039,375,41
1784725566.6920,21:06:06,717645429862,107198,100,24039,375,41
1784725566.8920,21:06:06,717645453000,107198,100,24039,375,41
1784725567.0920,21:06:07,717645476170,121279,100,24039,390,41
1784725567.2920,21:06:07,717645498791,121279,100,24039,390,41
1784725567.4920,21:06:07,717645521990,127183,100,24039,390,41
1784725567.6920,21:06:07,717645543957,127183,100,24039,390,41
1784725567.8920,21:06:07,717645565303,127183,100,24039,390,41
1784725568.0920,21:06:08,717645587048,124687,100,24039,345,41
1784725568.2920,21:06:08,717645608672,124687,100,24039,345,41
1784725568.4920,21:06:08,717645630290,121512,100,24039,345,41
1784725568.6920,21:06:08,717645652032,121512,100,24039,345,41
1784725568.8920,21:06:08,717645673779,121512,100,24039,345,41
1784725569.0920,21:06:09,717645695282,120062,100,24039,345,41
1784725569.2920,21:06:09,717645716811,120062,100,24039,345,41
1784725569.4920,21:06:09,717645738469,120003,100,24039,345,41
1784725569.6920,21:06:09,717645760169,120003,100,24039,345,41
1784725569.8920,21:06:09,717645781865,120003,100,24039,345,41
1784725570.0920,21:06:10,717645803555,120069,100,24039,345,41
1784725570.2920,21:06:10,717645820521,120069,100,24039,345,41
1784725570.4920,21:06:10,717645837841,113097,100,24039,300,41
1784725570.6920,21:06:10,717645862406,113097,100,24039,300,41
1784725570.8920,21:06:10,717645889241,113097,100,24039,300,41
1784725571.0920,21:06:11,717645918250,114867,100,24039,510,41
1784725571.2920,21:06:11,717645946372,114867,100,24039,510,41
1784725571.4920,21:06:11,717645967979,127526,100,24039,480,42
1784725571.6920,21:06:11,717645990981,127526,100,24039,480,42
1784725571.8920,21:06:11,717646041684,127526,100,24039,2700,42
1784725572.0920,21:06:12,717646118247,155325,100,24039,2700,55
1784725572.2920,21:06:12,717646174033,155325,100,24039,2700,55
1784725572.4920,21:06:12,717646225555,239013,100,24039,2430,47
1784725572.6920,21:06:12,717646273993,239013,100,24039,2430,47
1784725572.8920,21:06:12,717646312448,239013,100,24039,2430,47
1784725573.0920,21:06:13,717646345693,279737,100,24039,765,45
1784725573.2920,21:06:13,717646372769,279737,100,24039,765,45
1784725573.4920,21:06:13,717646394143,194768,100,24039,225,42
1784725573.6920,21:06:13,717646413073,194768,100,24039,225,42
1784725573.8920,21:06:13,717646431845,194768,100,24039,225,42
1784725574.0920,21:06:14,717646450612,127483,100,24039,210,41
1784725574.2920,21:06:14,717646469245,127483,100,24039,210,41
1784725574.4920,21:06:14,717646488070,98682,100,24039,210,40
1784725574.6920,21:06:14,717646506787,98682,100,24039,210,40
1784725574.8920,21:06:14,717646525474,98682,100,24039,210,40
1784725575.0920,21:06:15,717646544184,96034,100,24039,210,40
1784725575.2920,21:06:15,717646563531,96034,100,24039,210,40
1784725575.4920,21:06:15,717646583908,97408,100,24039,255,41
1784725575.6920,21:06:15,717646605167,97408,100,24039,255,41
1784725575.8920,21:06:15,717646628560,97408,100,24039,255,41
1784725576.0920,21:06:16,717646653148,105057,100,24039,390,41
1784725576.2920,21:06:16,717646674731,105057,100,24039,390,41
1784725576.4920,21:06:16,717646699347,114901,100,24039,405,41
1784725576.6920,21:06:16,717646726142,114901,100,24039,405,41
1784725576.8920,21:06:16,717646754447,114901,100,24039,405,41
1784725577.0920,21:06:17,717646782790,128747,100,24039,495,42
1784725577.2920,21:06:17,717646811039,128747,100,24039,495,42
1784725577.4920,21:06:17,717646838845,140450,100,24039,450,42
1784725577.6920,21:06:17,717646863916,140450,100,24039,450,42
1784725577.8920,21:06:17,717646884596,140450,100,24039,450,42
1784725578.0920,21:06:18,717646902408,134209,100,24039,300,41
1784725578.2920,21:06:18,717646924267,134209,100,24039,300,41
1784725578.4920,21:06:18,717646949882,117362,100,24039,420,41
1784725578.6920,21:06:18,717646977519,117362,100,24039,420,41
1784725578.8920,21:06:18,717647004757,117362,100,24039,420,41
1784725579.0920,21:06:19,717647032522,121320,100,24039,480,42
1784725579.2920,21:06:19,717647060390,121320,100,24039,480,42
1784725579.4920,21:06:19,717647086115,138972,100,24039,405,42
1784725579.6920,21:06:19,717647110253,138972,100,24039,405,42
1784725579.8920,21:06:19,717647132304,138972,100,24039,405,42
1784725580.0920,21:06:20,717647154231,131492,100,24039,300,41
1784725580.2920,21:06:20,717647176185,131492,100,24039,300,41
1784725580.4920,21:06:20,717647199610,118667,100,24039,360,41
1784725580.6920,21:06:20,717647223776,118667,100,24039,360,41
1784725580.8920,21:06:20,717647248178,118667,100,24039,360,41
1784725581.0920,21:06:21,717647272406,118486,100,24039,375,41
1784725581.2920,21:06:21,717647293359,118486,100,24039,375,41
1784725581.4920,21:06:21,717647311496,117444,100,24039,330,41
1784725581.6920,21:06:21,717647359327,117444,100,24039,330,41
1784725581.8920,21:06:21,717647415173,117444,100,24039,330,41
1784725582.0920,21:06:22,717647469879,167127,100,24039,2700,48
1784725582.2920,21:06:22,717647515074,167127,100,24039,2700,48
1784725582.4920,21:06:22,717647558651,227394,100,24039,1635,45
1784725582.6920,21:06:22,717647598769,227394,100,24039,1635,45
1784725582.8920,21:06:22,717647633866,227394,100,24039,1635,45
1784725583.0920,21:06:23,717647661839,229722,100,24039,540,43
1784725583.2920,21:06:23,717647682723,229722,100,24039,540,43
1784725583.4920,21:06:23,717647701545,164731,100,24039,210,41
1784725583.6920,21:06:23,717647720484,164731,100,24039,210,41
1784725583.8920,21:06:23,717647739375,164731,100,24039,210,41
1784725584.0920,21:06:24,717647758195,113964,100,24039,210,41
1784725584.2920,21:06:24,717647777088,113964,100,24039,210,41
1784725584.4920,21:06:24,717647795532,96898,100,24039,210,40
1784725584.6920,21:06:24,717647810470,96898,100,24039,210,40
1784725584.8920,21:06:24,717647840091,96898,100,24039,210,40
1784725585.0920,21:06:25,717647890023,102815,100,24039,2520,45
1784725585.2920,21:06:25,717647937890,102815,100,24039,2520,45
1784725585.4920,21:06:25,717647973240,164645,100,24039,990,45
1784725585.6920,21:06:25,717648011582,164645,100,24039,990,45
1784725585.8920,21:06:25,717648044379,164645,100,24039,990,45
1784725586.0920,21:06:26,717648071498,210507,100,24039,495,43
1784725586.2920,21:06:26,717648093100,210507,100,24039,495,43
1784725586.4920,21:06:26,717648111764,153072,100,24039,210,41
1784725586.6920,21:06:26,717648130358,153072,100,24039,210,41
1784725586.8920,21:06:26,717648149003,153072,100,24039,210,41
1784725587.0920,21:06:27,717648167600,111707,100,24039,210,40
1784725587.2920,21:06:27,717648186170,111707,100,24039,210,40
1784725587.4920,21:06:27,717648204727,95776,100,24039,210,40
1784725587.6920,21:06:27,717648223194,95776,100,24039,210,40
1784725587.8920,21:06:27,717648241698,95776,100,24039,210,40
1784725588.0920,21:06:28,717648260140,95542,100,24039,210,40
1784725588.2920,21:06:28,717648278682,95542,100,24039,210,40
1784725588.4920,21:06:28,717648298292,95914,100,24039,240,40
1784725588.6920,21:06:28,717648317925,95914,100,24039,240,40
1784725588.8920,21:06:28,717648340170,95914,100,24039,240,40
1784725589.0920,21:06:29,717648365512,101115,100,24039,420,41
1784725589.2920,21:06:29,717648391212,101115,100,24039,420,41
1784725589.4920,21:06:29,717648418965,118789,100,24039,495,42
1784725589.6920,21:06:29,717648446868,118789,100,24039,495,42
1784725589.8920,21:06:29,717648470968,118789,100,24039,495,42
1784725590.0920,21:06:30,717648496261,133995,100,24039,405,41
1784725590.2920,21:06:30,717648521526,133995,100,24039,405,41
1784725590.4920,21:06:30,717648546787,134156,100,24039,405,41
1784725590.6920,21:06:30,717648569740,134156,100,24039,405,41
1784725590.8920,21:06:30,717648587445,134156,100,24039,405,41
1784725591.0920,21:06:31,717648608876,120540,100,24039,270,41
1784725591.2920,21:06:31,717648634592,120540,100,24039,270,41
1784725591.4920,21:06:31,717648660762,118554,100,24039,450,41
1784725591.6919,21:06:31,717648686249,118554,100,24039,450,41
1784725591.8920,21:06:31,717648709824,118554,100,24039,450,41
1784725592.0920,21:06:32,717648731441,123499,100,24039,330,41
1784725592.2920,21:06:32,717648751683,123499,100,24039,330,41
1784725592.4920,21:06:32,717648771699,119611,100,24039,255,40
1784725592.6920,21:06:32,717648792606,119611,100,24039,255,40
1784725592.8920,21:06:32,717648814955,119611,100,24039,255,40
1784725593.0920,21:06:33,717648839087,109780,100,24039,375,41
1784725593.2920,21:06:33,717648863285,109780,100,24039,375,41
1784725593.4920,21:06:33,717648886989,116627,100,24039,360,41
1784725593.6920,21:06:33,717648911043,116627,100,24039,360,41
1784725593.8920,21:06:33,717648933551,116627,100,24039,360,41
1784725594.0920,21:06:34,717648957595,122920,100,24039,360,41
1784725594.2920,21:06:34,717648983247,122920,100,24039,360,41
1784725594.4920,21:06:34,717649008894,125713,100,24039,420,41
1784725594.6920,21:06:34,717649033992,125713,100,24039,420,41
1784725594.8920,21:06:34,717649056982,125713,100,24039,420,41
1784725595.0920,21:06:35,717649080053,126870,100,24039,345,41
1784725595.2920,21:06:35,717649102828,126870,100,24039,345,41
1784725595.4920,21:06:35,717649123351,122711,100,24039,270,41
1784725595.6920,21:06:35,717649143709,122711,100,24039,270,41
1784725595.8920,21:06:35,717649164148,122711,100,24039,270,41
1784725596.0920,21:06:36,717649186099,112343,100,24039,315,41
1784725596.2920,21:06:36,717649208290,112343,100,24039,315,41
1784725596.4920,21:06:36,717649232051,111342,100,24039,375,41
1784725596.6920,21:06:36,717649256062,111342,100,24039,375,41
1784725596.8920,21:06:36,717649280134,111342,100,24039,375,41
1784725597.0920,21:06:37,717649304144,119920,100,24039,375,41
1784725597.2920,21:06:37,717649328204,119920,100,24039,375,41
1784725597.4920,21:06:37,717649350409,124575,100,24039,315,41
1784725597.6920,21:06:37,717649372369,124575,100,24039,315,41
1784725597.8920,21:06:37,717649394350,124575,100,24039,315,41
1784725598.0920,21:06:38,717649416301,120120,100,24039,315,41
1784725598.2920,21:06:38,717649438268,120120,100,24039,315,41
1784725598.4920,21:06:38,717649459774,114980,100,24039,300,41
1784725598.6920,21:06:38,717649481200,114980,100,24039,300,41
1784725598.8920,21:06:38,717649503180,114980,100,24039,300,41
1784725599.0920,21:06:39,717649525124,114039,100,24039,315,41
1784725599.2920,21:06:39,717649547045,114039,100,24039,315,41
1784725599.4920,21:06:39,717649568969,114043,100,24039,315,41
1784725599.6920,21:06:39,717649591687,114043,100,24039,315,41
1784725599.8920,21:06:39,717649615524,114043,100,24039,315,41
1784725600.0920,21:06:40,717649639343,117598,100,24039,375,41
1784725600.2920,21:06:40,717649663194,117598,100,24039,375,41
1784725600.4920,21:06:40,717649687069,122260,100,24039,375,41
1784725600.6920,21:06:40,717649710625,122260,100,24039,375,41
1784725600.8920,21:06:40,717649734467,122260,100,24039,375,41
1784725601.0920,21:06:41,717649758248,125064,100,24039,375,41
1784725601.2920,21:06:41,717649781994,125064,100,24039,375,41
1784725601.4920,21:06:41,717649804680,124962,100,24039,300,41
1784725601.6920,21:06:41,717649825967,124962,100,24039,300,41
1784725601.8920,21:06:41,717649847787,124962,100,24039,300,41
1784725602.0920,21:06:42,717649870723,119981,100,24039,345,41
1784725602.2920,21:06:42,717649894010,119981,100,24039,345,41
1784725602.4920,21:06:42,717649918454,119101,100,24039,390,41
1784725602.6920,21:06:42,717649937491,119101,100,24039,390,41
1784725602.8920,21:06:42,717649955800,119101,100,24039,390,41
1784725603.0920,21:06:43,717649982118,114172,100,24039,390,41
1784725603.2920,21:06:43,717650036019,114172,100,24039,390,41
1784725603.4920,21:06:43,717650091615,166112,100,24039,2655,48
1784725603.6920,21:06:43,717650148905,166112,100,24039,2655,48
1784725603.8920,21:06:43,717650191782,166112,100,24039,2655,48
1784725604.0920,21:06:44,717650232261,238702,100,24039,1725,46
1784725604.2920,21:06:44,717650267860,238702,100,24039,1725,46
1784725604.4920,21:06:44,717650298090,236608,100,24039,600,43
1784725604.6920,21:06:44,717650322391,236608,100,24039,600,43
1784725604.8920,21:06:44,717650340753,236608,100,24039,600,43
1784725605.0920,21:06:45,717650359057,162449,100,24039,210,41
1784725605.2920,21:06:45,717650377074,162449,100,24039,210,41
1784725605.4920,21:06:45,717650395131,113460,100,24039,210,40
1784725605.6920,21:06:45,717650413205,113460,100,24039,210,40
1784725605.8920,21:06:45,717650431286,113460,100,24039,210,40
1784725606.0920,21:06:46,717650449412,96211,100,24039,210,40
1784725606.2920,21:06:46,717650467517,96211,100,24039,210,40
1784725606.4920,21:06:46,717650485554,95923,100,24039,210,40
1784725606.6920,21:06:46,717650504633,95923,100,24039,210,40
1784725606.8920,21:06:46,717650525708,95923,100,24039,210,40
1784725607.0920,21:06:47,717650549001,99920,100,24039,375,41
1784725607.2920,21:06:47,717650573637,99920,100,24039,375,41
1784725607.4920,21:06:47,717650592540,111512,100,24039,345,41
1784725607.6920,21:06:47,717650615947,111512,100,24039,345,41
1784725607.8920,21:06:47,717650644389,111512,100,24039,345,41
1784725608.0920,21:06:48,717650672573,125084,100,24039,570,42
1784725608.2920,21:06:48,717650698224,125084,100,24039,570,42
1784725608.4920,21:06:48,717650722010,132540,100,24039,360,41
1784725608.6920,21:06:48,717650745144,132540,100,24039,360,41
1784725608.8920,21:06:48,717650767573,132540,100,24039,360,41
1784725609.0920,21:06:49,717650788744,133304,100,24039,300,41
1784725609.2920,21:06:49,717650809794,133304,100,24039,300,41
1784725609.4920,21:06:49,717650831312,118769,100,24039,315,41
1784725609.6920,21:06:49,717650852810,118769,100,24039,315,41
1784725609.8920,21:06:49,717650874343,118769,100,24039,315,41
1784725610.0920,21:06:50,717650895842,114358,100,24039,315,41
1784725610.2920,21:06:50,717650917260,114358,100,24039,315,41
1784725610.4920,21:06:50,717650938310,114726,100,24039,300,41
1784725610.6920,21:06:50,717650959361,114726,100,24039,300,41
1784725610.8920,21:06:50,717650980890,114726,100,24039,300,41
1784725611.0920,21:06:51,717651002384,114051,100,24039,315,41
1784725611.2920,21:06:51,717651023849,114051,100,24039,315,41
1784725611.4920,21:06:51,717651045355,114196,100,24039,315,41
1784725611.6920,21:06:51,717651066772,114196,100,24039,315,41
1784725611.8920,21:06:51,717651088142,114196,100,24039,315,41
1784725612.0920,21:06:52,717651109512,114847,100,24039,315,41
1784725612.2920,21:06:52,717651132440,114847,100,24039,315,41
1784725612.4920,21:06:52,717651154418,116998,100,24039,375,41
1784725612.6920,21:06:52,717651171502,116998,100,24039,375,41
1784725612.8920,21:06:52,717651193484,116998,100,24039,375,41
1784725613.0920,21:06:53,717651246973,113793,100,24039,2520,43
1784725613.2920,21:06:53,717651299253,113793,100,24039,2520,43
1784725613.4920,21:06:53,717651349971,193734,100,24039,1320,50
1784725613.6920,21:06:53,717651392974,193734,100,24039,1320,50
1784725613.8920,21:06:53,717651420575,193734,100,24039,1320,50
1784725614.0920,21:06:54,717651445370,237275,100,24039,405,43
1784725614.2920,21:06:54,717651467456,237275,100,24039,405,43
1784725614.4920,21:06:54,717651485616,175752,100,24039,210,41
1784725614.6920,21:06:54,717651503454,175752,100,24039,210,41
1784725614.8920,21:06:54,717651521115,175752,100,24039,210,41
1784725615.0920,21:06:55,717651538523,110853,100,24039,210,40
1784725615.2920,21:06:55,717651553918,110853,100,24039,210,40
1784725615.4920,21:06:55,717651572811,93889,100,24039,255,40
1784725615.6920,21:06:55,717651593076,93889,100,24039,255,40
1784725615.8920,21:06:55,717651615658,93889,100,24039,255,40
1784725616.0920,21:06:56,717651640348,101522,100,24039,420,41
1784725616.2921,21:06:56,717651666594,101522,100,24039,420,41
1784725616.4920,21:06:56,717651687727,121181,100,24039,450,42
1784725616.6920,21:06:56,717651714922,121181,100,24039,450,42
1784725616.8920,21:06:56,717651743129,121181,100,24039,450,42
1784725617.0920,21:06:57,717651771186,136579,100,24039,495,43
1784725617.2920,21:06:57,717651799818,136579,100,24039,495,43
1784725617.4920,21:06:57,717651827864,145424,100,24039,510,42
1784725617.6920,21:06:57,717651855328,145424,100,24039,510,42
1784725617.8920,21:06:57,717651880585,145424,100,24039,510,42
1784725618.0920,21:06:58,717651903552,149513,100,24039,405,42
1784725618.2920,21:06:58,717651924428,149513,100,24039,405,42
1784725618.4920,21:06:58,717651943235,132619,100,24039,210,41
1784725618.6920,21:06:58,717651960926,132619,100,24039,210,41
1784725618.8920,21:06:58,717651978959,132619,100,24039,210,41
1784725619.0920,21:06:59,717651997370,108864,100,24039,255,40
1784725619.2920,21:06:59,717652017622,108864,100,24039,255,40
1784725619.4920,21:06:59,717652039225,102392,100,24039,360,41
1784725619.6920,21:06:59,717652062428,102392,100,24039,360,41
1784725619.8920,21:06:59,717652087307,102392,100,24039,360,41
1784725620.0920,21:07:00,717652112219,116104,100,24039,435,41
1784725620.2920,21:07:00,717652136395,116104,100,24039,435,41
1784725620.4920,21:07:00,717652158893,128475,100,24039,360,41
1784725620.6920,21:07:00,717652181368,128475,100,24039,360,41
1784725620.8920,21:07:00,717652203880,128475,100,24039,360,41
1784725621.0920,21:07:01,717652226376,127558,100,24039,360,41
1784725621.2920,21:07:01,717652248821,127558,100,24039,360,41
1784725621.4920,21:07:01,717652271202,122313,100,24039,360,41
1784725621.6920,21:07:01,717652293625,122313,100,24039,360,41
1784725621.8920,21:07:01,717652316161,122313,100,24039,360,41
1784725622.0920,21:07:02,717652338478,122280,100,24039,360,41
1784725622.2920,21:07:02,717652360509,122280,100,24039,360,41
1784725622.4920,21:07:02,717652382976,121847,100,24039,345,41
1784725622.6920,21:07:02,717652406569,121847,100,24039,345,41
1784725622.8920,21:07:02,717652425361,121847,100,24039,345,41
1784725623.0920,21:07:03,717652444137,119272,100,24039,420,41
1784725623.2920,21:07:03,717652468125,119272,100,24039,420,41
1784725623.4920,21:07:03,717652514235,126339,100,24039,2700,45
1784725623.6920,21:07:03,717652582153,126339,100,24039,2700,45
1784725623.8920,21:07:03,717652635246,126339,100,24039,2700,45
1784725624.0920,21:07:04,717652680211,213294,100,24039,2400,48
1784725624.2920,21:07:04,717652721772,213294,100,24039,2400,48
1784725624.4920,21:07:04,717652750215,263838,100,24039,480,44
1784725624.6920,21:07:04,717652772765,263838,100,24039,480,44
1784725624.8920,21:07:04,717652791583,263838,100,24039,480,44
1784725625.0920,21:07:05,717652809058,177398,100,24039,210,41
1784725625.2920,21:07:05,717652825656,177398,100,24039,210,41
1784725625.4920,21:07:05,717652843066,113470,100,24039,210,41
1784725625.6920,21:07:05,717652860512,113470,100,24039,210,41
1784725625.8920,21:07:05,717652878356,113470,100,24039,210,41
1784725626.0920,21:07:06,717652897613,95324,100,24039,240,40
1784725626.2920,21:07:06,717652918744,95324,100,24039,240,40
1784725626.4920,21:07:06,717652941110,104092,100,24039,360,41
1784725626.6920,21:07:06,717652963270,104092,100,24039,360,41
1784725626.8920,21:07:06,717652985472,104092,100,24039,360,41
1784725627.0920,21:07:07,717653007660,115958,100,24039,360,41
1784725627.2920,21:07:07,717653029736,115958,100,24039,360,41
1784725627.4920,21:07:07,717653051245,121991,100,24039,300,41
1784725627.6920,21:07:07,717653071455,121991,100,24039,300,41
1784725627.8920,21:07:07,717653091670,121991,100,24039,300,41
1784725628.0920,21:07:08,717653111502,117470,100,24039,285,41
1784725628.2920,21:07:08,717653131456,117470,100,24039,285,41
1784725628.4920,21:07:08,717653152915,112573,100,24039,345,41
1784725628.6920,21:07:08,717653174333,112573,100,24039,345,41
1784725628.8920,21:07:08,717653195082,112573,100,24039,345,41
1784725629.0920,21:07:09,717653216635,113632,100,24039,345,41
1784725629.2920,21:07:09,717653238087,113632,100,24039,345,41
1784725629.4920,21:07:09,717653259459,117496,100,24039,345,41
1784725629.6920,21:07:09,717653280693,117496,100,24039,345,41
1784725629.8920,21:07:09,717653302331,117496,100,24039,345,41
1784725630.0920,21:07:10,717653325401,118584,100,24039,390,41
1784725630.2920,21:07:10,717653348433,118584,100,24039,390,41
1784725630.4920,21:07:10,717653371495,122576,100,24039,390,41
1784725630.6920,21:07:10,717653394652,122576,100,24039,390,41
1784725630.8920,21:07:10,717653415460,122576,100,24039,390,41
1784725631.0920,21:07:11,717653436083,124663,100,24039,315,41
1784725631.2920,21:07:11,717653457014,124663,100,24039,315,41
1784725631.4920,21:07:11,717653477837,119623,100,24039,330,41
1784725631.6920,21:07:11,717653498790,119623,100,24039,330,41
1784725631.8920,21:07:11,717653519613,119623,100,24039,330,41
1784725632.0920,21:07:12,717653540438,115371,100,24039,330,41
1784725632.2920,21:07:12,717653561155,115371,100,24039,330,41
1784725632.4920,21:07:12,717653581960,115583,100,24039,330,41
1784725632.6920,21:07:12,717653602752,115583,100,24039,330,41
1784725632.8920,21:07:12,717653623481,115583,100,24039,330,41
1784725633.0920,21:07:13,717653644250,115380,100,24039,330,41
1784725633.2920,21:07:13,717653666735,115380,100,24039,330,41
1784725633.4920,21:07:13,717653687892,115027,100,24039,300,41
1784725633.6920,21:07:13,717653710322,115027,100,24039,300,41
1784725633.8920,21:07:13,717653731481,115027,100,24039,300,41
1784725634.0920,21:07:14,717653754592,112819,100,24039,315,41
1784725634.2920,21:07:14,717653779788,112819,100,24039,315,41
1784725634.4920,21:07:14,717653806124,117797,100,24039,450,41
1784725634.6920,21:07:14,717653832364,117797,100,24039,450,41
1784725634.8920,21:07:14,717653858807,117797,100,24039,450,41
1784725635.0920,21:07:15,717653885381,128665,100,24039,450,41
1784725635.2920,21:07:15,717653910872,128665,100,24039,450,41
1784725635.4920,21:07:15,717653933555,133269,100,24039,285,41
1784725635.6920,21:07:15,717653954504,133269,100,24039,285,41
1784725635.8920,21:07:15,717653975127,133269,100,24039,285,41
1784725636.0920,21:07:16,717653996232,120785,100,24039,270,40
1784725636.2920,21:07:16,717654019240,120785,100,24039,270,40
1784725636.4920,21:07:16,717654042354,111916,100,24039,345,41
1784725636.6920,21:07:16,717654065392,111916,100,24039,345,41
1784725636.8920,21:07:16,717654086790,111916,100,24039,345,41
1784725637.0920,21:07:17,717654109789,113854,100,24039,330,41
1784725637.2920,21:07:17,717654134420,113854,100,24039,330,41
1784725637.4920,21:07:17,717654159070,119036,100,24039,390,41
1784725637.6920,21:07:17,717654183666,119036,100,24039,390,41
1784725637.8920,21:07:17,717654208783,119036,100,24039,390,41
1784725638.0920,21:07:18,717654233865,124247,100,24039,405,41
1784725638.2920,21:07:18,717654258552,124247,100,24039,405,41
1784725638.4920,21:07:18,717654283325,127158,100,24039,390,41
1784725638.6920,21:07:18,717654308084,127158,100,24039,390,41
1784725638.8920,21:07:18,717654333153,127158,100,24039,390,41
1784725639.0920,21:07:19,717654357142,127574,100,24039,450,41
1784725639.2920,21:07:19,717654376656,127574,100,24039,450,41
1784725639.4920,21:07:19,717654403845,122179,100,24039,525,41
1784725639.6920,21:07:19,717654434073,122179,100,24039,525,41
1784725639.8920,21:07:19,717654464945,122179,100,24039,525,41
1784725640.0920,21:07:20,717654495337,134768,100,24039,615,42
1784725640.2920,21:07:20,717654523375,134768,100,24039,615,42
1784725640.4920,21:07:20,717654548977,149042,100,24039,405,41
1784725640.6920,21:07:20,717654571747,149042,100,24039,405,41
1784725640.8920,21:07:20,717654592232,149042,100,24039,405,41
1784725641.0920,21:07:21,717654611862,132667,100,24039,240,40
1784725641.2920,21:07:21,717654631677,132667,100,24039,240,40
1784725641.4920,21:07:21,717654652651,110213,100,24039,300,40
1784725641.6920,21:07:21,717654674289,110213,100,24039,300,40
1784725641.8920,21:07:21,717654697376,110213,100,24039,300,40
1784725642.0920,21:07:22,717654717176,107310,100,24039,345,41
1784725642.2920,21:07:22,717654738361,107310,100,24039,345,41
1784725642.4920,21:07:22,717654764858,111698,100,24039,465,41
1784725642.6920,21:07:22,717654793008,111698,100,24039,465,41
1784725642.8920,21:07:22,717654822217,111698,100,24039,465,41
1784725643.0920,21:07:23,717654849860,127539,100,24039,540,42
1784725643.2920,21:07:23,717654876703,127539,100,24039,540,42
1784725643.4920,21:07:23,717654902864,141603,100,24039,390,41
1784725643.6920,21:07:23,717654926383,141603,100,24039,390,41
1784725643.8920,21:07:23,717654948637,141603,100,24039,390,41
1784725644.0920,21:07:24,717654970565,131312,100,24039,300,41
1784725644.2920,21:07:24,717654992474,131312,100,24039,300,41
1784725644.4920,21:07:24,717655014294,117990,100,24039,300,41
1784725644.6920,21:07:24,717655036856,117990,100,24039,300,41
1784725644.8920,21:07:24,717655060776,117990,100,24039,300,41
1784725645.0920,21:07:25,717655085006,114853,100,24039,375,41
1784725645.2920,21:07:25,717655109262,114853,100,24039,375,41
1784725645.4920,21:07:25,717655133059,120222,100,24039,330,41
1784725645.6920,21:07:25,717655154821,120222,100,24039,330,41
1784725645.8920,21:07:25,717655176440,120222,100,24039,330,41
1784725646.0920,21:07:26,717655198165,118988,100,24039,300,41
1784725646.2920,21:07:26,717655219938,118988,100,24039,300,41
1784725646.4920,21:07:26,717655241755,113185,100,24039,300,40
1784725646.6920,21:07:26,717655265140,113185,100,24039,300,40
1784725646.8920,21:07:26,717655288896,113185,100,24039,300,40
1784725647.0920,21:07:27,717655312641,115013,100,24039,360,41
1784725647.2920,21:07:27,717655335327,115013,100,24039,360,41
1784725647.4920,21:07:27,717655359625,118453,100,24039,405,41
1784725647.6920,21:07:27,717655385001,118453,100,24039,405,41
1784725647.8920,21:07:27,717655410475,118453,100,24039,405,41
1784725648.0920,21:07:28,717655435978,124389,100,24039,405,41
1784725648.2920,21:07:28,717655461398,124389,100,24039,405,41
1784725648.4920,21:07:28,717655484796,128857,100,24039,330,41
1784725648.6920,21:07:28,717655505725,128857,100,24039,330,41
1784725648.8920,21:07:28,717655526494,128857,100,24039,330,41
1784725649.0920,21:07:29,717655547435,119981,100,24039,285,40
1784725649.2920,21:07:29,717655569314,119981,100,24039,285,40
1784725649.4920,21:07:29,717655587334,109308,100,24039,285,41
1784725649.6920,21:07:29,717655607667,109308,100,24039,285,41
1784725649.8920,21:07:29,717655649883,109308,100,24039,285,41
1784725650.0920,21:07:30,717655703285,126039,100,24039,2520,45
1784725650.2920,21:07:30,717655769293,126039,100,24039,2520,45
1784725650.4920,21:07:30,717655827566,215488,100,24039,2610,49
1784725650.6920,21:07:30,717655868918,215488,100,24039,2610,49
1784725650.8920,21:07:30,717655905234,215488,100,24039,2610,49
1784725651.0920,21:07:31,717655935714,264664,100,24039,675,44
1784725651.2920,21:07:31,717655960081,264664,100,24039,675,44
1784725651.4920,21:07:31,717655980087,188598,100,24039,210,41
1784725651.6920,21:07:31,717655998814,188598,100,24039,210,41
1784725651.8920,21:07:31,717656017671,188598,100,24039,210,41
1784725652.0920,21:07:32,717656036418,121160,100,24039,210,40
1784725652.2920,21:07:32,717656055117,121160,100,24039,210,40
1784725652.4920,21:07:32,717656073731,97746,100,24039,210,40
1784725652.6920,21:07:32,717656092381,97746,100,24039,210,40
1784725652.8920,21:07:32,717656111132,97746,100,24039,210,40
1784725653.0920,21:07:33,717656129972,96549,100,24039,210,40
1784725653.2920,21:07:33,717656148672,96549,100,24039,210,40
1784725653.4920,21:07:33,717656167503,96638,100,24039,240,40
1784725653.6920,21:07:33,717656187947,96638,100,24039,240,40
1784725653.8920,21:07:33,717656210510,96638,100,24039,240,40
1784725654.0920,21:07:34,717656234704,102365,100,24039,330,41
1784725654.2920,21:07:34,717656260947,102365,100,24039,330,41
1784725654.4920,21:07:34,717656289283,119297,100,24039,510,42
1784725654.6920,21:07:34,717656317729,119297,100,24039,510,42
1784725654.8920,21:07:34,717656346038,119297,100,24039,510,42
1784725655.0920,21:07:35,717656372398,138425,100,24039,435,42
1784725655.2920,21:07:35,717656396632,138425,100,24039,435,42
1784725655.4920,21:07:35,717656420854,138953,100,24039,375,41
1784725655.6920,21:07:35,717656445101,138953,100,24039,375,41
1784725655.8920,21:07:35,717656467156,138953,100,24039,375,41
1784725656.0920,21:07:36,717656489516,127172,100,24039,315,41
1784725656.2920,21:07:36,717656512165,127172,100,24039,315,41
1784725656.4920,21:07:36,717656534740,119539,100,24039,330,41
1784725656.6920,21:07:36,717656557339,119539,100,24039,330,41
1784725656.8920,21:07:36,717656579524,119539,100,24039,330,41
1784725657.0920,21:07:37,717656602010,116378,100,24039,330,41
1784725657.2920,21:07:37,717656624633,116378,100,24039,330,41
1784725657.4920,21:07:37,717656647405,116984,100,24039,330,41
1784725657.6920,21:07:37,717656669639,116984,100,24039,330,41
1784725657.8920,21:07:37,717656692255,116984,100,24039,330,41
1784725658.0920,21:07:38,717656715732,117053,100,24039,360,41
1784725658.2920,21:07:38,717656739859,117053,100,24039,360,41
1784725658.4920,21:07:38,717656764102,120508,100,24039,390,41
1784725658.6920,21:07:38,717656788476,120508,100,24039,390,41
1784725658.8920,21:07:38,717656807851,120508,100,24039,390,41
1784725659.0920,21:07:39,717656830512,120205,100,24039,330,41
1784725659.2920,21:07:39,717656857348,120205,100,24039,330,41
1784725659.4920,21:07:39,717656885797,124662,100,24039,540,42
1784725659.6920,21:07:39,717656909938,124662,100,24039,540,42
1784725659.8920,21:07:39,717656934179,124662,100,24039,540,42
1784725660.0920,21:07:40,717656965974,128699,100,24039,645,42
1784725660.2920,21:07:40,717656999419,128699,100,24039,645,42
1784725660.4920,21:07:40,717657031349,150771,100,24039,615,43
1784725660.6920,21:07:40,717657061160,150771,100,24039,615,43
1784725660.8920,21:07:40,717657087178,150771,100,24039,615,43
1784725661.0920,21:07:41,717657109332,158580,100,24039,330,41
1784725661.2920,21:07:41,717657127943,158580,100,24039,330,41
1784725661.4920,21:07:41,717657144318,129584,100,24039,225,41
1784725661.6920,21:07:41,717657163653,129584,100,24039,225,41
1784725661.8920,21:07:41,717657184898,129584,100,24039,225,41
1784725662.0920,21:07:42,717657206315,104338,100,24039,300,41
1784725662.2920,21:07:42,717657227695,104338,100,24039,300,41
1784725662.4920,21:07:42,717657249032,105385,100,24039,300,41
1784725662.6920,21:07:42,717657270385,105385,100,24039,300,41
1784725662.8920,21:07:42,717657293590,105385,100,24039,300,41
1784725663.0920,21:07:43,717657316897,113850,100,24039,360,41
1784725663.2920,21:07:43,717657340143,113850,100,24039,360,41
1784725663.4920,21:07:43,717657363274,118442,100,24039,360,41
1784725663.6920,21:07:43,717657386445,118442,100,24039,360,41
1784725663.8920,21:07:43,717657409597,118442,100,24039,360,41
1784725664.0920,21:07:44,717657432636,121852,100,24039,360,41
1784725664.2920,21:07:44,717657455672,121852,100,24039,360,41
1784725664.4920,21:07:44,717657477119,120920,100,24039,300,41
1784725664.6920,21:07:44,717657498356,120920,100,24039,300,41
1784725664.8920,21:07:44,717657519721,120920,100,24039,300,41
1784725665.0920,21:07:45,717657541114,116375,100,24039,300,41
1784725665.2920,21:07:45,717657562437,116375,100,24039,300,41
1784725665.4920,21:07:45,717657583945,112251,100,24039,315,41
1784725665.6920,21:07:45,717657605625,112251,100,24039,315,41
1784725665.8920,21:07:45,717657628338,112251,100,24039,315,41
1784725666.0920,21:07:46,717657652673,114189,100,24039,405,41
1784725666.2920,21:07:46,717657677410,114189,100,24039,405,41
1784725666.4920,21:07:46,717657700972,122252,100,24039,360,41
1784725666.6920,21:07:46,717657725514,122252,100,24039,360,41
1784725666.8920,21:07:46,717657750373,122252,100,24039,360,41
1784725667.0920,21:07:47,717657776314,128374,100,24039,435,41
1784725667.2920,21:07:47,717657803121,128374,100,24039,435,41
1784725667.4920,21:07:47,717657829860,133807,100,24039,480,41
1784725667.6920,21:07:47,717657855317,133807,100,24039,480,41
1784725667.8920,21:07:47,717657879053,133807,100,24039,480,41
1784725668.0920,21:07:48,717657900991,135735,100,24039,360,41
1784725668.2920,21:07:48,717657920858,135735,100,24039,360,41
1784725668.4920,21:07:48,717657939403,122197,100,24039,225,40
1784725668.6920,21:07:48,717657957925,122197,100,24039,225,40
1784725668.8920,21:07:48,717657976314,122197,100,24039,225,40
1784725669.0920,21:07:49,717657995275,104736,100,24039,225,40
1784725669.2920,21:07:49,717658015594,104736,100,24039,225,40
1784725669.4920,21:07:49,717658036378,101244,100,24039,330,40
1784725669.6920,21:07:49,717658059035,101244,100,24039,330,40
1784725669.8920,21:07:49,717658083751,101244,100,24039,330,40
1784725670.0920,21:07:50,717658109742,112735,100,24039,465,41
1784725670.2920,21:07:50,717658129500,112735,100,24039,465,41
1784725670.4920,21:07:50,717658156535,122485,100,24039,570,41
1784725670.6920,21:07:50,717658185599,122485,100,24039,570,41
1784725670.8920,21:07:50,717658215441,122485,100,24039,570,41
1784725671.0920,21:07:51,717658243285,139309,100,24039,525,42
1784725671.2920,21:07:51,717658272851,139309,100,24039,525,42
1784725671.4920,21:07:51,717658302576,153275,100,24039,585,42
1784725671.6920,21:07:51,717658330926,153275,100,24039,585,42
1784725671.8920,21:07:51,717658356477,153275,100,24039,585,42
1784725672.0920,21:07:52,717658380313,150797,100,24039,390,41
1784725672.2920,21:07:52,717658402210,150797,100,24039,390,41
1784725672.4920,21:07:52,717658422123,134428,100,24039,270,41
1784725672.6920,21:07:52,717658439999,134428,100,24039,270,41
1784725672.8920,21:07:52,717658457858,134428,100,24039,270,41
1784725673.0920,21:07:53,717658476579,110221,100,24039,240,40
1784725673.2920,21:07:53,717658495598,110221,100,24039,240,40
1784725673.4920,21:07:53,717658516130,100420,100,24039,300,40
1784725673.6926,21:07:53,717658538632,100420,100,24039,300,40
1784725673.8920,21:07:53,717658562628,100420,100,24039,300,40
1784725674.0920,21:07:54,717658580953,110528,100,24039,360,41
1784725674.2920,21:07:54,717658626686,110528,100,24039,360,41
1784725674.4920,21:07:54,717658681298,154403,100,24039,2700,47
1784725674.6920,21:07:54,717658735361,154403,100,24039,2700,47
1784725674.8920,21:07:54,717658791354,154403,100,24039,2700,47
1784725675.0920,21:07:55,717658835474,235319,100,24039,2355,48
1784725675.2920,21:07:55,717658868424,235319,100,24039,2355,48
1784725675.4920,21:07:55,717658895746,250152,100,24039,420,43
1784725675.6920,21:07:55,717658916848,250152,100,24039,420,43
1784725675.8920,21:07:55,717658935666,250152,100,24039,420,43
1784725676.0920,21:07:56,717658953794,163995,100,24039,210,41
1784725676.2920,21:07:56,717658971778,163995,100,24039,210,41
1784725676.4920,21:07:56,717658989917,110153,100,24039,210,40
1784725676.6920,21:07:56,717659008044,110153,100,24039,210,40
1784725676.8920,21:07:56,717659026233,110153,100,24039,210,40
1784725677.0920,21:07:57,717659044310,97394,100,24039,210,40
1784725677.2920,21:07:57,717659062817,97394,100,24039,210,40
1784725677.4920,21:07:57,717659083041,98475,100,24039,315,40
1784725677.6920,21:07:57,717659105244,98475,100,24039,315,40
1784725677.8920,21:07:57,717659129122,98475,100,24039,315,40
1784725678.0920,21:07:58,717659154110,109622,100,24039,420,41
1784725678.2920,21:07:58,717659179145,109622,100,24039,420,41
1784725678.4920,21:07:58,717659204166,126162,100,24039,420,41
1784725678.6920,21:07:58,717659229169,126162,100,24039,420,41
1784725678.8920,21:07:58,717659253776,126162,100,24039,420,41
1784725679.0920,21:07:59,717659276767,133977,100,24039,360,41
1784725679.2920,21:07:59,717659299486,133977,100,24039,360,41
1784725679.4920,21:07:59,717659320557,128211,100,24039,300,41
1784725679.6920,21:07:59,717659338685,128211,100,24039,300,41
1784725679.8920,21:07:59,717659359282,128211,100,24039,300,41
1784725680.0920,21:08:00,717659380270,115292,100,24039,300,41
1784725680.2920,21:08:00,717659400782,115292,100,24039,300,41
1784725680.4920,21:08:00,717659423432,110567,100,24039,360,41
1784725680.6920,21:08:00,717659447661,110567,100,24039,360,41
1784725680.8920,21:08:00,717659472041,110567,100,24039,360,41
1784725681.0920,21:08:01,717659496874,121185,100,24039,420,41
1784725681.2920,21:08:01,717659521656,121185,100,24039,420,41
1784725681.4920,21:08:01,717659545875,130574,100,24039,420,41
1784725681.6920,21:08:01,717659568858,130574,100,24039,420,41
1784725681.8920,21:08:01,717659591683,130574,100,24039,420,41
1784725682.0920,21:08:02,717659614506,129640,100,24039,360,41
1784725682.2920,21:08:02,717659637408,129640,100,24039,360,41
1784725682.4920,21:08:02,717659660291,125305,100,24039,360,41
1784725682.6920,21:08:02,717659681054,125305,100,24039,360,41
1784725682.8920,21:08:02,717659701379,125305,100,24039,360,41
1784725683.0920,21:08:03,717659721971,119395,100,24039,285,41
1784725683.2920,21:08:03,717659742743,119395,100,24039,285,41
1784725683.4920,21:08:03,717659763552,114250,100,24039,300,41
1784725683.6920,21:08:03,717659782080,114250,100,24039,300,41
1784725683.8920,21:08:03,717659799729,114250,100,24039,300,41
1784725684.0920,21:08:04,717659822921,107536,100,24039,375,41
1784725684.2920,21:08:04,717659848133,107536,100,24039,375,41
1784725684.4920,21:08:04,717659874015,117243,100,24039,465,41
1784725684.6920,21:08:04,717659899947,117243,100,24039,465,41
1784725684.8920,21:08:04,717659925865,117243,100,24039,465,41
1784725685.0920,21:08:05,717659951734,134215,100,24039,465,42
1784725685.2920,21:08:05,717659974362,134215,100,24039,465,42
1784725685.4920,21:08:05,717659994438,134679,100,24039,390,42
1784725685.6920,21:08:05,717660020570,134679,100,24039,390,42
1784725685.8920,21:08:05,717660048073,134679,100,24039,390,42
1784725686.0920,21:08:06,717660074667,134437,100,24039,525,42
1784725686.2920,21:08:06,717660099498,134437,100,24039,525,42
1784725686.4920,21:08:06,717660122681,135904,100,24039,375,41
1784725686.6920,21:08:06,717660140421,135904,100,24039,375,41
1784725686.8920,21:08:06,717660159287,135904,100,24039,375,41
1784725687.0920,21:08:07,717660184214,124095,100,24039,435,41
1784725687.2920,21:08:07,717660210858,124095,100,24039,435,41
1784725687.4920,21:08:07,717660237513,123971,100,24039,495,42
1784725687.6920,21:08:07,717660264118,123971,100,24039,495,42
1784725687.8920,21:08:07,717660290875,123971,100,24039,495,42
1784725688.0920,21:08:08,717660317463,141387,100,24039,495,42
1784725688.2920,21:08:08,717660342543,141387,100,24039,495,42
1784725688.4920,21:08:08,717660365556,142526,100,24039,345,41
1784725688.6920,21:08:08,717660386775,142526,100,24039,345,41
1784725688.8920,21:08:08,717660407892,142526,100,24039,345,41
1784725689.0920,21:08:09,717660429045,129775,100,24039,315,41
1784725689.2920,21:08:09,717660450157,129775,100,24039,315,41
1784725689.4920,21:08:09,717660471336,117751,100,24039,330,41
1784725689.6920,21:08:09,717660488321,117751,100,24039,330,41
1784725689.8920,21:08:09,717660507166,117751,100,24039,330,41
1784725690.0920,21:08:10,717660531478,109391,100,24039,435,41
1784725690.2920,21:08:10,717660557214,109391,100,24039,435,41
1784725690.4920,21:08:10,717660584689,120460,100,24039,570,42
1784725690.6920,21:08:10,717660607718,120460,100,24039,570,42
1784725690.8920,21:08:10,717660629238,120460,100,24039,570,42
1784725691.0920,21:08:11,717660658052,132899,100,24039,600,42
1784725691.2920,21:08:11,717660687827,132899,100,24039,600,42
1784725691.4920,21:08:11,717660716559,145501,100,24039,570,42
1784725691.6920,21:08:11,717660743404,145501,100,24039,570,42
1784725691.8920,21:08:11,717660767920,145501,100,24039,570,42
1784725692.0920,21:08:12,717660790494,150196,100,24039,345,42
1784725692.2920,21:08:12,717660810858,150196,100,24039,345,42
1784725692.4920,21:08:12,717660828691,132522,100,24039,210,40
1784725692.6920,21:08:12,717660845993,132522,100,24039,210,40
1784725692.8920,21:08:12,717660864557,132522,100,24039,210,40
1784725693.0920,21:08:13,717660884092,108850,100,24039,240,40
1784725693.2920,21:08:13,717660905514,108850,100,24039,240,40
1784725693.4920,21:08:13,717660928925,106411,100,24039,420,41
1784725693.6920,21:08:13,717660953182,106411,100,24039,420,41
1784725693.8920,21:08:13,717660977846,106411,100,24039,420,41
1784725694.0920,21:08:14,717661002429,123225,100,24039,435,41
1784725694.2920,21:08:14,717661026697,123225,100,24039,435,41
1784725694.4920,21:08:14,717661050153,134218,100,24039,360,41
1784725694.6920,21:08:14,717661072491,134218,100,24039,360,41
1784725694.8920,21:08:14,717661094771,134218,100,24039,360,41
1784725695.0920,21:08:15,717661117070,130181,100,24039,360,41
1784725695.2920,21:08:15,717661141274,130181,100,24039,360,41
1784725695.4920,21:08:15,717661163692,124981,100,24039,360,41
1784725695.6920,21:08:15,717661185886,124981,100,24039,360,41
1784725695.8920,21:08:15,717661208397,124981,100,24039,360,41
1784725696.0920,21:08:16,717661230987,123984,100,24039,375,41
1784725696.2920,21:08:16,717661255527,123984,100,24039,375,41
1784725696.4920,21:08:16,717661279868,124812,100,24039,330,41
1784725696.6920,21:08:16,717661302364,124812,100,24039,330,41
1784725696.8920,21:08:16,717661324890,124812,100,24039,330,41
1784725697.0920,21:08:17,717661347437,121820,100,24039,315,41
1784725697.2920,21:08:17,717661369430,121820,100,24039,315,41
1784725697.4920,21:08:17,717661391468,116430,100,24039,300,41
1784725697.6920,21:08:17,717661413423,116430,100,24039,300,41
1784725697.8920,21:08:17,717661435308,116430,100,24039,300,41
1784725698.0920,21:08:18,717661457107,113571,100,24039,300,41
1784725698.2920,21:08:18,717661479153,113571,100,24039,300,41
1784725698.4920,21:08:18,717661502850,113542,100,24039,360,41
1784725698.6920,21:08:18,717661526839,113542,100,24039,360,41
1784725698.8920,21:08:18,717661551231,113542,100,24039,360,41
1784725699.0920,21:08:19,717661575608,118451,100,24039,375,41
1784725699.2920,21:08:19,717661599528,118451,100,24039,375,41
1784725699.4920,21:08:19,717661623275,123462,100,24039,360,41
1784725699.6920,21:08:19,717661647447,123462,100,24039,360,41
1784725699.8920,21:08:19,717661671845,123462,100,24039,360,41
1784725700.0920,21:08:20,717661695857,124087,100,24039,360,41
1784725700.2920,21:08:20,717661719895,124087,100,24039,360,41
1784725700.4920,21:08:20,717661743952,123640,100,24039,360,41
1784725700.6920,21:08:20,717661768380,123640,100,24039,360,41
1784725700.8920,21:08:20,717661791428,123640,100,24039,360,41
1784725701.0920,21:08:21,717661813400,122782,100,24039,300,41
1784725701.2920,21:08:21,717661835390,122782,100,24039,300,41
1784725701.4920,21:08:21,717661857309,117847,100,24039,300,41
1784725701.6920,21:08:21,717661879425,117847,100,24039,300,41
1784725701.8920,21:08:21,717661901829,117847,100,24039,300,41
1784725702.0920,21:08:22,717661923782,113355,100,24039,300,41
1784725702.2920,21:08:22,717661945606,113355,100,24039,300,41
1784725702.4920,21:08:22,717661967346,113045,100,24039,300,41
1784725702.6920,21:08:22,717661989961,113045,100,24039,300,41
1784725702.8920,21:08:22,717662014440,113045,100,24039,300,41
1784725703.0920,21:08:23,717662040208,115710,100,24039,420,41
1784725703.2920,21:08:23,717662065743,115710,100,24039,420,41
1784725703.4920,21:08:23,717662089883,122918,100,24039,420,41
1784725703.6920,21:08:23,717662116166,122918,100,24039,420,41
1784725703.8920,21:08:23,717662143609,122918,100,24039,420,41
1784725704.0920,21:08:24,717662171404,132451,100,24039,480,41
1784725704.2920,21:08:24,717662198736,132451,100,24039,480,41
1784725704.4920,21:08:24,717662223838,136268,100,24039,345,41
1784725704.6920,21:08:24,717662247398,136268,100,24039,345,41
1784725704.8920,21:08:24,717662268768,136268,100,24039,345,41
1784725705.0920,21:08:25,717662289966,129541,100,24039,285,41
1784725705.2920,21:08:25,717662308922,129541,100,24039,285,41
1784725705.4920,21:08:25,717662327612,111230,100,24039,210,40
1784725705.6920,21:08:25,717662346182,111230,100,24039,210,40
1784725705.8920,21:08:25,717662366483,111230,100,24039,210,40
1784725706.0920,21:08:26,717662389191,101250,100,24039,330,40
1784725706.2920,21:08:26,717662413806,101250,100,24039,330,40
1784725706.4920,21:08:26,717662438662,109829,100,24039,375,41
1784725706.6920,21:08:26,717662463463,109829,100,24039,375,41
1784725706.8920,21:08:26,717662488281,109829,100,24039,375,41
1784725707.0920,21:08:27,717662513158,123444,100,24039,390,41
1784725707.2920,21:08:27,717662538110,123444,100,24039,390,41
1784725707.4920,21:08:27,717662563013,127662,100,24039,390,41
1784725707.6920,21:08:27,717662586184,127662,100,24039,390,41
1784725707.8920,21:08:27,717662606620,127662,100,24039,390,41
1784725708.0920,21:08:28,717662624798,121692,100,24039,345,41
1784725708.2920,21:08:28,717662645697,121692,100,24039,345,41
1784725708.4920,21:08:28,717662687788,117202,100,24039,2520,44
1784725708.6920,21:08:28,717662741708,117202,100,24039,2520,44
1784725708.8920,21:08:28,717662798359,117202,100,24039,2520,44
1784725709.0920,21:08:29,717662853564,188929,100,24039,2595,48
1784725709.2920,21:08:29,717662905360,188929,100,24039,2595,48
1784725709.4920,21:08:29,717662954019,266430,100,24039,2355,47
1784725709.6920,21:08:29,717662999398,266430,100,24039,2355,47
1784725709.8920,21:08:29,717663042540,266430,100,24039,2355,47
1784725710.0920,21:08:30,717663081664,253104,100,24039,1110,45
1784725710.2920,21:08:30,717663108228,253104,100,24039,1110,45
1784725710.4920,21:08:30,717663133473,200235,100,24039,405,43
1784725710.6920,21:08:30,717663156946,200235,100,24039,405,43
1784725710.8920,21:08:30,717663176049,200235,100,24039,405,43
1784725711.0920,21:08:31,717663194854,143785,100,24039,210,41
1784725711.2920,21:08:31,717663213595,143785,100,24039,210,41
1784725711.4920,21:08:31,717663232376,107424,100,24039,210,40
1784725711.6920,21:08:31,717663251127,107424,100,24039,210,40
1784725711.8920,21:08:31,717663269787,107424,100,24039,210,40
1784725712.0920,21:08:32,717663288471,96369,100,24039,210,40
1784725712.2920,21:08:32,717663307196,96369,100,24039,210,40
1784725712.4920,21:08:32,717663325907,96161,100,24039,210,40
1784725712.6920,21:08:32,717663344523,96161,100,24039,210,40
1784725712.8920,21:08:32,717663363098,96161,100,24039,210,40
1784725713.0920,21:08:33,717663381813,95912,100,24039,210,40
1784725713.2920,21:08:33,717663402150,95912,100,24039,210,40
1784725713.4920,21:08:33,717663424483,99392,100,24039,360,41
1784725713.6920,21:08:33,717663445906,99392,100,24039,360,41
1784725713.8920,21:08:33,717663463944,99392,100,24039,360,41
1784725714.0920,21:08:34,717663488154,103498,100,24039,420,41
1784725714.2920,21:08:34,717663516070,103498,100,24039,420,41
1784725714.4920,21:08:34,717663545652,121082,100,24039,570,42
1784725714.6920,21:08:34,717663575914,121082,100,24039,570,42
1784725714.8920,21:08:34,717663606371,121082,100,24039,570,42
1784725715.0920,21:08:35,717663632434,142600,100,24039,510,42
1784725715.2920,21:08:35,717663651869,142600,100,24039,510,42
1784725715.4920,21:08:35,717663676824,138900,100,24039,420,41
1784725715.6920,21:08:35,717663702689,138900,100,24039,420,41
1784725715.8920,21:08:35,717663725688,138900,100,24039,420,41
1784725716.0920,21:08:36,717663747430,126321,100,24039,330,42
1784725716.2920,21:08:36,717663773256,126321,100,24039,330,42
1784725716.4920,21:08:36,717663798617,126416,100,24039,405,41
1784725716.6920,21:08:36,717663818381,126416,100,24039,405,41
1784725716.8920,21:08:36,717663844870,126416,100,24039,405,41
1784725717.0920,21:08:37,717663872615,121852,100,24039,480,42
1784725717.2920,21:08:37,717663898690,121852,100,24039,480,42
1784725717.4920,21:08:37,717663924125,129960,100,24039,405,41
1784725717.6920,21:08:37,717663949485,129960,100,24039,405,41
1784725717.8920,21:08:37,717663973632,129960,100,24039,405,41
1784725718.0920,21:08:38,717663996924,134072,100,24039,345,41
1784725718.2920,21:08:38,717664019241,134072,100,24039,345,41
1784725718.4920,21:08:38,717664040148,123406,100,24039,270,41
1784725718.6920,21:08:38,717664060848,123406,100,24039,270,41
1784725718.8920,21:08:38,717664081594,123406,100,24039,270,41
1784725719.0920,21:08:39,717664101512,112796,100,24039,285,41
1784725719.2920,21:08:39,717664118022,112796,100,24039,285,41
1784725719.4920,21:08:39,717664135673,101187,100,24039,360,41
1784725719.6920,21:08:39,717664168032,101187,100,24039,360,41
1784725719.8920,21:08:39,717664233882,101187,100,24039,360,41
1784725720.0920,21:08:40,717664291232,169479,100,24039,2685,50
1784725720.2920,21:08:40,717664345633,169479,100,24039,2685,50
1784725720.4920,21:08:40,717664397333,254273,100,24039,2430,48
1784725720.6920,21:08:40,717664445087,254273,100,24039,2430,48
1784725720.8920,21:08:40,717664488737,254273,100,24039,2430,48
1784725721.0920,21:08:41,717664538512,265115,100,24039,2520,46
1784725721.2920,21:08:41,717664581706,265115,100,24039,2520,46
1784725721.4920,21:08:41,717664623441,240585,100,24039,1245,45
1784725721.6920,21:08:41,717664661326,240585,100,24039,1245,45
1784725721.8920,21:08:41,717664694334,240585,100,24039,1245,45
1784725722.0920,21:08:42,717664721380,208446,100,24039,480,43
1784725722.2920,21:08:42,717664743026,208446,100,24039,480,43
1784725722.4920,21:08:42,717664761456,149508,100,24039,210,41
1784725722.6920,21:08:42,717664779793,149508,100,24039,210,41
1784725722.8920,21:08:42,717664798194,149508,100,24039,210,41
1784725723.0920,21:08:43,717664816492,106839,100,24039,210,41
1784725723.2920,21:08:43,717664834844,106839,100,24039,210,41
1784725723.4920,21:08:43,717664853137,95814,100,24039,210,40
1784725723.6920,21:08:43,717664871406,95814,100,24039,210,40
1784725723.8920,21:08:43,717664889703,95814,100,24039,210,40
1784725724.0920,21:08:44,717664907959,95774,100,24039,210,40
1784725724.2920,21:08:44,717664926281,95774,100,24039,210,40
1784725724.4920,21:08:44,717664944459,95631,100,24039,210,40
1784725724.6920,21:08:44,717664962647,95631,100,24039,210,40
1784725724.8920,21:08:44,717664980932,95631,100,24039,210,40
1784725725.0920,21:08:45,717664999946,95882,100,24039,240,40
1784725725.2920,21:08:45,717665020584,95882,100,24039,240,40
1784725725.4920,21:08:45,717665043519,103468,100,24039,375,41
1784725725.6920,21:08:45,717665067122,103468,100,24039,375,41
1784725725.8920,21:08:45,717665090701,103468,100,24039,375,41
1784725726.0920,21:08:46,717665114465,116378,100,24039,375,41
1784725726.2920,21:08:46,717665138123,116378,100,24039,375,41
1784725726.4920,21:08:46,717665161826,124248,100,24039,375,41
1784725726.6920,21:08:46,717665185488,124248,100,24039,375,41
1784725726.8920,21:08:46,717665208123,124248,100,24039,375,41
1784725727.0920,21:08:47,717665229872,122609,100,24039,315,41
1784725727.2920,21:08:47,717665251532,122609,100,24039,315,41
1784725727.4920,21:08:47,717665272214,117017,100,24039,240,41
1784725727.6920,21:08:47,717665291494,117017,100,24039,240,41
1784725727.8920,21:08:47,717665310607,117017,100,24039,240,41
1784725728.0920,21:08:48,717665330042,107078,100,24039,225,40
1784725728.2920,21:08:48,717665351213,107078,100,24039,225,40
1784725728.4920,21:08:48,717665372405,105343,100,24039,300,41
1784725728.6920,21:08:48,717665393606,105343,100,24039,300,41
1784725728.8920,21:08:48,717665414814,105343,100,24039,300,41
1784725729.0920,21:08:49,717665435984,109905,100,24039,285,41
1784725729.2920,21:08:49,717665459265,109905,100,24039,285,41
1784725729.4920,21:08:49,717665483463,116686,100,24039,405,41
1784725729.6920,21:08:49,717665504606,116686,100,24039,405,41
1784725729.8920,21:08:49,717665529346,116686,100,24039,405,41
1784725730.0920,21:08:50,717665555912,122721,100,24039,480,41
1784725730.2920,21:08:50,717665582484,122721,100,24039,480,41
1784725730.4920,21:08:50,717665608848,131996,100,24039,360,42
1784725730.6920,21:08:50,717665633204,131996,100,24039,360,42
1784725730.8920,21:08:50,717665652528,131996,100,24039,360,42
1784725731.0920,21:08:51,717665672026,126894,100,24039,315,41
1784725731.2921,21:08:51,717665697808,126894,100,24039,315,41
1784725731.4920,21:08:51,717665724266,123653,100,24039,465,41
1784725731.6920,21:08:51,717665750748,123653,100,24039,465,41
1784725731.8920,21:08:51,717665775118,123653,100,24039,465,41
1784725732.0920,21:08:52,717665797644,129172,100,24039,345,41
1784725732.2920,21:08:52,717665820436,129172,100,24039,345,41
1784725732.4920,21:08:52,717665841158,125536,100,24039,285,41
1784725732.6920,21:08:52,717665861399,125536,100,24039,285,41
1784725732.8920,21:08:52,717665882824,125536,100,24039,285,41
1784725733.0920,21:08:53,717665904053,114853,100,24039,330,41
1784725733.2920,21:08:53,717665925542,114853,100,24039,330,41
1784725733.4920,21:08:53,717665948937,114354,100,24039,390,41
1784725733.6920,21:08:53,717665973014,114354,100,24039,390,41
1784725733.8920,21:08:53,717665997107,114354,100,24039,390,41
1784725734.0920,21:08:54,717666021133,122307,100,24039,390,41
1784725734.2920,21:08:54,717666044653,122307,100,24039,390,41
1784725734.4920,21:08:54,717666067635,126515,100,24039,330,41
1784725734.6920,21:08:54,717666089564,126515,100,24039,330,41
1784725734.8920,21:08:54,717666111325,126515,100,24039,330,41
1784725735.0920,21:08:55,717666133083,121117,100,24039,315,41
1784725735.2920,21:08:55,717666154758,121117,100,24039,315,41
1784725735.4920,21:08:55,717666176476,116298,100,24039,315,41
1784725735.6920,21:08:55,717666199159,116298,100,24039,315,41
1784725735.8920,21:08:55,717666222841,116298,100,24039,315,41
1784725736.0920,21:08:56,717666246455,119717,100,24039,375,41
1784725736.2920,21:08:56,717666269647,119717,100,24039,375,41
1784725736.4920,21:08:56,717666290815,121569,100,24039,255,41
1784725736.6920,21:08:56,717666310450,121569,100,24039,255,41
1784725736.8920,21:08:56,717666330506,121569,100,24039,255,41
1784725737.0920,21:08:57,717666352074,115260,100,24039,315,41
1784725737.2920,21:08:57,717666373615,115260,100,24039,315,41
1784725737.4920,21:08:57,717666395145,111490,100,24039,315,41
1784725737.6920,21:08:57,717666416657,111490,100,24039,315,41
1784725737.8920,21:08:57,717666438096,111490,100,24039,315,41
1784725738.0920,21:08:58,717666461277,116104,100,24039,375,41
1784725738.2920,21:08:58,717666484647,116104,100,24039,375,41
1784725738.4920,21:08:58,717666508085,120699,100,24039,375,41
1784725738.6920,21:08:58,717666531609,120699,100,24039,375,41
1784725738.8920,21:08:58,717666551079,120699,100,24039,375,41
1784725739.0920,21:08:59,717666571044,118812,100,24039,285,41
1784725739.2920,21:08:59,717666595887,118812,100,24039,285,41
1784725739.4920,21:08:59,717666621889,122292,100,24039,435,41
1784725739.6920,21:08:59,717666642057,122292,100,24039,435,41
1784725739.8920,21:08:59,717666666739,122292,100,24039,435,41
1784725740.0920,21:09:00,717666696708,127924,100,24039,630,42
1784725740.2920,21:09:00,717666727149,127924,100,24039,630,42
1784725740.4920,21:09:00,717666756428,144614,100,24039,585,42
1784725740.6920,21:09:00,717666783951,144614,100,24039,585,42
1784725740.8920,21:09:00,717666809157,144614,100,24039,585,42
1784725741.0920,21:09:01,717666833202,151505,100,24039,390,41
1784725741.2920,21:09:01,717666855124,151505,100,24039,390,41
1784725741.4920,21:09:01,717666873971,129076,100,24039,210,40
1784725741.6920,21:09:01,717666891905,129076,100,24039,210,40
1784725741.8920,21:09:01,717666909806,129076,100,24039,210,40
1784725742.0921,21:09:02,717666927720,107132,100,24039,210,40
1784725742.2920,21:09:02,717666945607,107132,100,24039,210,40
1784725742.4920,21:09:02,717666964211,97393,100,24039,240,40
1784725742.6920,21:09:02,717666999104,97393,100,24039,240,40
1784725742.8920,21:09:02,717667050418,97393,100,24039,240,40
1784725743.0920,21:09:03,717667103229,166074,100,24039,2610,47
1784725743.2920,21:09:03,717667152046,166074,100,24039,2610,47
1784725743.4920,21:09:03,717667198908,242619,100,24039,2385,47
1784725743.6920,21:09:03,717667243119,242619,100,24039,2385,47
1784725743.8920,21:09:03,717667284808,242619,100,24039,2385,47
1784725744.0920,21:09:04,717667322006,251228,100,24039,1095,45
1784725744.2920,21:09:04,717667355258,251228,100,24039,1095,45
1784725744.4920,21:09:04,717667381722,202520,100,24039,360,43
1784725744.6920,21:09:04,717667402264,202520,100,24039,360,43
1784725744.8920,21:09:04,717667420212,202520,100,24039,360,43
1784725745.0920,21:09:05,717667438074,142302,100,24039,210,41
1784725745.2920,21:09:05,717667455763,142302,100,24039,210,41
1784725745.4920,21:09:05,717667473450,102485,100,24039,210,40
1784725745.6920,21:09:05,717667491311,102485,100,24039,210,40
1784725745.8920,21:09:05,717667509150,102485,100,24039,210,40
1784725746.0920,21:09:06,717667526985,96684,100,24039,210,40
1784725746.2920,21:09:06,717667544789,96684,100,24039,210,40
1784725746.4920,21:09:06,717667562574,96823,100,24039,210,40
1784725746.6920,21:09:06,717667580385,96823,100,24039,210,40
1784725746.8920,21:09:06,717667598203,96823,100,24039,210,40
1784725747.0920,21:09:07,717667616015,96863,100,24039,210,40
1784725747.2920,21:09:07,717667633745,96863,100,24039,210,40
1784725747.4920,21:09:07,717667651527,96884,100,24039,240,40
1784725747.6920,21:09:07,717667670789,96884,100,24039,240,40
1784725747.8920,21:09:07,717667690890,96884,100,24039,240,40
1784725748.0920,21:09:08,717667707268,99984,100,24039,255,41
1784725748.2920,21:09:08,717667729017,99984,100,24039,255,41
1784725748.4920,21:09:08,717667754028,110916,100,24039,450,41
1784725748.6920,21:09:08,717667779264,110916,100,24039,450,41
1784725748.8920,21:09:08,717667804577,110916,100,24039,450,41
1784725749.0920,21:09:09,717667829870,125703,100,24039,450,41
1784725749.2920,21:09:09,717667854802,125703,100,24039,450,41
1784725749.4921,21:09:09,717667877428,134929,100,24039,345,41
1784725749.6920,21:09:09,717667897554,134929,100,24039,345,41
1784725749.8920,21:09:09,717667917087,134929,100,24039,345,41
1784725750.0920,21:09:10,717667936458,121187,100,24039,270,40
1784725750.2920,21:09:10,717667955919,121187,100,24039,270,40
1784725750.4920,21:09:10,717667976455,109577,100,24039,330,41
1784725750.6920,21:09:10,717667998805,109577,100,24039,330,41
1784725750.8920,21:09:10,717668022015,109577,100,24039,330,41
1784725751.0920,21:09:11,717668045236,116280,100,24039,390,41
1784725751.2920,21:09:11,717668067283,116280,100,24039,390,41
1784725751.4920,21:09:11,717668086973,120588,100,24039,255,41
1784725751.6920,21:09:11,717668105887,120588,100,24039,255,41
1784725751.8920,21:09:11,717668125596,120588,100,24039,255,41
1784725752.0920,21:09:12,717668146305,113479,100,24039,315,41
1784725752.2920,21:09:12,717668167013,113479,100,24039,315,41
1784725752.4920,21:09:12,717668187735,110103,100,24039,315,41
1784725752.6920,21:09:12,717668208477,110103,100,24039,315,41
1784725752.8920,21:09:12,717668229305,110103,100,24039,315,41
1784725753.0920,21:09:13,717668249789,113962,100,24039,315,41
1784725753.2920,21:09:13,717668270381,113962,100,24039,315,41
1784725753.4920,21:09:13,717668291057,113793,100,24039,315,41
1784725753.6920,21:09:13,717668311797,113793,100,24039,315,41
1784725753.8920,21:09:13,717668332039,113793,100,24039,315,41
1784725754.0920,21:09:14,717668352823,113341,100,24039,315,41
1784725754.2920,21:09:14,717668373551,113341,100,24039,315,41
1784725754.4920,21:09:14,717668393085,112395,100,24039,360,41
1784725754.6920,21:09:14,717668410044,112395,100,24039,360,41
1784725754.8920,21:09:14,717668434901,112395,100,24039,360,41
1784725755.0920,21:09:15,717668484822,126928,100,24039,2520,44
1784725755.2920,21:09:15,717668542595,126928,100,24039,2520,44
1784725755.4920,21:09:15,717668597138,215530,100,24039,2490,52
1784725755.6920,21:09:15,717668653731,215530,100,24039,2490,52
1784725755.8920,21:09:15,717668702461,215530,100,24039,2490,52
1784725756.0920,21:09:16,717668753058,295348,100,24039,2610,49
1784725756.2920,21:09:16,717668799957,295348,100,24039,2610,49
1784725756.4920,21:09:16,717668843689,275513,100,24039,2220,47
1784725756.6920,21:09:16,717668884866,275513,100,24039,2220,47
1784725756.8920,21:09:16,717668923253,275513,100,24039,2220,47
1784725757.0920,21:09:17,717668957860,240171,100,24039,930,45
1784725757.2920,21:09:17,717668988218,240171,100,24039,930,45
1784725757.4920,21:09:17,717669010778,189758,100,24039,375,42
1784725757.6920,21:09:17,717669028827,189758,100,24039,375,42
1784725757.8920,21:09:17,717669046377,189758,100,24039,375,42
1784725758.0920,21:09:18,717669063830,132316,100,24039,210,41
1784725758.2920,21:09:18,717669081386,132316,100,24039,210,41
1784725758.4921,21:09:18,717669098917,100201,100,24039,210,41
1784725758.6920,21:09:18,717669116334,100201,100,24039,210,41
1784725758.8920,21:09:18,717669130532,100201,100,24039,210,41
1784725759.0920,21:09:19,717669145681,91961,100,24039,210,41
1784725759.2920,21:09:19,717669164276,91961,100,24039,210,41
1784725759.4920,21:09:19,717669183923,90608,100,24039,240,40
1784725759.6920,21:09:19,717669204358,90608,100,24039,240,40
1784725759.8921,21:09:19,717669224649,90608,100,24039,240,40
1784725760.0920,21:09:20,717669245998,97539,100,24039,285,41
1784725760.2920,21:09:20,717669268580,97539,100,24039,285,41
1784725760.4920,21:09:20,717669291143,109519,100,24039,330,41
1784725760.6920,21:09:20,717669314189,109519,100,24039,330,41
1784725760.8920,21:09:20,717669337178,109519,100,24039,330,41
1784725761.0920,21:09:21,717669360160,115716,100,24039,330,41
1784725761.2920,21:09:21,717669383176,115716,100,24039,330,41
1784725761.4920,21:09:21,717669406170,117718,100,24039,330,41
1784725761.6920,21:09:21,717669426555,117718,100,24039,330,41
1784725761.8920,21:09:21,717669445251,117718,100,24039,330,41
1784725762.0920,21:09:22,717669465912,110326,100,24039,255,40
1784725762.2921,21:09:22,717669488372,110326,100,24039,255,40
1784725762.4921,21:09:22,717669511205,108953,100,24039,360,41
1784725762.6920,21:09:22,717669535650,108953,100,24039,360,41
1784725762.8920,21:09:22,717669560154,108953,100,24039,360,41
1784725763.0920,21:09:23,717669584280,118792,100,24039,345,41
1784725763.2920,21:09:23,717669606468,118792,100,24039,345,41
1784725763.4921,21:09:23,717669625701,117900,100,24039,390,41
1784725763.6920,21:09:23,717669651742,117900,100,24039,390,41
1784725763.8920,21:09:23,717669679830,117900,100,24039,390,41
1784725764.0920,21:09:24,717669708120,125209,100,24039,495,42
1784725764.2920,21:09:24,717669733472,125209,100,24039,495,42
1784725764.4920,21:09:24,717669752580,127828,100,24039,330,41
1784725764.6920,21:09:24,717669775345,127828,100,24039,330,41
1784725764.8920,21:09:24,717669801591,127828,100,24039,330,41
1784725765.0920,21:09:25,717669830220,126398,100,24039,495,42
1784725765.2920,21:09:25,717669858692,126398,100,24039,495,42
1784725765.4920,21:09:25,717669883632,131173,100,24039,345,42
1784725765.6920,21:09:25,717669902657,131173,100,24039,345,42
1784725765.8920,21:09:25,717669927326,131173,100,24039,345,42
1784725766.0920,21:09:26,717669956468,131249,100,24039,480,42
1784725766.2920,21:09:26,717669986558,131249,100,24039,480,42
1784725766.4920,21:09:26,717670016698,134490,100,24039,555,42
1784725766.6920,21:09:26,717670045440,134490,100,24039,555,42
1784725766.8920,21:09:26,717670071005,134490,100,24039,555,42
1784725767.0920,21:09:27,717670093715,144751,100,24039,300,41
1784725767.2921,21:09:27,717670114907,144751,100,24039,300,41
1784725767.4920,21:09:27,717670134982,123980,100,24039,240,41
1784725767.6920,21:09:27,717670155015,123980,100,24039,240,41
1784725767.8921,21:09:27,717670170868,123980,100,24039,240,41
1784725768.0920,21:09:28,717670187004,100151,100,24039,270,40
1784725768.2920,21:09:28,717670223630,100151,100,24039,270,40
1784725768.4920,21:09:28,717670277613,144874,100,24039,2700,46
1784725768.6920,21:09:28,717670334014,144874,100,24039,2700,46
1784725768.8920,21:09:28,717670390395,144874,100,24039,2700,46
1784725769.0920,21:09:29,717670443751,234721,100,24039,2535,48
1784725769.2920,21:09:29,717670494248,234721,100,24039,2535,48
1784725769.4920,21:09:29,717670541859,274548,100,24039,2280,47
1784725769.6920,21:09:29,717670586762,274548,100,24039,2280,47
1784725769.8920,21:09:29,717670628608,274548,100,24039,2280,47
1784725770.0920,21:09:30,717670661811,237545,100,24039,705,44
1784725770.2920,21:09:30,717670684165,237545,100,24039,705,44
1784725770.4920,21:09:30,717670706135,174533,100,24039,210,42
1784725770.6920,21:09:30,717670724830,174533,100,24039,210,42
1784725770.8920,21:09:30,717670743528,174533,100,24039,210,42
1784725771.0920,21:09:31,717670759980,116013,100,24039,210,41
1784725771.2921,21:09:31,717670775024,116013,100,24039,210,41
1784725771.4920,21:09:31,717670792093,89733,100,24039,210,40
1784725771.6921,21:09:31,717670810787,89733,100,24039,210,40
1784725771.8920,21:09:31,717670830942,89733,100,24039,210,40
1784725772.0920,21:09:32,717670851183,91115,100,24039,255,41
1784725772.2920,21:09:32,717670871483,91115,100,24039,255,41
1784725772.4920,21:09:32,717670891801,101885,100,24039,300,41
1784725772.6920,21:09:32,717670913944,101885,100,24039,300,41
1784725772.8920,21:09:32,717670935332,101885,100,24039,300,41
1784725773.0920,21:09:33,717670954875,106340,100,24039,300,41
1784725773.2921,21:09:33,717670972888,106340,100,24039,300,41
1784725773.4920,21:09:33,717670997539,108325,100,24039,465,41
1784725773.6921,21:09:33,717671025381,108325,100,24039,465,41
1784725773.8920,21:09:33,717671053060,108325,100,24039,465,41
1784725774.0920,21:09:34,717671081171,123235,100,24039,495,42
1784725774.2920,21:09:34,717671107672,123235,100,24039,495,42
1784725774.4920,21:09:34,717671132095,137669,100,24039,315,41
1784725774.6921,21:09:34,717671154066,137669,100,24039,315,41
1784725774.8920,21:09:34,717671173481,137669,100,24039,315,41
1784725775.0920,21:09:35,717671192071,121000,100,24039,210,40
1784725775.2920,21:09:35,717671210605,121000,100,24039,210,40
1784725775.4920,21:09:35,717671229205,101932,100,24039,210,40
1784725775.6920,21:09:35,717671247677,101932,100,24039,210,40
1784725775.8920,21:09:35,717671266148,101932,100,24039,210,40
1784725776.0920,21:09:36,717671285826,95626,100,24039,270,40
1784725776.2920,21:09:36,717671307499,95626,100,24039,270,40
1784725776.4920,21:09:36,717671331079,104319,100,24039,390,41
1784725776.6920,21:09:36,717671355686,104319,100,24039,390,41
1784725776.8920,21:09:36,717671380275,104319,100,24039,390,41
1784725777.0920,21:09:37,717671404922,118799,100,24039,390,41
1784725777.2920,21:09:37,717671429583,118799,100,24039,390,41
1784725777.4920,21:09:37,717671452277,124873,100,24039,315,41
1784725777.6920,21:09:37,717671470418,124873,100,24039,315,41
1784725777.8920,21:09:37,717671493325,124873,100,24039,315,41
1784725778.0921,21:09:38,717671519856,118264,100,24039,450,41
1784725778.2920,21:09:38,717671547967,118264,100,24039,450,41
1784725778.4920,21:09:38,717671574795,124966,100,24039,405,41
1784725778.6920,21:09:38,717671599042,124966,100,24039,405,41
1784725778.8920,21:09:38,717671617695,124966,100,24039,405,41
1784725779.0920,21:09:39,717671636928,125353,100,24039,360,41
1784725779.2920,21:09:39,717671662686,125353,100,24039,360,41
1784725779.4920,21:09:39,717671686393,117062,100,24039,585,42
1784725779.6920,21:09:39,717671717131,117062,100,24039,585,42
1784725779.8920,21:09:39,717671748296,117062,100,24039,585,42
1784725780.0920,21:09:40,717671777995,137366,100,24039,600,42
1784725780.2920,21:09:40,717671805137,137366,100,24039,600,42
1784725780.4920,21:09:40,717671830221,147924,100,24039,345,42
1784725780.6920,21:09:40,717671852663,147924,100,24039,345,42
1784725780.8920,21:09:40,717671872489,147924,100,24039,345,42
1784725781.0920,21:09:41,717671890726,125269,100,24039,210,40
1784725781.2920,21:09:41,717671908952,125269,100,24039,210,40
1784725781.4920,21:09:41,717671927212,102797,100,24039,225,40
1784725781.6920,21:09:41,717671946060,102797,100,24039,225,40
1784725781.8920,21:09:41,717671967263,102797,100,24039,225,40
1784725782.0920,21:09:42,717671990489,100465,100,24039,360,41
1784725782.2920,21:09:42,717672015791,100465,100,24039,360,41
1784725782.4920,21:09:42,717672041219,116551,100,24039,420,41
1784725782.6920,21:09:42,717672066584,116551,100,24039,420,41
1784725782.8920,21:09:42,717672091862,116551,100,24039,420,41
1784725783.0920,21:09:43,717672114689,128648,100,24039,345,41
1784725783.2920,21:09:43,717672137288,128648,100,24039,345,41
1784725783.4920,21:09:43,717672159867,124204,100,24039,345,41
1784725783.6920,21:09:43,717672182523,124204,100,24039,345,41
1784725783.8920,21:09:43,717672205176,124204,100,24039,345,41
1784725784.0920,21:09:44,717672227695,118076,100,24039,345,41
1784725784.2920,21:09:44,717672250173,118076,100,24039,345,41
1784725784.4920,21:09:44,717672272748,117764,100,24039,345,41
1784725784.6920,21:09:44,717672295330,117764,100,24039,345,41
1784725784.8920,21:09:44,717672317837,117764,100,24039,345,41
1784725785.0920,21:09:45,717672340387,117623,100,24039,345,41
1784725785.2920,21:09:45,717672362673,117623,100,24039,345,41
1784725785.4920,21:09:45,717672385239,117676,100,24039,345,41
1784725785.6920,21:09:45,717672406532,117676,100,24039,345,41
1784725785.8920,21:09:45,717672426528,117676,100,24039,345,41
1784725786.0921,21:09:46,717672446518,112776,100,24039,270,40
1784725786.2920,21:09:46,717672466469,112776,100,24039,270,40
1784725786.4921,21:09:46,717672486398,106797,100,24039,270,40
1784725786.6920,21:09:46,717672507027,106797,100,24039,270,40
1784725786.8920,21:09:46,717672529547,106797,100,24039,270,40
1784725787.0920,21:09:47,717672554049,109419,100,24039,420,41
1784725787.2920,21:09:47,717672579693,109419,100,24039,420,41
1784725787.4920,21:09:47,717672605424,122890,100,24039,450,41
1784725787.6920,21:09:47,717672631234,122890,100,24039,450,41
1784725787.8920,21:09:47,717672656782,122890,100,24039,450,41
1784725788.0920,21:09:48,717672682207,133411,100,24039,435,41
1784725788.2921,21:09:48,717672707564,133411,100,24039,435,41
1784725788.4920,21:09:48,717672732931,133981,100,24039,450,41
1784725788.6920,21:09:48,717672758292,133981,100,24039,450,41
1784725788.8920,21:09:48,717672781760,133981,100,24039,450,41
1784725789.0920,21:09:49,717672805130,130474,100,24039,375,41
1784725789.2920,21:09:49,717672828234,130474,100,24039,375,41
1784725789.4920,21:09:49,717672849191,123091,100,24039,300,41
1784725789.6920,21:09:49,717672870114,123091,100,24039,300,41
1784725789.8920,21:09:49,717672891640,123091,100,24039,300,41
1784725790.0920,21:09:50,717672913297,115337,100,24039,270,40
1784725790.2920,21:09:50,717672934972,115337,100,24039,270,40
1784725790.4920,21:09:50,717672954541,110828,100,24039,210,40
1784725790.6920,21:09:50,717672974140,110828,100,24039,210,40
1784725790.8921,21:09:50,717672993558,110828,100,24039,210,40
1784725791.0920,21:09:51,717673013729,107171,100,24039,225,40
1784725791.2920,21:09:51,717673034780,107171,100,24039,225,40
1784725791.4920,21:09:51,717673057231,107956,100,24039,300,40
1784725791.6921,21:09:51,717673080313,107956,100,24039,300,40
1784725791.8920,21:09:51,717673104611,107956,100,24039,300,40
1784725792.0920,21:09:52,717673129176,118498,100,24039,345,41
1784725792.2920,21:09:52,717673153764,118498,100,24039,345,41
1784725792.4920,21:09:52,717673178379,127320,100,24039,345,41
1784725792.6920,21:09:52,717673203019,127320,100,24039,345,41
1784725792.8920,21:09:52,717673227652,127320,100,24039,345,41
1784725793.0920,21:09:53,717673250495,129476,100,24039,285,41
1784725793.2920,21:09:53,717673272698,129476,100,24039,285,41
1784725793.4920,21:09:53,717673295357,124302,100,24039,300,41
1784725793.6920,21:09:53,717673318037,124302,100,24039,300,41
1784725793.8920,21:09:53,717673340645,124302,100,24039,300,41
1784725794.0920,21:09:54,717673363134,119514,100,24039,300,41
1784725794.2920,21:09:54,717673385633,119514,100,24039,300,41
1784725794.4920,21:09:54,717673409001,120412,100,24039,345,41
1784725794.6920,21:09:54,717673433194,120412,100,24039,345,41
1784725794.8920,21:09:54,717673457350,120412,100,24039,345,41
1784725795.0920,21:09:55,717673482712,124298,100,24039,345,41
1784725795.2920,21:09:55,717673507300,124298,100,24039,345,41
1784725795.4920,21:09:55,717673530789,129200,100,24039,210,41
1784725795.6920,21:09:55,717673554318,129200,100,24039,210,41
1784725795.8920,21:09:55,717673577765,129200,100,24039,210,41
1784725796.0921,21:09:56,717673601133,127571,100,24039,210,41
1784725796.2921,21:09:56,717673624536,127571,100,24039,210,41
1784725796.4920,21:09:56,717673647915,124654,100,24039,210,41
1784725796.6921,21:09:56,717673659797,124654,100,24039,210,41
1784725796.8921,21:09:56,717673669235,124654,100,24039,210,41
1784725797.0920,21:09:57,717673679765,93197,100,24039,2265,39
1784725797.2920,21:09:57,717673691410,93197,100,24039,2265,39
1784725797.4920,21:09:57,717673703027,64434,0,24039,2520,39
1784725797.6921,21:09:57,717673710888,64434,0,24039,2520,39
1784725797.8920,21:09:57,717673717368,64434,0,24039,2520,39
1784725798.0920,21:09:58,717673723817,64434,0,24039,2520,39
1784725798.2920,21:09:58,717673730278,64434,0,24039,2520,39
1784725798.4920,21:09:58,717673736727,61456,0,24039,2520,39
1784725798.6920,21:09:58,717673744555,61456,0,24039,2520,39
1784725798.8920,21:09:58,717673751020,61456,0,24039,2520,39
1784725799.0920,21:09:59,717673757467,61456,0,24039,2520,39
1784725799.2920,21:09:59,717673763898,61456,0,24039,2520,39
1784725799.4920,21:09:59,717673770378,61458,0,24039,2520,39
1784725799.6920,21:09:59,717673778250,61458,0,24039,2520,39
1784725799.8920,21:09:59,717673784723,61458,0,24039,2520,39
1784725800.0920,21:10:00,717673791180,61458,0,24039,2520,39
1784725800.2920,21:10:00,717673797618,61458,0,24039,2520,39
1784725800.4921,21:10:00,717673804070,61649,0,24039,2520,39
1784725800.6920,21:10:00,717673811881,61649,0,24039,2520,39
1784725800.8920,21:10:00,717673818296,61649,0,24039,2520,39
1784725801.0920,21:10:01,717673824714,61649,0,24039,2520,39
1784725801.2920,21:10:01,717673831116,61649,0,24039,2520,39
1784725801.4920,21:10:01,717673837517,61603,0,24039,2520,39
1784725801.6921,21:10:01,717673845290,61603,0,24039,2520,39
1784725801.8921,21:10:01,717673851664,61603,0,24039,2520,39
1784725802.0921,21:10:02,717673858050,61603,0,24039,2520,39
1784725802.2921,21:10:02,717673864440,61603,0,24039,2520,39
1784725802.4921,21:10:02,717673870835,61450,0,24039,2520,38
1784725802.6921,21:10:02,717673878583,61450,0,24039,2520,38
1784725802.8921,21:10:02,717673884938,61450,0,24039,2520,38
1784725803.0921,21:10:03,717673891297,61450,0,24039,2520,38
1784725803.2921,21:10:03,717673897629,61450,0,24039,2520,38
1784725803.4920,21:10:03,717673903990,61450,0,24039,2520,38
1784725803.6920,21:10:03,717673911701,61450,0,24039,2520,38
1784725803.8920,21:10:03,717673918066,61450,0,24039,2520,38
1784725804.0921,21:10:04,717673924431,61450,0,24039,2520,38
1784725804.2920,21:10:04,717673930814,61450,0,24039,2520,38
1784725804.4920,21:10:04,717673937189,61501,0,24039,2520,38
1784725804.6920,21:10:04,717673944921,61501,0,24039,2520,38
1784725804.8920,21:10:04,717673951265,61501,0,24039,2520,38
1784725805.0921,21:10:05,717673957616,61501,0,24039,2520,38
1784725805.2920,21:10:05,717673963888,61501,0,24039,2520,38
1784725805.4920,21:10:05,717673970162,61520,0,24039,2520,38
1784725805.6920,21:10:05,717673977831,61520,0,24039,2520,38
1784725805.8921,21:10:05,717673984093,61520,0,24039,2520,38
1784725806.0920,21:10:06,717673990371,61520,0,24039,2520,38
1784725806.2920,21:10:06,717673996691,61520,0,24039,2520,38
1784725806.4920,21:10:06,717674003019,61324,0,24039,2520,38
1784725806.6920,21:10:06,717674010676,61324,0,24039,2520,38
1784725806.8920,21:10:06,717674016911,61324,0,24039,2520,38
1784725807.0920,21:10:07,717674023188,61324,0,24039,2520,38
1784725807.2920,21:10:07,717674029455,61324,0,24039,2520,38
1784725807.4920,21:10:07,717674035746,61210,0,24039,2520,38
1784725807.6920,21:10:07,717674043420,61210,0,24039,2520,38
1784725807.8920,21:10:07,717674049710,61210,0,24039,2520,38
1784725808.0920,21:10:08,717674055992,61210,0,24039,2520,38
1784725808.2920,21:10:08,717674062265,61210,0,24039,2520,38
1784725808.4920,21:10:08,717674068537,61388,0,24039,2520,38
1784725808.6920,21:10:08,717674076176,61388,0,24039,2520,38
1784725808.8920,21:10:08,717674082441,61388,0,24039,2520,38
1784725809.0920,21:10:09,717674088635,61388,0,24039,2520,38
1784725809.2921,21:10:09,717674094822,61388,0,24039,2520,38
1784725809.4920,21:10:09,717674101033,61390,0,24039,2520,38
1784725809.6920,21:10:09,717674108581,61390,0,24039,2520,38
1784725809.8920,21:10:09,717674114781,61390,0,24039,2520,38
1784725810.0920,21:10:10,717674127007,61390,0,24039,2520,38
1784725810.2920,21:10:10,717674133007,61390,0,24039,2520,38
1784725810.4920,21:10:10,717674139163,61039,0,24039,2520,38
1784725810.6920,21:10:10,717674146722,61039,0,24039,2520,38
1784725810.8920,21:10:10,717674152931,61039,0,24039,2520,38
1784725811.0920,21:10:11,717674159159,61039,0,24039,2520,38
1784725811.2920,21:10:11,717674165397,61039,0,24039,2520,38
1784725811.4920,21:10:11,717674171751,61779,52,24039,2520,38
1784725811.6920,21:10:11,717674249528,61779,52,24039,2520,38
1784725811.8920,21:10:11,717674355821,61779,52,24039,2520,38
1784725812.0920,21:10:12,717674417997,174501,52,24039,2685,51
1784725812.2920,21:10:12,717674488471,174501,52,24039,2685,51
1784725812.4920,21:10:12,717674550646,212177,100,24039,2685,50
1784725812.6920,21:10:12,717674625233,212177,100,24039,2685,50
1784725812.8920,21:10:12,717674687460,212177,100,24039,2685,50
1784725813.0920,21:10:13,717674750265,329827,100,24039,2685,50
1784725813.2920,21:10:13,717674815638,329827,100,24039,2685,50
1784725813.4920,21:10:13,717674891096,337048,100,24039,2685,56
1784725813.6920,21:10:13,717674963353,337048,100,24039,2685,56
1784725813.8920,21:10:13,717675025368,337048,100,24039,2685,56
1784725814.0920,21:10:14,717675093453,337595,100,24039,2685,50
1784725814.2920,21:10:14,717675162817,337595,100,24039,2685,50
1784725814.4920,21:10:14,717675225246,342367,100,24039,2685,51
1784725814.6920,21:10:14,717675287645,342367,100,24039,2685,51
1784725814.8920,21:10:14,717675349906,342367,100,24039,2685,51
1784725815.0920,21:10:15,717675409136,322579,100,24039,2610,50
1784725815.2920,21:10:15,717675469334,322579,100,24039,2610,50
1784725815.4920,21:10:15,717675521460,302463,100,24039,2430,48
1784725815.6920,21:10:15,717675572463,302463,100,24039,2430,48
1784725815.8920,21:10:15,717675625037,302463,100,24039,2430,48
1784725816.0920,21:10:16,717675677566,278415,100,24039,2220,50
1784725816.2920,21:10:16,717675722927,278415,100,24039,2220,50
1784725816.4920,21:10:16,717675769452,252104,100,24039,2190,47
1784725816.6920,21:10:16,717675814869,252104,100,24039,2190,47
1784725816.8920,21:10:16,717675855549,252104,100,24039,2190,47
1784725817.0920,21:10:17,717675890020,233024,100,24039,795,45
1784725817.2920,21:10:17,717675915420,233024,100,24039,795,45
1784725817.4920,21:10:17,717675943786,188370,100,24039,480,43
1784725817.6920,21:10:17,717675972954,188370,100,24039,480,43
1784725817.8920,21:10:17,717675995179,188370,100,24039,480,43
1784725818.0920,21:10:18,717676023289,145038,100,24039,495,43
1784725818.2921,21:10:18,717676077322,145038,100,24039,495,43
1784725818.4921,21:10:18,717676148102,187654,100,24039,2610,49
1784725818.6920,21:10:18,717676209543,187654,100,24039,2610,49
1784725818.8920,21:10:18,717676267915,187654,100,24039,2610,49
1784725819.0920,21:10:19,717676321990,262052,100,24039,2460,50
1784725819.2920,21:10:19,717676371896,262052,100,24039,2460,50
1784725819.4920,21:10:19,717676419303,292500,100,24039,2205,47
1784725819.6920,21:10:19,717676461823,292500,100,24039,2205,47
1784725819.8920,21:10:19,717676499147,292500,100,24039,2205,47
1784725820.0920,21:10:20,717676530430,238264,100,24039,705,45
1784725820.2920,21:10:20,717676550102,238264,100,24039,705,45
1784725820.4920,21:10:20,717676567334,171283,100,24039,255,43
1784725820.6921,21:10:20,717676588769,171283,100,24039,255,43
1784725820.8921,21:10:20,717676614867,171283,100,24039,255,43
1784725821.0921,21:10:21,717676642407,124300,100,24039,420,42
1784725821.2921,21:10:21,717676670615,124300,100,24039,420,42
1784725821.4921,21:10:21,717676699410,124448,100,24039,525,43
1784725821.6921,21:10:21,717676723868,124448,100,24039,525,43
1784725821.8920,21:10:21,717676746160,124448,100,24039,525,43
1784725822.0920,21:10:22,717676771833,134027,100,24039,495,43
1784725822.2921,21:10:22,717676815527,134027,100,24039,495,43
1784725822.4920,21:10:22,717676879266,164231,100,24039,2700,48
1784725822.6921,21:10:22,717676938935,164231,100,24039,2700,48
1784725822.8920,21:10:22,717676996342,164231,100,24039,2700,48
1784725823.0920,21:10:23,717677049471,248553,100,24039,2595,50
1784725823.2920,21:10:23,717677100860,248553,100,24039,2595,50
1784725823.4920,21:10:23,717677148803,293833,100,24039,2205,48
1784725823.6921,21:10:23,717677191993,293833,100,24039,2205,48
1784725823.8920,21:10:23,717677232135,293833,100,24039,2205,48
1784725824.0921,21:10:24,717677266250,248650,100,24039,870,46
1784725824.2921,21:10:24,717677294663,248650,100,24039,870,46
1784725824.4921,21:10:24,717677317664,195508,100,24039,240,43
1784725824.6921,21:10:24,717677336413,195508,100,24039,240,43
1784725824.8921,21:10:24,717677354737,195508,100,24039,240,43
1784725825.0921,21:10:25,717677373065,133501,100,24039,210,41
1784725825.2920,21:10:25,717677391347,133501,100,24039,210,41
1784725825.4921,21:10:25,717677409675,99083,100,24039,210,41
1784725825.6921,21:10:25,717677427963,99083,100,24039,210,41
1784725825.8920,21:10:25,717677446294,99083,100,24039,210,41
1784725826.0920,21:10:26,717677464791,94410,100,24039,210,41
1784725826.2920,21:10:26,717677484498,94410,100,24039,210,41
1784725826.4921,21:10:26,717677506216,97508,100,24039,300,41
1784725826.6921,21:10:26,717677530103,97508,100,24039,300,41
1784725826.8921,21:10:26,717677555081,97508,100,24039,300,41
1784725827.0921,21:10:27,717677582364,111272,100,24039,465,42
1784725827.2920,21:10:27,717677609907,111272,100,24039,465,42
1784725827.4921,21:10:27,717677637488,131001,100,24039,480,42
1784725827.6921,21:10:27,717677665064,131001,100,24039,480,42
1784725827.8921,21:10:27,717677690310,131001,100,24039,480,42
1784725828.0920,21:10:28,717677712859,138513,100,24039,330,42
1784725828.2920,21:10:28,717677732777,138513,100,24039,330,42
1784725828.4920,21:10:28,717677752287,123936,100,24039,240,41
1784725828.6920,21:10:28,717677772112,123936,100,24039,240,41
1784725828.8920,21:10:28,717677793827,123936,100,24039,240,41
1784725829.0921,21:10:29,717677817889,108590,100,24039,375,41
1784725829.2921,21:10:29,717677843528,108590,100,24039,375,41
1784725829.4920,21:10:29,717677869422,115903,100,24039,450,42
1784725829.6920,21:10:29,717677895748,115903,100,24039,450,42
1784725829.8921,21:10:29,717677920495,115903,100,24039,450,42
1784725830.0921,21:10:30,717677944737,129137,100,24039,390,42
1784725830.2921,21:10:30,717677966998,129137,100,24039,390,42
1784725830.4921,21:10:30,717677988348,125611,100,24039,300,41
1784725830.6921,21:10:30,717678009715,125611,100,24039,300,41
1784725830.8921,21:10:30,717678029288,125611,100,24039,300,41
1784725831.0921,21:10:31,717678047680,113174,100,24039,210,41
1784725831.2921,21:10:31,717678067267,113174,100,24039,210,41
1784725831.4921,21:10:31,717678089073,103940,100,24039,330,41
1784725831.6921,21:10:31,717678112683,103940,100,24039,330,41
1784725831.8921,21:10:31,717678137204,103940,100,24039,330,41
1784725832.0921,21:10:32,717678162123,110085,100,24039,390,41
1784725832.2921,21:10:32,717678186859,110085,100,24039,390,41
1784725832.4921,21:10:32,717678211488,123756,100,24039,390,41
1784725832.6921,21:10:32,717678235002,123756,100,24039,390,41
1784725832.8921,21:10:32,717678255602,123756,100,24039,390,41
1784725833.0921,21:10:33,717678274368,122417,100,24039,225,41
1784725833.2921,21:10:33,717678292784,122417,100,24039,225,41
1784725833.4921,21:10:33,717678311249,107807,100,24039,210,40
1784725833.6921,21:10:33,717678330019,107807,100,24039,210,40
1784725833.8920,21:10:33,717678350943,107807,100,24039,210,40
1784725834.0920,21:10:34,717678374342,98617,100,24039,330,40
1784725834.2920,21:10:34,717678397836,98617,100,24039,330,40
1784725834.4921,21:10:34,717678421440,109599,100,24039,300,41
1784725834.6921,21:10:34,717678446433,109599,100,24039,300,41
1784725834.8921,21:10:34,717678471631,109599,100,24039,300,41
1784725835.0921,21:10:35,717678496538,123257,100,24039,345,41
1784725835.2921,21:10:35,717678521795,123257,100,24039,345,41
1784725835.4920,21:10:35,717678547242,128200,100,24039,360,41
1784725835.6920,21:10:35,717678572518,128200,100,24039,360,41
1784725835.8920,21:10:35,717678594995,128200,100,24039,360,41
1784725836.0921,21:10:36,717678617820,127237,100,24039,285,41
1784725836.2921,21:10:36,717678638128,127237,100,24039,285,41
1784725836.4920,21:10:36,717678658044,117960,100,24039,210,40
1784725836.6921,21:10:36,717678682158,117960,100,24039,210,40
1784725836.8921,21:10:36,717678706276,117960,100,24039,210,40
1784725837.0921,21:10:37,717678730365,114923,100,24039,210,41
1784725837.2921,21:10:37,717678754440,114923,100,24039,210,41
1784725837.4921,21:10:37,717678778580,120470,100,24039,210,41
1784725837.6921,21:10:37,717678802786,120470,100,24039,210,41
1784725837.8921,21:10:37,717678826883,120470,100,24039,210,41
1784725838.0921,21:10:38,717678850961,124181,100,24039,210,41
1784725838.2921,21:10:38,717678875117,124181,100,24039,210,41
1784725838.4921,21:10:38,717678899326,124226,100,24039,210,41
1784725838.6921,21:10:38,717678923584,124226,100,24039,210,41
1784725838.8921,21:10:38,717678947674,124226,100,24039,210,41
1784725839.0921,21:10:39,717678971864,124377,100,24039,210,41
1784725839.2921,21:10:39,717678995884,124377,100,24039,210,41
1784725839.4921,21:10:39,717679019914,124433,100,24039,210,41
1784725839.6921,21:10:39,717679043936,124433,100,24039,210,41
1784725839.8921,21:10:39,717679068081,124433,100,24039,210,41
1784725840.0921,21:10:40,717679092130,124323,100,24039,210,41
1784725840.2921,21:10:40,717679116052,124323,100,24039,210,41
1784725840.4920,21:10:40,717679138410,124273,100,24039,210,41
1784725840.6920,21:10:40,717679148314,124273,100,24039,210,41
1784725840.8920,21:10:40,717679158026,124273,100,24039,210,41
1784725841.0920,21:10:41,717679169097,95369,100,24039,2310,39
1784725841.2920,21:10:41,717679180796,95369,100,24039,2310,39
1784725841.4920,21:10:41,717679192636,65978,0,24039,2520,39
1784725841.6920,21:10:41,717679204261,65978,0,24039,2520,39
1784725841.8921,21:10:41,717679215847,65978,0,24039,2520,39
1784725842.0921,21:10:42,717679227473,65978,0,24039,2520,39
1784725842.2921,21:10:42,717679239174,65978,0,24039,2520,39
1784725842.4921,21:10:42,717679250816,61083,0,24039,2520,39
1784725842.6920,21:10:42,717679262483,61083,0,24039,2520,39
1784725842.8921,21:10:42,717679274142,61083,0,24039,2520,39
1784725843.0921,21:10:43,717679285807,61083,0,24039,2520,39
1784725843.2921,21:10:43,717679297436,61083,0,24039,2520,39
1784725843.4921,21:10:43,717679309053,61119,0,24039,2520,39
1784725843.6921,21:10:43,717679320648,61119,0,24039,2520,39
1784725843.8921,21:10:43,717679332267,61119,0,24039,2520,39
1784725844.0921,21:10:44,717679343910,61119,0,24039,2520,39
1784725844.2921,21:10:44,717679355554,61119,0,24039,2520,39
1784725844.4921,21:10:44,717679367185,61186,0,24039,2520,39
1784725844.6921,21:10:44,717679378736,61186,0,24039,2520,39
1784725844.8920,21:10:44,717679390259,61186,0,24039,2520,39
1784725845.0921,21:10:45,717679401824,61186,0,24039,2520,39
1784725845.2921,21:10:45,717679413373,61186,0,24039,2520,39
1784725845.4921,21:10:45,717679424950,61059,0,24039,2520,39
1784725845.6921,21:10:45,717679436525,61059,0,24039,2520,39
1784725845.8921,21:10:45,717679448048,61059,0,24039,2520,39
1784725846.0921,21:10:46,717679459621,61059,0,24039,2520,39
1784725846.2921,21:10:46,717679471113,61059,0,24039,2520,39
1784725846.4921,21:10:46,717679482643,60938,0,24039,2520,39
1784725846.6920,21:10:46,717679494122,60938,0,24039,2520,39
1784725846.8921,21:10:46,717679505628,60938,0,24039,2520,39
1784725847.0921,21:10:47,717679517108,60938,0,24039,2520,39
1784725847.2921,21:10:47,717679528583,60938,0,24039,2520,39
1784725847.4921,21:10:47,717679540061,60865,0,24039,2520,38
1784725847.6921,21:10:47,717679551476,60865,0,24039,2520,38
1784725847.8921,21:10:47,717679562891,60865,0,24039,2520,38
1784725848.0921,21:10:48,717679574359,60865,0,24039,2520,38
1784725848.2921,21:10:48,717679585812,60865,0,24039,2520,38
1784725848.4921,21:10:48,717679597339,60712,0,24039,2520,38
1784725848.6921,21:10:48,717679608871,60712,0,24039,2520,38
1784725848.8921,21:10:48,717679620347,60712,0,24039,2520,38
1784725849.0921,21:10:49,717679631838,60712,0,24039,2520,38
1784725849.2921,21:10:49,717679643312,60712,0,24039,2520,38
1784725849.4921,21:10:49,717679654775,60833,0,24039,2520,38
1784725849.6921,21:10:49,717679666253,60833,0,24039,2520,38
1784725849.8921,21:10:49,717679677740,60833,0,24039,2520,38
1784725850.0921,21:10:50,717679689248,60833,0,24039,2520,38
1784725850.2921,21:10:50,717679700672,60833,0,24039,2520,38
1784725850.4921,21:10:50,717679712186,61030,0,24039,2520,38
1784725850.6921,21:10:50,717679723710,61030,0,24039,2520,38
1784725850.8921,21:10:50,717679735177,61030,0,24039,2520,38
1784725851.0921,21:10:51,717679746640,61030,0,24039,2520,38
1784725851.2921,21:10:51,717679758078,61030,0,24039,2520,38
1784725851.4921,21:10:51,717679769553,61073,0,24039,2520,38
1784725851.6921,21:10:51,717679780959,61073,0,24039,2520,38
1784725851.8921,21:10:51,717679792337,61073,0,24039,2520,38
1784725852.0921,21:10:52,717679803754,61073,0,24039,2520,38
1784725852.2921,21:10:52,717679815162,61073,0,24039,2520,38
1784725852.4921,21:10:52,717679826558,60979,0,24039,2520,38
1784725852.6921,21:10:52,717679837902,60979,0,24039,2520,38
1784725852.8921,21:10:52,717679849277,60979,0,24039,2520,38
1784725853.0921,21:10:53,717679860630,60979,0,24039,2520,38
1784725853.2921,21:10:53,717679872033,60979,0,24039,2520,38
1784725853.4921,21:10:53,717679883463,60823,0,24039,2520,38
1784725853.6921,21:10:53,717679894838,60823,0,24039,2520,38
1784725853.8921,21:10:53,717679906203,60823,0,24039,2520,38
1784725854.0921,21:10:54,717679917586,60823,0,24039,2520,38
1784725854.2921,21:10:54,717679928914,60823,0,24039,2520,38
1784725854.4921,21:10:54,717679940245,60805,0,24039,2520,38
1784725854.6921,21:10:54,717679951568,60805,0,24039,2520,38
1784725854.8921,21:10:54,717679962933,60805,0,24039,2520,38
1784725855.0921,21:10:55,717679974296,60805,0,24039,2520,38
1784725855.2921,21:10:55,717679985635,60805,0,24039,2520,38
1784725855.4921,21:10:55,717679996972,60832,0,24039,2520,38
1784725855.6921,21:10:55,717680008284,60832,0,24039,2520,38
1784725855.8921,21:10:55,717680043843,60832,0,24039,2520,38
1784725856.0921,21:10:56,717680101823,79689,0,24039,2700,45
1784725856.2921,21:10:56,717680160913,79689,0,24039,2700,45
1784725856.4921,21:10:56,717680219426,137292,100,24039,2700,49
1784725856.6921,21:10:56,717680277897,137292,100,24039,2700,49
1784725856.8921,21:10:56,717680336205,137292,100,24039,2700,49
1784725857.0921,21:10:57,717680394742,307659,100,24039,2700,49
1784725857.2921,21:10:57,717680453438,307659,100,24039,2700,49
1784725857.4921,21:10:57,717680511963,311672,100,24039,2685,50
1784725857.6921,21:10:57,717680570574,311672,100,24039,2685,50
1784725857.8921,21:10:57,717680629480,311672,100,24039,2685,50
1784725858.0921,21:10:58,717680688041,312314,100,24039,2685,50
1784725858.2921,21:10:58,717680746839,312314,100,24039,2685,50
1784725858.4921,21:10:58,717680804799,312828,100,24039,2655,50
1784725858.6921,21:10:58,717680861488,312828,100,24039,2655,50
1784725858.8921,21:10:58,717680916436,312828,100,24039,2655,50
1784725859.0921,21:10:59,717680968904,307325,100,24039,2550,49
1784725859.2921,21:10:59,717681018916,307325,100,24039,2550,49
1784725859.4921,21:10:59,717681065196,287149,100,24039,2205,47
1784725859.6921,21:10:59,717681109236,287149,100,24039,2205,47
1784725859.8921,21:10:59,717681149412,287149,100,24039,2205,47
1784725860.0921,21:11:00,717681183904,251925,100,24039,855,45
1784725860.2921,21:11:00,717681213320,251925,100,24039,855,45
1784725860.4921,21:11:00,717681237289,200079,100,24039,405,43
1784725860.6921,21:11:00,717681259076,200079,100,24039,405,43
1784725860.8921,21:11:00,717681281029,200079,100,24039,405,43
1784725861.0921,21:11:01,717681306552,146457,100,24039,390,42
1784725861.2921,21:11:01,717681356672,146457,100,24039,390,42
1784725861.4921,21:11:01,717681415531,169232,100,24039,2700,49
1784725861.6921,21:11:01,717681471883,169232,100,24039,2700,49
1784725861.8921,21:11:01,717681527350,169232,100,24039,2700,49
1784725862.0921,21:11:02,717681579604,251731,100,24039,2475,49
1784725862.2921,21:11:02,717681628760,251731,100,24039,2475,49
1784725862.4921,21:11:02,717681674719,288081,100,24039,2295,47
1784725862.6921,21:11:02,717681717917,288081,100,24039,2295,47
1784725862.8921,21:11:02,717681757719,288081,100,24039,2295,47
1784725863.0921,21:11:03,717681792629,252384,100,24039,945,45
1784725863.2921,21:11:03,717681822492,252384,100,24039,945,45
1784725863.4921,21:11:03,717681845236,200258,100,24039,345,43
1784725863.6921,21:11:03,717681863377,200258,100,24039,345,43
1784725863.8921,21:11:03,717681880686,200258,100,24039,345,43
1784725864.0921,21:11:04,717681898082,138745,100,24039,210,41
1784725864.2921,21:11:04,717681915408,138745,100,24039,210,41
1784725864.4921,21:11:04,717681933583,99737,100,24039,240,41
1784725864.6921,21:11:04,717681953147,99737,100,24039,240,41
1784725864.8921,21:11:04,717681974685,99737,100,24039,240,41
1784725865.0921,21:11:05,717682013474,100643,100,24039,375,41
1784725865.2921,21:11:05,717682071408,100643,100,24039,375,41
1784725865.4921,21:11:05,717682128213,181341,100,24039,2655,49
1784725865.6921,21:11:05,717682183491,181341,100,24039,2655,49
1784725865.8921,21:11:05,717682236213,181341,100,24039,2655,49
1784725866.0921,21:11:06,717682286400,267791,100,24039,2505,49
1784725866.2921,21:11:06,717682329336,267791,100,24039,2505,49
1784725866.4921,21:11:06,717682367670,274074,100,24039,975,46
1784725866.6921,21:11:06,717682399093,274074,100,24039,975,46
1784725866.8921,21:11:06,717682423436,274074,100,24039,975,46
1784725867.0921,21:11:07,717682446393,210016,100,24039,435,43
1784725867.2921,21:11:07,717682465965,210016,100,24039,435,43
1784725867.4921,21:11:07,717682483985,143337,100,24039,210,41
1784725867.6921,21:11:07,717682501555,143337,100,24039,210,41
1784725867.8921,21:11:07,717682516049,143337,100,24039,210,41
1784725868.0921,21:11:08,717682538638,103634,100,24039,210,41
1784725868.2921,21:11:08,717682589970,103634,100,24039,210,41
1784725868.4921,21:11:08,717682646640,153314,100,24039,2700,49
1784725868.6921,21:11:08,717682710235,153314,100,24039,2700,49
1784725868.8921,21:11:08,717682771930,153314,100,24039,2700,49
1784725869.0921,21:11:09,717682818638,256078,100,24039,1515,51
1784725869.2921,21:11:09,717682866995,256078,100,24039,1515,51
1784725869.4921,21:11:09,717682913408,289465,100,24039,2340,48
1784725869.6921,21:11:09,717682956910,289465,100,24039,2340,48
1784725869.8921,21:11:09,717682997723,289465,100,24039,2340,48
1784725870.0921,21:11:10,717683032314,252952,100,24039,795,46
1784725870.2921,21:11:10,717683062266,252952,100,24039,795,46
1784725870.4921,21:11:10,717683083469,204024,100,24039,405,43
1784725870.6921,21:11:10,717683098798,204024,100,24039,405,43
1784725870.8921,21:11:10,717683112892,204024,100,24039,405,43
1784725871.0921,21:11:11,717683126944,133481,100,24039,210,41
1784725871.2921,21:11:11,717683144152,133481,100,24039,210,41
1784725871.4921,21:11:11,717683161386,89507,100,24039,210,41
1784725871.6921,21:11:11,717683178598,89507,100,24039,210,41
1784725871.8921,21:11:11,717683195817,89507,100,24039,210,41
1784725872.0921,21:11:12,717683210316,89035,100,24039,210,41
1784725872.2921,21:11:12,717683226792,89035,100,24039,210,41
1784725872.4921,21:11:12,717683267424,97061,100,24039,2520,45
1784725872.6921,21:11:12,717683324636,97061,100,24039,2520,45
1784725872.8921,21:11:12,717683384325,97061,100,24039,2520,45
1784725873.0921,21:11:13,717683448801,196541,100,24039,2610,54
1784725873.2921,21:11:13,717683506028,196541,100,24039,2610,54
1784725873.4921,21:11:13,717683562205,303493,100,24039,2055,53
1784725873.6921,21:11:13,717683608547,303493,100,24039,2055,53
1784725873.8921,21:11:13,717683643748,303493,100,24039,2055,53
1784725874.0921,21:11:14,717683677405,288569,100,24039,1230,47
1784725874.2921,21:11:14,717683710952,288569,100,24039,1230,47
1784725874.4921,21:11:14,717683738314,217282,100,24039,525,44
1784725874.6921,21:11:14,717683762796,217282,100,24039,525,44
1784725874.8921,21:11:14,717683780893,217282,100,24039,525,44
1784725875.0921,21:11:15,717683795163,154368,100,24039,210,42
1784725875.2921,21:11:15,717683810302,154368,100,24039,210,42
1784725875.4921,21:11:15,717683827705,107736,100,24039,210,41
1784725875.6921,21:11:15,717683845146,107736,100,24039,210,41
1784725875.8921,21:11:15,717683861284,107736,100,24039,210,41
1784725876.0921,21:11:16,717683878678,87807,100,24039,210,41
1784725876.2921,21:11:16,717683896027,87807,100,24039,210,41
1784725876.4921,21:11:16,717683909932,92553,100,24039,210,41
1784725876.6921,21:11:16,717683931418,92553,100,24039,210,41
1784725876.8921,21:11:16,717683987468,92553,100,24039,210,41
1784725877.0921,21:11:17,717684042752,138955,100,24039,2670,50
1784725877.2921,21:11:17,717684097715,138955,100,24039,2670,50
1784725877.4921,21:11:17,717684149980,227896,100,24039,2565,49
1784725877.6921,21:11:17,717684206465,227896,100,24039,2565,49
1784725877.8921,21:11:17,717684262650,227896,100,24039,2565,49
1784725878.0921,21:11:18,717684316342,303451,100,24039,2610,50
1784725878.2921,21:11:18,717684366714,303451,100,24039,2610,50
1784725878.4921,21:11:18,717684414799,290451,100,24039,2385,48
1784725878.6921,21:11:18,717684450981,290451,100,24039,2385,48
1784725878.8921,21:11:18,717684490571,290451,100,24039,2385,48
1784725879.0921,21:11:19,717684526113,255759,100,24039,1035,46
1784725879.2921,21:11:19,717684553032,255759,100,24039,1035,46
1784725879.4921,21:11:19,717684573421,198026,100,24039,360,44
1784725879.6921,21:11:19,717684590576,198026,100,24039,360,44
1784725879.8921,21:11:19,717684607978,198026,100,24039,360,44
1784725880.0920,21:11:20,717684625368,138089,100,24039,210,42
1784725880.2920,21:11:20,717684641579,138089,100,24039,210,42
1784725880.4921,21:11:20,717684657189,96975,100,24039,210,41
1784725880.6921,21:11:20,717684674389,96975,100,24039,210,41
1784725880.8921,21:11:20,717684691695,96975,100,24039,210,41
1784725881.0921,21:11:21,717684708979,92954,100,24039,210,41
1784725881.2921,21:11:21,717684726221,92954,100,24039,210,41
1784725881.4921,21:11:21,717684743413,93842,100,24039,210,41
1784725881.6921,21:11:21,717684760613,93842,100,24039,210,41
1784725881.8921,21:11:21,717684777779,93842,100,24039,210,41
1784725882.0921,21:11:22,717684794954,95423,100,24039,210,41
1784725882.2921,21:11:22,717684812076,95423,100,24039,210,41
1784725882.4921,21:11:22,717684829148,95155,100,24039,210,41
1784725882.6921,21:11:22,717684846261,95155,100,24039,210,41
1784725882.8921,21:11:22,717684864101,95155,100,24039,210,41
1784725883.0921,21:11:23,717684883873,95687,100,24039,270,41
1784725883.2921,21:11:23,717684905210,95687,100,24039,270,41
1784725883.4921,21:11:23,717684928290,105355,100,24039,420,42
1784725883.6921,21:11:23,717684952609,105355,100,24039,420,42
1784725883.8921,21:11:23,717684976974,105355,100,24039,420,42
1784725884.0921,21:11:24,717685002276,123362,100,24039,420,42
1784725884.2921,21:11:24,717685024279,123362,100,24039,420,42
1784725884.4921,21:11:24,717685047592,127838,100,24039,300,42
1784725884.6921,21:11:24,717685068814,127838,100,24039,300,42
1784725884.8921,21:11:24,717685087934,127838,100,24039,300,42
1784725885.0921,21:11:25,717685107290,115634,100,24039,225,41
1784725885.2921,21:11:25,717685128188,115634,100,24039,225,41
1784725885.4921,21:11:25,717685149135,106739,100,24039,270,41
1784725885.6921,21:11:25,717685170012,106739,100,24039,270,41
1784725885.8921,21:11:25,717685191778,106739,100,24039,270,41
1784725886.0921,21:11:26,717685213589,105841,100,24039,405,41
1784725886.2921,21:11:26,717685233049,105841,100,24039,405,41
1784725886.4921,21:11:26,717685259506,110232,100,24039,450,42
1784725886.6921,21:11:26,717685283554,110232,100,24039,450,42
1784725886.8921,21:11:26,717685313724,110232,100,24039,450,42
1784725887.0921,21:11:27,717685343236,125025,100,24039,585,43
1784725887.2921,21:11:27,717685375586,125025,100,24039,585,43
1784725887.4921,21:11:27,717685408057,148355,100,24039,645,43
1784725887.6921,21:11:27,717685439030,148355,100,24039,645,43
1784725887.8921,21:11:27,717685464967,148355,100,24039,645,43
1784725888.0921,21:11:28,717685484752,155298,100,24039,240,42
1784725888.2921,21:11:28,717685500996,155298,100,24039,240,42
1784725888.4921,21:11:28,717685519454,125348,100,24039,210,41
1784725888.6921,21:11:28,717685538642,125348,100,24039,210,41
1784725888.8921,21:11:28,717685559563,125348,100,24039,210,41
1784725889.0921,21:11:29,717685582527,100031,100,24039,330,41
1784725889.2921,21:11:29,717685606299,100031,100,24039,330,41
1784725889.4921,21:11:29,717685630106,109458,100,24039,360,41
1784725889.6921,21:11:29,717685653964,109458,100,24039,360,41
1784725889.8921,21:11:29,717685677841,109458,100,24039,360,41
1784725890.0921,21:11:30,717685701647,120353,100,24039,360,41
1784725890.2921,21:11:30,717685725389,120353,100,24039,360,41
1784725890.4921,21:11:30,717685748045,121909,100,24039,300,41
1784725890.6921,21:11:30,717685769637,121909,100,24039,300,41
1784725890.8921,21:11:30,717685790961,121909,100,24039,300,41
1784725891.0921,21:11:31,717685812340,116611,100,24039,285,41
1784725891.2921,21:11:31,717685831866,116611,100,24039,285,41
1784725891.4920,21:11:31,717685852305,107734,100,24039,360,41
1784725891.6921,21:11:31,717685877827,107734,100,24039,360,41
1784725891.8921,21:11:31,717685904630,107734,100,24039,360,41
1784725892.0921,21:11:32,717685926418,115916,100,24039,435,42
1784725892.2921,21:11:32,717685953586,115916,100,24039,435,42
1784725892.4921,21:11:32,717685975964,123540,100,24039,495,43
1784725892.6921,21:11:32,717686011460,123540,100,24039,495,43
1784725892.8921,21:11:32,717686073800,123540,100,24039,495,43
1784725893.0921,21:11:33,717686124971,169664,100,24039,2250,48
1784725893.2921,21:11:33,717686167989,169664,100,24039,2250,48
1784725893.4921,21:11:33,717686202086,214080,100,24039,675,45
1784725893.6921,21:11:33,717686233904,214080,100,24039,675,45
1784725893.8921,21:11:33,717686253122,214080,100,24039,675,45
1784725894.0921,21:11:34,717686275099,194945,100,24039,330,42
1784725894.2921,21:11:34,717686298760,194945,100,24039,330,42
1784725894.4921,21:11:34,717686322432,132565,100,24039,360,42
1784725894.6921,21:11:34,717686346194,132565,100,24039,360,42
1784725894.8921,21:11:34,717686369964,132565,100,24039,360,42
1784725895.0921,21:11:35,717686390891,118210,100,24039,360,42
1784725895.2921,21:11:35,717686408552,118210,100,24039,360,42
1784725895.4921,21:11:35,717686429805,110976,100,24039,390,41
1784725895.6921,21:11:35,717686481836,110976,100,24039,390,41
1784725895.8921,21:11:35,717686542033,110976,100,24039,390,41
1784725896.0921,21:11:36,717686599506,172973,100,24039,2610,49
1784725896.2921,21:11:36,717686649850,172973,100,24039,2610,49
1784725896.4921,21:11:36,717686698081,249492,100,24039,2280,47
1784725896.6921,21:11:36,717686743466,249492,100,24039,2280,47
1784725896.8921,21:11:36,717686785694,249492,100,24039,2280,47
1784725897.0921,21:11:37,717686822768,255091,100,24039,885,45
1784725897.2921,21:11:37,717686854436,255091,100,24039,885,45
1784725897.4921,21:11:37,717686880090,203253,100,24039,375,43
1784725897.6921,21:11:37,717686900191,203253,100,24039,375,43
1784725897.8921,21:11:37,717686917749,203253,100,24039,375,43
1784725898.0921,21:11:38,717686936466,142217,100,24039,210,41
1784725898.2921,21:11:38,717686955267,142217,100,24039,210,41
1784725898.4921,21:11:38,717686973969,102324,100,24039,210,41
1784725898.6921,21:11:38,717686992698,102324,100,24039,210,41
1784725898.8921,21:11:38,717687011435,102324,100,24039,210,41
1784725899.0921,21:11:39,717687030060,95869,100,24039,210,41
1784725899.2921,21:11:39,717687048506,95869,100,24039,210,41
1784725899.4921,21:11:39,717687067014,95656,100,24039,210,41
1784725899.6921,21:11:39,717687085559,95656,100,24039,210,41
1784725899.8921,21:11:39,717687104816,95656,100,24039,210,41
1784725900.0921,21:11:40,717687125550,96086,100,24039,255,41
1784725900.2920,21:11:40,717687147526,96086,100,24039,255,41
1784725900.4921,21:11:40,717687170697,103235,100,24039,375,41
1784725900.6921,21:11:40,717687194843,103235,100,24039,375,41
1784725900.8921,21:11:40,717687217519,103235,100,24039,375,41
1784725901.0921,21:11:41,717687241770,114872,100,24039,375,41
1784725901.2921,21:11:41,717687265582,114872,100,24039,375,41
1784725901.4921,21:11:41,717687289521,121698,100,24039,375,41
1784725901.6921,21:11:41,717687313646,121698,100,24039,375,41
1784725901.8921,21:11:41,717687337786,121698,100,24039,375,41
1784725902.0921,21:11:42,717687363585,123840,100,24039,420,42
1784725902.2921,21:11:42,717687389059,123840,100,24039,420,42
1784725902.4921,21:11:42,717687412734,126889,100,24039,360,41
1784725902.6921,21:11:42,717687436416,126889,100,24039,360,41
1784725902.8921,21:11:42,717687460589,126889,100,24039,360,41
1784725903.0921,21:11:43,717687482859,126660,100,24039,375,41
1784725903.2921,21:11:43,717687503752,126660,100,24039,375,41
1784725903.4921,21:11:43,717687524084,117085,100,24039,300,41
1784725903.6921,21:11:43,717687546208,117085,100,24039,300,41
1784725903.8921,21:11:43,717687568427,117085,100,24039,300,41
1784725904.0921,21:11:44,717687592252,112661,100,24039,360,41
1784725904.2921,21:11:44,717687616056,112661,100,24039,360,41
1784725904.4921,21:11:44,717687640057,116923,100,24039,375,41
1784725904.6921,21:11:44,717687664347,116923,100,24039,375,41
1784725904.8921,21:11:44,717687687956,116923,100,24039,375,41
1784725905.0921,21:11:45,717687712153,122951,100,24039,375,41
1784725905.2921,21:11:45,717687736067,122951,100,24039,375,41
1784725905.4921,21:11:45,717687754646,121584,100,24039,345,41
1784725905.6921,21:11:45,717687773926,121584,100,24039,345,41
1784725905.8921,21:11:45,717687797589,121584,100,24039,345,41
1784725906.0921,21:11:46,717687826193,114421,100,24039,495,42
1784725906.2921,21:11:46,717687856233,114421,100,24039,495,42
1784725906.4921,21:11:46,717687887365,128450,100,24039,600,43
1784725906.6921,21:11:46,717687909628,128450,100,24039,600,43
1784725906.8921,21:11:46,717687932315,128450,100,24039,600,43
1784725907.0921,21:11:47,717687976843,139772,100,24039,645,43
1784725907.2921,21:11:47,717688035267,139772,100,24039,645,43
1784725907.4921,21:11:47,717688091796,203576,100,24039,2055,48
1784725907.6921,21:11:47,717688143791,203576,100,24039,2055,48
1784725907.8921,21:11:47,717688194544,203576,100,24039,2055,48
1784725908.0921,21:11:48,717688237826,261117,100,24039,990,50
1784725908.2925,21:11:48,717688286061,261117,100,24039,990,50
1784725908.4921,21:11:48,717688343963,265081,100,24039,2610,49
1784725908.6921,21:11:48,717688398899,265081,100,24039,2610,49
1784725908.8921,21:11:48,717688450254,265081,100,24039,2610,49
1784725909.0921,21:11:49,717688498224,266431,100,24039,2385,48
1784725909.2921,21:11:49,717688544063,266431,100,24039,2385,48
1784725909.4921,21:11:49,717688587038,266021,100,24039,1335,46
1784725909.6921,21:11:49,717688624856,266021,100,24039,1335,46
1784725909.8921,21:11:49,717688658109,266021,100,24039,1335,46
1784725910.0921,21:11:50,717688684527,220724,100,24039,525,44
1784725910.2921,21:11:50,717688707238,220724,100,24039,525,44
1784725910.4921,21:11:50,717688725555,163079,100,24039,210,42
1784725910.6921,21:11:50,717688741229,163079,100,24039,210,42
1784725910.8921,21:11:50,717688755796,163079,100,24039,210,42
1784725911.0921,21:11:51,717688770336,107388,100,24039,210,41
1784725911.2921,21:11:51,717688784795,107388,100,24039,210,41
1784725911.4921,21:11:51,717688799252,80516,100,24039,210,41
1784725911.6921,21:11:51,717688815831,80516,100,24039,210,41
1784725911.8921,21:11:51,717688836630,80516,100,24039,210,41
1784725912.0921,21:11:52,717688859233,83971,100,24039,345,41
1784725912.2921,21:11:52,717688883825,83971,100,24039,345,41
1784725912.4921,21:11:52,717688908678,106296,100,24039,405,42
1784725912.6921,21:11:52,717688933496,106296,100,24039,405,42
1784725912.8921,21:11:52,717688957949,106296,100,24039,405,42
1784725913.0921,21:11:53,717688981347,125530,100,24039,375,42
1784725913.2921,21:11:53,717689006067,125530,100,24039,375,42
1784725913.4921,21:11:53,717689029354,127234,100,24039,390,42
1784725913.6921,21:11:53,717689052656,127234,100,24039,390,42
1784725913.8921,21:11:53,717689077344,127234,100,24039,390,42
1784725914.0921,21:11:54,717689101768,125372,100,24039,390,42
1784725914.2921,21:11:54,717689124493,125372,100,24039,390,42
1784725914.4921,21:11:54,717689146692,123729,100,24039,330,41
1784725914.6921,21:11:54,717689168855,123729,100,24039,330,41
1784725914.8921,21:11:54,717689189833,123729,100,24039,330,41
1784725915.0921,21:11:55,717689208164,119309,100,24039,210,41
1784725915.2921,21:11:55,717689226128,119309,100,24039,210,41
1784725915.4921,21:11:55,717689244759,106131,100,24039,240,41
1784725915.6921,21:11:55,717689264854,106131,100,24039,240,41
1784725915.8921,21:11:55,717689286992,106131,100,24039,240,41
1784725916.0921,21:11:56,717689310875,102869,100,24039,360,41
1784725916.2921,21:11:56,717689335657,102869,100,24039,360,41
1784725916.4921,21:11:56,717689355213,114612,100,24039,375,42
1784725916.6921,21:11:56,717689374942,114612,100,24039,375,42
1784725916.8921,21:11:56,717689401828,114612,100,24039,375,42
1784725917.0921,21:11:57,717689430687,121608,100,24039,525,42
1784725917.2921,21:11:57,717689460910,121608,100,24039,525,42
1784725917.4921,21:11:57,717689490425,135266,100,24039,540,43
1784725917.6921,21:11:57,717689518671,135266,100,24039,540,43
1784725917.8921,21:11:57,717689546683,135266,100,24039,540,43
1784725918.0921,21:11:58,717689572547,152670,100,24039,465,42
1784725918.2921,21:11:58,717689596012,152670,100,24039,465,42
1784725918.4921,21:11:58,717689613607,138331,100,24039,270,42
1784725918.6921,21:11:58,717689631972,138331,100,24039,270,42
1784725918.8921,21:11:58,717689652815,138331,100,24039,270,42
1784725919.0921,21:11:59,717689675675,115212,100,24039,345,41
1784725919.2921,21:11:59,717689699639,115212,100,24039,345,41
1784725919.4921,21:11:59,717689724115,111732,100,24039,405,42
1784725919.6921,21:11:59,717689747108,111732,100,24039,405,42
1784725919.8921,21:11:59,717689765694,111732,100,24039,405,42
1784725920.0921,21:12:00,717689788949,118945,100,24039,405,42
1784725920.2921,21:12:00,717689838881,118945,100,24039,405,42
1784725920.4921,21:12:00,717689897126,164535,100,24039,2700,49
1784725920.6921,21:12:00,717689954148,164535,100,24039,2700,49
1784725920.8921,21:12:00,717690006418,164535,100,24039,2700,49
1784725921.0921,21:12:01,717690056839,244152,100,24039,2430,48
1784725921.2921,21:12:01,717690092994,244152,100,24039,2430,48
1784725921.4921,21:12:01,717690119564,259704,100,24039,510,44
1784725921.6921,21:12:01,717690141217,259704,100,24039,510,44
1784725921.8921,21:12:01,717690159542,259704,100,24039,510,44
1784725922.0921,21:12:02,717690177371,171986,100,24039,210,41
1784725922.2921,21:12:02,717690195158,171986,100,24039,210,41
1784725922.4921,21:12:02,717690212906,107183,100,24039,210,41
1784725922.6921,21:12:02,717690229521,107183,100,24039,210,41
1784725922.8921,21:12:02,717690247032,107183,100,24039,210,41
1784725923.0921,21:12:03,717690263896,93596,100,24039,210,41
1784725923.2921,21:12:03,717690282009,93596,100,24039,210,41
1784725923.4921,21:12:03,717690323014,99734,100,24039,2520,44
1784725923.6921,21:12:03,717690381828,99734,100,24039,2520,44
1784725923.8921,21:12:03,717690426740,99734,100,24039,2520,44
1784725924.0921,21:12:04,717690464440,182019,100,24039,1335,46
1784725924.2921,21:12:04,717690497046,182019,100,24039,1335,46
1784725924.4921,21:12:04,717690526199,222322,100,24039,435,43
1784725924.6921,21:12:04,717690547024,222322,100,24039,435,43
1784725924.8921,21:12:04,717690564801,222322,100,24039,435,43
1784725925.0921,21:12:05,717690580059,153711,100,24039,210,41
1784725925.2921,21:12:05,717690596485,153711,100,24039,210,41
1784725925.4921,21:12:05,717690614298,105288,100,24039,210,41
1784725925.6920,21:12:05,717690632090,105288,100,24039,210,41
1784725925.8921,21:12:05,717690649892,105288,100,24039,210,41
1784725926.0921,21:12:06,717690668009,90960,100,24039,210,41
1784725926.2921,21:12:06,717690686823,90960,100,24039,210,41
1784725926.4921,21:12:06,717690707311,97904,100,24039,300,41
1784725926.6921,21:12:06,717690728212,97904,100,24039,300,41
1784725926.8920,21:12:06,717690749425,97904,100,24039,300,41
1784725927.0921,21:12:07,717690771539,105967,100,24039,345,41
1784725927.2921,21:12:07,717690792214,105967,100,24039,345,41
1784725927.4921,21:12:07,717690816586,114786,100,24039,420,41
1784725927.6921,21:12:07,717690842437,114786,100,24039,420,41
1784725927.8921,21:12:07,717690868332,114786,100,24039,420,41
1784725928.0921,21:12:08,717690894252,126925,100,24039,450,42
1784725928.2921,21:12:08,717690919876,126925,100,24039,450,42
1784725928.4921,21:12:08,717690938134,133830,100,24039,345,42
1784725928.6921,21:12:08,717690956142,133830,100,24039,345,42
1784725928.8921,21:12:08,717690978977,133830,100,24039,345,42
1784725929.0921,21:12:09,717691028106,121541,100,24039,2520,44
1784725929.2921,21:12:09,717691090368,121541,100,24039,2520,44
1784725929.4921,21:12:09,717691146894,195349,100,24039,2655,49
1784725929.6921,21:12:09,717691202179,195349,100,24039,2655,49
1784725929.8921,21:12:09,717691257593,195349,100,24039,2655,49
1784725930.0921,21:12:10,717691312247,286226,100,24039,2610,50
1784725930.2921,21:12:10,717691357129,286226,100,24039,2610,50
1784725930.4921,21:12:10,717691396857,283336,100,24039,915,46
1784725930.6921,21:12:10,717691429627,283336,100,24039,915,46
1784725930.8921,21:12:10,717691456614,283336,100,24039,915,46
1784725931.0921,21:12:11,717691478109,224627,100,24039,300,43
1784725931.2921,21:12:11,717691496426,224627,100,24039,300,43
1784725931.4921,21:12:11,717691514011,146172,100,24039,210,41
1784725931.6921,21:12:11,717691531525,146172,100,24039,210,41
1784725931.8921,21:12:11,717691549031,146172,100,24039,210,41
1784725932.0921,21:12:12,717691566361,103647,100,24039,210,41
1784725932.2921,21:12:12,717691583799,103647,100,24039,210,41
1784725932.4921,21:12:12,717691601255,94632,100,24039,210,41
1784725932.6921,21:12:12,717691618656,94632,100,24039,210,41
1784725932.8921,21:12:12,717691636117,94632,100,24039,210,41
1784725933.0921,21:12:13,717691651057,94506,100,24039,210,41
1784725933.2921,21:12:13,717691665591,94506,100,24039,210,41
1784725933.4921,21:12:13,717691681170,88014,100,24039,285,41
1784725933.6921,21:12:13,717691714808,88014,100,24039,285,41
1784725933.8921,21:12:13,717691780671,88014,100,24039,285,41
1784725934.0921,21:12:14,717691842688,150463,100,24039,2685,50
1784725934.2921,21:12:14,717691897663,150463,100,24039,2685,50
1784725934.4921,21:12:14,717691949999,257554,100,24039,2505,49
1784725934.6921,21:12:14,717692000124,257554,100,24039,2505,49
1784725934.8921,21:12:14,717692045996,257554,100,24039,2505,49
1784725935.0921,21:12:15,717692088641,292748,100,24039,2190,47
1784725935.2921,21:12:15,717692127573,292748,100,24039,2190,47
1784725935.4921,21:12:15,717692162010,246190,100,24039,720,45
1784725935.6921,21:12:15,717692192237,246190,100,24039,720,45
1784725935.8921,21:12:15,717692214641,246190,100,24039,720,45
1784725936.0921,21:12:16,717692233011,189063,100,24039,240,42
1784725936.2921,21:12:16,717692250439,189063,100,24039,240,42
1784725936.4921,21:12:16,717692267762,130064,100,24039,210,41
1784725936.6921,21:12:16,717692285054,130064,100,24039,210,41
1784725936.8921,21:12:16,717692302074,130064,100,24039,210,41
1784725937.0921,21:12:17,717692319350,97713,100,24039,210,41
1784725937.2921,21:12:17,717692336574,97713,100,24039,210,41
1784725937.4921,21:12:17,717692353665,94132,100,24039,210,41
1784725937.6921,21:12:17,717692367617,94132,100,24039,210,41
1784725937.8921,21:12:17,717692381498,94132,100,24039,210,41
1784725938.0921,21:12:18,717692398653,87286,100,24039,210,41
1784725938.2921,21:12:18,717692415888,87286,100,24039,210,41
1784725938.4921,21:12:18,717692433094,87401,100,24039,210,41
1784725938.6921,21:12:18,717692450928,87401,100,24039,210,41
1784725938.8921,21:12:18,717692470502,87401,100,24039,210,41
1784725939.0921,21:12:19,717692492034,95756,100,24039,360,41
1784725939.2921,21:12:19,717692509653,95756,100,24039,360,41
1784725939.4921,21:12:19,717692527920,102006,100,24039,360,42
1784725939.6921,21:12:19,717692570350,102006,100,24039,360,42
1784725939.8921,21:12:19,717692629648,102006,100,24039,360,42
1784725940.0921,21:12:20,717692681982,172500,100,24039,2655,49
1784725940.2921,21:12:20,717692735847,172500,100,24039,2655,49
1784725940.4921,21:12:20,717692780964,250541,100,24039,2235,48
1784725940.6921,21:12:20,717692823569,250541,100,24039,2235,48
1784725940.8921,21:12:20,717692862935,250541,100,24039,2235,48
1784725941.0921,21:12:21,717692897679,266550,100,24039,870,45
1784725941.2921,21:12:21,717692923232,266550,100,24039,870,45
1784725941.4921,21:12:21,717692942579,197869,100,24039,360,43
1784725941.6921,21:12:21,717692962175,197869,100,24039,360,43
1784725941.8921,21:12:21,717692979233,197869,100,24039,360,43
1784725942.0921,21:12:22,717692996592,135820,100,24039,210,41
1784725942.2921,21:12:22,717693013870,135820,100,24039,210,41
1784725942.4921,21:12:22,717693031161,99704,100,24039,210,41
1784725942.6921,21:12:22,717693048416,99704,100,24039,210,41
1784725942.8921,21:12:22,717693065627,99704,100,24039,210,41
1784725943.0921,21:12:23,717693082808,95164,100,24039,210,41
1784725943.2921,21:12:23,717693099721,95164,100,24039,210,41
1784725943.4921,21:12:23,717693116935,94825,100,24039,210,41
1784725943.6921,21:12:23,717693134010,94825,100,24039,210,41
1784725943.8921,21:12:23,717693151328,94825,100,24039,210,41
1784725944.0921,21:12:24,717693169960,94817,100,24039,240,41
1784725944.2921,21:12:24,717693190265,94817,100,24039,240,41
1784725944.4921,21:12:24,717693212638,102502,100,24039,375,41
1784725944.6921,21:12:24,717693235093,102502,100,24039,375,41
1784725944.8921,21:12:24,717693257559,102502,100,24039,375,41
1784725945.0921,21:12:25,717693279905,115972,100,24039,375,41
1784725945.2921,21:12:25,717693302169,115972,100,24039,375,41
1784725945.4921,21:12:25,717693320745,122999,100,24039,315,42
1784725945.6921,21:12:25,717693337733,122999,100,24039,315,42
1784725945.8921,21:12:25,717693361119,122999,100,24039,315,42
1784725946.0921,21:12:26,717693386006,116231,100,24039,465,42
1784725946.2921,21:12:26,717693409445,116231,100,24039,465,42
1784725946.4921,21:12:26,717693437222,121463,100,24039,480,42
1784725946.6921,21:12:26,717693464980,121463,100,24039,480,42
1784725946.8921,21:12:26,717693492349,121463,100,24039,480,42
1784725947.0921,21:12:27,717693517967,137843,100,24039,405,42
1784725947.2921,21:12:27,717693541323,137843,100,24039,405,42
1784725947.4921,21:12:27,717693562549,132856,100,24039,255,41
1784725947.6921,21:12:27,717693581362,132856,100,24039,255,41
1784725947.8921,21:12:27,717693599854,132856,100,24039,255,41
1784725948.0921,21:12:28,717693616131,112612,100,24039,225,40
1784725948.2921,21:12:28,717693632523,112612,100,24039,225,40
1784725948.4921,21:12:28,717693650236,93016,100,24039,330,41
1784725948.6921,21:12:28,717693691593,93016,100,24039,330,41
1784725948.8921,21:12:28,717693759488,93016,100,24039,330,41
1784725949.0921,21:12:29,717693814273,157723,100,24039,2610,50
1784725949.2921,21:12:29,717693862279,157723,100,24039,2610,50
1784725949.4921,21:12:29,717693901330,238529,100,24039,705,47
1784725949.6921,21:12:29,717693931703,238529,100,24039,705,47
1784725949.8921,21:12:29,717693958436,238529,100,24039,705,47
1784725950.0921,21:12:30,717693986352,222269,100,24039,675,44
1784725950.2921,21:12:30,717694012087,222269,100,24039,675,44
1784725950.4921,21:12:30,717694045548,155374,100,24039,690,43
1784725950.6921,21:12:30,717694078433,155374,100,24039,690,43
1784725950.8921,21:12:30,717694109769,155374,100,24039,690,43
1784725951.0921,21:12:31,717694139569,153785,100,24039,570,43
1784725951.2921,21:12:31,717694166393,153785,100,24039,570,43
1784725951.4921,21:12:31,717694188206,154788,100,24039,210,42
1784725951.6921,21:12:31,717694206256,154788,100,24039,210,42
1784725951.8921,21:12:31,717694224078,154788,100,24039,210,42
1784725952.0921,21:12:32,717694242666,120618,100,24039,210,41
1784725952.2921,21:12:32,717694261239,120618,100,24039,210,41
1784725952.4921,21:12:32,717694279831,97006,100,24039,210,41
1784725952.6921,21:12:32,717694298455,97006,100,24039,210,41
1784725952.8921,21:12:32,717694317201,97006,100,24039,210,41
1784725953.0921,21:12:33,717694336940,95580,100,24039,240,41
1784725953.2921,21:12:33,717694358260,95580,100,24039,240,41
1784725953.4921,21:12:33,717694381740,101658,100,24039,345,41
1784725953.6921,21:12:33,717694405680,101658,100,24039,345,41
1784725953.8921,21:12:33,717694431111,101658,100,24039,345,41
1784725954.0921,21:12:34,717694456945,115266,100,24039,420,42
1784725954.2921,21:12:34,717694482916,115266,100,24039,420,42
1784725954.4921,21:12:34,717694508750,128211,100,24039,420,42
1784725954.6921,21:12:34,717694534459,128211,100,24039,420,42
1784725954.8921,21:12:34,717694559968,128211,100,24039,420,42
1784725955.0921,21:12:35,717694584858,131820,100,24039,405,42
1784725955.2921,21:12:35,717694610808,131820,100,24039,405,42
1784725955.4921,21:12:35,717694634881,130466,100,24039,360,41
1784725955.6921,21:12:35,717694658624,130466,100,24039,360,41
1784725955.8921,21:12:35,717694680794,130466,100,24039,360,41
1784725956.0921,21:12:36,717694702359,124254,100,24039,285,41
1784725956.2921,21:12:36,717694723699,124254,100,24039,285,41
1784725956.4921,21:12:36,717694745085,115054,100,24039,285,41
1784725956.6921,21:12:36,717694765158,115054,100,24039,285,41
1784725956.8921,21:12:36,717694786544,115054,100,24039,285,41
1784725957.0921,21:12:37,717694807958,108785,100,24039,285,41
1784725957.2921,21:12:37,717694829374,108785,100,24039,285,41
1784725957.4921,21:12:37,717694850734,108543,100,24039,285,41
1784725957.6921,21:12:37,717694871965,108543,100,24039,285,41
1784725957.8921,21:12:37,717694894027,108543,100,24039,285,41
1784725958.0921,21:12:38,717694918367,110383,100,24039,375,41
1784725958.2921,21:12:38,717694943806,110383,100,24039,375,41
1784725958.4921,21:12:38,717694969215,118666,100,24039,405,41
1784725958.6921,21:12:38,717694991625,118666,100,24039,405,41
1784725958.8921,21:12:38,717695016477,118666,100,24039,405,41
1784725959.0921,21:12:39,717695041400,124827,100,24039,405,41
1784725959.2921,21:12:39,717695066494,124827,100,24039,405,41
1784725959.4921,21:12:39,717695091984,126367,100,24039,405,41
1784725959.6921,21:12:39,717695117397,126367,100,24039,405,41
1784725959.8921,21:12:39,717695142459,126367,100,24039,405,41
1784725960.0921,21:12:40,717695166782,129089,100,24039,405,41
1784725960.2921,21:12:40,717695190573,129089,100,24039,405,41
1784725960.4921,21:12:40,717695215781,127456,100,24039,405,41
1784725960.6921,21:12:40,717695241008,127456,100,24039,405,41
1784725960.8921,21:12:40,717695266502,127456,100,24039,405,41
1784725961.0921,21:12:41,717695291677,127438,100,24039,405,41
1784725961.2921,21:12:41,717695316786,127438,100,24039,405,41
1784725961.4921,21:12:41,717695341919,129411,100,24039,390,41
1784725961.6921,21:12:41,717695363392,129411,100,24039,390,41
1784725961.8921,21:12:41,717695385679,129411,100,24039,390,41
1784725962.0921,21:12:42,717695406652,123192,100,24039,405,42
1784725962.2921,21:12:42,717695430067,123192,100,24039,405,42
1784725962.4921,21:12:42,717695493828,130403,100,24039,2520,51
1784725962.6921,21:12:42,717695552362,130403,100,24039,2520,51
1784725962.8921,21:12:42,717695610992,130403,100,24039,2520,51
1784725963.0921,21:12:43,717695665255,221216,100,24039,2190,49
1784725963.2921,21:12:43,717695714371,221216,100,24039,2190,49
1784725963.4921,21:12:43,717695771287,289802,100,24039,2610,49
1784725963.6921,21:12:43,717695825126,289802,100,24039,2610,49
1784725963.8921,21:12:43,717695875831,289802,100,24039,2610,49
1784725964.0921,21:12:44,717695923790,271502,100,24039,2265,48
1784725964.2921,21:12:44,717695964379,271502,100,24039,2265,48
1784725964.4921,21:12:44,717695998362,244039,100,24039,810,45
1784725964.6921,21:12:44,717696029589,244039,100,24039,810,45
1784725964.8921,21:12:44,717696050629,244039,100,24039,810,45
1784725965.0921,21:12:45,717696067827,186763,100,24039,255,43
1784725965.2921,21:12:45,717696083163,186763,100,24039,255,43
1784725965.4921,21:12:45,717696098091,117997,100,24039,210,41
1784725965.6921,21:12:45,717696112872,117997,100,24039,210,41
1784725965.8921,21:12:45,717696127555,117997,100,24039,210,41
1784725966.0921,21:12:46,717696142852,81436,100,24039,225,41
1784725966.2921,21:12:46,717696180734,81436,100,24039,225,41
1784725966.4921,21:12:46,717696250935,127441,100,24039,2685,51
1784725966.6921,21:12:46,717696312987,127441,100,24039,2685,51
1784725966.8921,21:12:46,717696361136,127441,100,24039,2685,51
1784725967.0921,21:12:47,717696407983,226242,100,24039,2280,47
1784725967.2921,21:12:47,717696451189,226242,100,24039,2280,47
1784725967.4921,21:12:47,717696489722,271269,100,24039,1095,45
1784725967.6921,21:12:47,717696524390,271269,100,24039,1095,45
1784725967.8921,21:12:47,717696549346,271269,100,24039,1095,45
1784725968.0921,21:12:48,717696573465,199792,100,24039,450,43
1784725968.2921,21:12:48,717696593489,199792,100,24039,450,43
1784725968.4921,21:12:48,717696611933,142509,100,24039,210,41
1784725968.6921,21:12:48,717696630270,142509,100,24039,210,41
1784725968.8921,21:12:48,717696648702,142509,100,24039,210,41
1784725969.0921,21:12:49,717696667153,105789,100,24039,210,41
1784725969.2921,21:12:49,717696685511,105789,100,24039,210,41
1784725969.4921,21:12:49,717696703880,95394,100,24039,210,41
1784725969.6921,21:12:49,717696722224,95394,100,24039,210,41
1784725969.8921,21:12:49,717696740505,95394,100,24039,210,41
1784725970.0921,21:12:50,717696758876,95326,100,24039,210,41
1784725970.2921,21:12:50,717696777060,95326,100,24039,210,41
1784725970.4921,21:12:50,717696795408,95287,100,24039,225,41
1784725970.6921,21:12:50,717696815240,95287,100,24039,225,41
1784725970.8921,21:12:50,717696832613,95287,100,24039,225,41
1784725971.0921,21:12:51,717696849849,95876,100,24039,300,41
1784725971.2921,21:12:51,717696904343,95876,100,24039,300,41
1784725971.4921,21:12:51,717696963082,156293,100,24039,2685,49
1784725971.6921,21:12:51,717697021788,156293,100,24039,2685,49
1784725971.8921,21:12:51,717697069589,156293,100,24039,2685,49
1784725972.0921,21:12:52,717697113252,235639,100,24039,1710,47
1784725972.2921,21:12:52,717697152733,235639,100,24039,1710,47
1784725972.4921,21:12:52,717697179195,250594,100,24039,585,45
1784725972.6921,21:12:52,717697200351,250594,100,24039,585,45
1784725972.8921,21:12:52,717697217982,250594,100,24039,585,45
1784725973.0921,21:12:53,717697239417,161764,100,24039,315,42
1784725973.2921,21:12:53,717697259613,161764,100,24039,315,42
1784725973.4921,21:12:53,717697278169,109761,100,24039,210,41
1784725973.6921,21:12:53,717697295299,109761,100,24039,210,41
1784725973.8921,21:12:53,717697312929,109761,100,24039,210,41
1784725974.0921,21:12:54,717697330998,98232,100,24039,210,41
1784725974.2921,21:12:54,717697350709,98232,100,24039,210,41
1784725974.4921,21:12:54,717697372327,96476,100,24039,345,41
1784725974.6921,21:12:54,717697394542,96476,100,24039,345,41
1784725974.8921,21:12:54,717697418985,96476,100,24039,345,41
1784725975.0921,21:12:55,717697444452,109155,100,24039,405,42
1784725975.2921,21:12:55,717697470675,109155,100,24039,405,42
1784725975.4921,21:12:55,717697496978,126985,100,24039,450,42
1784725975.6921,21:12:55,717697520722,126985,100,24039,450,42
1784725975.8921,21:12:55,717697540313,126985,100,24039,450,42
1784725976.0921,21:12:56,717697559176,127438,100,24039,315,42
1784725976.2921,21:12:56,717697584227,127438,100,24039,315,42
1784725976.4921,21:12:56,717697611398,121436,100,24039,480,42
1784725976.6921,21:12:56,717697638767,121436,100,24039,480,42
1784725976.8921,21:12:56,717697664824,121436,100,24039,480,42
1784725977.0921,21:12:57,717697692172,128243,100,24039,480,42
1784725977.2921,21:12:57,717697718504,128243,100,24039,480,42
1784725977.4921,21:12:57,717697742580,140233,100,24039,345,42
1784725977.6921,21:12:57,717697762666,140233,100,24039,345,42
1784725977.8921,21:12:57,717697779895,140233,100,24039,345,42
1784725978.0921,21:12:58,717697804404,122035,100,24039,345,42
1784725978.2921,21:12:58,717697863177,122035,100,24039,345,42
1784725978.4921,21:12:58,717697917813,164844,100,24039,2595,49
1784725978.6921,21:12:58,717697982320,164844,100,24039,2595,49
1784725978.8921,21:12:58,717698040670,164844,100,24039,2595,49
1784725979.0921,21:12:59,717698104554,261409,100,24039,2610,50
1784725979.2921,21:12:59,717698151152,261409,100,24039,2610,50
1784725979.4921,21:12:59,717698197192,302992,100,24039,2235,47
1784725979.6921,21:12:59,717698240432,302992,100,24039,2235,47
1784725979.8921,21:12:59,717698279829,302992,100,24039,2235,47
1784725980.0921,21:13:00,717698314388,258745,100,24039,765,45
1784725980.2921,21:13:00,717698343666,258745,100,24039,765,45
1784725980.4921,21:13:00,717698368085,196659,100,24039,375,43
1784725980.6921,21:13:00,717698386559,196659,100,24039,375,43
1784725980.8921,21:13:00,717698404335,196659,100,24039,375,43
1784725981.0921,21:13:01,717698422159,138017,100,24039,210,41
1784725981.2921,21:13:01,717698439931,138017,100,24039,210,41
1784725981.4921,21:13:01,717698457648,100745,100,24039,210,41
1784725981.6921,21:13:01,717698475302,100745,100,24039,210,41
1784725981.8921,21:13:01,717698493095,100745,100,24039,210,41
1784725982.0921,21:13:02,717698510951,94056,100,24039,210,41
1784725982.2921,21:13:02,717698528687,94056,100,24039,210,41
1784725982.4921,21:13:02,717698546322,94104,100,24039,210,41
1784725982.6921,21:13:02,717698563999,94104,100,24039,210,41
1784725982.8921,21:13:02,717698579374,94104,100,24039,210,41
1784725983.0921,21:13:03,717698593749,91700,100,24039,210,41
1784725983.2921,21:13:03,717698609260,91700,100,24039,210,41
1784725983.4921,21:13:03,717698627189,86266,100,24039,225,41
1784725983.6921,21:13:03,717698661019,86266,100,24039,225,41
1784725983.8921,21:13:03,717698728288,86266,100,24039,225,41
1784725984.0921,21:13:04,717698786222,152880,100,24039,2685,50
1784725984.2921,21:13:04,717698837904,152880,100,24039,2685,50
1784725984.4921,21:13:04,717698894635,251943,100,24039,2610,50
1784725984.6921,21:13:04,717698950807,251943,100,24039,2610,50
1784725984.8921,21:13:04,717699007696,251943,100,24039,2610,50
1784725985.0921,21:13:05,717699061384,301329,100,24039,2610,50
1784725985.2921,21:13:05,717699112696,301329,100,24039,2610,50
1784725985.4921,21:13:05,717699170864,296044,100,24039,1785,54
1784725985.6921,21:13:05,717699221700,296044,100,24039,1785,54
1784725985.8921,21:13:05,717699272107,296044,100,24039,1785,54
1784725986.0921,21:13:06,717699323044,284305,100,24039,2340,49
1784725986.2921,21:13:06,717699368988,284305,100,24039,2340,49
1784725986.4921,21:13:06,717699411757,268551,100,24039,1500,47
1784725986.6921,21:13:06,717699446050,268551,100,24039,1500,47
1784725986.8921,21:13:06,717699470922,268551,100,24039,1500,47
1784725987.0921,21:13:07,717699493446,217757,100,24039,525,45
1784725987.2921,21:13:07,717699514638,217757,100,24039,525,45
1784725987.4921,21:13:07,717699532549,150906,100,24039,210,42
1784725987.6921,21:13:07,717699550289,150906,100,24039,210,42
1784725987.8921,21:13:07,717699567864,150906,100,24039,210,42
1784725988.0921,21:13:08,717699585462,106449,100,24039,210,41
1784725988.2921,21:13:08,717699603145,106449,100,24039,210,41
1784725988.4921,21:13:08,717699618148,93707,100,24039,210,41
1784725988.6921,21:13:08,717699632649,93707,100,24039,210,41
1784725988.8921,21:13:08,717699648517,93707,100,24039,210,41
1784725989.0921,21:13:09,717699666109,87222,100,24039,210,41
1784725989.2921,21:13:09,717699683741,87222,100,24039,210,41
1784725989.4921,21:13:09,717699700742,87122,100,24039,210,41
1784725989.6921,21:13:09,717699715673,87122,100,24039,210,41
1784725989.8920,21:13:09,717699731807,87122,100,24039,210,41
1784725990.0921,21:13:10,717699749377,89595,100,24039,210,41
1784725990.2921,21:13:10,717699766827,89595,100,24039,210,41
1784725990.4921,21:13:10,717699784584,89640,100,24039,225,41
1784725990.6921,21:13:10,717699803647,89640,100,24039,225,41
1784725990.8921,21:13:10,717699823283,89640,100,24039,225,41
1784725991.0921,21:13:11,717699841373,97863,100,24039,240,41
1784725991.2921,21:13:11,717699861847,97863,100,24039,240,41
1784725991.4921,21:13:11,717699883686,103714,100,24039,345,41
1784725991.6921,21:13:11,717699905512,103714,100,24039,345,41
1784725991.8921,21:13:11,717699927426,103714,100,24039,345,41
1784725992.0921,21:13:12,717699947803,111615,100,24039,315,42
1784725992.2921,21:13:12,717699969573,111615,100,24039,315,42
1784725992.4921,21:13:12,717699991367,116244,100,24039,345,41
1784725992.6921,21:13:12,717700012452,116244,100,24039,345,41
1784725992.8921,21:13:12,717700031188,116244,100,24039,345,41
1784725993.0921,21:13:13,717700049544,112612,100,24039,210,41
1784725993.2921,21:13:13,717700066238,112612,100,24039,210,41
1784725993.4921,21:13:13,717700083778,103589,100,24039,210,40
1784725993.6921,21:13:13,717700101361,103589,100,24039,210,40
1784725993.8921,21:13:13,717700119062,103589,100,24039,210,40
1784725994.0921,21:13:14,717700138512,95161,100,24039,255,41
1784725994.2921,21:13:14,717700159369,95161,100,24039,255,41
1784725994.4921,21:13:14,717700181947,102866,100,24039,360,41
1784725994.6921,21:13:14,717700204827,102866,100,24039,360,41
1784725994.8921,21:13:14,717700227603,102866,100,24039,360,41
1784725995.0921,21:13:15,717700249922,115847,100,24039,360,42
1784725995.2921,21:13:15,717700272524,115847,100,24039,360,42
1784725995.4921,21:13:15,717700295084,122583,100,24039,375,41
1784725995.6921,21:13:15,717700316561,122583,100,24039,375,41
1784725995.8921,21:13:15,717700340984,122583,100,24039,375,41
1784725996.0921,21:13:16,717700364139,122994,100,24039,405,42
1784725996.2921,21:13:16,717700387088,122994,100,24039,405,42
1784725996.4921,21:13:16,717700409820,124389,100,24039,375,41
1784725996.6921,21:13:16,717700432759,124389,100,24039,375,41
1784725996.8921,21:13:16,717700455712,124389,100,24039,375,41
1784725997.0921,21:13:17,717700478637,125606,100,24039,375,41
1784725997.2921,21:13:17,717700499859,125606,100,24039,375,41
1784725997.4921,21:13:17,717700520780,121816,100,24039,315,41
1784725997.6921,21:13:17,717700541598,121816,100,24039,315,41
1784725997.8921,21:13:17,717700558140,121816,100,24039,315,41
1784725998.0921,21:13:18,717700574376,112637,100,24039,300,41
1784725998.2921,21:13:18,717700595570,112637,100,24039,300,41
1784725998.4921,21:13:18,717700619141,106466,100,24039,405,41
1784725998.6921,21:13:18,717700643362,106466,100,24039,405,41
1784725998.8921,21:13:18,717700667709,106466,100,24039,405,41
1784725999.0921,21:13:19,717700692086,117009,100,24039,420,42
1784725999.2921,21:13:19,717700712987,117009,100,24039,420,42
1784725999.4921,21:13:19,717700734553,126235,100,24039,405,41
1784725999.6921,21:13:19,717700758493,126235,100,24039,405,41
1784725999.8921,21:13:19,717700782367,126235,100,24039,405,41
1784726000.0921,21:13:20,717700806728,125952,100,24039,420,42
1784726000.2921,21:13:20,717700829607,125952,100,24039,420,42
1784726000.4921,21:13:20,717700851694,126728,100,24039,360,41
1784726000.6921,21:13:20,717700874045,126728,100,24039,360,41
1784726000.8921,21:13:20,717700895473,126728,100,24039,360,41
1784726001.0921,21:13:21,717700915075,124497,100,24039,300,41
1784726001.2921,21:13:21,717700933600,124497,100,24039,300,41
1784726001.4921,21:13:21,717700952549,112836,100,24039,270,41
1784726001.6921,21:13:21,717700971810,112836,100,24039,270,41
1784726001.8921,21:13:21,717700988373,112836,100,24039,270,41
1784726002.0921,21:13:22,717701008272,103012,100,24039,270,41
1784726002.2921,21:13:22,717701030354,103012,100,24039,270,41
1784726002.4921,21:13:22,717701053883,107937,100,24039,435,41
1784726002.6921,21:13:22,717701078879,107937,100,24039,435,41
1784726002.8921,21:13:22,717701104101,107937,100,24039,435,41
1784726003.0921,21:13:23,717701129365,124256,100,24039,450,42
1784726003.2921,21:13:23,717701154542,124256,100,24039,450,42
1784726003.4921,21:13:23,717701179716,136855,100,24039,450,42
1784726003.6921,21:13:23,717701204821,136855,100,24039,450,42
1784726003.8921,21:13:23,717701228564,136855,100,24039,450,42
1784726004.0921,21:13:24,717701251262,137089,100,24039,390,42
1784726004.2921,21:13:24,717701269485,137089,100,24039,390,42
1784726004.4921,21:13:24,717701291149,125580,100,24039,390,42
1784726004.6921,21:13:24,717701313682,125580,100,24039,390,42
1784726004.8921,21:13:24,717701332928,125580,100,24039,390,42
1784726005.0921,21:13:25,717701359043,116454,100,24039,495,42
1784726005.2921,21:13:25,717701389110,116454,100,24039,495,42
1784726005.4921,21:13:25,717701414867,131812,100,24039,540,43
1784726005.6921,21:13:25,717701442931,131812,100,24039,540,43
1784726005.8921,21:13:25,717701469695,131812,100,24039,540,43
1784726006.0921,21:13:26,717701491801,145612,100,24039,435,42
1784726006.2921,21:13:26,717701512165,145612,100,24039,435,42
1784726006.4921,21:13:26,717701534882,135047,100,24039,375,41
1784726006.6921,21:13:26,717701557669,135047,100,24039,375,41
1784726006.8921,21:13:26,717701580194,135047,100,24039,375,41
1784726007.0921,21:13:27,717701602577,122256,100,24039,360,41
1784726007.2921,21:13:27,717701625112,122256,100,24039,360,41
1784726007.4921,21:13:27,717701647743,125116,100,24039,375,41
1784726007.6921,21:13:27,717701670397,125116,100,24039,375,41
1784726007.8921,21:13:27,717701693277,125116,100,24039,375,41
1784726008.0921,21:13:28,717701716008,125486,100,24039,375,41
1784726008.2921,21:13:28,717701738710,125486,100,24039,375,41
1784726008.4921,21:13:28,717701761299,125987,100,24039,375,41
1784726008.6921,21:13:28,717701783656,125987,100,24039,375,41
1784726008.8921,21:13:28,717701806324,125987,100,24039,375,41
1784726009.0921,21:13:29,717701830872,125496,100,24039,390,41
1784726009.2921,21:13:29,717701855295,125496,100,24039,390,41
1784726009.4921,21:13:29,717701879750,125311,100,24039,375,41
1784726009.6921,21:13:29,717701904148,125311,100,24039,375,41
1784726009.8921,21:13:29,717701928599,125311,100,24039,375,41
1784726010.0921,21:13:30,717701952029,125531,100,24039,375,41
1784726010.2921,21:13:30,717701974310,125531,100,24039,375,41
1784726010.4921,21:13:30,717701997047,121016,100,24039,360,41
1784726010.6921,21:13:30,717702020819,121016,100,24039,360,41
1784726010.8921,21:13:30,717702045112,121016,100,24039,360,41
1784726011.0921,21:13:31,717702071030,120814,100,24039,405,41
1784726011.2921,21:13:31,717702094145,120814,100,24039,405,41
1784726011.4921,21:13:31,717702121791,127483,100,24039,585,42
1784726011.6921,21:13:31,717702148967,127483,100,24039,585,42
1784726011.8921,21:13:31,717702173484,127483,100,24039,585,42
1784726012.0921,21:13:32,717702205880,134891,100,24039,660,43
1784726012.2921,21:13:32,717702235079,134891,100,24039,660,43
1784726012.4921,21:13:32,717702269131,151528,100,24039,735,43
1784726012.6921,21:13:32,717702302297,151528,100,24039,735,43
1784726012.8921,21:13:32,717702333325,151528,100,24039,735,43
1784726013.0921,21:13:33,717702362289,162432,100,24039,510,43
1784726013.2921,21:13:33,717702389546,162432,100,24039,510,43
1784726013.4921,21:13:33,717702416706,153334,100,24039,420,42
1784726013.6921,21:13:33,717702442272,153334,100,24039,420,42
1784726013.8921,21:13:33,717702465812,153334,100,24039,420,42
1784726014.0921,21:13:34,717702489124,134338,100,24039,345,41
1784726014.2921,21:13:34,717702509863,134338,100,24039,345,41
1784726014.4921,21:13:34,717702530162,118480,100,24039,270,41
1784726014.6921,21:13:34,717702550899,118480,100,24039,270,41
1784726014.8921,21:13:34,717702572590,118480,100,24039,270,41
1784726015.0921,21:13:35,717702595402,110377,100,24039,330,41
1784726015.2921,21:13:35,717702615147,110377,100,24039,330,41
1784726015.4921,21:13:35,717702636363,108704,100,24039,375,41
1784726015.6921,21:13:35,717702661517,108704,100,24039,375,41
1784726015.8921,21:13:35,717702688850,108704,100,24039,375,41
1784726016.0921,21:13:36,717702717014,121894,100,24039,480,42
1784726016.2921,21:13:36,717702745014,121894,100,24039,480,42
1784726016.4921,21:13:36,717702772140,138087,100,24039,480,42
1784726016.6921,21:13:36,717702800201,138087,100,24039,480,42
1784726016.8921,21:13:36,717702827115,138087,100,24039,480,42
1784726017.0921,21:13:37,717702853197,141163,100,24039,420,42
1784726017.2921,21:13:37,717702879248,141163,100,24039,420,42
1784726017.4921,21:13:37,717702904221,136286,100,24039,360,41
1784726017.6921,21:13:37,717702927531,136286,100,24039,360,41
1784726017.8921,21:13:37,717702951449,136286,100,24039,360,41
1784726018.0921,21:13:38,717702971373,125964,100,24039,330,41
1784726018.2921,21:13:38,717702990023,125964,100,24039,330,41
1784726018.4921,21:13:38,717703022975,122122,100,24039,2520,43
1784726018.6921,21:13:38,717703081868,122122,100,24039,2520,43
1784726018.8921,21:13:38,717703141341,122122,100,24039,2520,43
1784726019.0921,21:13:39,717703200489,205276,100,24039,2610,49
1784726019.2921,21:13:39,717703247606,205276,100,24039,2610,49
1784726019.4921,21:13:39,717703301630,282184,100,24039,2070,50
1784726019.6921,21:13:39,717703350737,282184,100,24039,2070,50
1784726019.8921,21:13:39,717703397646,282184,100,24039,2070,50
1784726020.0921,21:13:40,717703442930,260426,100,24039,1995,46
1784726020.2921,21:13:40,717703483447,260426,100,24039,1995,46
1784726020.4921,21:13:40,717703520999,230584,100,24039,675,45
1784726020.6921,21:13:40,717703553074,230584,100,24039,675,45
1784726020.8921,21:13:40,717703579053,230584,100,24039,675,45
1784726021.0921,21:13:41,717703598358,177427,100,24039,240,42
1784726021.2921,21:13:41,717703617025,177427,100,24039,240,42
1784726021.4921,21:13:41,717703635650,123908,100,24039,210,41
1784726021.6921,21:13:41,717703654154,123908,100,24039,210,41
1784726021.8921,21:13:41,717703670246,123908,100,24039,210,41
1784726022.0921,21:13:42,717703686518,92610,100,24039,210,41
1784726022.2921,21:13:42,717703704982,92610,100,24039,210,41
1784726022.4921,21:13:42,717703723403,90623,100,24039,210,40
1784726022.6921,21:13:42,717703741849,90623,100,24039,210,40
1784726022.8921,21:13:42,717703760307,90623,100,24039,210,40
1784726023.0921,21:13:43,717703778742,92758,100,24039,210,40
1784726023.2921,21:13:43,717703797182,92758,100,24039,210,40
1784726023.4921,21:13:43,717703816403,95506,100,24039,240,40
1784726023.6921,21:13:43,717703837335,95506,100,24039,240,40
1784726023.8921,21:13:43,717703860166,95506,100,24039,240,40
1784726024.0921,21:13:44,717703881857,104548,100,24039,360,41
1784726024.2921,21:13:44,717703899536,104548,100,24039,360,41
1784726024.4921,21:13:44,717703921840,108180,100,24039,405,41
1784726024.6921,21:13:44,717703965556,108180,100,24039,405,41
1784726024.8921,21:13:44,717704025369,108180,100,24039,405,41
1784726025.0921,21:13:45,717704084156,184909,100,24039,2610,49
1784726025.2921,21:13:45,717704140501,184909,100,24039,2610,49
1784726025.4921,21:13:45,717704190931,266268,100,24039,2385,47
1784726025.6921,21:13:45,717704245277,266268,100,24039,2385,47
1784726025.8921,21:13:45,717704306019,266268,100,24039,2385,47
1784726026.0921,21:13:46,717704356937,287295,100,24039,2430,49
1784726026.2921,21:13:46,717704405626,287295,100,24039,2430,49
1784726026.4921,21:13:46,717704452271,267232,100,24039,1425,47
1784726026.6921,21:13:46,717704493758,267232,100,24039,1425,47
1784726026.8921,21:13:46,717704529945,267232,100,24039,1425,47
1784726027.0921,21:13:47,717704560192,225574,100,24039,675,44
1784726027.2921,21:13:47,717704586187,225574,100,24039,675,44
1784726027.4921,21:13:47,717704607247,167237,100,24039,210,42
1784726027.6921,21:13:47,717704625892,167237,100,24039,210,42
1784726027.8921,21:13:47,717704644593,167237,100,24039,210,42
1784726028.0921,21:13:48,717704663268,116712,100,24039,210,41
1784726028.2921,21:13:48,717704681933,116712,100,24039,210,41
1784726028.4921,21:13:48,717704700568,96801,100,24039,210,41
1784726028.6921,21:13:48,717704719198,96801,100,24039,210,41
1784726028.8921,21:13:48,717704737758,96801,100,24039,210,41
1784726029.0921,21:13:49,717704756249,96171,100,24039,210,41
1784726029.2921,21:13:49,717704774835,96171,100,24039,210,41
1784726029.4921,21:13:49,717704792894,95529,100,24039,210,41
1784726029.6921,21:13:49,717704811082,95529,100,24039,210,41
1784726029.8921,21:13:49,717704829971,95529,100,24039,210,41
1784726030.0921,21:13:50,717704849101,95874,100,24039,225,41
1784726030.2921,21:13:50,717704868242,95874,100,24039,225,41
1784726030.4921,21:13:50,717704887343,97324,100,24039,225,41
1784726030.6921,21:13:50,717704906417,97324,100,24039,225,41
1784726030.8921,21:13:50,717704926905,97324,100,24039,225,41
1784726031.0921,21:13:51,717704948186,101590,100,24039,285,41
1784726031.2921,21:13:51,717704967636,101590,100,24039,285,41
1784726031.4921,21:13:51,717704985445,101399,100,24039,315,41
1784726031.6921,21:13:51,717705005064,101399,100,24039,315,41
1784726031.8921,21:13:51,717705025086,101399,100,24039,315,41
1784726032.0921,21:13:52,717705046430,102324,100,24039,450,42
1784726032.2921,21:13:52,717705089944,102324,100,24039,450,42
1784726032.4921,21:13:52,717705149193,165265,100,24039,2685,48
1784726032.6921,21:13:52,717705206574,165265,100,24039,2685,48
1784726032.8921,21:13:52,717705261198,165265,100,24039,2685,48
1784726033.0921,21:13:53,717705312325,249840,100,24039,2430,48
1784726033.2921,21:13:53,717705360808,249840,100,24039,2430,48
1784726033.4921,21:13:53,717705411900,277496,100,24039,2685,48
1784726033.6921,21:13:53,717705469830,277496,100,24039,2685,48
1784726033.8921,21:13:53,717705524484,277496,100,24039,2685,48
1784726034.0921,21:13:54,717705577497,274908,100,24039,2430,49
1784726034.2921,21:13:54,717705618341,274908,100,24039,2430,49
1784726034.4921,21:13:54,717705657726,257540,100,24039,870,47
1784726034.6921,21:13:54,717705693454,257540,100,24039,870,47
1784726034.8921,21:13:54,717705723363,257540,100,24039,870,47
1784726035.0921,21:13:55,717705744291,200157,100,24039,435,43
1784726035.2921,21:13:55,717705758904,200157,100,24039,435,43
1784726035.4921,21:13:55,717705773691,126822,100,24039,210,41
1784726035.6921,21:13:55,717705790957,126822,100,24039,210,41
1784726035.8921,21:13:55,717705809202,126822,100,24039,210,41
1784726036.0921,21:13:56,717705826274,90252,100,24039,210,41
1784726036.2921,21:13:56,717705841086,90252,100,24039,210,41
1784726036.4921,21:13:56,717705855899,85387,100,24039,210,41
1784726036.6921,21:13:56,717705871626,85387,100,24039,210,41
1784726036.8921,21:13:56,717705889918,85387,100,24039,210,41
1784726037.0921,21:13:57,717705908618,85842,100,24039,225,41
1784726037.2921,21:13:57,717705927333,85842,100,24039,225,41
1784726037.4921,21:13:57,717705948162,95204,100,24039,315,41
1784726037.6921,21:13:57,717705971043,95204,100,24039,315,41
1784726037.8921,21:13:57,717705994156,95204,100,24039,315,41
1784726038.0921,21:13:58,717706017341,110680,100,24039,360,41
1784726038.2921,21:13:58,717706040448,110680,100,24039,360,41
1784726038.4921,21:13:58,717706063689,120284,100,24039,360,41
1784726038.6921,21:13:58,717706086672,120284,100,24039,360,41
1784726038.8921,21:13:58,717706109719,120284,100,24039,360,41
1784726039.0921,21:13:59,717706132747,121337,100,24039,360,41
1784726039.2921,21:13:59,717706153539,121337,100,24039,360,41
1784726039.4921,21:13:59,717706170532,113116,100,24039,270,41
1784726039.6921,21:13:59,717706187788,113116,100,24039,270,41
1784726039.8921,21:13:59,717706209590,113116,100,24039,270,41
1784726040.0921,21:14:00,717706232197,105917,100,24039,375,41
1784726040.2921,21:14:00,717706257407,105917,100,24039,375,41
1784726040.4921,21:14:00,717706282866,115645,100,24039,450,42
1784726040.6921,21:14:00,717706308933,115645,100,24039,450,42
1784726040.8921,21:14:00,717706335017,115645,100,24039,450,42
1784726041.0921,21:14:01,717706361340,132827,100,24039,450,42
1784726041.2921,21:14:01,717706385927,132827,100,24039,450,42
1784726041.4921,21:14:01,717706408282,132367,100,24039,315,41
1784726041.6921,21:14:01,717706429771,132367,100,24039,315,41
1784726041.8921,21:14:01,717706450926,132367,100,24039,315,41
1784726042.0921,21:14:02,717706472475,121233,100,24039,315,41
1784726042.2921,21:14:02,717706490693,121233,100,24039,315,41
1784726042.4921,21:14:02,717706511786,109773,100,24039,360,41
1784726042.6921,21:14:02,717706534937,109773,100,24039,360,41
1784726042.8921,21:14:02,717706558011,109773,100,24039,360,41
1784726043.0921,21:14:03,717706581072,114075,100,24039,360,41
1784726043.2921,21:14:03,717706604176,114075,100,24039,360,41
1784726043.4921,21:14:03,717706627294,122174,100,24039,360,41
1784726043.6921,21:14:03,717706650387,122174,100,24039,360,41
1784726043.8921,21:14:03,717706673629,122174,100,24039,360,41
1784726044.0921,21:14:04,717706696718,122609,100,24039,360,41
1784726044.2921,21:14:04,717706719576,122609,100,24039,360,41
1784726044.4921,21:14:04,717706742808,122488,100,24039,360,41
1784726044.6921,21:14:04,717706765298,122488,100,24039,360,41
1784726044.8921,21:14:04,717706781851,122488,100,24039,360,41
1784726045.0921,21:14:05,717706799989,112491,100,24039,300,41
1784726045.2921,21:14:05,717706823842,112491,100,24039,300,41
1784726045.4921,21:14:05,717706850070,115551,100,24039,450,42
1784726045.6921,21:14:05,717706876105,115551,100,24039,450,42
1784726045.8921,21:14:05,717706902162,115551,100,24039,450,42
1784726046.0921,21:14:06,717706929650,130599,100,24039,510,42
1784726046.2921,21:14:06,717706957245,130599,100,24039,510,42
1784726046.4921,21:14:06,717706982938,141140,100,24039,435,42
1784726046.6921,21:14:06,717707008539,141140,100,24039,435,42
1784726046.8921,21:14:06,717707034274,141140,100,24039,435,42
1784726047.0921,21:14:07,717707059331,140292,100,24039,450,42
1784726047.2921,21:14:07,717707084607,140292,100,24039,450,42
1784726047.4921,21:14:07,717707110018,135335,100,24039,435,42
1784726047.6921,21:14:07,717707133233,135335,100,24039,435,42
1784726047.8921,21:14:07,717707158829,135335,100,24039,435,42
1784726048.0921,21:14:08,717707184703,133292,100,24039,450,42
1784726048.2921,21:14:08,717707210537,133292,100,24039,450,42
1784726048.4921,21:14:08,717707234721,133143,100,24039,390,42
1784726048.6921,21:14:08,717707256877,133143,100,24039,390,42
1784726048.8921,21:14:08,717707277019,133143,100,24039,390,42
1784726049.0921,21:14:09,717707296446,124119,100,24039,255,41
1784726049.2921,21:14:09,717707315799,124119,100,24039,255,41
1784726049.4921,21:14:09,717707335176,109105,100,24039,255,41
1784726049.6921,21:14:09,717707355423,109105,100,24039,255,41
1784726049.8921,21:14:09,717707375898,109105,100,24039,255,41
1784726050.0921,21:14:10,717707397724,106723,100,24039,345,41
1784726050.2921,21:14:10,717707421374,106723,100,24039,345,41
1784726050.4921,21:14:10,717707446643,118450,100,24039,465,41
1784726050.6921,21:14:10,717707472729,118450,100,24039,465,41
1784726050.8921,21:14:10,717707499274,118450,100,24039,465,41
1784726051.0921,21:14:11,717707519957,130900,100,24039,390,42
1784726051.2921,21:14:11,717707545251,130900,100,24039,390,42
1784726051.4921,21:14:11,717707571502,134799,100,24039,465,42
1784726051.6921,21:14:11,717707594254,134799,100,24039,465,42
1784726051.8921,21:14:11,717707613635,134799,100,24039,465,42
1784726052.0921,21:14:12,717707639154,123755,100,24039,465,42
1784726052.2921,21:14:12,717707663521,123755,100,24039,465,42
1784726052.4921,21:14:12,717707695580,134698,100,24039,2520,43
1784726052.6921,21:14:12,717707752869,134698,100,24039,2520,43
1784726052.8921,21:14:12,717707810232,134698,100,24039,2520,43
1784726053.0921,21:14:13,717707865725,221364,100,24039,2640,49
1784726053.2921,21:14:13,717707918634,221364,100,24039,2640,49
1784726053.4921,21:14:13,717707968659,288127,100,24039,2370,48
1784726053.6921,21:14:13,717708015631,288127,100,24039,2370,48
1784726053.8921,21:14:13,717708059669,288127,100,24039,2370,48
1784726054.0921,21:14:14,717708100146,264646,100,24039,1305,46
1784726054.2921,21:14:14,717708136060,264646,100,24039,1305,46
1784726054.4921,21:14:14,717708168948,220208,100,24039,555,44
1784726054.6921,21:14:14,717708195640,220208,100,24039,555,44
1784726054.8921,21:14:14,717708218134,220208,100,24039,555,44
1784726055.0921,21:14:15,717708236139,162609,100,24039,210,42
1784726055.2921,21:14:15,717708254082,162609,100,24039,210,42
1784726055.4921,21:14:15,717708271981,115705,100,24039,210,41
1784726055.6921,21:14:15,717708289823,115705,100,24039,210,41
1784726055.8921,21:14:15,717708306684,115705,100,24039,210,41
1784726056.0921,21:14:16,717708320941,93931,100,24039,210,41
1784726056.2921,21:14:16,717708335304,93931,100,24039,210,41
1784726056.4921,21:14:16,717708349622,84966,100,24039,225,40
1784726056.6921,21:14:16,717708364575,84966,100,24039,225,40
1784726056.8921,21:14:16,717708416007,84966,100,24039,225,40
1784726057.0921,21:14:17,717708473025,135052,100,24039,2685,48
1784726057.2921,21:14:17,717708527674,135052,100,24039,2685,48
1784726057.4921,21:14:17,717708585045,237888,100,24039,2340,53
1784726057.6921,21:14:17,717708632055,237888,100,24039,2340,53
1784726057.8921,21:14:17,717708671524,237888,100,24039,2340,53
1784726058.0921,21:14:18,717708706128,266856,100,24039,735,45
1784726058.2921,21:14:18,717708736136,266856,100,24039,735,45
1784726058.4921,21:14:18,717708761467,200026,100,24039,360,43
1784726058.6921,21:14:18,717708781182,200026,100,24039,360,43
1784726058.8921,21:14:18,717708798872,200026,100,24039,360,43
1784726059.0921,21:14:19,717708816540,133345,100,24039,210,41
1784726059.2921,21:14:19,717708834232,133345,100,24039,210,41
1784726059.4921,21:14:19,717708851898,100459,100,24039,210,41
1784726059.6921,21:14:19,717708869480,100459,100,24039,210,41
1784726059.8921,21:14:19,717708887007,100459,100,24039,210,41
1784726060.0921,21:14:20,717708904395,95980,100,24039,210,41
1784726060.2921,21:14:20,717708919511,95980,100,24039,210,41
1784726060.4921,21:14:20,717708937156,93358,100,24039,210,41
1784726060.6921,21:14:20,717708954807,93358,100,24039,210,41
1784726060.8921,21:14:20,717708972133,93358,100,24039,210,41
1784726061.0921,21:14:21,717708990040,93235,100,24039,210,40
1784726061.2921,21:14:21,717709009476,93235,100,24039,210,40
1784726061.4921,21:14:21,717709030423,101448,100,24039,330,41
1784726061.6921,21:14:21,717709051866,101448,100,24039,330,41
1784726061.8921,21:14:21,717709073308,101448,100,24039,330,41
1784726062.0921,21:14:22,717709091550,110109,100,24039,315,41
1784726062.2921,21:14:22,717709110224,110109,100,24039,315,41
1784726062.4921,21:14:22,717709133222,112463,100,24039,420,41
1784726062.6921,21:14:22,717709154656,112463,100,24039,420,41
1784726062.8921,21:14:22,717709176406,112463,100,24039,420,41
1784726063.0921,21:14:23,717709198354,113830,100,24039,405,42
1784726063.2921,21:14:23,717709224447,113830,100,24039,405,42
1784726063.4921,21:14:23,717709253457,131363,100,24039,615,42
1784726063.6921,21:14:23,717709275623,131363,100,24039,615,42
1784726063.8921,21:14:23,717709301204,131363,100,24039,615,42
1784726064.0921,21:14:24,717709326845,138190,100,24039,570,43
1784726064.2921,21:14:24,717709351588,138190,100,24039,570,43
1784726064.4921,21:14:24,717709383295,143829,100,24039,750,43
1784726064.6921,21:14:24,717709415918,143829,100,24039,750,43
1784726064.8921,21:14:24,717709446958,143829,100,24039,750,43
1784726065.0921,21:14:25,717709472715,158239,100,24039,435,43
1784726065.2921,21:14:25,717709496152,158239,100,24039,435,43
1784726065.4921,21:14:25,717709517276,149709,100,24039,315,41
1784726065.6921,21:14:25,717709535904,149709,100,24039,315,41
1784726065.8921,21:14:25,717709553767,149709,100,24039,315,41
1784726066.0921,21:14:26,717709571640,115295,100,24039,225,41
1784726066.2921,21:14:26,717709589593,115295,100,24039,225,41
1784726066.4921,21:14:26,717709607500,100598,100,24039,225,40
1784726066.6921,21:14:26,717709626634,100598,100,24039,225,40
1784726066.8921,21:14:26,717709645196,100598,100,24039,225,40
1784726067.0921,21:14:27,717709663321,100258,100,24039,315,41
1784726067.2921,21:14:27,717709700431,100258,100,24039,315,41
1784726067.4921,21:14:27,717709767253,168994,100,24039,2535,51
1784726067.6921,21:14:27,717709821368,168994,100,24039,2535,51
1784726067.8921,21:14:27,717709873989,168994,100,24039,2535,51
1784726068.0921,21:14:28,717709923390,256029,100,24039,2385,49
1784726068.2921,21:14:28,717709970006,256029,100,24039,2385,49
1784726068.4921,21:14:28,717710015751,286337,100,24039,2685,48
1784726068.6921,21:14:28,717710070534,286337,100,24039,2685,48
1784726068.8921,21:14:28,717710124592,286337,100,24039,2685,48
1784726069.0921,21:14:29,717710173525,284928,100,24039,1620,54
1784726069.2921,21:14:29,717710202983,284928,100,24039,1620,54
1784726069.4921,21:14:29,717710229037,237499,100,24039,375,44
1784726069.6921,21:14:29,717710249347,237499,100,24039,375,44
1784726069.8921,21:14:29,717710266317,237499,100,24039,375,44
1784726070.0921,21:14:30,717710284491,149040,100,24039,210,41
1784726070.2921,21:14:30,717710300909,149040,100,24039,210,41
1784726070.4921,21:14:30,717710318198,102198,100,24039,210,41
1784726070.6921,21:14:30,717710335463,102198,100,24039,210,41
1784726070.8921,21:14:30,717710352709,102198,100,24039,210,41
1784726071.0921,21:14:31,717710369997,95944,100,24039,210,41
1784726071.2921,21:14:31,717710388705,95944,100,24039,210,41
1784726071.4921,21:14:31,717710407398,95926,100,24039,210,41
1784726071.6921,21:14:31,717710426082,95926,100,24039,210,41
1784726071.8921,21:14:31,717710444720,95926,100,24039,210,41
1784726072.0921,21:14:32,717710463387,95864,100,24039,210,41
1784726072.2921,21:14:32,717710483089,95864,100,24039,210,41
1784726072.4921,21:14:32,717710504833,99806,100,24039,345,41
1784726072.6921,21:14:32,717710528700,99806,100,24039,345,41
1784726072.8921,21:14:32,717710552730,99806,100,24039,345,41
1784726073.0921,21:14:33,717710576769,112169,100,24039,360,41
1784726073.2921,21:14:33,717710600770,112169,100,24039,360,41
1784726073.4921,21:14:33,717710624848,122092,100,24039,360,41
1784726073.6921,21:14:33,717710648805,122092,100,24039,360,41
1784726073.8921,21:14:33,717710671348,122092,100,24039,360,41
1784726074.0921,21:14:34,717710693675,121078,100,24039,315,41
1784726074.2921,21:14:34,717710715906,121078,100,24039,315,41
1784726074.4921,21:14:34,717710738188,117127,100,24039,315,41
1784726074.6921,21:14:34,717710760522,117127,100,24039,315,41
1784726074.8921,21:14:34,717710783022,117127,100,24039,315,41
1784726075.0921,21:14:35,717710805365,114589,100,24039,315,41
1784726075.2921,21:14:35,717710827749,114589,100,24039,315,41
1784726075.4921,21:14:35,717710850182,114812,100,24039,315,41
1784726075.6921,21:14:35,717710872625,114812,100,24039,315,41
1784726075.8921,21:14:35,717710894807,114812,100,24039,315,41
1784726076.0921,21:14:36,717710916829,114514,100,24039,300,41
1784726076.2921,21:14:36,717710939250,114514,100,24039,300,41
1784726076.4921,21:14:36,717710961708,114500,100,24039,315,41
1784726076.6921,21:14:36,717710983052,114500,100,24039,315,41
1784726076.8921,21:14:36,717711003167,114500,100,24039,315,41
1784726077.0921,21:14:37,717711023740,110476,100,24039,255,40
1784726077.2921,21:14:37,717711045944,110476,100,24039,255,40
1784726077.4921,21:14:37,717711068142,109773,100,24039,300,41
1784726077.6921,21:14:37,717711090600,109773,100,24039,300,41
1784726077.8921,21:14:37,717711114541,109773,100,24039,300,41
1784726078.0921,21:14:38,717711138714,115234,100,24039,360,41
1784726078.2921,21:14:38,717711163033,115234,100,24039,360,41
1784726078.4921,21:14:38,717711188841,123117,100,24039,405,41
1784726078.6921,21:14:38,717711214639,123117,100,24039,405,41
1784726078.8921,21:14:38,717711239960,123117,100,24039,405,41
1784726079.0921,21:14:39,717711263190,127751,100,24039,330,41
1784726079.2921,21:14:39,717711286387,127751,100,24039,330,41
1784726079.4921,21:14:39,717711309558,124473,100,24039,330,41
1784726079.6921,21:14:39,717711332783,124473,100,24039,330,41
1784726079.8921,21:14:39,717711357408,124473,100,24039,330,41
1784726080.0921,21:14:40,717711380166,120117,100,24039,315,41
1784726080.2921,21:14:40,717711402853,120117,100,24039,315,41
1784726080.4921,21:14:40,717711425498,118936,100,24039,315,41
1784726080.6921,21:14:40,717711448277,118936,100,24039,315,41
1784726080.8921,21:14:40,717711470990,118936,100,24039,315,41
1784726081.0921,21:14:41,717711493736,116534,100,24039,315,41
1784726081.2921,21:14:41,717711516436,116534,100,24039,315,41
1784726081.4921,21:14:41,717711539058,116476,100,24039,315,41
1784726081.6921,21:14:41,717711562009,116476,100,24039,315,41
1784726081.8921,21:14:41,717711584639,116476,100,24039,315,41
1784726082.0921,21:14:42,717711607297,116623,100,24039,315,41
1784726082.2921,21:14:42,717711629797,116623,100,24039,315,41
1784726082.4921,21:14:42,717711652532,116508,100,24039,330,41
1784726082.6921,21:14:42,717711676927,116508,100,24039,330,41
1784726082.8921,21:14:42,717711701783,116508,100,24039,330,41
1784726083.0921,21:14:43,717711726425,120787,100,24039,375,41
1784726083.2921,21:14:43,717711749228,120787,100,24039,375,41
1784726083.4921,21:14:43,717711771198,121454,100,24039,300,41
1784726083.6921,21:14:43,717711794469,121454,100,24039,300,41
1784726083.8921,21:14:43,717711817213,121454,100,24039,300,41
1784726084.0921,21:14:44,717711840445,118611,100,24039,285,41
1784726084.2921,21:14:44,717711863608,118611,100,24039,285,41
1784726084.4921,21:14:44,717711886916,118203,100,24039,270,41
1784726084.6921,21:14:44,717711909520,118203,100,24039,270,41
1784726084.8921,21:14:44,717711932173,118203,100,24039,270,41
1784726085.0921,21:14:45,717711954837,117732,100,24039,270,41
1784726085.2921,21:14:45,717711977557,117732,100,24039,270,41
1784726085.4921,21:14:45,717711999301,115692,100,24039,210,40
1784726085.6921,21:14:45,717712019682,115692,100,24039,210,40
1784726085.8921,21:14:45,717712039980,115692,100,24039,210,40
1784726086.0921,21:14:46,717712060626,110044,100,24039,210,40
1784726086.2921,21:14:46,717712082634,110044,100,24039,210,40
1784726086.4921,21:14:46,717712106983,110410,100,24039,345,41
1784726086.6921,21:14:46,717712133065,110410,100,24039,345,41
1784726086.8921,21:14:46,717712160492,110410,100,24039,345,41
1784726087.0921,21:14:47,717712188034,125882,100,24039,405,41
1784726087.2921,21:14:47,717712213758,125882,100,24039,405,41
1784726087.4921,21:14:47,717712239338,135451,100,24039,360,41
1784726087.6921,21:14:47,717712264780,135451,100,24039,360,41
1784726087.8921,21:14:47,717712288447,135451,100,24039,360,41
1784726088.0921,21:14:48,717712309584,129404,100,24039,225,41
1784726088.2921,21:14:48,717712330509,129404,100,24039,225,41
1784726088.4921,21:14:48,717712351536,116941,100,24039,270,40
1784726088.6921,21:14:48,717712374306,116941,100,24039,270,40
1784726088.8921,21:14:48,717712397292,116941,100,24039,270,40
1784726089.0921,21:14:49,717712420650,112978,100,24039,300,41
1784726089.2921,21:14:49,717712444282,112978,100,24039,300,41
1784726089.4921,21:14:49,717712467849,119156,100,24039,300,41
1784726089.6921,21:14:49,717712491400,119156,100,24039,300,41
1784726089.8921,21:14:49,717712514974,119156,100,24039,300,41
1784726090.0921,21:14:50,717712539391,121710,100,24039,255,41
1784726090.2921,21:14:50,717712550541,121710,100,24039,255,41
1784726090.4921,21:14:50,717712562667,99462,0,24039,2520,39
1784726090.6921,21:14:50,717712574817,99462,0,24039,2520,39
1784726090.8921,21:14:50,717712586933,99462,0,24039,2520,39
1784726091.0921,21:14:51,717712599088,72745,0,24039,2520,39
1784726091.2921,21:14:51,717712606028,72745,0,24039,2520,39
1784726091.4921,21:14:51,717712612968,72745,0,24039,2520,39
1784726091.6921,21:14:51,717712619871,72745,0,24039,2520,39
1784726091.8921,21:14:51,717712626732,72745,0,24039,2520,39
1784726092.0921,21:14:52,717712633623,62320,0,24039,2520,39
1784726092.2921,21:14:52,717712640476,62320,0,24039,2520,39
1784726092.4921,21:14:52,717712647309,62320,0,24039,2520,39
1784726092.6921,21:14:52,717712654161,62320,0,24039,2520,39
1784726092.8921,21:14:52,717712660984,62320,0,24039,2520,39
1784726093.0921,21:14:53,717712667822,61982,0,24039,2520,39
1784726093.2921,21:14:53,717712674640,61982,0,24039,2520,39
1784726093.4921,21:14:53,717712681467,61982,0,24039,2520,39
1784726093.6921,21:14:53,717712688327,61982,0,24039,2520,39
1784726093.8921,21:14:53,717712695143,61982,0,24039,2520,39
1784726094.0921,21:14:54,717712701987,61779,0,24039,2520,39
1784726094.2921,21:14:54,717712708784,61779,0,24039,2520,39
1784726094.4921,21:14:54,717712715590,61779,0,24039,2520,39
1784726094.6921,21:14:54,717712722400,61779,0,24039,2520,39
1784726094.8921,21:14:54,717712729201,61779,0,24039,2520,39
1784726095.0921,21:14:55,717712736024,61853,0,24039,2520,39
1784726095.2921,21:14:55,717712742783,61853,0,24039,2520,39
1784726095.4921,21:14:55,717712749577,61853,0,24039,2520,39
1784726095.6921,21:14:55,717712756381,61853,0,24039,2520,39
1784726095.8921,21:14:55,717712763162,61853,0,24039,2520,39
1784726096.0921,21:14:56,717712769961,61889,0,24039,2520,39
1784726096.2921,21:14:56,717712776719,61889,0,24039,2520,39
1784726096.4921,21:14:56,717712783542,61889,0,24039,2520,38
1784726096.6921,21:14:56,717712790372,61889,0,24039,2520,38
1784726096.8921,21:14:56,717712797165,61889,0,24039,2520,38
1784726097.0921,21:14:57,717712803963,61961,0,24039,2520,38
1784726097.2921,21:14:57,717712810695,61961,0,24039,2520,38
1784726097.4921,21:14:57,717712817454,61961,0,24039,2520,38
1784726097.6921,21:14:57,717712824197,61961,0,24039,2520,38
1784726097.8921,21:14:57,717712830903,61961,0,24039,2520,38
1784726098.0921,21:14:58,717712837637,61874,0,24039,2520,38
1784726098.2921,21:14:58,717712844336,61874,0,24039,2520,38
1784726098.4921,21:14:58,717712851026,61874,0,24039,2520,38
1784726098.6921,21:14:58,717712857713,61874,0,24039,2520,38
1784726098.8921,21:14:58,717712864399,61874,0,24039,2520,38
1784726099.0921,21:14:59,717712871093,61593,0,24039,2520,38
1784726099.2921,21:14:59,717712877731,61593,0,24039,2520,38
1784726099.4921,21:14:59,717712884419,61593,0,24039,2520,38
1784726099.6921,21:14:59,717712891061,61593,0,24039,2520,38
1784726099.8921,21:14:59,717712897749,61593,0,24039,2520,38
1784726100.0921,21:15:00,717712904416,61417,0,24039,2520,38
1784726100.2921,21:15:00,717712910919,61417,0,24039,2520,38
1784726100.4921,21:15:00,717712917558,61417,0,24039,2520,38
1784726100.6921,21:15:00,717712924168,61417,0,24039,2520,38
1784726100.8921,21:15:00,717712930793,61417,0,24039,2520,38
1784726101.0921,21:15:01,717712937434,61332,0,24039,2520,38
1784726101.2921,21:15:01,717712944110,61332,0,24039,2520,38
1784726101.4921,21:15:01,717712950763,61332,0,24039,2520,38
1784726101.6921,21:15:01,717712957397,61332,0,24039,2520,38
1784726101.8921,21:15:01,717712964031,61332,0,24039,2520,38
1784726102.0921,21:15:02,717712970677,61434,0,24039,2520,38
1784726102.2921,21:15:02,717712977309,61434,0,24039,2520,38
1784726102.4921,21:15:02,717712983915,61434,0,24039,2520,38
1784726102.6921,21:15:02,717712990547,61434,0,24039,2520,38
1784726102.8921,21:15:02,717712997157,61434,0,24039,2520,38
1784726103.0921,21:15:03,717713003763,61546,0,24039,2520,38
1784726103.2921,21:15:03,717713010329,61546,0,24039,2520,38
1784726103.4921,21:15:03,717713016870,61546,0,24039,2520,38
1784726103.6921,21:15:03,717713023457,61546,0,24039,2520,38
1784726103.8921,21:15:03,717713030070,61546,0,24039,2520,38
1784726104.0921,21:15:04,717713036663,61402,0,24039,2520,38
1784726104.2921,21:15:04,717713043273,61402,0,24039,2520,38
1784726104.4921,21:15:04,717713049839,61402,0,24039,2520,38
1784726104.6921,21:15:04,717713056409,61402,0,24039,2520,38
1784726104.8921,21:15:04,717713062968,61402,0,24039,2520,38
1784726105.0921,21:15:05,717713139761,75416,0,24039,2520,41
1784726105.2921,21:15:05,717713225525,75416,0,24039,2520,41
1784726105.4921,21:15:05,717713316567,217218,100,24039,2550,62
1784726105.6921,21:15:05,717713404681,217218,100,24039,2550,62
1784726105.8921,21:15:05,717713475324,217218,100,24039,2550,62
1784726106.0921,21:15:06,717713544420,434565,100,24039,2655,53
1784726106.2921,21:15:06,717713608099,434565,100,24039,2655,53
1784726106.4921,21:15:06,717713684758,386267,100,24039,2685,59
1784726106.6921,21:15:06,717713754650,386267,100,24039,2685,59
1784726106.8921,21:15:06,717713822448,386267,100,24039,2685,59
1784726107.0921,21:15:07,717713885929,366551,100,24039,2685,52
1784726107.2921,21:15:07,717713952944,366551,100,24039,2685,52
1784726107.4921,21:15:07,717714023464,367669,100,24039,2685,52
1784726107.6921,21:15:07,717714097490,367669,100,24039,2685,52
1784726107.8921,21:15:07,717714165925,367669,100,24039,2685,52
1784726108.0921,21:15:08,717714229181,361601,100,24039,2685,53
1784726108.2921,21:15:08,717714287497,361601,100,24039,2685,53
1784726108.4921,21:15:08,717714344181,339867,100,24039,2535,50
1784726108.6921,21:15:08,717714398585,339867,100,24039,2535,50
1784726108.8921,21:15:08,717714450106,339867,100,24039,2535,50
1784726109.0921,21:15:09,717714498383,299112,100,24039,2250,48
1784726109.2921,21:15:09,717714543638,299112,100,24039,2250,48
1784726109.4921,21:15:09,717714585489,260378,100,24039,885,46
1784726109.6921,21:15:09,717714621542,260378,100,24039,885,46
1784726109.8921,21:15:09,717714652977,260378,100,24039,885,46
1784726110.0921,21:15:10,717714679295,210235,100,24039,360,44
1784726110.2921,21:15:10,717714703292,210235,100,24039,360,44
1784726110.4921,21:15:10,717714727192,156748,100,24039,375,42
1784726110.6921,21:15:10,717714751216,156748,100,24039,375,42
1784726110.8921,21:15:10,717714775819,156748,100,24039,375,42
1784726111.0921,21:15:11,717714801819,131518,100,24039,450,42
1784726111.2921,21:15:11,717714829435,131518,100,24039,450,42
1784726111.4921,21:15:11,717714858124,138765,100,24039,510,43
1784726111.6921,21:15:11,717714886855,138765,100,24039,510,43
1784726111.8921,21:15:11,717714915253,138765,100,24039,510,43
1784726112.0921,21:15:12,717714943663,149432,100,24039,510,43
1784726112.2921,21:15:12,717714972478,149432,100,24039,510,43
1784726112.4921,21:15:12,717715001236,153697,100,24039,495,43
1784726112.6921,21:15:12,717715029654,153697,100,24039,495,43
1784726112.8921,21:15:12,717715057807,153697,100,24039,495,43
1784726113.0921,21:15:13,717715086617,153106,100,24039,555,43
1784726113.2921,21:15:13,717715116849,153106,100,24039,555,43
1784726113.4921,21:15:13,717715147174,156433,100,24039,630,43
1784726113.6921,21:15:13,717715177402,156433,100,24039,630,43
1784726113.8921,21:15:13,717715205677,156433,100,24039,630,43
1784726114.0921,21:15:14,717715233928,158108,100,24039,555,43
1784726114.2921,21:15:14,717715260251,158108,100,24039,555,43
1784726114.4921,21:15:14,717715286169,150323,100,24039,390,42
1784726114.6921,21:15:14,717715309446,150323,100,24039,390,42
1784726114.8921,21:15:14,717715332339,150323,100,24039,390,42
1784726115.0921,21:15:15,717715356890,135492,100,24039,435,42
1784726115.2921,21:15:15,717715381753,135492,100,24039,435,42
1784726115.4921,21:15:15,717715407904,131740,100,24039,510,42
1784726115.6921,21:15:15,717715435497,131740,100,24039,510,42
1784726115.8921,21:15:15,717715464023,131740,100,24039,510,42
1784726116.0921,21:15:16,717715492663,143224,100,24039,555,43
1784726116.2921,21:15:16,717715521039,143224,100,24039,555,43
1784726116.4921,21:15:16,717715548046,150206,100,24039,480,42
1784726116.6921,21:15:16,717715574340,150206,100,24039,480,42
1784726116.8921,21:15:16,717715600824,150206,100,24039,480,42
1784726117.0921,21:15:17,717715627564,147171,100,24039,510,42
1784726117.2921,21:15:17,717715653186,147171,100,24039,510,42
1784726117.4921,21:15:17,717715678010,140597,100,24039,435,42
1784726117.6921,21:15:17,717715702883,140597,100,24039,435,42
1784726117.8921,21:15:17,717715726429,140597,100,24039,435,42
1784726118.0921,21:15:18,717715749062,134482,100,24039,360,41
1784726118.2921,21:15:18,717715771628,134482,100,24039,360,41
1784726118.4921,21:15:18,717715794111,126363,100,24039,360,41
1784726118.6921,21:15:18,717715816581,126363,100,24039,360,41
1784726118.8921,21:15:18,717715839037,126363,100,24039,360,41
1784726119.0921,21:15:19,717715861513,121999,100,24039,360,41
1784726119.2921,21:15:19,717715883904,121999,100,24039,360,41
1784726119.4921,21:15:19,717715907225,122607,100,24039,420,41
1784726119.6921,21:15:19,717715931517,122607,100,24039,420,41
1784726119.8921,21:15:19,717715955850,122607,100,24039,420,41
1784726120.0921,21:15:20,717715980196,127232,100,24039,420,41
1784726120.2921,21:15:20,717716004468,127232,100,24039,420,41
1784726120.4921,21:15:20,717716028533,131559,100,24039,420,41
1784726120.6921,21:15:20,717716052842,131559,100,24039,420,41
1784726120.8921,21:15:20,717716077180,131559,100,24039,420,41
1784726121.0921,21:15:21,717716101432,131989,100,24039,420,41
1784726121.2921,21:15:21,717716125756,131989,100,24039,420,41
1784726121.4921,21:15:21,717716150070,132105,100,24039,420,42
1784726121.6921,21:15:21,717716174193,132105,100,24039,420,42
1784726121.8921,21:15:21,717716196566,132105,100,24039,420,42
1784726122.0921,21:15:22,717716218701,129053,100,24039,345,41
1784726122.2921,21:15:22,717716241102,129053,100,24039,345,41
1784726122.4921,21:15:22,717716263023,123818,100,24039,345,41
1784726122.6921,21:15:22,717716285195,123818,100,24039,345,41
1784726122.8921,21:15:22,717716308184,123818,100,24039,345,41
1784726123.0921,21:15:23,717716331087,122022,100,24039,315,41
1784726123.2921,21:15:23,717716353851,122022,100,24039,315,41
1784726123.4921,21:15:23,717716376464,123501,100,24039,300,41
1784726123.6921,21:15:23,717716398774,123501,100,24039,300,41
1784726123.8921,21:15:23,717716421607,123501,100,24039,300,41
1784726124.0921,21:15:24,717716444478,123975,100,24039,315,41
1784726124.2921,21:15:24,717716467347,123975,100,24039,315,41
1784726124.4921,21:15:24,717716490194,124218,100,24039,330,41
1784726124.6921,21:15:24,717716513814,124218,100,24039,330,41
1784726124.8921,21:15:24,717716547291,124218,100,24039,330,41
1784726125.0921,21:15:25,717716568014,123871,100,24039,210,41
1784726125.2921,21:15:25,717716588981,123871,100,24039,210,41
1784726125.4921,21:15:25,717716611065,115102,100,24039,240,40
1784726125.6921,21:15:25,717716633089,115102,100,24039,240,40
1784726125.8921,21:15:25,717716655473,115102,100,24039,240,40
1784726126.0921,21:15:26,717716680112,109020,100,24039,315,40
1784726126.2921,21:15:26,717716704901,109020,100,24039,315,40
1784726126.4921,21:15:26,717716731589,117975,100,24039,360,41
1784726126.6921,21:15:26,717716757994,117975,100,24039,360,41
1784726126.8921,21:15:26,717716784654,117975,100,24039,360,41
1784726127.0921,21:15:27,717716809549,128135,100,24039,315,41
1784726127.2921,21:15:27,717716831668,128135,100,24039,315,41
1784726127.4921,21:15:27,717716853010,125014,100,24039,225,41
1784726127.6921,21:15:27,717716874450,125014,100,24039,225,41
1784726127.8921,21:15:27,717716895899,125014,100,24039,225,41
1784726128.0921,21:15:28,717716918998,113346,100,24039,255,40
1784726128.2921,21:15:28,717716944167,113346,100,24039,255,40
1784726128.4921,21:15:28,717716969828,114404,100,24039,345,41
1784726128.6921,21:15:28,717716995597,114404,100,24039,345,41
1784726128.8921,21:15:28,717717021381,114404,100,24039,345,41
1784726129.0921,21:15:29,717717045496,124456,100,24039,345,41
1784726129.2921,21:15:29,717717068785,124456,100,24039,345,41
1784726129.4921,21:15:29,717717091982,124338,100,24039,285,41
1784726129.6921,21:15:29,717717115129,124338,100,24039,285,41
1784726129.8921,21:15:29,717717138783,124338,100,24039,285,41
1784726130.0921,21:15:30,717717162151,118981,100,24039,285,41
1784726130.2921,21:15:30,717717185292,118981,100,24039,285,41
1784726130.4921,21:15:30,717717208431,117127,100,24039,285,41
1784726130.6921,21:15:30,717717231750,117127,100,24039,285,41
1784726130.8921,21:15:30,717717255643,117127,100,24039,285,41
1784726131.0921,21:15:31,717717280393,117988,100,24039,210,41
1784726131.2921,21:15:31,717717305247,117988,100,24039,210,41
1784726131.4921,21:15:31,717717330115,121388,100,24039,210,41
1784726131.6921,21:15:31,717717354922,121388,100,24039,210,41
1784726131.8921,21:15:31,717717379744,121388,100,24039,210,41
1784726132.0921,21:15:32,717717401706,125187,100,24039,210,41
1784726132.2921,21:15:32,717717413370,125187,100,24039,210,41
1784726132.4921,21:15:32,717717425628,104208,0,24039,2520,39
1784726132.6921,21:15:32,717717437857,104208,0,24039,2520,39
1784726132.8921,21:15:32,717717450104,104208,0,24039,2520,39
1784726133.0921,21:15:33,717717462310,75394,0,24039,2520,39
1784726133.2921,21:15:33,717717474398,75394,0,24039,2520,39
1784726133.4921,21:15:33,717717486482,69630,0,24039,2520,39
1784726133.6921,21:15:33,717717498568,69630,0,24039,2520,39
1784726133.8921,21:15:33,717717510612,69630,0,24039,2520,39
1784726134.0921,21:15:34,717717522716,69630,0,24039,2520,39
1784726134.2921,21:15:34,717717534878,69630,0,24039,2520,39
1784726134.4921,21:15:34,717717547040,61319,0,24039,2520,39
1784726134.6921,21:15:34,717717559177,61319,0,24039,2520,39
1784726134.8921,21:15:34,717717571305,61319,0,24039,2520,39
1784726135.0921,21:15:35,717717583439,61319,0,24039,2520,39
1784726135.2921,21:15:35,717717595385,61319,0,24039,2520,39
1784726135.4921,21:15:35,717717607475,61462,0,24039,2520,39
1784726135.6921,21:15:35,717717619497,61462,0,24039,2520,39
1784726135.8921,21:15:35,717717631492,61462,0,24039,2520,39
1784726136.0921,21:15:36,717717643532,61462,0,24039,2520,39
1784726136.2921,21:15:36,717717655505,61462,0,24039,2520,39
1784726136.4921,21:15:36,717717667502,61517,0,24039,2520,39
1784726136.6921,21:15:36,717717679441,61517,0,24039,2520,39
1784726136.8921,21:15:36,717717691405,61517,0,24039,2520,39
1784726137.0921,21:15:37,717717703407,61517,0,24039,2520,39
1784726137.2921,21:15:37,717717715357,61517,0,24039,2520,39
1784726137.4921,21:15:37,717717727317,61211,0,24039,2520,39
1784726137.6921,21:15:37,717717739314,61211,0,24039,2520,39
1784726137.8921,21:15:37,717717751291,61211,0,24039,2520,39
1784726138.0921,21:15:38,717717763330,61211,0,24039,2520,39
1784726138.2921,21:15:38,717717775386,61211,0,24039,2520,39
1784726138.4921,21:15:38,717717787416,61107,0,24039,2520,38
1784726138.6921,21:15:38,717717799442,61107,0,24039,2520,38
1784726138.8921,21:15:38,717717811382,61107,0,24039,2520,38
1784726139.0921,21:15:39,717717823365,61107,0,24039,2520,38
1784726139.2921,21:15:39,717717835256,61107,0,24039,2520,38
1784726139.4921,21:15:39,717717847175,61282,0,24039,2520,38
1784726139.6921,21:15:39,717717859058,61282,0,24039,2520,38
1784726139.8921,21:15:39,717717870921,61282,0,24039,2520,38
1784726140.0921,21:15:40,717717882819,61282,0,24039,2520,38
1784726140.2921,21:15:40,717717894634,61282,0,24039,2520,38
1784726140.4921,21:15:40,717717906525,61159,0,24039,2520,38
1784726140.6921,21:15:40,717717918389,61159,0,24039,2520,38
1784726140.8921,21:15:40,717717930368,61159,0,24039,2520,38
1784726141.0921,21:15:41,717717942352,61159,0,24039,2520,38
1784726141.2921,21:15:41,717717954296,61159,0,24039,2520,38
1784726141.4921,21:15:41,717717966260,61014,0,24039,2520,38
1784726141.6921,21:15:41,717717978228,61014,0,24039,2520,38
1784726141.8921,21:15:41,717717990195,61014,0,24039,2520,38
1784726142.0921,21:15:42,717718002143,61014,0,24039,2520,38
1784726142.2921,21:15:42,717718013986,61014,0,24039,2520,38
1784726142.4921,21:15:42,717718025849,61289,0,24039,2520,38
1784726142.6921,21:15:42,717718037705,61289,0,24039,2520,38
1784726142.8921,21:15:42,717718049470,61289,0,24039,2520,38
1784726143.0921,21:15:43,717718061221,61289,0,24039,2520,38
1784726143.2921,21:15:43,717718072918,61289,0,24039,2520,38
1784726143.4921,21:15:43,717718084649,61170,0,24039,2520,38
1784726143.6921,21:15:43,717718096472,61170,0,24039,2520,38
1784726143.8921,21:15:43,717718108265,61170,0,24039,2520,38
1784726144.0921,21:15:44,717718120030,61170,0,24039,2520,38
1784726144.2921,21:15:44,717718131755,61170,0,24039,2520,38
1784726144.4921,21:15:44,717718143508,60743,0,24039,2520,38
1784726144.6921,21:15:44,717718155269,60743,0,24039,2520,38
1784726144.8921,21:15:44,717718167097,60743,0,24039,2520,38
1784726145.0921,21:15:45,717718178887,60743,0,24039,2520,38
1784726145.2921,21:15:45,717718190538,60743,0,24039,2520,38
1784726145.4921,21:15:45,717718202299,60690,0,24039,2520,38
1784726145.6921,21:15:45,717718214068,60690,0,24039,2520,38
1784726145.8921,21:15:45,717718225776,60690,0,24039,2520,38
1784726146.0921,21:15:46,717718237526,60690,0,24039,2520,38
1784726146.2921,21:15:46,717718249303,60690,0,24039,2520,38
1784726146.4921,21:15:46,717718261166,60730,0,24039,2520,38
1784726146.6921,21:15:46,717718273061,60730,0,24039,2520,38
1784726146.8921,21:15:46,717718284944,60730,0,24039,2520,38
1784726147.0921,21:15:47,717718296827,60730,0,24039,2520,38
1784726147.2921,21:15:47,717718308708,60730,0,24039,2520,38
1784726147.4921,21:15:47,717718327052,61044,0,24039,2520,38
1784726147.6921,21:15:47,717718386520,61044,0,24039,2520,38
1784726147.8921,21:15:47,717718451505,61044,0,24039,2520,38
1784726148.0921,21:15:48,717718515518,120868,0,24039,2685,49
1784726148.2921,21:15:48,717718580766,120868,0,24039,2685,49
1784726148.4921,21:15:48,717718646316,240249,100,24039,2685,51
1784726148.6921,21:15:48,717718711803,240249,100,24039,2685,51
1784726148.8921,21:15:48,717718777270,240249,100,24039,2685,51
1784726149.0921,21:15:49,717718842896,336379,100,24039,2685,51
1784726149.2921,21:15:49,717718908124,336379,100,24039,2685,51
1784726149.4921,21:15:49,717718973376,336681,100,24039,2685,52
1784726149.6921,21:15:49,717719038090,336681,100,24039,2685,52
1784726149.8921,21:15:49,717719102647,336681,100,24039,2685,52
1784726150.0921,21:15:50,717719161028,334672,100,24039,2595,50
1784726150.2921,21:15:50,717719233593,334672,100,24039,2595,50
1784726150.4921,21:15:50,717719294525,333621,100,24039,2685,52
1784726150.6921,21:15:50,717719360303,333621,100,24039,2685,52
1784726150.8921,21:15:50,717719416315,333621,100,24039,2685,52
1784726151.0921,21:15:51,717719460207,327996,100,24039,1470,49
1784726151.2921,21:15:51,717719502283,327996,100,24039,1470,49
1784726151.4921,21:15:51,717719539026,272205,100,24039,765,45
1784726151.6921,21:15:51,717719572689,272205,100,24039,765,45
1784726151.8921,21:15:51,717719600599,272205,100,24039,765,45
1784726152.0921,21:15:52,717719624655,195028,100,24039,585,44
1784726152.2921,21:15:52,717719654237,195028,100,24039,585,44
1784726152.4921,21:15:52,717719688919,158903,100,24039,690,44
1784726152.6921,21:15:52,717719724475,158903,100,24039,690,44
1784726152.8921,21:15:52,717719753618,158903,100,24039,690,44
1784726153.0921,21:15:53,717719787206,156055,100,24039,780,44
1784726153.2921,21:15:53,717719818871,156055,100,24039,780,44
1784726153.4921,21:15:53,717719874004,176900,100,24039,2700,48
1784726153.6921,21:15:53,717719946446,176900,100,24039,2700,48
1784726153.8921,21:15:53,717720019479,176900,100,24039,2700,48
1784726154.0921,21:15:54,717720087569,265487,100,24039,2685,53
1784726154.2921,21:15:54,717720147917,265487,100,24039,2685,53
1784726154.4921,21:15:54,717720207913,343933,100,24039,2310,54
1784726154.6921,21:15:54,717720268110,343933,100,24039,2310,54
1784726154.8921,21:15:54,717720329797,343933,100,24039,2310,54
1784726155.0921,21:15:55,717720388551,327488,100,24039,2685,54
1784726155.2921,21:15:55,717720444189,327488,100,24039,2685,54
1784726155.4921,21:15:55,717720500011,306587,100,24039,2355,49
1784726155.6921,21:15:55,717720542195,306587,100,24039,2355,49
1784726155.8921,21:15:55,717720588254,306587,100,24039,2355,49
1784726156.0921,21:15:56,717720629751,274661,100,24039,990,48
1784726156.2921,21:15:56,717720662904,274661,100,24039,990,48
1784726156.4921,21:15:56,717720692598,222559,100,24039,570,45
1784726156.6921,21:15:56,717720717915,222559,100,24039,570,45
1784726156.8921,21:15:56,717720740990,222559,100,24039,570,45
1784726157.0921,21:15:57,717720762074,168363,100,24039,270,42
1784726157.2921,21:15:57,717720782242,168363,100,24039,270,42
1784726157.4921,21:15:57,717720801171,122846,100,24039,225,42
1784726157.6921,21:15:57,717720820401,122846,100,24039,225,42
1784726157.8921,21:15:57,717720842314,122846,100,24039,225,42
1784726158.0921,21:15:58,717720865957,106474,100,24039,315,42
1784726158.2921,21:15:58,717720891522,106474,100,24039,315,42
1784726158.4921,21:15:58,717720918580,116617,100,24039,420,43
1784726158.6921,21:15:58,717720945004,116617,100,24039,420,43
1784726158.8921,21:15:58,717720975171,116617,100,24039,420,43
1784726159.0921,21:15:59,717721039316,137736,100,24039,2520,47
1784726159.2921,21:15:59,717721109502,137736,100,24039,2520,47
1784726159.4921,21:15:59,717721177449,240959,100,24039,2685,52
1784726159.6921,21:15:59,717721245579,240959,100,24039,2685,52
1784726159.8921,21:15:59,717721320246,240959,100,24039,2685,52
1784726160.0921,21:16:00,717721371995,340896,100,24039,1755,52
1784726160.2921,21:16:00,717721417688,340896,100,24039,1755,52
1784726160.4921,21:16:00,717721455145,305732,100,24039,930,47
1784726160.6921,21:16:00,717721482803,305732,100,24039,930,47
1784726160.8921,21:16:00,717721512680,305732,100,24039,930,47
1784726161.0921,21:16:01,717721538663,214238,100,24039,405,44
1784726161.2921,21:16:01,717721557729,214238,100,24039,405,44
1784726161.4921,21:16:01,717721574251,140605,100,24039,210,42
1784726161.6921,21:16:01,717721592707,140605,100,24039,210,42
1784726161.8921,21:16:01,717721609645,140605,100,24039,210,42
1784726162.0921,21:16:02,717721628670,106513,100,24039,210,41
1784726162.2921,21:16:02,717721648620,106513,100,24039,210,41
1784726162.4921,21:16:02,717721670543,97072,100,24039,300,42
1784726162.6921,21:16:02,717721694163,97072,100,24039,300,42
1784726162.8921,21:16:02,717721719420,97072,100,24039,300,42
1784726163.0921,21:16:03,717721745014,113417,100,24039,405,42
1784726163.2921,21:16:03,717721770915,113417,100,24039,405,42
1784726163.4921,21:16:03,717721796182,128566,100,24039,435,42
1784726163.6921,21:16:03,717721822116,128566,100,24039,435,42
1784726163.8921,21:16:03,717721846763,128566,100,24039,435,42
1784726164.0921,21:16:04,717721869296,133899,100,24039,345,42
1784726164.2921,21:16:04,717721887192,133899,100,24039,345,42
1784726164.4921,21:16:04,717721906164,120139,100,24039,210,41
1784726164.6921,21:16:04,717721925557,120139,100,24039,210,41
1784726164.8921,21:16:04,717721946443,120139,100,24039,210,41
1784726165.0921,21:16:05,717721966181,106815,100,24039,285,41
1784726165.2921,21:16:05,717721988566,106815,100,24039,285,41
1784726165.4921,21:16:05,717722014159,109633,100,24039,405,42
1784726165.6921,21:16:05,717722040462,109633,100,24039,405,42
1784726165.8921,21:16:05,717722066155,109633,100,24039,405,42
1784726166.0921,21:16:06,717722092597,125345,100,24039,450,42
1784726166.2921,21:16:06,717722119902,125345,100,24039,450,42
1784726166.4921,21:16:06,717722147220,139586,100,24039,450,43
1784726166.6921,21:16:06,717722172920,139586,100,24039,450,43
1784726166.8921,21:16:06,717722197677,139586,100,24039,450,43
1784726167.0921,21:16:07,717722220440,139273,100,24039,315,42
1784726167.2921,21:16:07,717722237931,139273,100,24039,315,42
1784726167.4921,21:16:07,717722256688,122362,100,24039,390,42
1784726167.6921,21:16:07,717722281552,122362,100,24039,390,42
1784726167.8921,21:16:07,717722350980,122362,100,24039,390,42
1784726168.0921,21:16:08,717722419070,159171,100,24039,2685,56
1784726168.2921,21:16:08,717722486401,159171,100,24039,2685,56
1784726168.4921,21:16:08,717722546184,269196,100,24039,2625,51
1784726168.6921,21:16:08,717722603234,269196,100,24039,2625,51
1784726168.8921,21:16:08,717722653801,269196,100,24039,2625,51
1784726169.0921,21:16:09,717722703373,327072,100,24039,2325,49
1784726169.2921,21:16:09,717722749577,327072,100,24039,2325,49
1784726169.4921,21:16:09,717722793684,277150,100,24039,1395,47
1784726169.6921,21:16:09,717722833665,277150,100,24039,1395,47
1784726169.8921,21:16:09,717722868055,277150,100,24039,1395,47
1784726170.0921,21:16:10,717722896975,232746,100,24039,480,44
1784726170.2921,21:16:10,717722918484,232746,100,24039,480,44
1784726170.4921,21:16:10,717722937555,172465,100,24039,210,42
1784726170.6921,21:16:10,717722956221,172465,100,24039,210,42
1784726170.8921,21:16:10,717722974820,172465,100,24039,210,42
1784726171.0921,21:16:11,717722993298,119044,100,24039,210,41
1784726171.2921,21:16:11,717723009659,119044,100,24039,210,41
1784726171.4921,21:16:11,717723023999,95248,100,24039,210,41
1784726171.6921,21:16:11,717723038365,95248,100,24039,210,41
1784726171.8921,21:16:11,717723055341,95248,100,24039,210,41
1784726172.0921,21:16:12,717723074178,87083,100,24039,210,41
1784726172.2921,21:16:12,717723093738,87083,100,24039,210,41
1784726172.4921,21:16:12,717723113371,91268,100,24039,240,41
1784726172.6921,21:16:12,717723132944,91268,100,24039,240,41
1784726172.8921,21:16:12,717723152505,91268,100,24039,240,41
1784726173.0921,21:16:13,717723172077,103438,100,24039,240,41
1784726173.2921,21:16:13,717723191674,103438,100,24039,240,41
1784726173.4921,21:16:13,717723209248,104806,100,24039,225,41
1784726173.6921,21:16:13,717723224765,104806,100,24039,225,41
1784726173.8921,21:16:13,717723242524,104806,100,24039,225,41
1784726174.0921,21:16:14,717723266159,97336,100,24039,345,41
1784726174.2921,21:16:14,717723291656,97336,100,24039,345,41
1784726174.4921,21:16:14,717723316576,110362,100,24039,450,42
1784726174.6921,21:16:14,717723341283,110362,100,24039,450,42
1784726174.8921,21:16:14,717723367518,110362,100,24039,450,42
1784726175.0921,21:16:15,717723392438,131177,100,24039,435,42
1784726175.2921,21:16:15,717723415414,131177,100,24039,435,42
1784726175.4921,21:16:15,717723437743,132395,100,24039,390,42
1784726175.6921,21:16:15,717723461794,132395,100,24039,390,42
1784726175.8921,21:16:15,717723485936,132395,100,24039,390,42
1784726176.0921,21:16:16,717723506398,128621,100,24039,375,42
1784726176.2921,21:16:16,717723523821,128621,100,24039,375,42
1784726176.4921,21:16:16,717723546391,114995,100,24039,375,42
1784726176.6921,21:16:16,717723607438,114995,100,24039,375,42
1784726176.8921,21:16:16,717723665432,114995,100,24039,375,42
1784726177.0921,21:16:17,717723722927,190147,100,24039,2550,50
1784726177.2921,21:16:17,717723792133,190147,100,24039,2550,50
1784726177.4921,21:16:17,717723854617,293736,100,24039,2685,52
1784726177.6921,21:16:17,717723916903,293736,100,24039,2685,52
1784726177.8921,21:16:17,717723972811,293736,100,24039,2685,52
1784726178.0921,21:16:18,717724019794,326659,100,24039,2205,49
1784726178.2921,21:16:18,717724063176,326659,100,24039,2205,49
1784726178.4921,21:16:18,717724103753,283825,100,24039,1665,47
1784726178.6921,21:16:18,717724142395,283825,100,24039,1665,47
1784726178.8921,21:16:18,717724173032,283825,100,24039,1665,47
1784726179.0922,21:16:19,717724202931,219505,100,24039,525,45
1784726179.2921,21:16:19,717724226419,219505,100,24039,525,45
1784726179.4921,21:16:19,717724243179,168977,100,24039,225,42
1784726179.6921,21:16:19,717724261670,168977,100,24039,225,42
1784726179.8921,21:16:19,717724278365,168977,100,24039,225,42
1784726180.0921,21:16:20,717724293260,118965,100,24039,210,41
1784726180.2921,21:16:20,717724307929,118965,100,24039,210,41
1784726180.4921,21:16:20,717724322911,86861,100,24039,210,41
1784726180.6921,21:16:20,717724338827,86861,100,24039,210,41
1784726180.8921,21:16:20,717724356928,86861,100,24039,210,41
1784726181.0921,21:16:21,717724375845,84424,100,24039,210,41
1784726181.2921,21:16:21,717724396041,84424,100,24039,210,41
1784726181.4921,21:16:21,717724414861,96623,100,24039,300,42
1784726181.6921,21:16:21,717724434647,96623,100,24039,300,42
1784726181.8921,21:16:21,717724457682,96623,100,24039,300,42
1784726182.0921,21:16:22,717724477490,108257,100,24039,390,42
1784726182.2921,21:16:22,717724514598,108257,100,24039,390,42
1784726182.4921,21:16:22,717724578615,145834,100,24039,2685,49
1784726182.6921,21:16:22,717724644589,145834,100,24039,2685,49
1784726182.8921,21:16:22,717724690276,145834,100,24039,2685,49
1784726183.0921,21:16:23,717724735253,237487,100,24039,1620,48
1784726183.2921,21:16:23,717724775104,237487,100,24039,1620,48
1784726183.4921,21:16:23,717724809761,271347,100,24039,600,45
1784726183.6921,21:16:23,717724833635,271347,100,24039,600,45
1784726183.8921,21:16:23,717724856177,271347,100,24039,600,45
1784726184.0921,21:16:24,717724877968,185802,100,24039,315,43
1784726184.2921,21:16:24,717724897765,185802,100,24039,315,43
1784726184.4921,21:16:24,717724916166,130550,100,24039,210,41
1784726184.6921,21:16:24,717724935158,130550,100,24039,210,41
1784726184.8921,21:16:24,717724952234,130550,100,24039,210,41
1784726185.0921,21:16:25,717724969736,106210,100,24039,210,41
1784726185.2921,21:16:25,717724987935,106210,100,24039,210,41
1784726185.4921,21:16:25,717725004534,97970,100,24039,210,41
1784726185.6921,21:16:25,717725018760,97970,100,24039,210,41
1784726185.8921,21:16:25,717725034444,97970,100,24039,210,41
1784726186.0921,21:16:26,717725097646,91165,100,24039,2475,48
1784726186.2921,21:16:26,717725159104,91165,100,24039,2475,48
1784726186.4921,21:16:26,717725220473,200974,100,24039,2655,51
1784726186.6921,21:16:26,717725272793,200974,100,24039,2655,51
1784726186.8921,21:16:26,717725314673,200974,100,24039,2655,51
1784726187.0921,21:16:27,717725351312,304660,100,24039,795,47
1784726187.2921,21:16:27,717725386006,304660,100,24039,795,47
1784726187.4921,21:16:27,717725415229,241308,100,24039,525,44
1784726187.6921,21:16:27,717725439470,241308,100,24039,525,44
1784726187.8921,21:16:27,717725454979,241308,100,24039,525,44
1784726188.0921,21:16:28,717725469239,159379,100,24039,210,42
1784726188.2921,21:16:28,717725483260,159379,100,24039,210,42
1784726188.4922,21:16:28,717725497152,104590,100,24039,210,41
1784726188.6921,21:16:28,717725511112,104590,100,24039,210,41
1784726188.8921,21:16:28,717725527905,104590,100,24039,210,41
1784726189.0921,21:16:29,717725546357,80300,100,24039,210,41
1784726189.2921,21:16:29,717725565856,80300,100,24039,210,41
1784726189.4921,21:16:29,717725586376,92987,100,24039,375,41
1784726189.6921,21:16:29,717725609514,92987,100,24039,375,41
1784726189.8921,21:16:29,717725633576,92987,100,24039,375,41
1784726190.0921,21:16:30,717725655826,115026,100,24039,390,42
1784726190.2921,21:16:30,717725679886,115026,100,24039,390,42
1784726190.4921,21:16:30,717725697580,123847,100,24039,300,42
1784726190.6921,21:16:30,717725716345,123847,100,24039,300,42
1784726190.8921,21:16:30,717725740577,123847,100,24039,300,42
1784726191.0921,21:16:31,717725766312,119261,100,24039,420,42
1784726191.2921,21:16:31,717725791705,119261,100,24039,420,42
1784726191.4921,21:16:31,717725816250,124986,100,24039,360,42
1784726191.6921,21:16:31,717725836675,124986,100,24039,360,42
1784726191.8922,21:16:31,717725854724,124986,100,24039,360,42
1784726192.0921,21:16:32,717725870431,126938,100,24039,300,41
1784726192.2921,21:16:32,717725887157,126938,100,24039,300,41
1784726192.4921,21:16:32,717725906265,104687,100,24039,405,42
1784726192.6921,21:16:32,717725932115,104687,100,24039,405,42
1784726192.8921,21:16:32,717725996683,104687,100,24039,405,42
1784726193.0921,21:16:33,717726074603,153174,100,24039,2685,55
1784726193.2921,21:16:33,717726144678,153174,100,24039,2685,55
1784726193.4921,21:16:33,717726209736,287912,100,24039,2685,53
1784726193.6921,21:16:33,717726256975,287912,100,24039,2685,53
1784726193.8921,21:16:33,717726302162,287912,100,24039,2685,53
1784726194.0921,21:16:34,717726348473,336544,100,24039,1635,48
1784726194.2921,21:16:34,717726385525,336544,100,24039,1635,48
1784726194.4921,21:16:34,717726420851,257926,100,24039,780,45
1784726194.6921,21:16:34,717726451488,257926,100,24039,780,45
1784726194.8921,21:16:34,717726477781,257926,100,24039,780,45
1784726195.0921,21:16:35,717726498846,196134,100,24039,300,43
1784726195.2921,21:16:35,717726518410,196134,100,24039,300,43
1784726195.4921,21:16:35,717726536291,141377,100,24039,210,41
1784726195.6921,21:16:35,717726552766,141377,100,24039,210,41
1784726195.8921,21:16:35,717726571691,141377,100,24039,210,41
1784726196.0921,21:16:36,717726588743,103573,100,24039,210,41
1784726196.2921,21:16:36,717726608083,103573,100,24039,210,41
1784726196.4921,21:16:36,717726627445,93975,100,24039,210,41
1784726196.6921,21:16:36,717726646597,93975,100,24039,210,41
1784726196.8921,21:16:36,717726665788,93975,100,24039,210,41
1784726197.0921,21:16:37,717726681995,96366,100,24039,210,41
1784726197.2921,21:16:37,717726697557,96366,100,24039,210,41
1784726197.4922,21:16:37,717726717190,92549,100,24039,225,41
1784726197.6921,21:16:37,717726737999,92549,100,24039,225,41
1784726197.8921,21:16:37,717726760575,92549,100,24039,225,41
1784726198.0921,21:16:38,717726783900,97522,100,24039,315,41
1784726198.2921,21:16:38,717726806606,97522,100,24039,315,41
1784726198.4922,21:16:38,717726830893,113278,100,24039,345,42
1784726198.6922,21:16:38,717726855062,113278,100,24039,345,42
1784726198.8921,21:16:38,717726879161,113278,100,24039,345,42
1784726199.0922,21:16:39,717726903215,121446,100,24039,345,42
1784726199.2922,21:16:39,717726926395,121446,100,24039,345,42
1784726199.4922,21:16:39,717726946710,121755,100,24039,210,41
1784726199.6921,21:16:39,717726965337,121755,100,24039,210,41
1784726199.8922,21:16:39,717726984195,121755,100,24039,210,41
1784726200.0922,21:16:40,717727005020,109428,100,24039,240,41
1784726200.2921,21:16:40,717727027253,109428,100,24039,240,41
1784726200.4921,21:16:40,717727049841,104657,100,24039,315,41
1784726200.6921,21:16:40,717727074203,104657,100,24039,315,41
1784726200.8921,21:16:40,717727098916,104657,100,24039,315,41
1784726201.0922,21:16:41,717727122487,116412,100,24039,360,42
1784726201.2921,21:16:41,717727142613,116412,100,24039,360,42
1784726201.4921,21:16:41,717727164222,116885,100,24039,360,41
1784726201.6921,21:16:41,717727188943,116885,100,24039,360,41
1784726201.8921,21:16:41,717727212750,116885,100,24039,360,41
1784726202.0921,21:16:42,717727230699,117804,100,24039,315,42
1784726202.2921,21:16:42,717727250739,117804,100,24039,315,42
1784726202.4921,21:16:42,717727278133,113865,100,24039,450,42
1784726202.6921,21:16:42,717727303821,113865,100,24039,450,42
1784726202.8921,21:16:42,717727326264,113865,100,24039,450,42
1784726203.0921,21:16:43,717727356935,116851,100,24039,555,43
1784726203.2921,21:16:43,717727387414,116851,100,24039,555,43
1784726203.4921,21:16:43,717727417050,140576,100,24039,540,43
1784726203.6921,21:16:43,717727442895,140576,100,24039,540,43
1784726203.8921,21:16:43,717727471914,140576,100,24039,540,43
1784726204.0921,21:16:44,717727495851,146307,100,24039,480,42
1784726204.2922,21:16:44,717727518267,146307,100,24039,480,42
1784726204.4922,21:16:44,717727546920,136267,100,24039,525,43
1784726204.6921,21:16:44,717727577438,136267,100,24039,525,43
1784726204.8921,21:16:44,717727607476,136267,100,24039,525,43
1784726205.0921,21:16:45,717727635976,140276,100,24039,465,43
1784726205.2922,21:16:45,717727660038,140276,100,24039,465,43
1784726205.4921,21:16:45,717727685777,144223,100,24039,390,42
1784726205.6921,21:16:45,717727711115,144223,100,24039,390,42
1784726205.8921,21:16:45,717727735824,144223,100,24039,390,42
1784726206.0921,21:16:46,717727761231,133378,100,24039,375,42
1784726206.2922,21:16:46,717727783678,133378,100,24039,375,42
1784726206.4922,21:16:46,717727802693,124032,100,24039,375,42
1784726206.6922,21:16:46,717727827354,124032,100,24039,375,42
1784726206.8922,21:16:46,717727855071,124032,100,24039,375,42
1784726207.0921,21:16:47,717727883591,123335,100,24039,465,42
1784726207.2921,21:16:47,717727909342,123335,100,24039,465,42
1784726207.4921,21:16:47,717727931142,127518,100,24039,495,42
1784726207.6922,21:16:47,717727956250,127518,100,24039,495,42
1784726207.8922,21:16:47,717727984815,127518,100,24039,495,42
1784726208.0921,21:16:48,717728008355,134206,100,24039,570,43
1784726208.2921,21:16:48,717728036422,134206,100,24039,570,43
1784726208.4922,21:16:48,717728061694,130129,100,24039,660,43
1784726208.6921,21:16:48,717728097208,130129,100,24039,660,43
1784726208.8922,21:16:48,717728132598,130129,100,24039,660,43
1784726209.0922,21:16:49,717728167790,150330,100,24039,780,44
1784726209.2922,21:16:49,717728194150,150330,100,24039,780,44
1784726209.4922,21:16:49,717728222143,159596,100,24039,450,43
1784726209.6921,21:16:49,717728247154,159596,100,24039,450,43
1784726209.8922,21:16:49,717728270388,159596,100,24039,450,43
1784726210.0921,21:16:50,717728294646,145171,100,24039,390,42
1784726210.2921,21:16:50,717728316414,145171,100,24039,390,42
1784726210.4921,21:16:50,717728340503,125202,100,24039,345,41
1784726210.6921,21:16:50,717728364330,125202,100,24039,345,41
1784726210.8921,21:16:50,717728383886,125202,100,24039,345,41
1784726211.0921,21:16:51,717728406223,117594,100,24039,375,41
1784726211.2921,21:16:51,717728432001,117594,100,24039,375,41
1784726211.4922,21:16:51,717728455859,120219,100,24039,420,42
1784726211.6921,21:16:51,717728477920,120219,100,24039,420,42
1784726211.8921,21:16:51,717728506376,120219,100,24039,420,42
1784726212.0921,21:16:52,717728532730,123721,100,24039,480,42
1784726212.2921,21:16:52,717728555036,123721,100,24039,480,42
1784726212.4921,21:16:52,717728582141,125971,100,24039,555,43
1784726212.6921,21:16:52,717728613068,125971,100,24039,555,43
1784726212.8921,21:16:52,717728644719,125971,100,24039,555,43
1784726213.0921,21:16:53,717728676347,143243,100,24039,600,43
1784726213.2921,21:16:53,717728700194,143243,100,24039,600,43
1784726213.4921,21:16:53,717728730383,147925,100,24039,660,43
1784726213.6921,21:16:53,717728758115,147925,100,24039,660,43
1784726213.8921,21:16:53,717728794804,147925,100,24039,660,43
1784726214.0921,21:16:54,717728832481,155815,100,24039,750,44
1784726214.2921,21:16:54,717728858134,155815,100,24039,750,44
1784726214.4921,21:16:54,717728883360,159392,100,24039,585,43
1784726214.6921,21:16:54,717728914055,159392,100,24039,585,43
1784726214.8921,21:16:54,717728944171,159392,100,24039,585,43
1784726215.0921,21:16:55,717728977458,157583,100,24039,615,43
1784726215.2921,21:16:55,717729008983,157583,100,24039,615,43
1784726215.4921,21:16:55,717729034288,154465,100,24039,555,43
1784726215.6921,21:16:55,717729061962,154465,100,24039,555,43
1784726215.8921,21:16:55,717729088871,154465,100,24039,555,43
1784726216.0921,21:16:56,717729112383,150481,100,24039,570,43
1784726216.2921,21:16:56,717729136743,150481,100,24039,570,43
1784726216.4921,21:16:56,717729168476,134004,100,24039,645,43
1784726216.6921,21:16:56,717729199261,134004,100,24039,645,43
1784726216.8921,21:16:56,717729224787,134004,100,24039,645,43
1784726217.0921,21:16:57,717729255457,139741,100,24039,645,44
1784726217.2921,21:16:57,717729286072,139741,100,24039,645,44
1784726217.4921,21:16:57,717729321986,157014,100,24039,765,44
1784726217.6922,21:16:57,717729351776,157014,100,24039,765,44
1784726217.8921,21:16:57,717729388057,157014,100,24039,765,44
1784726218.0921,21:16:58,717729420236,166618,100,24039,765,44
1784726218.2922,21:16:58,717729446731,166618,100,24039,765,44
1784726218.4922,21:16:58,717729476723,164232,100,24039,705,44
1784726218.6922,21:16:58,717729511356,164232,100,24039,705,44
1784726218.8921,21:16:58,717729547048,164232,100,24039,705,44
1784726219.0922,21:16:59,717729581692,167249,100,24039,675,44
1784726219.2922,21:16:59,717729611772,167249,100,24039,675,44
1784726219.4922,21:16:59,717729634791,165711,100,24039,525,43
1784726219.6922,21:16:59,717729664777,165711,100,24039,525,43
1784726219.8921,21:16:59,717729691287,165711,100,24039,525,43
1784726220.0921,21:17:00,717729720823,153486,100,24039,525,43
1784726220.2921,21:17:00,717729744973,153486,100,24039,525,43
1784726220.4921,21:17:00,717729766116,136348,100,24039,495,43
1784726220.6921,21:17:00,717729791183,136348,100,24039,495,43
1784726220.8921,21:17:00,717729820042,136348,100,24039,495,43
1784726221.0921,21:17:01,717729849581,134696,100,24039,525,43
1784726221.2922,21:17:01,717729873918,134696,100,24039,525,43
1784726221.4922,21:17:01,717729894726,132165,100,24039,465,43
1784726221.6921,21:17:01,717729920980,132165,100,24039,465,43
1784726221.8922,21:17:01,717729944074,132165,100,24039,465,43
1784726222.0921,21:17:02,717729968380,131364,100,24039,525,43
1784726222.2921,21:17:02,717729997823,131364,100,24039,525,43
1784726222.4921,21:17:02,717730030879,133742,100,24039,690,44
1784726222.6921,21:17:02,717730064898,133742,100,24039,690,44
1784726222.8922,21:17:02,717730099071,133742,100,24039,690,44
1784726223.0922,21:17:03,717730132206,158692,100,24039,660,44
1784726223.2922,21:17:03,717730163307,158692,100,24039,660,44
1784726223.4922,21:17:03,717730188608,171207,100,24039,345,43
1784726223.6921,21:17:03,717730211636,171207,100,24039,345,43
1784726223.8921,21:17:03,717730232367,171207,100,24039,345,43
1784726224.0921,21:17:04,717730251388,142333,100,24039,225,41
1784726224.2922,21:17:04,717730270054,142333,100,24039,225,41
1784726224.4921,21:17:04,717730288701,110430,100,24039,210,41
1784726224.6922,21:17:04,717730307426,110430,100,24039,210,41
1784726224.8922,21:17:04,717730324675,110430,100,24039,210,41
1784726225.0922,21:17:05,717730343824,97534,100,24039,255,41
1784726225.2922,21:17:05,717730374751,97534,100,24039,255,41
1784726225.4922,21:17:05,717730432860,131663,100,24039,2700,48
1784726225.6921,21:17:05,717730499814,131663,100,24039,2700,48
1784726225.8921,21:17:05,717730561023,131663,100,24039,2700,48
1784726226.0921,21:17:06,717730614998,234740,100,24039,2010,52
1784726226.2921,21:17:06,717730661074,234740,100,24039,2010,52
1784726226.4921,21:17:06,717730703586,293581,100,24039,960,46
1784726226.6921,21:17:06,717730740545,293581,100,24039,960,46
1784726226.8921,21:17:06,717730774788,293581,100,24039,960,46
1784726227.0921,21:17:07,717730804296,233064,100,24039,510,44
1784726227.2921,21:17:07,717730828880,233064,100,24039,510,44
1784726227.4921,21:17:07,717730848005,168236,100,24039,210,42
1784726227.6921,21:17:07,717730866949,168236,100,24039,210,42
1784726227.8921,21:17:07,717730885864,168236,100,24039,210,42
1784726228.0921,21:17:08,717730903257,121592,100,24039,210,41
1784726228.2921,21:17:08,717730920980,121592,100,24039,210,41
1784726228.4921,21:17:08,717730939872,97502,100,24039,210,41
1784726228.6921,21:17:08,717730958758,97502,100,24039,210,41
1784726228.8922,21:17:08,717730977666,97502,100,24039,210,41
1784726229.0922,21:17:09,717730996474,97255,100,24039,210,41
1784726229.2922,21:17:09,717731016191,97255,100,24039,210,41
1784726229.4921,21:17:09,717731036226,101110,100,24039,240,41
1784726229.6921,21:17:09,717731056241,101110,100,24039,240,41
1784726229.8922,21:17:09,717731077190,101110,100,24039,240,41
1784726230.0922,21:17:10,717731098610,104855,100,24039,270,41
1784726230.2921,21:17:10,717731120065,104855,100,24039,270,41
1784726230.4922,21:17:10,717731138340,109498,100,24039,270,41
1784726230.6922,21:17:10,717731155510,109498,100,24039,270,41
1784726230.8922,21:17:10,717731178525,109498,100,24039,270,41
1784726231.0922,21:17:11,717731222000,107731,100,24039,1650,42
1784726231.2922,21:17:11,717731284163,107731,100,24039,1650,42
1784726231.4922,21:17:11,717731347804,188839,100,24039,2205,52
1784726231.6922,21:17:11,717731392731,188839,100,24039,2205,52
1784726231.8922,21:17:11,717731431286,188839,100,24039,2205,52
1784726232.0922,21:17:12,717731468609,255868,100,24039,1080,47
1784726232.2922,21:17:12,717731507573,255868,100,24039,1080,47
1784726232.4922,21:17:12,717731540896,231811,100,24039,570,44
1784726232.6921,21:17:12,717731567480,231811,100,24039,570,44
1784726232.8921,21:17:12,717731586370,231811,100,24039,570,44
1784726233.0922,21:17:13,717731604562,166733,100,24039,240,42
1784726233.2922,21:17:13,717731623047,166733,100,24039,240,42
1784726233.4921,21:17:13,717731641646,120328,100,24039,210,41
1784726233.6922,21:17:13,717731660303,120328,100,24039,210,41
1784726233.8922,21:17:13,717731677935,120328,100,24039,210,41
1784726234.0922,21:17:14,717731695125,97730,100,24039,210,41
1784726234.2922,21:17:14,717731713556,97730,100,24039,210,41
1784726234.4922,21:17:14,717731732059,96682,100,24039,210,41
1784726234.6922,21:17:14,717731750711,96682,100,24039,210,41
1784726234.8922,21:17:14,717731770612,96682,100,24039,210,41
1784726235.0922,21:17:15,717731791720,98238,100,24039,315,41
1784726235.2922,21:17:15,717731814952,98238,100,24039,315,41
1784726235.4921,21:17:15,717731833891,108686,100,24039,285,41
1784726235.6921,21:17:15,717731849995,108686,100,24039,285,41
1784726235.8921,21:17:15,717731872230,108686,100,24039,285,41
1784726236.0921,21:17:16,717731896684,108748,100,24039,375,41
1784726236.2921,21:17:16,717731921982,108748,100,24039,375,41
1784726236.4922,21:17:16,717731947641,116167,100,24039,435,42
1784726236.6922,21:17:16,717731973918,116167,100,24039,435,42
1784726236.8922,21:17:16,717731998382,116167,100,24039,435,42
1784726237.0922,21:17:17,717732024648,133836,100,24039,435,42
1784726237.2922,21:17:17,717732050948,133836,100,24039,435,42
1784726237.4922,21:17:17,717732077235,138512,100,24039,420,42
1784726237.6922,21:17:17,717732101407,138512,100,24039,420,42
1784726237.8922,21:17:17,717732123442,138512,100,24039,420,42
1784726238.0922,21:17:18,717732141742,132887,100,24039,210,41
1784726238.2921,21:17:18,717732158556,132887,100,24039,210,41
1784726238.4922,21:17:18,717732173144,112109,100,24039,210,40
1784726238.6921,21:17:18,717732187946,112109,100,24039,210,40
1784726238.8921,21:17:18,717732234933,112109,100,24039,210,40
1784726239.0921,21:17:19,717732294324,120682,100,24039,2520,49
1784726239.2921,21:17:19,717732349623,120682,100,24039,2520,49
1784726239.4921,21:17:19,717732406351,217013,100,24039,2550,50
1784726239.6922,21:17:19,717732467608,217013,100,24039,2550,50
1784726239.8921,21:17:19,717732527768,217013,100,24039,2550,50
1784726240.0921,21:17:20,717732584741,317936,100,24039,2550,51
1784726240.2921,21:17:20,717732641202,317936,100,24039,2550,51
1784726240.4921,21:17:20,717732688218,309230,100,24039,2070,49
1784726240.6921,21:17:20,717732732754,309230,100,24039,2070,49
1784726240.8922,21:17:20,717732768013,309230,100,24039,2070,49
1784726241.0921,21:17:21,717732800059,263527,100,24039,765,46
1784726241.2921,21:17:21,717732828911,263527,100,24039,765,46
1784726241.4921,21:17:21,717732854205,195911,100,24039,270,43
1784726241.6921,21:17:21,717732872761,195911,100,24039,270,43
1784726241.8922,21:17:21,717732890302,195911,100,24039,270,43
1784726242.0922,21:17:22,717732907051,134355,100,24039,210,41
1784726242.2922,21:17:22,717732924926,134355,100,24039,210,41
1784726242.4922,21:17:22,717732943383,103362,100,24039,210,41
1784726242.6921,21:17:22,717732961807,103362,100,24039,210,41
1784726242.8921,21:17:22,717732980237,103362,100,24039,210,41
1784726243.0922,21:17:23,717732998646,97546,100,24039,210,41
1784726243.2922,21:17:23,717733017157,97546,100,24039,210,41
1784726243.4922,21:17:23,717733035551,99812,100,24039,210,41
1784726243.6921,21:17:23,717733053966,99812,100,24039,210,41
1784726243.8921,21:17:23,717733072756,99812,100,24039,210,41
1784726244.0921,21:17:24,717733094320,100348,100,24039,300,41
1784726244.2921,21:17:24,717733115926,100348,100,24039,300,41
1784726244.4922,21:17:24,717733138407,108217,100,24039,360,42
1784726244.6921,21:17:24,717733161685,108217,100,24039,360,42
1784726244.8922,21:17:24,717733185137,108217,100,24039,360,42
1784726245.0921,21:17:25,717733208793,119967,100,24039,360,42
1784726245.2921,21:17:25,717733232186,119967,100,24039,360,42
1784726245.4921,21:17:25,717733255719,126591,100,24039,360,42
1784726245.6921,21:17:25,717733278642,126591,100,24039,360,42
1784726245.8921,21:17:25,717733298210,126591,100,24039,360,42
1784726246.0921,21:17:26,717733318317,123220,100,24039,255,41
1784726246.2921,21:17:26,717733338375,123220,100,24039,255,41
1784726246.4921,21:17:26,717733358453,114748,100,24039,270,41
1784726246.6921,21:17:26,717733379793,114748,100,24039,270,41
1784726246.8921,21:17:26,717733401792,114748,100,24039,270,41
1784726247.0921,21:17:27,717733423896,112981,100,24039,315,41
1784726247.2921,21:17:27,717733442720,112981,100,24039,315,41
1784726247.4921,21:17:27,717733465970,115072,100,24039,360,41
1784726247.6922,21:17:27,717733488884,115072,100,24039,360,41
1784726247.8922,21:17:27,717733511792,115072,100,24039,360,41
1784726248.0922,21:17:28,717733530431,119994,100,24039,405,42
1784726248.2922,21:17:28,717733551593,119994,100,24039,405,42
1784726248.4921,21:17:28,717733578522,120992,100,24039,510,42
1784726248.6921,21:17:28,717733601654,120992,100,24039,510,42
1784726248.8921,21:17:28,717733627082,120992,100,24039,510,42
1784726249.0921,21:17:29,717733657643,125568,100,24039,600,43
1784726249.2921,21:17:29,717733689083,125568,100,24039,600,43
1784726249.4921,21:17:29,717733718058,151228,100,24039,525,43
1784726249.6921,21:17:29,717733739488,151228,100,24039,525,43
1784726249.8921,21:17:29,717733759448,151228,100,24039,525,43
1784726250.0921,21:17:30,717733779574,146020,100,24039,405,42
1784726250.2921,21:17:30,717733803213,146020,100,24039,405,42
1784726250.4921,21:17:30,717733825795,125027,100,24039,540,43
1784726250.6921,21:17:30,717733855622,125027,100,24039,540,43
1784726250.8922,21:17:30,717733882867,125027,100,24039,540,43
1784726251.0922,21:17:31,717733910354,133955,100,24039,570,43
1784726251.2921,21:17:31,717733939520,133955,100,24039,570,43
1784726251.4921,21:17:31,717733963303,147625,100,24039,645,43
1784726251.6922,21:17:31,717733993865,147625,100,24039,645,43
1784726251.8922,21:17:31,717734017945,147625,100,24039,645,43
1784726252.0922,21:17:32,717734049189,147250,100,24039,630,43
1784726252.2922,21:17:32,717734080063,147250,100,24039,630,43
1784726252.4922,21:17:32,717734112395,157367,100,24039,600,44
1784726252.6922,21:17:32,717734137780,157367,100,24039,600,44
1784726252.8922,21:17:32,717734164332,157367,100,24039,600,44
1784726253.0922,21:17:33,717734190509,159754,100,24039,495,43
1784726253.2922,21:17:33,717734216080,159754,100,24039,495,43
1784726253.4922,21:17:33,717734235968,146149,100,24039,405,42
1784726253.6922,21:17:33,717734255994,146149,100,24039,405,42
1784726253.8922,21:17:33,717734276800,146149,100,24039,405,42
1784726254.0922,21:17:34,717734302338,126061,100,24039,435,42
1784726254.2922,21:17:34,717734326866,126061,100,24039,435,42
1784726254.4922,21:17:34,717734351004,122591,100,24039,435,42
1784726254.6922,21:17:34,717734377865,122591,100,24039,435,42
1784726254.8922,21:17:34,717734405062,122591,100,24039,435,42
1784726255.0922,21:17:35,717734430983,140160,100,24039,435,42
1784726255.2921,21:17:35,717734453653,140160,100,24039,435,42
1784726255.4922,21:17:35,717734477099,139923,100,24039,405,42
1784726255.6922,21:17:35,717734501463,139923,100,24039,405,42
1784726255.8922,21:17:35,717734525122,139923,100,24039,405,42
1784726256.0922,21:17:36,717734548199,134863,100,24039,345,42
1784726256.2922,21:17:36,717734569983,134863,100,24039,345,42
1784726256.4922,21:17:36,717734590963,127789,100,24039,285,41
1784726256.6922,21:17:36,717734611888,127789,100,24039,285,41
1784726256.8922,21:17:36,717734632812,127789,100,24039,285,41
1784726257.0922,21:17:37,717734653790,120913,100,24039,285,41
1784726257.2922,21:17:37,717734673512,120913,100,24039,285,41
1784726257.4921,21:17:37,717734690218,112542,100,24039,300,41
1784726257.6922,21:17:37,717734712542,112542,100,24039,300,41
1784726257.8922,21:17:37,717734736661,112542,100,24039,300,41
1784726258.0921,21:17:38,717734762929,115318,100,24039,390,42
1784726258.2922,21:17:38,717734784839,115318,100,24039,390,42
1784726258.4922,21:17:38,717734805116,117659,100,24039,450,42
1784726258.6922,21:17:38,717734832430,117659,100,24039,450,42
1784726258.8922,21:17:38,717734860774,117659,100,24039,450,42
1784726259.0922,21:17:39,717734891683,127819,100,24039,525,42
1784726259.2922,21:17:39,717734922568,127819,100,24039,525,42
1784726259.4922,21:17:39,717734946793,139794,100,24039,510,43
1784726259.6922,21:17:39,717734976386,139794,100,24039,510,43
1784726259.8921,21:17:39,717735005597,139794,100,24039,510,43
1784726260.0921,21:17:40,717735032988,149383,100,24039,435,42
1784726260.2922,21:17:40,717735056418,149383,100,24039,435,42
1784726260.4922,21:17:40,717735080630,136127,100,24039,330,42
1784726260.6922,21:17:40,717735104272,136127,100,24039,330,42
1784726260.8921,21:17:40,717735125570,136127,100,24039,330,42
1784726261.0921,21:17:41,717735146871,124931,100,24039,255,41
1784726261.2922,21:17:41,717735167372,124931,100,24039,255,41
1784726261.4922,21:17:41,717735188523,113219,100,24039,255,41
1784726261.6922,21:17:41,717735209781,113219,100,24039,255,41
1784726261.8922,21:17:41,717735232546,113219,100,24039,255,41
1784726262.0922,21:17:42,717735254820,109753,100,24039,300,41
1784726262.2922,21:17:42,717735275063,109753,100,24039,300,41
1784726262.4922,21:17:42,717735292694,108651,100,24039,315,41
1784726262.6922,21:17:42,717735311407,108651,100,24039,315,41
1784726262.8922,21:17:42,717735372055,108651,100,24039,315,41
1784726263.0922,21:17:43,717735445730,142665,100,24039,2700,51
1784726263.2922,21:17:43,717735502542,142665,100,24039,2700,51
1784726263.4922,21:17:43,717735560941,242087,100,24039,1545,52
1784726263.6922,21:17:43,717735606753,242087,100,24039,1545,52
1784726263.8922,21:17:43,717735647436,242087,100,24039,1545,52
1784726264.0922,21:17:44,717735683419,286040,100,24039,615,45
1784726264.2922,21:17:44,717735714407,286040,100,24039,615,45
1784726264.4922,21:17:44,717735738484,208192,100,24039,285,42
1784726264.6922,21:17:44,717735759373,208192,100,24039,285,42
1784726264.8922,21:17:44,717735779034,208192,100,24039,285,42
1784726265.0922,21:17:45,717735798675,140588,100,24039,210,41
1784726265.2922,21:17:45,717735817852,140588,100,24039,210,41
1784726265.4922,21:17:45,717735837423,105749,100,24039,210,41
1784726265.6921,21:17:45,717735852536,105749,100,24039,210,41
1784726265.8921,21:17:45,717735867414,105749,100,24039,210,41
1784726266.0921,21:17:46,717735886064,91974,100,24039,210,41
1784726266.2922,21:17:46,717735907067,91974,100,24039,210,41
1784726266.4922,21:17:46,717735929170,93762,100,24039,315,41
1784726266.6922,21:17:46,717735948459,93762,100,24039,315,41
1784726266.8922,21:17:46,717735985110,93762,100,24039,315,41
1784726267.0922,21:17:47,717736052661,117311,100,24039,2520,51
1784726267.2922,21:17:47,717736126788,117311,100,24039,2520,51
1784726267.4922,21:17:47,717736202112,258616,100,24039,2505,53
1784726267.6922,21:17:47,717736261509,258616,100,24039,2505,53
1784726267.8922,21:17:47,717736318711,258616,100,24039,2505,53
1784726268.0922,21:17:48,717736362602,333740,100,24039,1260,48
1784726268.2922,21:17:48,717736398612,333740,100,24039,1260,48
1784726268.4922,21:17:48,717736432096,270341,100,24039,480,45
1784726268.6922,21:17:48,717736459709,270341,100,24039,480,45
1784726268.8922,21:17:48,717736485071,270341,100,24039,480,45
1784726269.0922,21:17:49,717736504460,177261,100,24039,225,42
1784726269.2922,21:17:49,717736523569,177261,100,24039,225,42
1784726269.4922,21:17:49,717736538987,123138,100,24039,210,41
1784726269.6922,21:17:49,717736553923,123138,100,24039,210,41
1784726269.8922,21:17:49,717736570529,123138,100,24039,210,41
1784726270.0922,21:17:50,717736589918,90712,100,24039,210,41
1784726270.2922,21:17:50,717736607488,90712,100,24039,210,41
1784726270.4922,21:17:50,717736623390,85634,100,24039,255,41
1784726270.6922,21:17:50,717736687892,85634,100,24039,255,41
1784726270.8922,21:17:50,717736752997,85634,100,24039,255,41
1784726271.0922,21:17:51,717736816244,180241,100,24039,2655,51
1784726271.2922,21:17:51,717736876568,180241,100,24039,2655,51
1784726271.4922,21:17:51,717736933817,279580,100,24039,2490,50
1784726271.6922,21:17:51,717736988004,279580,100,24039,2490,50
1784726271.8922,21:17:51,717737038167,279580,100,24039,2490,50
1784726272.0922,21:17:52,717737086011,299335,100,24039,2085,48
1784726272.2922,21:17:52,717737133415,299335,100,24039,2085,48
1784726272.4922,21:17:52,717737172281,258671,100,24039,795,46
1784726272.6922,21:17:52,717737206856,258671,100,24039,795,46
1784726272.8922,21:17:52,717737235691,258671,100,24039,795,46
1784726273.0922,21:17:53,717737259396,207381,100,24039,300,43
1784726273.2922,21:17:53,717737279456,207381,100,24039,300,43
1784726273.4922,21:17:53,717737298188,145644,100,24039,210,41
1784726273.6922,21:17:53,717737317376,145644,100,24039,210,41
1784726273.8922,21:17:53,717737336572,145644,100,24039,210,41
1784726274.0922,21:17:54,717737355785,107015,100,24039,210,41
1784726274.2922,21:17:54,717737374898,107015,100,24039,210,41
1784726274.4922,21:17:54,717737394072,98534,100,24039,210,41
1784726274.6922,21:17:54,717737413241,98534,100,24039,210,41
1784726274.8922,21:17:54,717737431855,98534,100,24039,210,41
1784726275.0922,21:17:55,717737450245,98062,100,24039,210,41
1784726275.2922,21:17:55,717737468548,98062,100,24039,210,41
1784726275.4922,21:17:55,717737486924,96281,100,24039,210,41
1784726275.6922,21:17:55,717737505307,96281,100,24039,210,41
1784726275.8922,21:17:55,717737523623,96281,100,24039,210,41
1784726276.0922,21:17:56,717737541838,94601,100,24039,210,41
1784726276.2922,21:17:56,717737560035,94601,100,24039,210,41
1784726276.4922,21:17:56,717737578263,94246,100,24039,210,40
1784726276.6922,21:17:56,717737596646,94246,100,24039,210,40
1784726276.8922,21:17:56,717737616466,94246,100,24039,210,40
1784726277.0922,21:17:57,717737638066,95710,100,24039,300,41
1784726277.2922,21:17:57,717737661846,95710,100,24039,300,41
1784726277.4922,21:17:57,717737685166,106669,100,24039,330,41
1784726277.6922,21:17:57,717737707106,106669,100,24039,330,41
1784726277.8922,21:17:57,717737728845,106669,100,24039,330,41
1784726278.0922,21:17:58,717737750780,115198,100,24039,315,41
1784726278.2922,21:17:58,717737772790,115198,100,24039,315,41
1784726278.4922,21:17:58,717737792395,113312,100,24039,240,41
1784726278.6922,21:17:58,717737811265,113312,100,24039,240,41
1784726278.8922,21:17:58,717737830130,113312,100,24039,240,41
1784726279.0922,21:17:59,717737850400,105222,100,24039,270,40
1784726279.2922,21:17:59,717737871195,105222,100,24039,270,40
1784726279.4922,21:17:59,717737893502,103065,100,24039,345,41
1784726279.6922,21:17:59,717737916454,103065,100,24039,345,41
1784726279.8922,21:17:59,717737939243,103065,100,24039,345,41
1784726280.0922,21:18:00,717737962057,111854,100,24039,345,41
1784726280.2922,21:18:00,717737984819,111854,100,24039,345,41
1784726280.4922,21:18:00,717738007940,118176,100,24039,345,41
1784726280.6922,21:18:00,717738030792,118176,100,24039,345,41
1784726280.8922,21:18:00,717738053590,118176,100,24039,345,41
1784726281.0922,21:18:01,717738076355,118591,100,24039,345,41
1784726281.2922,21:18:01,717738099110,118591,100,24039,345,41
1784726281.4922,21:18:01,717738122019,118725,100,24039,345,41
1784726281.6922,21:18:01,717738143302,118725,100,24039,345,41
1784726281.8922,21:18:01,717738163186,118725,100,24039,345,41
1784726282.0922,21:18:02,717738183082,114275,100,24039,255,41
1784726282.2922,21:18:02,717738202981,114275,100,24039,255,41
1784726282.4922,21:18:02,717738222781,107478,100,24039,255,40
1784726282.6922,21:18:02,717738242770,107478,100,24039,255,40
1784726282.8922,21:18:02,717738262629,107478,100,24039,255,40
1784726283.0922,21:18:03,717738282993,103464,100,24039,255,40
1784726283.2922,21:18:03,717738305075,103464,100,24039,255,40
1784726283.4922,21:18:03,717738328832,107838,100,24039,390,41
1784726283.6922,21:18:03,717738352798,107838,100,24039,390,41
1784726283.8922,21:18:03,717738377048,107838,100,24039,390,41
1784726284.0922,21:18:04,717738401457,118029,100,24039,405,41
1784726284.2922,21:18:04,717738425865,118029,100,24039,405,41
1784726284.4922,21:18:04,717738449867,126390,100,24039,330,41
1784726284.6922,21:18:04,717738471788,126390,100,24039,330,41
1784726284.8922,21:18:04,717738491544,126390,100,24039,330,41
1784726285.0922,21:18:05,717738510203,120136,100,24039,210,40
1784726285.2922,21:18:05,717738529556,120136,100,24039,210,40
1784726285.4922,21:18:05,717738549531,107907,100,24039,300,40
1784726285.6922,21:18:05,717738571302,107907,100,24039,300,40
1784726285.8922,21:18:05,717738594808,107907,100,24039,300,40
1784726286.0922,21:18:06,717738618548,107756,100,24039,375,41
1784726286.2922,21:18:06,717738642335,107756,100,24039,375,41
1784726286.4922,21:18:06,717738666075,118995,100,24039,375,41
1784726286.6922,21:18:06,717738689792,118995,100,24039,375,41
1784726286.8922,21:18:06,717738710843,118995,100,24039,375,41
1784726287.0922,21:18:07,717738732167,121714,100,24039,300,41
1784726287.2922,21:18:07,717738753499,121714,100,24039,300,41
1784726287.4922,21:18:07,717738774737,115973,100,24039,300,41
1784726287.6922,21:18:07,717738796080,115973,100,24039,300,41
1784726287.8922,21:18:07,717738817425,115973,100,24039,300,41
1784726288.0922,21:18:08,717738838690,111655,100,24039,300,40
1784726288.2922,21:18:08,717738859397,111655,100,24039,300,40
1784726288.4922,21:18:08,717738881344,111579,100,24039,330,41
1784726288.6922,21:18:08,717738904557,111579,100,24039,330,41
1784726288.8922,21:18:08,717738928189,111579,100,24039,330,41
1784726289.0922,21:18:09,717738951769,116312,100,24039,315,41
1784726289.2922,21:18:09,717738975257,116312,100,24039,315,41
1784726289.4922,21:18:09,717738998818,122335,100,24039,315,41
1784726289.6922,21:18:09,717739022258,122335,100,24039,315,41
1784726289.8922,21:18:09,717739045855,122335,100,24039,315,41
1784726290.0922,21:18:10,717739067922,124047,100,24039,255,41
1784726290.2922,21:18:10,717739089148,124047,100,24039,255,41
1784726290.4922,21:18:10,717739110118,119334,100,24039,240,40
1784726290.6922,21:18:10,717739130900,119334,100,24039,240,40
1784726290.8921,21:18:10,717739151544,119334,100,24039,240,40
1784726291.0921,21:18:11,717739173092,112725,100,24039,255,40
1784726291.2922,21:18:11,717739195885,112725,100,24039,255,40
1784726291.4922,21:18:11,717739218622,113468,100,24039,300,41
1784726291.6922,21:18:11,717739241635,113468,100,24039,300,41
1784726291.8921,21:18:11,717739264427,113468,100,24039,300,41
1784726292.0922,21:18:12,717739287179,118539,100,24039,300,41
1784726292.2922,21:18:12,717739310010,118539,100,24039,300,41
1784726292.4922,21:18:12,717739332766,120783,100,24039,315,41
1784726292.6922,21:18:12,717739355850,120783,100,24039,315,41
1784726292.8922,21:18:12,717739379003,120783,100,24039,315,41
1784726293.0922,21:18:13,717739402203,121380,100,24039,315,41
1784726293.2922,21:18:13,717739425329,121380,100,24039,315,41
1784726293.4922,21:18:13,717739448330,122286,100,24039,315,41
1784726293.6922,21:18:13,717739471442,122286,100,24039,315,41
1784726293.8922,21:18:13,717739494582,122286,100,24039,315,41
1784726294.0922,21:18:14,717739517725,122666,100,24039,315,41
1784726294.2922,21:18:14,717739541843,122666,100,24039,315,41
1784726294.4922,21:18:14,717739566245,124251,100,24039,240,41
1784726294.6922,21:18:14,717739590704,124251,100,24039,240,41
1784726294.8922,21:18:14,717739614175,124251,100,24039,240,41
1784726295.0922,21:18:15,717739637693,126743,100,24039,210,41
1784726295.2922,21:18:15,717739661095,126743,100,24039,210,41
1784726295.4922,21:18:15,717739684488,126126,100,24039,210,41
1784726295.6922,21:18:15,717739707940,126126,100,24039,210,41
1784726295.8922,21:18:15,717739731377,126126,100,24039,210,41
1784726296.0922,21:18:16,717739754807,124774,100,24039,210,41
1784726296.2922,21:18:16,717739778263,124774,100,24039,210,41
1784726296.4922,21:18:16,717739799731,122255,100,24039,870,41
1784726296.6922,21:18:16,717739808487,122255,100,24039,870,41
1784726296.8922,21:18:16,717739817150,122255,100,24039,870,41
1784726297.0922,21:18:17,717739825587,86592,100,24039,210,38
1784726297.2922,21:18:17,717739836177,86592,100,24039,210,38
1784726297.4922,21:18:17,717739847736,61335,0,24039,2520,39
1784726297.6922,21:18:17,717739856628,61335,0,24039,2520,39
1784726297.8922,21:18:17,717739865514,61335,0,24039,2520,39
1784726298.0922,21:18:18,717739874426,61335,0,24039,2520,39
1784726298.2922,21:18:18,717739883357,61335,0,24039,2520,39
1784726298.4922,21:18:18,717739892278,61586,0,24039,2520,39
1784726298.6922,21:18:18,717739901159,61586,0,24039,2520,39
1784726298.8922,21:18:18,717739910025,61586,0,24039,2520,39
1784726299.0922,21:18:19,717739918875,61586,0,24039,2520,39
1784726299.2922,21:18:19,717739927730,61586,0,24039,2520,39
1784726299.4922,21:18:19,717739936599,61507,0,24039,2520,39
1784726299.6922,21:18:19,717739945462,61507,0,24039,2520,39
1784726299.8922,21:18:19,717739954286,61507,0,24039,2520,39
1784726300.0922,21:18:20,717739963106,61507,0,24039,2520,39
1784726300.2922,21:18:20,717739971940,61507,0,24039,2520,39
1784726300.4922,21:18:20,717739980785,61434,0,24039,2520,39
1784726300.6922,21:18:20,717739989602,61434,0,24039,2520,39
1784726300.8922,21:18:20,717739998416,61434,0,24039,2520,39
1784726301.0922,21:18:21,717740007247,61434,0,24039,2520,39
1784726301.2922,21:18:21,717740016083,61434,0,24039,2520,39
1784726301.4922,21:18:21,717740024948,61445,0,24039,2520,39
1784726301.6922,21:18:21,717740033766,61445,0,24039,2520,39
1784726301.8922,21:18:21,717740042586,61445,0,24039,2520,39
1784726302.0922,21:18:22,717740051408,61445,0,24039,2520,39
1784726302.2922,21:18:22,717740060235,61445,0,24039,2520,39
1784726302.4922,21:18:22,717740069067,61531,0,24039,2520,38
1784726302.6922,21:18:22,717740077894,61531,0,24039,2520,38
1784726302.8922,21:18:22,717740086694,61531,0,24039,2520,38
1784726303.0922,21:18:23,717740095495,61531,0,24039,2520,38
1784726303.2922,21:18:23,717740104265,61531,0,24039,2520,38
1784726303.4922,21:18:23,717740113058,61576,0,24039,2520,38
1784726303.6922,21:18:23,717740121835,61576,0,24039,2520,38
1784726303.8922,21:18:23,717740130582,61576,0,24039,2520,38
1784726304.0922,21:18:24,717740139363,61576,0,24039,2520,38
1784726304.2922,21:18:24,717740148157,61576,0,24039,2520,38
1784726304.4922,21:18:24,717740156937,61529,0,24039,2520,38
1784726304.6922,21:18:24,717740165702,61529,0,24039,2520,38
1784726304.8922,21:18:24,717740174463,61529,0,24039,2520,38
1784726305.0922,21:18:25,717740183238,61529,0,24039,2520,38
1784726305.2922,21:18:25,717740192002,61529,0,24039,2520,38
1784726305.4922,21:18:25,717740200779,61560,0,24039,2520,38
1784726305.6922,21:18:25,717740209533,61560,0,24039,2520,38
1784726305.8922,21:18:25,717740218312,61560,0,24039,2520,38
1784726306.0922,21:18:26,717740227075,61560,0,24039,2520,38
1784726306.2922,21:18:26,717740235851,61560,0,24039,2520,38
1784726306.4922,21:18:26,717740244620,61667,0,24039,2520,38
1784726306.6922,21:18:26,717740253353,61667,0,24039,2520,38
1784726306.8922,21:18:26,717740262073,61667,0,24039,2520,38
1784726307.0922,21:18:27,717740270791,61667,0,24039,2520,38
1784726307.2921,21:18:27,717740279490,61667,0,24039,2520,38
1784726307.4922,21:18:27,717740288213,61631,0,24039,2520,38
1784726307.6922,21:18:27,717740296918,61631,0,24039,2520,38
1784726307.8922,21:18:27,717740305607,61631,0,24039,2520,38
1784726308.0922,21:18:28,717740314306,61631,0,24039,2520,38
1784726308.2922,21:18:28,717740323007,61631,0,24039,2520,38
1784726308.4922,21:18:28,717740331726,61547,0,24039,2520,38
1784726308.6922,21:18:28,717740340443,61547,0,24039,2520,38
1784726308.8922,21:18:28,717740349184,61547,0,24039,2520,38
1784726309.0922,21:18:29,717740357916,61547,0,24039,2520,38
1784726309.2922,21:18:29,717740366645,61547,0,24039,2520,38
1784726309.4922,21:18:29,717740375375,61700,0,24039,2520,38
1784726309.6922,21:18:29,717740384100,61700,0,24039,2520,38
1784726309.8922,21:18:29,717740392793,61700,0,24039,2520,38
1784726310.0922,21:18:30,717740401472,61700,0,24039,2520,38
1784726310.2922,21:18:30,717740410140,61700,0,24039,2520,38
1784726310.4922,21:18:30,717740418833,61847,0,24039,2520,38
1784726310.6922,21:18:30,717740427498,61847,0,24039,2520,38
1784726310.8922,21:18:30,717740436133,61847,0,24039,2520,38
1784726311.0922,21:18:31,717740444755,61847,0,24039,2520,38
1784726311.2922,21:18:31,717740453373,61847,0,24039,2520,38
1784726311.4922,21:18:31,717740475539,74960,72,24039,2520,40
1784726311.6922,21:18:31,717740545921,74960,72,24039,2520,40
1784726311.8922,21:18:31,717740633726,74960,72,24039,2520,40
1784726312.0922,21:18:32,717740720772,190278,72,24039,2565,62
1784726312.2922,21:18:32,717740808314,190278,72,24039,2565,62
1784726312.4922,21:18:32,717740889626,431921,100,24039,2475,61
1784726312.6922,21:18:32,717740968765,431921,100,24039,2475,61
1784726312.8922,21:18:32,717741039877,431921,100,24039,2475,61
1784726313.0922,21:18:33,717741102434,427037,100,24039,2685,53
1784726313.2922,21:18:33,717741164550,427037,100,24039,2685,53
1784726313.4922,21:18:33,717741225823,371384,100,24039,2685,51
1784726313.6922,21:18:33,717741287070,371384,100,24039,2685,51
1784726313.8922,21:18:33,717741348272,371384,100,24039,2685,51
1784726314.0922,21:18:34,717741409479,339488,100,24039,2685,51
1784726314.2922,21:18:34,717741470720,339488,100,24039,2685,51
1784726314.4922,21:18:34,717741531766,337159,100,24039,2685,51
1784726314.6922,21:18:34,717741591593,337159,100,24039,2685,51
1784726314.8922,21:18:34,717741650100,337159,100,24039,2685,51
1784726315.0922,21:18:35,717741705555,333114,100,24039,2565,51
1784726315.2922,21:18:35,717741758169,333114,100,24039,2565,51
1784726315.4922,21:18:35,717741807732,307806,100,24039,2355,48
1784726315.6922,21:18:35,717741853937,307806,100,24039,2355,48
1784726315.8922,21:18:35,717741897387,307806,100,24039,2355,48
1784726316.0922,21:18:36,717741937779,269746,100,24039,1500,46
1784726316.2922,21:18:36,717741972229,269746,100,24039,1500,46
1784726316.4922,21:18:36,717742001180,218949,100,24039,465,44
1784726316.6922,21:18:36,717742026801,218949,100,24039,465,44
1784726316.8922,21:18:36,717742050662,218949,100,24039,465,44
1784726317.0922,21:18:37,717742073392,165704,100,24039,360,42
1784726317.2922,21:18:37,717742096020,165704,100,24039,360,42
1784726317.4922,21:18:37,717742118609,131467,100,24039,360,42
1784726317.6922,21:18:37,717742141676,131467,100,24039,360,42
1784726317.8922,21:18:37,717742166186,131467,100,24039,360,42
1784726318.0922,21:18:38,717742191871,129197,100,24039,450,42
1784726318.2922,21:18:38,717742219646,129197,100,24039,450,42
1784726318.4922,21:18:38,717742248584,142315,100,24039,630,43
1784726318.6922,21:18:38,717742277685,142315,100,24039,630,43
1784726318.8922,21:18:38,717742306766,142315,100,24039,630,43
1784726319.0922,21:18:39,717742336010,156478,100,24039,615,43
1784726319.2922,21:18:39,717742365116,156478,100,24039,615,43
1784726319.4922,21:18:39,717742394152,161362,100,24039,615,43
1784726319.6922,21:18:39,717742423203,161362,100,24039,615,43
1784726319.8922,21:18:39,717742452172,161362,100,24039,615,43
1784726320.0922,21:18:40,717742481354,161282,100,24039,615,43
1784726320.2922,21:18:40,717742512935,161282,100,24039,615,43
1784726320.4922,21:18:40,717742542681,159746,100,24039,495,43
1784726320.6922,21:18:40,717742569880,159746,100,24039,495,43
1784726320.8922,21:18:40,717742597027,159746,100,24039,495,43
1784726321.0922,21:18:41,717742624199,149904,100,24039,465,42
1784726321.2922,21:18:41,717742651260,149904,100,24039,465,42
1784726321.4922,21:18:41,717742676216,138342,100,24039,390,42
1784726321.6922,21:18:41,717742700946,138342,100,24039,390,42
1784726321.8922,21:18:41,717742725614,138342,100,24039,390,42
1784726322.0922,21:18:42,717742751297,131836,100,24039,435,42
1784726322.2922,21:18:42,717742777755,131836,100,24039,435,42
1784726322.4922,21:18:42,717742804477,131318,100,24039,450,42
1784726322.6922,21:18:42,717742831159,131318,100,24039,450,42
1784726322.8922,21:18:42,717742857820,131318,100,24039,450,42
1784726323.0922,21:18:43,717742884480,135918,100,24039,450,42
1784726323.2922,21:18:43,717742911204,135918,100,24039,450,42
1784726323.4922,21:18:43,717742937814,136963,100,24039,480,42
1784726323.6922,21:18:43,717742965042,136963,100,24039,480,42
1784726323.8922,21:18:43,717742992449,136963,100,24039,480,42
1784726324.0922,21:18:44,717743018512,138362,100,24039,405,42
1784726324.2922,21:18:44,717743042080,138362,100,24039,405,42
1784726324.4922,21:18:44,717743063933,130424,100,24039,315,41
1784726324.6922,21:18:44,717743086397,130424,100,24039,315,41
1784726324.8922,21:18:44,717743108966,130424,100,24039,315,41
1784726325.0922,21:18:45,717743131697,119285,100,24039,315,41
1784726325.2922,21:18:45,717743155732,119285,100,24039,315,41
1784726325.4922,21:18:45,717743179767,118554,100,24039,360,41
1784726325.6922,21:18:45,717743204476,118554,100,24039,360,41
1784726325.8922,21:18:45,717743231238,118554,100,24039,360,41
1784726326.0922,21:18:46,717743259123,127269,100,24039,480,42
1784726326.2922,21:18:46,717743286934,127269,100,24039,480,42
1784726326.4922,21:18:46,717743314871,137377,100,24039,480,42
1784726326.6922,21:18:46,717743342711,137377,100,24039,480,42
1784726326.8922,21:18:46,717743370018,137377,100,24039,480,42
1784726327.0922,21:18:47,717743394998,141177,100,24039,390,42
1784726327.2922,21:18:47,717743420058,141177,100,24039,390,42
1784726327.4922,21:18:47,717743444631,134031,100,24039,330,41
1784726327.6922,21:18:47,717743467625,134031,100,24039,330,41
1784726327.8922,21:18:47,717743490597,134031,100,24039,330,41
1784726328.0922,21:18:48,717743513602,123222,100,24039,330,41
1784726328.2922,21:18:48,717743536604,123222,100,24039,330,41
1784726328.4922,21:18:48,717743559535,118483,100,24039,345,41
1784726328.6922,21:18:48,717743584967,118483,100,24039,345,41
1784726328.8922,21:18:48,717743611826,118483,100,24039,345,41
1784726329.0922,21:18:49,717743638815,125910,100,24039,375,41
1784726329.2922,21:18:49,717743665819,125910,100,24039,375,41
1784726329.4922,21:18:49,717743692658,135123,100,24039,375,41
1784726329.6921,21:18:49,717743719451,135123,100,24039,375,41
1784726329.8922,21:18:49,717743744471,135123,100,24039,375,41
1784726330.0922,21:18:50,717743766486,134171,100,24039,240,41
1784726330.2922,21:18:50,717743787603,134171,100,24039,240,41
1784726330.4922,21:18:50,717743808741,120757,100,24039,225,40
1784726330.6922,21:18:50,717743829859,120757,100,24039,225,40
1784726330.8922,21:18:50,717743850945,120757,100,24039,225,40
1784726331.0922,21:18:51,717743871968,109133,100,24039,225,40
1784726331.2922,21:18:51,717743892984,109133,100,24039,225,40
1784726331.4922,21:18:51,717743914022,108129,100,24039,225,40
1784726331.6922,21:18:51,717743935050,108129,100,24039,225,40
1784726331.8922,21:18:51,717743957227,108129,100,24039,225,40
1784726332.0922,21:18:52,717743980939,110289,100,24039,300,41
1784726332.2922,21:18:52,717744004685,110289,100,24039,300,41
1784726332.4922,21:18:52,717744028430,116614,100,24039,300,41
1784726332.6922,21:18:52,717744052242,116614,100,24039,300,41
1784726332.8922,21:18:52,717744076588,116614,100,24039,300,41
1784726333.0922,21:18:53,717744101665,123096,100,24039,330,41
1784726333.2922,21:18:53,717744127349,123096,100,24039,330,41
1784726333.4922,21:18:53,717744153069,127345,100,24039,330,41
1784726333.6922,21:18:53,717744176963,127345,100,24039,330,41
1784726333.8922,21:18:53,717744199390,127345,100,24039,330,41
1784726334.0922,21:18:54,717744221813,125040,100,24039,270,41
1784726334.2922,21:18:54,717744244319,125040,100,24039,270,41
1784726334.4922,21:18:54,717744266760,118055,100,24039,270,41
1784726334.6922,21:18:54,717744289173,118055,100,24039,270,41
1784726334.8922,21:18:54,717744311625,118055,100,24039,270,41
1784726335.0922,21:18:55,717744334103,115350,100,24039,270,41
1784726335.2922,21:18:55,717744356501,115350,100,24039,270,41
1784726335.4922,21:18:55,717744378804,115196,100,24039,270,40
1784726335.6922,21:18:55,717744401304,115196,100,24039,270,40
1784726335.8922,21:18:55,717744424068,115196,100,24039,270,40
1784726336.0922,21:18:56,717744446874,115704,100,24039,285,41
1784726336.2922,21:18:56,717744469573,115704,100,24039,285,41
1784726336.4922,21:18:56,717744492332,116480,100,24039,285,40
1784726336.6922,21:18:56,717744515047,116480,100,24039,285,40
1784726336.8922,21:18:56,717744537771,116480,100,24039,285,40
1784726337.0922,21:18:57,717744560474,116976,100,24039,285,40
1784726337.2922,21:18:57,717744583154,116976,100,24039,285,40
1784726337.4922,21:18:57,717744605870,117006,100,24039,285,40
1784726337.6922,21:18:57,717744628527,117006,100,24039,285,40
1784726337.8922,21:18:57,717744651219,117006,100,24039,285,40
1784726338.0922,21:18:58,717744674653,116982,100,24039,285,40
1784726338.2922,21:18:58,717744698939,116982,100,24039,285,40
1784726338.4922,21:18:58,717744723209,120756,100,24039,210,41
1784726338.6922,21:18:58,717744747444,120756,100,24039,210,41
1784726338.8922,21:18:58,717744771772,120756,100,24039,210,41
1784726339.0922,21:18:59,717744796087,124591,100,24039,210,41
1784726339.2922,21:18:59,717744820427,124591,100,24039,210,41
1784726339.4922,21:18:59,717744837540,119002,0,24039,2430,40
1784726339.6922,21:18:59,717744849555,119002,0,24039,2430,40
1784726339.8922,21:18:59,717744861597,119002,0,24039,2430,40
1784726340.0922,21:19:00,717744873603,90279,0,24039,2520,39
1784726340.2922,21:19:00,717744885615,90279,0,24039,2520,39
1784726340.4922,21:19:00,717744897607,67140,0,24039,2520,39
1784726340.6922,21:19:00,717744905671,67140,0,24039,2520,39
1784726340.8922,21:19:00,717744913729,67140,0,24039,2520,39
1784726341.0922,21:19:01,717744921765,67140,0,24039,2520,39
1784726341.2922,21:19:01,717744929822,67140,0,24039,2520,39
1784726341.4922,21:19:01,717744937895,61662,0,24039,2520,39
1784726341.6922,21:19:01,717744945958,61662,0,24039,2520,39
1784726341.8922,21:19:01,717744954026,61662,0,24039,2520,39
1784726342.0922,21:19:02,717744962075,61662,0,24039,2520,39
1784726342.2922,21:19:02,717744970115,61662,0,24039,2520,39
1784726342.4922,21:19:02,717744978171,61664,0,24039,2520,39
1784726342.6922,21:19:02,717744986230,61664,0,24039,2520,39
1784726342.8922,21:19:02,717744994271,61664,0,24039,2520,39
1784726343.0922,21:19:03,717745002260,61664,0,24039,2520,39
1784726343.2922,21:19:03,717745010267,61664,0,24039,2520,39
1784726343.4922,21:19:03,717745018268,61666,0,24039,2520,39
1784726343.6922,21:19:03,717745026247,61666,0,24039,2520,39
1784726343.8922,21:19:03,717745034212,61666,0,24039,2520,39
1784726344.0922,21:19:04,717745042165,61666,0,24039,2520,39
1784726344.2922,21:19:04,717745050181,61666,0,24039,2520,39
1784726344.4922,21:19:04,717745058155,61533,0,24039,2520,38
1784726344.6922,21:19:04,717745066110,61533,0,24039,2520,38
1784726344.8922,21:19:04,717745074028,61533,0,24039,2520,38
1784726345.0922,21:19:05,717745081951,61533,0,24039,2520,38
1784726345.2922,21:19:05,717745089900,61533,0,24039,2520,38
1784726345.4922,21:19:05,717745097854,61355,0,24039,2520,38
1784726345.6922,21:19:05,717745105834,61355,0,24039,2520,38
1784726345.8922,21:19:05,717745113746,61355,0,24039,2520,38
1784726346.0922,21:19:06,717745121659,61355,0,24039,2520,38
1784726346.2922,21:19:06,717745129571,61355,0,24039,2520,38
1784726346.4922,21:19:06,717745137485,61323,0,24039,2520,38
1784726346.6922,21:19:06,717745145386,61323,0,24039,2520,38
1784726346.8922,21:19:06,717745153297,61323,0,24039,2520,38
1784726347.0922,21:19:07,717745161206,61323,0,24039,2520,38
1784726347.2922,21:19:07,717745169116,61323,0,24039,2520,38
1784726347.4922,21:19:07,717745177019,61352,0,24039,2520,38
1784726347.6922,21:19:07,717745184925,61352,0,24039,2520,38
1784726347.8922,21:19:07,717745192825,61352,0,24039,2520,38
1784726348.0922,21:19:08,717745200749,61352,0,24039,2520,38
1784726348.2922,21:19:08,717745208637,61352,0,24039,2520,38
1784726348.4922,21:19:08,717745216554,61381,0,24039,2520,38
1784726348.6922,21:19:08,717745224456,61381,0,24039,2520,38
1784726348.8922,21:19:08,717745232352,61381,0,24039,2520,38
1784726349.0922,21:19:09,717745240247,61381,0,24039,2520,38
1784726349.2922,21:19:09,717745248139,61381,0,24039,2520,38
1784726349.4922,21:19:09,717745256027,61516,0,24039,2520,38
1784726349.6922,21:19:09,717745263903,61516,0,24039,2520,38
1784726349.8922,21:19:09,717745271770,61516,0,24039,2520,38
1784726350.0922,21:19:10,717745279638,61516,0,24039,2520,38
1784726350.2922,21:19:10,717745287476,61516,0,24039,2520,38
1784726350.4922,21:19:10,717745295350,61566,0,24039,2520,38
1784726350.6922,21:19:10,717745303188,61566,0,24039,2520,38
1784726350.8922,21:19:10,717745311029,61566,0,24039,2520,38
1784726351.0922,21:19:11,717745318851,61566,0,24039,2520,38
1784726351.2922,21:19:11,717745326676,61566,0,24039,2520,38
1784726351.4922,21:19:11,717745334488,61459,0,24039,2520,38
1784726351.6922,21:19:11,717745342274,61459,0,24039,2520,38
1784726351.8922,21:19:11,717745350106,61459,0,24039,2520,38
1784726352.0922,21:19:12,717745357936,61459,0,24039,2520,38
1784726352.2922,21:19:12,717745365735,61459,0,24039,2520,38
1784726352.4922,21:19:12,717745373545,61373,0,24039,2520,38
1784726352.6922,21:19:12,717745381339,61373,0,24039,2520,38
1784726352.8922,21:19:12,717745389149,61373,0,24039,2520,38
1784726353.0922,21:19:13,717745396937,61373,0,24039,2520,38
1784726353.2922,21:19:13,717745404739,61373,0,24039,2520,38
1784726353.4922,21:19:13,717745412548,61390,0,24039,2520,38
1784726353.6922,21:19:13,717745420359,61390,0,24039,2520,38
1784726353.8922,21:19:13,717745428143,61390,0,24039,2520,38
1784726354.0922,21:19:14,717745435938,61390,0,24039,2520,38
1784726354.2922,21:19:14,717745443727,61390,0,24039,2520,38
1784726354.4921,21:19:14,717745479113,86589,97,24039,2520,42
1784726354.6922,21:19:14,717745540632,86589,97,24039,2520,42
1784726354.8922,21:19:14,717745616811,86589,97,24039,2520,42
1784726355.0922,21:19:15,717745696535,178561,97,24039,2565,58
1784726355.2922,21:19:15,717745772240,178561,97,24039,2565,58
1784726355.4922,21:19:15,717745850564,384764,100,24039,2625,56
1784726355.6922,21:19:15,717745922233,384764,100,24039,2625,56
1784726355.8922,21:19:15,717745996683,384764,100,24039,2625,56
1784726356.0922,21:19:16,717746070479,402166,100,24039,2685,53
1784726356.2922,21:19:16,717746136816,402166,100,24039,2685,53
1784726356.4922,21:19:16,717746211589,387947,100,24039,2655,53
1784726356.6922,21:19:16,717746283792,387947,100,24039,2655,53
1784726356.8922,21:19:16,717746362217,387947,100,24039,2655,53
1784726357.0922,21:19:17,717746437521,387889,100,24039,2685,58
1784726357.2922,21:19:17,717746512925,387889,100,24039,2685,58
1784726357.4922,21:19:17,717746581908,387940,100,24039,2685,54
1784726357.6922,21:19:17,717746652177,387940,100,24039,2685,54
1784726357.8922,21:19:17,717746730548,387940,100,24039,2685,54
1784726358.0922,21:19:18,717746794049,381948,100,24039,2655,54
1784726358.2922,21:19:18,717746853053,381948,100,24039,2655,54
1784726358.4922,21:19:18,717746905960,346446,100,24039,1875,49
1784726358.6922,21:19:18,717746954881,346446,100,24039,1875,49
1784726358.8922,21:19:18,717746994370,346446,100,24039,1875,49
1784726359.0922,21:19:19,717747032014,276595,100,24039,705,46
1784726359.2922,21:19:19,717747062488,276595,100,24039,705,46
1784726359.4922,21:19:19,717747083569,196619,100,24039,465,44
1784726359.6922,21:19:19,717747116252,196619,100,24039,465,44
1784726359.8922,21:19:19,717747184684,196619,100,24039,465,44
1784726360.0922,21:19:20,717747252815,219841,100,24039,2550,52
1784726360.2922,21:19:20,717747329313,219841,100,24039,2550,52
1784726360.4922,21:19:20,717747386285,322994,100,24039,2355,52
1784726360.6922,21:19:20,717747437820,322994,100,24039,2355,52
1784726360.8922,21:19:20,717747486248,322994,100,24039,2355,52
1784726361.0922,21:19:21,717747541074,320095,100,24039,2460,51
1784726361.2922,21:19:21,717747590297,320095,100,24039,2460,51
1784726361.4922,21:19:21,717747637954,271820,100,24039,1380,48
1784726361.6922,21:19:21,717747681364,271820,100,24039,1380,48
1784726361.8922,21:19:21,717747713873,271820,100,24039,1380,48
1784726362.0922,21:19:22,717747747716,238282,100,24039,765,46
1784726362.2922,21:19:22,717747776341,238282,100,24039,765,46
1784726362.4922,21:19:22,717747799130,181744,100,24039,600,45
1784726362.6922,21:19:22,717747824237,181744,100,24039,600,45
1784726362.8922,21:19:22,717747848516,181744,100,24039,600,45
1784726363.0922,21:19:23,717747880027,146812,100,24039,660,45
1784726363.2922,21:19:23,717747914281,146812,100,24039,660,45
1784726363.4922,21:19:23,717747949271,157647,100,24039,720,45
1784726363.6922,21:19:23,717747984418,157647,100,24039,720,45
1784726363.8922,21:19:23,717748018155,157647,100,24039,720,45
1784726364.0922,21:19:24,717748050391,181794,100,24039,600,45
1784726364.2922,21:19:24,717748077998,181794,100,24039,600,45
1784726364.4922,21:19:24,717748099357,163352,100,24039,480,44
1784726364.6922,21:19:24,717748123263,163352,100,24039,480,44
1784726364.8922,21:19:24,717748146442,163352,100,24039,480,44
1784726365.0922,21:19:25,717748176951,140477,100,24039,585,44
1784726365.2922,21:19:25,717748207161,140477,100,24039,585,44
1784726365.4922,21:19:25,717748236975,145968,100,24039,600,44
1784726365.6922,21:19:25,717748266732,145968,100,24039,600,44
1784726365.8922,21:19:25,717748298644,145968,100,24039,600,44
1784726366.0922,21:19:26,717748329279,164513,100,24039,555,44
1784726366.2922,21:19:26,717748355992,164513,100,24039,555,44
1784726366.4922,21:19:26,717748381219,158061,100,24039,465,43
1784726366.6922,21:19:26,717748403591,158061,100,24039,465,43
1784726366.8922,21:19:26,717748422870,158061,100,24039,465,43
1784726367.0922,21:19:27,717748447280,133177,100,24039,480,43
1784726367.2922,21:19:27,717748475089,133177,100,24039,480,43
1784726367.4922,21:19:27,717748497313,125226,100,24039,510,43
1784726367.6922,21:19:27,717748524515,125226,100,24039,510,43
1784726367.8922,21:19:27,717748552770,125226,100,24039,510,43
1784726368.0922,21:19:28,717748585372,145046,100,24039,630,44
1784726368.2922,21:19:28,717748615163,145046,100,24039,630,44
1784726368.4922,21:19:28,717748646702,159752,100,24039,630,44
1784726368.6922,21:19:28,717748676898,159752,100,24039,630,44
1784726368.8922,21:19:28,717748706959,159752,100,24039,630,44
1784726369.0922,21:19:29,717748735049,166397,100,24039,495,43
1784726369.2922,21:19:29,717748761183,166397,100,24039,495,43
1784726369.4922,21:19:29,717748785723,152967,100,24039,345,43
1784726369.6922,21:19:29,717748807276,152967,100,24039,345,43
1784726369.8922,21:19:29,717748824953,152967,100,24039,345,43
1784726370.0922,21:19:30,717748843321,125302,100,24039,360,42
1784726370.2922,21:19:30,717748867995,125302,100,24039,360,42
1784726370.4922,21:19:30,717748894126,119576,100,24039,465,42
1784726370.6922,21:19:30,717748921535,119576,100,24039,465,42
1784726370.8922,21:19:30,717748945316,119576,100,24039,465,42
1784726371.0922,21:19:31,717748966851,130821,100,24039,480,43
1784726371.2922,21:19:31,717748987867,130821,100,24039,480,43
1784726371.4922,21:19:31,717749012230,130513,100,24039,1725,43
1784726371.6922,21:19:31,717749069591,130513,100,24039,1725,43
1784726371.8922,21:19:31,717749129397,130513,100,24039,1725,43
1784726372.0922,21:19:32,717749192317,213716,100,24039,2565,53
1784726372.2922,21:19:32,717749255627,213716,100,24039,2565,53
1784726372.4922,21:19:32,717749310193,306543,100,24039,1725,50
1784726372.6922,21:19:32,717749357493,306543,100,24039,1725,50
1784726372.8922,21:19:32,717749404989,306543,100,24039,1725,50
1784726373.0922,21:19:33,717749446993,291799,100,24039,1620,48
1784726373.2922,21:19:33,717749489850,291799,100,24039,1620,48
1784726373.4922,21:19:33,717749534494,250670,100,24039,1365,47
1784726373.6922,21:19:33,717749575423,250670,100,24039,1365,47
1784726373.8922,21:19:33,717749608489,250670,100,24039,1365,47
1784726374.0922,21:19:34,717749640292,218899,100,24039,555,45
1784726374.2922,21:19:34,717749667413,218899,100,24039,555,45
1784726374.4922,21:19:34,717749687732,173060,100,24039,285,43
1784726374.6922,21:19:34,717749704297,173060,100,24039,285,43
1784726374.8922,21:19:34,717749722447,173060,100,24039,285,43
1784726375.0922,21:19:35,717749739461,121832,100,24039,210,42
1784726375.2922,21:19:35,717749754410,121832,100,24039,210,42
1784726375.4921,21:19:35,717749768903,89225,100,24039,210,41
1784726375.6922,21:19:35,717749783783,89225,100,24039,210,41
1784726375.8922,21:19:35,717749799657,89225,100,24039,210,41
1784726376.0922,21:19:36,717749832001,85767,100,24039,1605,42
1784726376.2922,21:19:36,717749897492,85767,100,24039,1605,42
1784726376.4922,21:19:36,717749958704,194989,100,24039,2610,51
1784726376.6922,21:19:36,717750019392,194989,100,24039,2610,51
1784726376.8922,21:19:36,717750053575,194989,100,24039,2610,51
1784726377.0922,21:19:37,717750087840,268994,100,24039,930,47
1784726377.2922,21:19:37,717750116318,268994,100,24039,930,47
1784726377.4922,21:19:37,717750141134,212363,100,24039,405,44
1784726377.6922,21:19:37,717750159651,212363,100,24039,405,44
1784726377.8922,21:19:37,717750179476,212363,100,24039,405,44
1784726378.0922,21:19:38,717750199093,136526,100,24039,255,42
1784726378.2922,21:19:38,717750216419,136526,100,24039,255,42
1784726378.4922,21:19:38,717750231526,103115,100,24039,255,42
1784726378.6922,21:19:38,717750246333,103115,100,24039,255,42
1784726378.8922,21:19:38,717750267187,103115,100,24039,255,42
1784726379.0922,21:19:39,717750336875,124623,100,24039,2550,50
1784726379.2922,21:19:39,717750405764,124623,100,24039,2550,50
1784726379.4922,21:19:39,717750468727,243428,100,24039,1560,54
1784726379.6922,21:19:39,717750515070,243428,100,24039,1560,54
1784726379.8922,21:19:39,717750560462,243428,100,24039,1560,54
1784726380.0922,21:19:40,717750596971,311163,100,24039,975,48
1784726380.2922,21:19:40,717750627344,311163,100,24039,975,48
1784726380.4922,21:19:40,717750658491,218079,100,24039,525,45
1784726380.6922,21:19:40,717750682410,218079,100,24039,525,45
1784726380.8922,21:19:40,717750705363,218079,100,24039,525,45
1784726381.0922,21:19:41,717750724146,150399,100,24039,210,43
1784726381.2922,21:19:41,717750742030,150399,100,24039,210,43
1784726381.4922,21:19:41,717750756946,113749,100,24039,210,42
1784726381.6922,21:19:41,717750770709,113749,100,24039,210,42
1784726381.8922,21:19:41,717750784455,113749,100,24039,210,42
1784726382.0922,21:19:42,717750800333,86573,100,24039,270,41
1784726382.2922,21:19:42,717750845340,86573,100,24039,270,41
1784726382.4922,21:19:42,717750921964,165363,100,24039,2625,54
1784726382.6922,21:19:42,717751000677,165363,100,24039,2625,54
1784726382.8922,21:19:42,717751067118,165363,100,24039,2625,54
1784726383.0922,21:19:43,717751122181,289091,100,24039,2460,51
1784726383.2922,21:19:43,717751177928,289091,100,24039,2460,51
1784726383.4922,21:19:43,717751233355,324949,100,24039,1710,50
1784726383.6922,21:19:43,717751277754,324949,100,24039,1710,50
1784726383.8922,21:19:43,717751320043,324949,100,24039,1710,50
1784726384.0922,21:19:44,717751360496,257862,100,24039,1080,48
1784726384.2922,21:19:44,717751393940,257862,100,24039,1080,48
1784726384.4922,21:19:44,717751429951,208196,100,24039,630,46
1784726384.6922,21:19:44,717751458792,208196,100,24039,630,46
1784726384.8922,21:19:44,717751485185,208196,100,24039,630,46
1784726385.0922,21:19:45,717751507653,165771,100,24039,330,43
1784726385.2922,21:19:45,717751527093,165771,100,24039,330,43
1784726385.4922,21:19:45,717751543256,122383,100,24039,210,42
1784726385.6922,21:19:45,717751557804,122383,100,24039,210,42
1784726385.8922,21:19:45,717751572403,122383,100,24039,210,42
1784726386.0922,21:19:46,717751589450,89063,100,24039,210,41
1784726386.2922,21:19:46,717751604131,89063,100,24039,210,41
1784726386.4922,21:19:46,717751619883,78321,100,24039,285,41
1784726386.6922,21:19:46,717751639262,78321,100,24039,285,41
1784726386.8922,21:19:46,717751707368,78321,100,24039,285,41
1784726387.0922,21:19:47,717751786202,165127,100,24039,2685,54
1784726387.2922,21:19:47,717751855103,165127,100,24039,2685,54
1784726387.4922,21:19:47,717751918205,291562,100,24039,2610,53
1784726387.6922,21:19:47,717751978110,291562,100,24039,2610,53
1784726387.8922,21:19:47,717752030637,291562,100,24039,2610,53
1784726388.0922,21:19:48,717752074941,324451,100,24039,1020,48
1784726388.2922,21:19:48,717752104343,324451,100,24039,1020,48
1784726388.4922,21:19:48,717752136367,233137,100,24039,450,45
1784726388.6922,21:19:48,717752160469,233137,100,24039,450,45
1784726388.8922,21:19:48,717752177734,233137,100,24039,450,45
1784726389.0922,21:19:49,717752192721,143624,100,24039,210,42
1784726389.2922,21:19:49,717752207904,143624,100,24039,210,42
1784726389.4922,21:19:49,717752227243,100378,100,24039,210,42
1784726389.6922,21:19:49,717752246650,100378,100,24039,210,42
1784726389.8922,21:19:49,717752266109,100378,100,24039,210,42
1784726390.0922,21:19:50,717752285477,91858,100,24039,210,42
1784726390.2922,21:19:50,717752304133,91858,100,24039,210,42
1784726390.4922,21:19:50,717752321683,97196,100,24039,210,41
1784726390.6922,21:19:50,717752341239,97196,100,24039,210,41
1784726390.8922,21:19:50,717752360755,97196,100,24039,210,41
1784726391.0922,21:19:51,717752380196,97476,100,24039,210,41
1784726391.2922,21:19:51,717752399528,97476,100,24039,210,41
1784726391.4922,21:19:51,717752418734,99229,100,24039,210,41
1784726391.6922,21:19:51,717752438236,99229,100,24039,210,41
1784726391.8922,21:19:51,717752453145,99229,100,24039,210,41
1784726392.0922,21:19:52,717752490269,94542,100,24039,2160,41
1784726392.2922,21:19:52,717752555039,94542,100,24039,2160,41
1784726392.4922,21:19:52,717752620335,197897,100,24039,2625,51
1784726392.6922,21:19:52,717752689108,197897,100,24039,2625,51
1784726392.8922,21:19:52,717752738128,197897,100,24039,2625,51
1784726393.0922,21:19:53,717752786622,289128,100,24039,2025,49
1784726393.2922,21:19:53,717752825974,289128,100,24039,2025,49
1784726393.4922,21:19:53,717752863197,256294,100,24039,645,46
1784726393.6922,21:19:53,717752889889,256294,100,24039,645,46
1784726393.8922,21:19:53,717752918594,256294,100,24039,645,46
1784726394.0922,21:19:54,717752940022,180962,100,24039,375,43
1784726394.2922,21:19:54,717752957795,180962,100,24039,375,43
1784726394.4922,21:19:54,717752977293,122110,100,24039,210,42
1784726394.6922,21:19:54,717752994541,122110,100,24039,210,42
1784726394.8922,21:19:54,717753012445,122110,100,24039,210,42
1784726395.0922,21:19:55,717753028545,95360,100,24039,210,41
1784726395.2922,21:19:55,717753043535,95360,100,24039,210,41
1784726395.4922,21:19:55,717753058361,84581,100,24039,255,41
1784726395.6922,21:19:55,717753074358,84581,100,24039,255,41
1784726395.8922,21:19:55,717753093829,84581,100,24039,255,41
1784726396.0922,21:19:56,717753153334,102425,100,24039,2700,44
1784726396.2922,21:19:56,717753237596,102425,100,24039,2700,44
1784726396.4922,21:19:56,717753313372,248043,100,24039,2520,56
1784726396.6922,21:19:56,717753375043,248043,100,24039,2520,56
1784726396.8922,21:19:56,717753431562,248043,100,24039,2520,56
1784726397.0922,21:19:57,717753481365,338195,100,24039,1920,51
1784726397.2922,21:19:57,717753539729,338195,100,24039,1920,51
1784726397.4922,21:19:57,717753604103,305383,100,24039,2670,52
1784726397.6922,21:19:57,717753670442,305383,100,24039,2670,52
1784726397.8922,21:19:57,717753730229,305383,100,24039,2670,52
1784726398.0922,21:19:58,717753790646,306500,100,24039,2580,53
1784726398.2922,21:19:58,717753871392,306500,100,24039,2580,53
1784726398.4922,21:19:58,717753942204,349630,100,24039,2685,55
1784726398.6922,21:19:58,717754005405,349630,100,24039,2685,55
1784726398.8922,21:19:58,717754065864,349630,100,24039,2685,55
1784726399.0922,21:19:59,717754117555,339420,100,24039,1470,51
1784726399.2922,21:19:59,717754158288,339420,100,24039,1470,51
1784726399.4922,21:19:59,717754201320,277498,100,24039,855,47
1784726399.6922,21:19:59,717754231486,277498,100,24039,855,47
1784726399.8922,21:19:59,717754257231,277498,100,24039,855,47
1784726400.0922,21:20:00,717754282333,191061,100,24039,315,44
1784726400.2922,21:20:00,717754302501,191061,100,24039,315,44
1784726400.4922,21:20:00,717754318628,128790,100,24039,210,42
1784726400.6922,21:20:00,717754333572,128790,100,24039,210,42
1784726400.8922,21:20:00,717754348467,128790,100,24039,210,42
1784726401.0922,21:20:01,717754366609,93499,100,24039,210,42
1784726401.2922,21:20:01,717754386177,93499,100,24039,210,42
1784726401.4922,21:20:01,717754405669,89225,100,24039,210,42
1784726401.6922,21:20:01,717754423856,89225,100,24039,210,42
1784726401.8922,21:20:01,717754441728,89225,100,24039,210,42
1784726402.0922,21:20:02,717754458768,96918,100,24039,210,42
1784726402.2922,21:20:02,717754473622,96918,100,24039,210,42
1784726402.4922,21:20:02,717754489046,85553,100,24039,210,41
1784726402.6922,21:20:02,717754507202,85553,100,24039,210,41
1784726402.8922,21:20:02,717754525197,85553,100,24039,210,41
1784726403.0922,21:20:03,717754542261,86660,100,24039,255,42
1784726403.2922,21:20:03,717754564255,86660,100,24039,255,42
1784726403.4922,21:20:03,717754585009,98436,100,24039,270,42
1784726403.6922,21:20:03,717754602467,98436,100,24039,270,42
1784726403.8922,21:20:03,717754623112,98436,100,24039,270,42
1784726404.0922,21:20:04,717754643577,102062,100,24039,360,42
1784726404.2922,21:20:04,717754666801,102062,100,24039,360,42
1784726404.4922,21:20:04,717754689416,107829,100,24039,405,42
1784726404.6922,21:20:04,717754711255,107829,100,24039,405,42
1784726404.8922,21:20:04,717754731824,107829,100,24039,405,42
1784726405.0922,21:20:05,717754755713,112677,100,24039,495,43
1784726405.2922,21:20:05,717754785209,112677,100,24039,495,43
1784726405.4922,21:20:05,717754813673,126627,100,24039,510,43
1784726405.6922,21:20:05,717754840954,126627,100,24039,510,43
1784726405.8922,21:20:05,717754865997,126627,100,24039,510,43
1784726406.0922,21:20:06,717754892723,139087,100,24039,450,43
1784726406.2922,21:20:06,717754918857,139087,100,24039,450,43
1784726406.4922,21:20:06,717754940832,133853,100,24039,330,43
1784726406.6922,21:20:06,717754959480,133853,100,24039,330,43
1784726406.8922,21:20:06,717754983216,133853,100,24039,330,43
1784726407.0922,21:20:07,717755009256,123788,100,24039,390,42
1784726407.2922,21:20:07,717755035497,123788,100,24039,390,42
1784726407.4922,21:20:07,717755060133,122945,100,24039,345,42
1784726407.6922,21:20:07,717755082854,122945,100,24039,345,42
1784726407.8922,21:20:07,717755105000,122945,100,24039,345,42
1784726408.0922,21:20:08,717755127108,125847,100,24039,270,42
1784726408.2922,21:20:08,717755145446,125847,100,24039,270,42
1784726408.4922,21:20:08,717755164689,110505,100,24039,210,41
1784726408.6922,21:20:08,717755183926,110505,100,24039,210,41
1784726408.8922,21:20:08,717755203180,110505,100,24039,210,41
1784726409.0922,21:20:09,717755222255,102363,100,24039,210,41
1784726409.2922,21:20:09,717755241897,102363,100,24039,210,41
1784726409.4922,21:20:09,717755262713,102546,100,24039,285,41
1784726409.6922,21:20:09,717755284962,102546,100,24039,285,41
1784726409.8922,21:20:09,717755307505,102546,100,24039,285,41
1784726410.0922,21:20:10,717755330039,109923,100,24039,300,41
1784726410.2922,21:20:10,717755352622,109923,100,24039,300,41
1784726410.4922,21:20:10,717755375183,116988,100,24039,300,41
1784726410.6922,21:20:10,717755397048,116988,100,24039,300,41
1784726410.8922,21:20:10,717755418098,116988,100,24039,300,41
1784726411.0922,21:20:11,717755440475,115933,100,24039,285,41
1784726411.2922,21:20:11,717755464487,115933,100,24039,285,41
1784726411.4922,21:20:11,717755488671,119104,100,24039,345,42
1784726411.6922,21:20:11,717755512036,119104,100,24039,345,42
1784726411.8922,21:20:11,717755537139,119104,100,24039,345,42
1784726412.0922,21:20:12,717755562545,126955,100,24039,435,42
1784726412.2922,21:20:12,717755583387,126955,100,24039,435,42
1784726412.4922,21:20:12,717755606409,124204,100,24039,480,42
1784726412.6922,21:20:12,717755635231,124204,100,24039,480,42
1784726412.8922,21:20:12,717755665364,124204,100,24039,480,42
1784726413.0922,21:20:13,717755695444,137106,100,24039,540,43
1784726413.2922,21:20:13,717755724920,137106,100,24039,540,43
1784726413.4922,21:20:13,717755749820,149137,100,24039,525,43
1784726413.6922,21:20:13,717755777904,149137,100,24039,525,43
1784726413.8922,21:20:13,717755808280,149137,100,24039,525,43
1784726414.0922,21:20:14,717755833623,150236,100,24039,465,43
1784726414.2922,21:20:14,717755855608,150236,100,24039,465,43
1784726414.4922,21:20:14,717755879679,135578,100,24039,585,43
1784726414.6922,21:20:14,717755908769,135578,100,24039,585,43
1784726414.8922,21:20:14,717755935507,135578,100,24039,585,43
1784726415.0922,21:20:15,717755963103,134226,100,24039,525,43
1784726415.2922,21:20:15,717755993289,134226,100,24039,525,43
1784726415.4922,21:20:15,717756018775,145657,100,24039,510,43
1784726415.6922,21:20:15,717756041835,145657,100,24039,510,43
1784726415.8922,21:20:15,717756069098,145657,100,24039,510,43
1784726416.0922,21:20:16,717756099711,144016,100,24039,540,43
1784726416.2922,21:20:16,717756125296,144016,100,24039,540,43
1784726416.4922,21:20:16,717756153352,140365,100,24039,585,43
1784726416.6922,21:20:16,717756178998,140365,100,24039,585,43
1784726416.8922,21:20:16,717756202639,140365,100,24039,585,43
1784726417.0922,21:20:17,717756231673,141100,100,24039,600,43
1784726417.2922,21:20:17,717756261876,141100,100,24039,600,43
1784726417.4922,21:20:17,717756294024,148852,100,24039,615,43
1784726417.6922,21:20:17,717756322972,148852,100,24039,615,43
1784726417.8922,21:20:17,717756349739,148852,100,24039,615,43
1784726418.0922,21:20:18,717756372513,154208,100,24039,375,42
1784726418.2922,21:20:18,717756392745,154208,100,24039,375,42
1784726418.4922,21:20:18,717756411207,128484,100,24039,360,42
1784726418.6922,21:20:18,717756430055,128484,100,24039,360,42
1784726418.8922,21:20:18,717756456222,128484,100,24039,360,42
1784726419.0922,21:20:19,717756483620,116215,100,24039,465,42
1784726419.2922,21:20:19,717756512113,116215,100,24039,465,42
1784726419.4922,21:20:19,717756540573,134486,100,24039,480,43
1784726419.6922,21:20:19,717756567805,134486,100,24039,480,43
1784726419.8922,21:20:19,717756596214,134486,100,24039,480,43
1784726420.0922,21:20:20,717756618427,146860,100,24039,465,43
1784726420.2922,21:20:20,717756637222,146860,100,24039,465,43
1784726420.4922,21:20:20,717756661502,130874,100,24039,450,42
1784726420.6922,21:20:20,717756687291,130874,100,24039,450,42
1784726420.8922,21:20:20,717756715570,130874,100,24039,450,42
1784726421.0922,21:20:21,717756746185,130518,100,24039,555,43
1784726421.2922,21:20:21,717756776503,130518,100,24039,555,43
1784726421.4922,21:20:21,717756798341,145022,100,24039,480,43
1784726421.6922,21:20:21,717756820239,145022,100,24039,480,43
1784726421.8922,21:20:21,717756847511,145022,100,24039,480,43
1784726422.0922,21:20:22,717756879276,143158,100,24039,585,43
1784726422.2922,21:20:22,717756909553,143158,100,24039,585,43
1784726422.4922,21:20:22,717756938516,146566,100,24039,600,44
1784726422.6922,21:20:22,717756969560,146566,100,24039,600,44
1784726422.8922,21:20:22,717756994428,146566,100,24039,600,44
1784726423.0922,21:20:23,717757023008,156102,100,24039,510,43
1784726423.2922,21:20:23,717757049683,156102,100,24039,510,43
1784726423.4922,21:20:23,717757070627,144445,100,24039,465,43
1784726423.6922,21:20:23,717757094290,144445,100,24039,465,43
1784726423.8922,21:20:23,717757115178,144445,100,24039,465,43
1784726424.0922,21:20:24,717757139931,128686,100,24039,555,43
1784726424.2922,21:20:24,717757168584,128686,100,24039,555,43
1784726424.4922,21:20:24,717757196408,132616,100,24039,615,44
1784726424.6922,21:20:24,717757228752,132616,100,24039,615,44
1784726424.8922,21:20:24,717757261047,132616,100,24039,615,44
1784726425.0922,21:20:25,717757292036,156954,100,24039,690,44
1784726425.2922,21:20:25,717757318974,156954,100,24039,690,44
1784726425.4922,21:20:25,717757347350,162369,100,24039,645,44
1784726425.6922,21:20:25,717757377020,162369,100,24039,645,44
1784726425.8922,21:20:25,717757405787,162369,100,24039,645,44
1784726426.0922,21:20:26,717757438659,157116,100,24039,615,44
1784726426.2922,21:20:26,717757469569,157116,100,24039,615,44
1784726426.4922,21:20:26,717757498947,163799,100,24039,510,43
1784726426.6922,21:20:26,717757524741,163799,100,24039,510,43
1784726426.8922,21:20:26,717757543687,163799,100,24039,510,43
1784726427.0922,21:20:27,717757568431,147323,100,24039,375,42
1784726427.2922,21:20:27,717757589053,147323,100,24039,375,42
1784726427.4922,21:20:27,717757607762,121368,100,24039,375,42
1784726427.6922,21:20:27,717757630620,121368,100,24039,375,42
1784726427.8922,21:20:27,717757656130,121368,100,24039,375,42
1784726428.0922,21:20:28,717757680570,121311,100,24039,450,42
1784726428.2922,21:20:28,717757705252,121311,100,24039,450,42
1784726428.4922,21:20:28,717757729107,128216,100,24039,435,42
1784726428.6922,21:20:28,717757750775,128216,100,24039,435,42
1784726428.8922,21:20:28,717757776493,128216,100,24039,435,42
1784726429.0922,21:20:29,717757800905,129373,100,24039,465,42
1784726429.2922,21:20:29,717757824887,129373,100,24039,465,42
1784726429.4922,21:20:29,717757853068,132926,100,24039,525,43
1784726429.6922,21:20:29,717757875001,132926,100,24039,525,43
1784726429.8922,21:20:29,717757898515,132926,100,24039,525,43
1784726430.0922,21:20:30,717757922705,132801,100,24039,630,44
1784726430.2922,21:20:30,717757955642,132801,100,24039,630,44
1784726430.4922,21:20:30,717757989370,148055,100,24039,705,44
1784726430.6922,21:20:30,717758017093,148055,100,24039,705,44
1784726430.8922,21:20:30,717758046867,148055,100,24039,705,44
1784726431.0922,21:20:31,717758082787,164821,100,24039,750,44
1784726431.2922,21:20:31,717758115658,164821,100,24039,750,44
1784726431.4922,21:20:31,717758147256,173932,100,24039,750,45
1784726431.6922,21:20:31,717758183771,173932,100,24039,750,45
1784726431.8922,21:20:31,717758210676,173932,100,24039,750,45
1784726432.0922,21:20:32,717758235724,173466,100,24039,510,44
1784726432.2922,21:20:32,717758264630,173466,100,24039,510,44
1784726432.4922,21:20:32,717758291557,158911,100,24039,495,43
1784726432.6922,21:20:32,717758312052,158911,100,24039,495,43
1784726432.8922,21:20:32,717758333956,158911,100,24039,495,43
1784726433.0922,21:20:33,717758354917,132277,100,24039,510,43
1784726433.2922,21:20:33,717758376706,132277,100,24039,510,43
1784726433.4922,21:20:33,717758404779,124699,100,24039,615,43
1784726433.6922,21:20:33,717758434993,124699,100,24039,615,43
1784726433.8922,21:20:33,717758462843,124699,100,24039,615,43
1784726434.0922,21:20:34,717758490930,142121,100,24039,690,44
1784726434.2922,21:20:34,717758524418,142121,100,24039,690,44
1784726434.4922,21:20:34,717758558631,166971,100,24039,750,45
1784726434.6922,21:20:34,717758594916,166971,100,24039,750,45
1784726434.8922,21:20:34,717758629330,166971,100,24039,750,45
1784726435.0922,21:20:35,717758676138,178878,100,24039,660,44
1784726435.2922,21:20:35,717758693881,178878,100,24039,660,44
1784726435.4922,21:20:35,717758739313,178995,100,24039,555,44
1784726435.6922,21:20:35,717758771137,178995,100,24039,555,44
1784726435.8922,21:20:35,717758795432,178995,100,24039,555,44
1784726436.0922,21:20:36,717758817093,156652,100,24039,420,43
1784726436.2922,21:20:36,717758839306,156652,100,24039,420,43
1784726436.4922,21:20:36,717758867965,132648,100,24039,495,43
1784726436.6922,21:20:36,717758897210,132648,100,24039,495,43
1784726436.8922,21:20:36,717758926061,132648,100,24039,495,43
1784726437.0922,21:20:37,717758957156,129574,100,24039,555,43
1784726437.2922,21:20:37,717758989884,129574,100,24039,555,43
1784726437.4922,21:20:37,717759018418,150173,100,24039,435,43
1784726437.6922,21:20:37,717759046754,150173,100,24039,435,43
1784726437.8922,21:20:37,717759075224,150173,100,24039,435,43
1784726438.0922,21:20:38,717759102567,150790,100,24039,420,42
1784726438.2922,21:20:38,717759128055,150790,100,24039,420,42
1784726438.4922,21:20:38,717759151101,136788,100,24039,240,42
1784726438.6922,21:20:38,717759172500,136788,100,24039,240,42
1784726438.8922,21:20:38,717759193722,136788,100,24039,240,42
1784726439.0922,21:20:39,717759215144,120717,100,24039,240,41
1784726439.2922,21:20:39,717759236853,120717,100,24039,240,41
1784726439.4922,21:20:39,717759258604,109094,100,24039,255,41
1784726439.6922,21:20:39,717759280405,109094,100,24039,255,41
1784726439.8922,21:20:39,717759302452,109094,100,24039,255,41
1784726440.0922,21:20:40,717759326212,108998,100,24039,300,41
1784726440.2922,21:20:40,717759351309,108998,100,24039,300,41
1784726440.4922,21:20:40,717759376525,116245,100,24039,345,42
1784726440.6922,21:20:40,717759401547,116245,100,24039,345,42
1784726440.8922,21:20:40,717759427025,116245,100,24039,345,42
1784726441.0922,21:20:41,717759452647,124312,100,24039,360,42
1784726441.2922,21:20:41,717759478231,124312,100,24039,360,42
1784726441.4922,21:20:41,717759503304,127585,100,24039,345,42
1784726441.6922,21:20:41,717759529016,127585,100,24039,345,42
1784726441.8922,21:20:41,717759554716,127585,100,24039,345,42
1784726442.0922,21:20:42,717759580430,128557,100,24039,360,42
1784726442.2922,21:20:42,717759606137,128557,100,24039,360,42
1784726442.4922,21:20:42,717759631478,128822,100,24039,345,42
1784726442.6922,21:20:42,717759656874,128822,100,24039,345,42
1784726442.8922,21:20:42,717759679644,128822,100,24039,345,42
1784726443.0922,21:20:43,717759701998,126306,100,24039,270,41
1784726443.2922,21:20:43,717759724545,126306,100,24039,270,41
1784726443.4922,21:20:43,717759747050,118916,100,24039,270,41
1784726443.6922,21:20:43,717759770994,118916,100,24039,270,41
1784726443.8922,21:20:43,717759795584,118916,100,24039,270,41
1784726444.0922,21:20:44,717759820160,117074,100,24039,345,41
1784726444.2922,21:20:44,717759844765,117074,100,24039,345,41
1784726444.4922,21:20:44,717759869080,122083,100,24039,345,41
1784726444.6922,21:20:44,717759893333,122083,100,24039,345,41
1784726444.8922,21:20:44,717759917572,122083,100,24039,345,41
1784726445.0922,21:20:45,717759942009,124905,100,24039,360,41
1784726445.2922,21:20:45,717759966656,124905,100,24039,360,41
1784726445.4922,21:20:45,717759991118,125572,100,24039,360,41
1784726445.6922,21:20:45,717760015886,125572,100,24039,360,41
1784726445.8922,21:20:45,717760040301,125572,100,24039,360,41
1784726446.0922,21:20:46,717760064491,126381,100,24039,345,41
1784726446.2922,21:20:46,717760088964,126381,100,24039,345,41
1784726446.4922,21:20:46,717760113206,125924,100,24039,345,41
1784726446.6922,21:20:46,717760136431,125924,100,24039,345,41
1784726446.8922,21:20:46,717760157445,125924,100,24039,345,41
1784726447.0922,21:20:47,717760178296,120918,100,24039,270,41
1784726447.2922,21:20:47,717760199854,120918,100,24039,270,41
1784726447.4922,21:20:47,717760223670,114671,100,24039,390,41
1784726447.6922,21:20:47,717760249158,114671,100,24039,390,41
1784726447.8922,21:20:47,717760275936,114671,100,24039,390,41
1784726448.0922,21:20:48,717760302512,120893,100,24039,435,42
1784726448.2922,21:20:48,717760329313,120893,100,24039,435,42
1784726448.4922,21:20:48,717760355861,133738,100,24039,435,42
1784726448.6922,21:20:48,717760382338,133738,100,24039,435,42
1784726448.8922,21:20:48,717760408387,133738,100,24039,435,42
1784726449.0922,21:20:49,717760432782,136625,100,24039,375,41
1784726449.2922,21:20:49,717760457217,136625,100,24039,375,41
1784726449.4922,21:20:49,717760481705,131231,100,24039,360,41
1784726449.6922,21:20:49,717760506053,131231,100,24039,360,41
1784726449.8922,21:20:49,717760530498,131231,100,24039,360,41
1784726450.0922,21:20:50,717760554912,126196,100,24039,375,41
1784726450.2922,21:20:50,717760579380,126196,100,24039,375,41
1784726450.4922,21:20:50,717760603779,125798,100,24039,375,41
1784726450.6922,21:20:50,717760628161,125798,100,24039,375,41
1784726450.8922,21:20:50,717760650299,125798,100,24039,375,41
1784726451.0922,21:20:51,717760672448,123539,100,24039,315,41
1784726451.2922,21:20:51,717760694539,123539,100,24039,315,41
1784726451.4922,21:20:51,717760716603,118206,100,24039,300,41
1784726451.6922,21:20:51,717760738333,118206,100,24039,300,41
1784726451.8922,21:20:51,717760761153,118206,100,24039,300,41
1784726452.0922,21:20:52,717760784776,114273,100,24039,360,41
1784726452.2922,21:20:52,717760808125,114273,100,24039,360,41
1784726452.4922,21:20:52,717760831469,117421,100,24039,345,41
1784726452.6922,21:20:52,717760855100,117421,100,24039,345,41
1784726452.8922,21:20:52,717760878656,117421,100,24039,345,41
1784726453.0922,21:20:53,717760902141,121023,100,24039,345,41
1784726453.2922,21:20:53,717760926708,121023,100,24039,345,41
1784726453.4922,21:20:53,717760951791,122868,100,24039,390,41
1784726453.6922,21:20:53,717760977025,122868,100,24039,390,41
1784726453.8922,21:20:53,717761002449,122868,100,24039,390,41
1784726454.0922,21:20:54,717761026642,127094,100,24039,405,41
1784726454.2922,21:20:54,717761050927,127094,100,24039,405,41
1784726454.4922,21:20:54,717761075938,128057,100,24039,390,41
1784726454.6922,21:20:54,717761101000,128057,100,24039,390,41
1784726454.8922,21:20:54,717761126022,128057,100,24039,390,41
1784726455.0922,21:20:55,717761151302,127610,100,24039,390,41
1784726455.2922,21:20:55,717761176811,127610,100,24039,390,41
1784726455.4922,21:20:55,717761202311,129903,100,24039,405,41
1784726455.6922,21:20:55,717761227209,129903,100,24039,405,41
1784726455.8922,21:20:55,717761251047,129903,100,24039,405,41
1784726456.0922,21:20:56,717761274916,128825,100,24039,360,41
1784726456.2922,21:20:56,717761298839,128825,100,24039,360,41
1784726456.4922,21:20:56,717761322659,125456,100,24039,360,41
1784726456.6922,21:20:56,717761346445,125456,100,24039,360,41
1784726456.8922,21:20:56,717761370602,125456,100,24039,360,41
1784726457.0922,21:20:57,717761394761,123017,100,24039,375,41
1784726457.2922,21:20:57,717761418582,123017,100,24039,375,41
1784726457.4922,21:20:57,717761442538,123241,100,24039,360,41
1784726457.6922,21:20:57,717761466566,123241,100,24039,360,41
1784726457.8922,21:20:57,717761490390,123241,100,24039,360,41
1784726458.0922,21:20:58,717761514371,123640,100,24039,360,41
1784726458.2922,21:20:58,717761538191,123640,100,24039,360,41
1784726458.4922,21:20:58,717761560180,122204,100,24039,300,41
1784726458.6922,21:20:58,717761582892,122204,100,24039,300,41
1784726458.8922,21:20:58,717761605491,122204,100,24039,300,41
1784726459.0922,21:20:59,717761627964,118881,100,24039,270,41
1784726459.2922,21:20:59,717761650492,118881,100,24039,270,41
1784726459.4922,21:20:59,717761672969,115780,100,24039,270,41
1784726459.6922,21:20:59,717761696880,115780,100,24039,270,41
1784726459.8922,21:20:59,717761721312,115780,100,24039,270,41
1784726460.0922,21:21:00,717761745801,119150,100,24039,315,41
1784726460.2922,21:21:00,717761770461,119150,100,24039,315,41
1784726460.4922,21:21:00,717761793205,123122,100,24039,270,41
1784726460.6922,21:21:00,717761815725,123122,100,24039,270,41
1784726460.8922,21:21:00,717761838193,123122,100,24039,270,41
1784726461.0922,21:21:01,717761860674,121059,100,24039,270,41
1784726461.2922,21:21:01,717761883218,121059,100,24039,270,41
1784726461.4922,21:21:01,717761905766,116357,100,24039,270,40
1784726461.6922,21:21:01,717761928333,116357,100,24039,270,40
1784726461.8922,21:21:01,717761950943,116357,100,24039,270,40
1784726462.0922,21:21:02,717761973422,116270,100,24039,270,40
1784726462.2922,21:21:02,717761995532,116270,100,24039,270,40
1784726462.4922,21:21:02,717762017585,115702,100,24039,255,40
1784726462.6922,21:21:02,717762039827,115702,100,24039,255,40
1784726462.8922,21:21:02,717762062234,115702,100,24039,255,40
1784726463.0922,21:21:03,717762085864,115090,100,24039,285,40
1784726463.2922,21:21:03,717762110573,115090,100,24039,285,40
1784726463.4922,21:21:03,717762135297,119817,100,24039,330,41
1784726463.6922,21:21:03,717762159897,119817,100,24039,330,41
1784726463.8922,21:21:03,717762184649,119817,100,24039,330,41
1784726464.0922,21:21:04,717762209375,125956,100,24039,330,41
1784726464.2922,21:21:04,717762233291,125956,100,24039,330,41
1784726464.4922,21:21:04,717762255046,126373,100,24039,210,40
1784726464.6922,21:21:04,717762275173,126373,100,24039,210,40
1784726464.8922,21:21:04,717762295301,126373,100,24039,210,40
1784726465.0922,21:21:05,717762315438,115848,100,24039,210,40
1784726465.2922,21:21:05,717762335517,115848,100,24039,210,40
1784726465.4922,21:21:05,717762355958,105856,100,24039,240,40
1784726465.6922,21:21:05,717762379313,105856,100,24039,240,40
1784726465.8922,21:21:05,717762398485,105856,100,24039,240,40
1784726466.0922,21:21:06,717762410304,106860,100,24039,2520,39
1784726466.2922,21:21:06,717762422320,106860,100,24039,2520,39
1784726466.4922,21:21:06,717762434339,87679,0,24039,2520,39
1784726466.6922,21:21:06,717762446328,87679,0,24039,2520,39
1784726466.8922,21:21:06,717762458226,87679,0,24039,2520,39
1784726467.0922,21:21:07,717762469970,68813,0,24039,2520,39
1784726467.2922,21:21:07,717762481646,68813,0,24039,2520,39
1784726467.4922,21:21:07,717762493383,68813,0,24039,2520,39
1784726467.6922,21:21:07,717762505130,68813,0,24039,2520,39
1784726467.8922,21:21:07,717762516900,68813,0,24039,2520,39
1784726468.0922,21:21:08,717762528613,61882,0,24039,2520,39
1784726468.2922,21:21:08,717762540301,61882,0,24039,2520,39
1784726468.4922,21:21:08,717762551966,61882,0,24039,2520,39
1784726468.6922,21:21:08,717762563636,61882,0,24039,2520,39
1784726468.8922,21:21:08,717762575304,61882,0,24039,2520,39
1784726469.0922,21:21:09,717762586978,61780,0,24039,2520,39
1784726469.2922,21:21:09,717762598614,61780,0,24039,2520,39
1784726469.4922,21:21:09,717762610263,61780,0,24039,2520,39
1784726469.6922,21:21:09,717762621888,61780,0,24039,2520,39
1784726469.8922,21:21:09,717762633568,61780,0,24039,2520,39
1784726470.0922,21:21:10,717762645259,61659,0,24039,2520,39
1784726470.2922,21:21:10,717762656919,61659,0,24039,2520,39
1784726470.4922,21:21:10,717762668590,61659,0,24039,2520,39
1784726470.6922,21:21:10,717762680301,61659,0,24039,2520,39
1784726470.8922,21:21:10,717762691950,61659,0,24039,2520,39
1784726471.0922,21:21:11,717762703599,61724,0,24039,2520,38
1784726471.2922,21:21:11,717762715228,61724,0,24039,2520,38
1784726471.4922,21:21:11,717762726875,61724,0,24039,2520,38
1784726471.6922,21:21:11,717762738504,61724,0,24039,2520,38
1784726471.8922,21:21:11,717762750114,61724,0,24039,2520,38
1784726472.0922,21:21:12,717762761744,61788,0,24039,2520,38
1784726472.2922,21:21:12,717762773348,61788,0,24039,2520,38
1784726472.4922,21:21:12,717762784970,61788,0,24039,2520,38
1784726472.6922,21:21:12,717762796577,61788,0,24039,2520,38
1784726472.8922,21:21:12,717762808176,61788,0,24039,2520,38
1784726473.0922,21:21:13,717762819750,61725,0,24039,2520,38
1784726473.2922,21:21:13,717762831338,61725,0,24039,2520,38
1784726473.4922,21:21:13,717762842926,61725,0,24039,2520,38
1784726473.6922,21:21:13,717762854500,61725,0,24039,2520,38
1784726473.8922,21:21:13,717762866097,61725,0,24039,2520,38
1784726474.0922,21:21:14,717762877662,61692,0,24039,2520,38
1784726474.2922,21:21:14,717762889210,61692,0,24039,2520,38
1784726474.4922,21:21:14,717762900769,61692,0,24039,2520,38
1784726474.6922,21:21:14,717762912317,61692,0,24039,2520,38
1784726474.8922,21:21:14,717762923889,61692,0,24039,2520,38
1784726475.0922,21:21:15,717762935439,61657,0,24039,2520,38
1784726475.2922,21:21:15,717762947004,61657,0,24039,2520,38
1784726475.4922,21:21:15,717762958564,61657,0,24039,2520,38
1784726475.6922,21:21:15,717762970113,61657,0,24039,2520,38
1784726475.8922,21:21:15,717762981660,61657,0,24039,2520,38
1784726476.0922,21:21:16,717762993202,61677,0,24039,2520,38
1784726476.2922,21:21:16,717763004731,61677,0,24039,2520,38
1784726476.4922,21:21:16,717763016264,61677,0,24039,2520,38
1784726476.6922,21:21:16,717763027786,61677,0,24039,2520,38
1784726476.8922,21:21:16,717763039308,61677,0,24039,2520,38
1784726477.0922,21:21:17,717763050776,61697,0,24039,2520,38
1784726477.2922,21:21:17,717763062243,61697,0,24039,2520,38
1784726477.4922,21:21:17,717763073712,61697,0,24039,2520,38
1784726477.6922,21:21:17,717763085180,61697,0,24039,2520,38
1784726477.8922,21:21:17,717763096658,61697,0,24039,2520,38
1784726478.0922,21:21:18,717763108119,61590,0,24039,2520,38
1784726478.2922,21:21:18,717763119594,61590,0,24039,2520,38
1784726478.4922,21:21:18,717763131073,61590,0,24039,2520,38
1784726478.6922,21:21:18,717763142536,61590,0,24039,2520,38
1784726478.8922,21:21:18,717763154000,61590,0,24039,2520,38
1784726479.0922,21:21:19,717763165453,61532,0,24039,2520,38
1784726479.2922,21:21:19,717763176898,61532,0,24039,2520,38
1784726479.4922,21:21:19,717763188344,61532,0,24039,2520,38
1784726479.6922,21:21:19,717763199806,61532,0,24039,2520,38
1784726479.8922,21:21:19,717763211290,61532,0,24039,2520,38
1784726480.0922,21:21:20,717763222790,61586,0,24039,2520,38
1784726480.2922,21:21:20,717763234252,61586,0,24039,2520,38
1784726480.4922,21:21:20,717763252704,61840,0,24039,2520,38
1784726480.6922,21:21:20,717763321174,61840,0,24039,2520,38
1784726480.8922,21:21:20,717763411200,61840,0,24039,2520,38
1784726481.0922,21:21:21,717763501891,203077,0,24039,2565,61
1784726481.2922,21:21:21,717763592710,203077,0,24039,2565,61
1784726481.4922,21:21:21,717763678385,290464,100,24039,2475,62
1784726481.6922,21:21:21,717763758896,290464,100,24039,2475,62
1784726481.8922,21:21:21,717763822982,290464,100,24039,2475,62
1784726482.0922,21:21:22,717763887532,441054,100,24039,2685,52
1784726482.2922,21:21:22,717763951141,441054,100,24039,2685,52
1784726482.4922,21:21:22,717764014419,376786,100,24039,2685,51
1784726482.6922,21:21:22,717764077557,376786,100,24039,2685,51
1784726482.8922,21:21:22,717764140560,376786,100,24039,2685,51
1784726483.0922,21:21:23,717764203699,340099,100,24039,2685,51
1784726483.2922,21:21:23,717764266605,340099,100,24039,2685,51
1784726483.4922,21:21:23,717764329308,337598,100,24039,2685,51
1784726483.6922,21:21:23,717764391903,337598,100,24039,2685,51
1784726483.8922,21:21:23,717764453172,337598,100,24039,2685,51
1784726484.0922,21:21:24,717764512723,335101,100,24039,2625,50
1784726484.2922,21:21:24,717764569799,335101,100,24039,2625,50
1784726484.4922,21:21:24,717764625789,322814,100,24039,2565,49
1784726484.6922,21:21:24,717764678292,322814,100,24039,2565,49
1784726484.8922,21:21:24,717764727815,322814,100,24039,2565,49
1784726485.0922,21:21:25,717764774243,297465,100,24039,2235,47
1784726485.2922,21:21:25,717764818378,297465,100,24039,2235,47
1784726485.4922,21:21:25,717764858879,262769,100,24039,885,46
1784726485.6922,21:21:25,717764893808,262769,100,24039,885,46
1784726485.8922,21:21:25,717764923467,262769,100,24039,885,46
1784726486.0922,21:21:26,717764948139,215338,100,24039,375,43
1784726486.2922,21:21:26,717764970378,215338,100,24039,375,43
1784726486.4922,21:21:26,717764989844,158522,100,24039,255,42
1784726486.6922,21:21:26,717765008691,158522,100,24039,255,42
1784726486.8922,21:21:26,717765028827,158522,100,24039,255,42
1784726487.0922,21:21:27,717765051258,117550,100,24039,345,41
1784726487.2922,21:21:27,717765093533,117550,100,24039,345,41
1784726487.4922,21:21:27,717765151001,148503,100,24039,2700,48
1784726487.6922,21:21:27,717765208271,148503,100,24039,2700,48
1784726487.8922,21:21:27,717765263575,148503,100,24039,2700,48
1784726488.0922,21:21:28,717765315141,239912,100,24039,2595,49
1784726488.2922,21:21:28,717765363698,239912,100,24039,2595,49
1784726488.4922,21:21:28,717765409129,287736,100,24039,2205,47
1784726488.6922,21:21:28,717765451946,287736,100,24039,2205,47
1784726488.8922,21:21:28,717765490836,287736,100,24039,2205,47
1784726489.0922,21:21:29,717765524963,249556,100,24039,930,45
1784726489.2922,21:21:29,717765554266,249556,100,24039,930,45
1784726489.4922,21:21:29,717765579351,200257,100,24039,315,43
1784726489.6922,21:21:29,717765599002,200257,100,24039,315,43
1784726489.8922,21:21:29,717765616906,200257,100,24039,315,43
1784726490.0922,21:21:30,717765634738,142166,100,24039,210,41
1784726490.2922,21:21:30,717765652553,142166,100,24039,210,41
1784726490.4922,21:21:30,717765670407,105438,100,24039,210,41
1784726490.6922,21:21:30,717765688190,105438,100,24039,210,41
1784726490.8922,21:21:30,717765706247,105438,100,24039,210,41
1784726491.0922,21:21:31,717765725545,96784,100,24039,255,41
1784726491.2922,21:21:31,717765746953,96784,100,24039,255,41
1784726491.4922,21:21:31,717765770652,104742,100,24039,405,42
1784726491.6922,21:21:31,717765795753,104742,100,24039,405,42
1784726491.8922,21:21:31,717765822808,104742,100,24039,405,42
1784726492.0922,21:21:32,717765849764,124308,100,24039,495,42
1784726492.2922,21:21:32,717765874850,124308,100,24039,495,42
1784726492.4922,21:21:32,717765898233,137553,100,24039,375,42
1784726492.6922,21:21:32,717765921557,137553,100,24039,375,42
1784726492.8922,21:21:32,717765944725,137553,100,24039,375,42
1784726493.0922,21:21:33,717765967977,133356,100,24039,375,42
1784726493.2922,21:21:33,717765991173,133356,100,24039,375,42
1784726493.4922,21:21:33,717766014417,126268,100,24039,375,41
1784726493.6922,21:21:33,717766037562,126268,100,24039,375,41
1784726493.8922,21:21:33,717766060678,126268,100,24039,375,41
1784726494.0922,21:21:34,717766083869,126041,100,24039,375,41
1784726494.2922,21:21:34,717766106968,126041,100,24039,375,41
1784726494.4922,21:21:34,717766128279,125318,100,24039,300,41
1784726494.6922,21:21:34,717766150214,125318,100,24039,300,41
1784726494.8922,21:21:34,717766174064,125318,100,24039,300,41
1784726495.0922,21:21:35,717766198204,123580,100,24039,405,41
1784726495.2922,21:21:35,717766222683,123580,100,24039,405,41
1784726495.4922,21:21:35,717766247271,126891,100,24039,420,42
1784726495.6922,21:21:35,717766270730,126891,100,24039,420,42
1784726495.8922,21:21:35,717766292475,126891,100,24039,420,42
1784726496.0922,21:21:36,717766313605,129566,100,24039,315,41
1784726496.2922,21:21:36,717766334317,129566,100,24039,315,41
1784726496.4922,21:21:36,717766355321,121354,100,24039,315,41
1784726496.6922,21:21:36,717766377969,121354,100,24039,315,41
1784726496.8922,21:21:36,717766401907,121354,100,24039,315,41
1784726497.0922,21:21:37,717766426684,119481,100,24039,360,41
1784726497.2922,21:21:37,717766451885,119481,100,24039,360,41
1784726497.4922,21:21:37,717766476484,129618,100,24039,330,41
1784726497.6922,21:21:37,717766499189,129618,100,24039,330,41
1784726497.8922,21:21:37,717766519969,129618,100,24039,330,41
1784726498.0922,21:21:38,717766538978,129791,100,24039,210,41
1784726498.2922,21:21:38,717766558041,129791,100,24039,210,41
1784726498.4922,21:21:38,717766577579,115227,100,24039,240,40
1784726498.6922,21:21:38,717766598350,115227,100,24039,240,40
1784726498.8922,21:21:38,717766621621,115227,100,24039,240,40
1784726499.0922,21:21:39,717766646280,111447,100,24039,360,41
1784726499.2922,21:21:39,717766670900,111447,100,24039,360,41
1784726499.4922,21:21:39,717766695534,125085,100,24039,360,41
1784726499.6922,21:21:39,717766720182,125085,100,24039,360,41
1784726499.8922,21:21:39,717766744810,125085,100,24039,360,41
1784726500.0922,21:21:40,717766769179,134915,100,24039,360,41
1784726500.2922,21:21:40,717766791980,134915,100,24039,360,41
1784726500.4922,21:21:40,717766813082,131548,100,24039,270,41
1784726500.6922,21:21:40,717766834700,131548,100,24039,270,41
1784726500.8922,21:21:40,717766856292,131548,100,24039,270,41
1784726501.0922,21:21:41,717766877923,123743,100,24039,285,41
1784726501.2922,21:21:41,717766899576,123743,100,24039,285,41
1784726501.4922,21:21:41,717766921050,118419,100,24039,270,41
1784726501.6922,21:21:41,717766939909,118419,100,24039,270,41
1784726501.8922,21:21:41,717766958855,118419,100,24039,270,41
1784726502.0922,21:21:42,717766978443,113593,100,24039,225,40
1784726502.2922,21:21:42,717766998041,113593,100,24039,225,40
1784726502.4922,21:21:42,717767019445,109229,100,24039,300,41
1784726502.6922,21:21:42,717767041691,109229,100,24039,300,41
1784726502.8922,21:21:42,717767063824,109229,100,24039,300,41
1784726503.0922,21:21:43,717767086957,114962,100,24039,330,41
1784726503.2922,21:21:43,717767110508,114962,100,24039,330,41
1784726503.4922,21:21:43,717767134556,125057,100,24039,360,41
1784726503.6922,21:21:43,717767156908,125057,100,24039,360,41
1784726503.8922,21:21:43,717767176988,125057,100,24039,360,41
1784726504.0922,21:21:44,717767196263,125025,100,24039,225,40
1784726504.2922,21:21:44,717767215487,125025,100,24039,225,40
1784726504.4922,21:21:44,717767234899,115580,100,24039,225,40
1784726504.6922,21:21:44,717767254190,115580,100,24039,225,40
1784726504.8922,21:21:44,717767274314,115580,100,24039,225,40
1784726505.0922,21:21:45,717767295551,107939,100,24039,285,40
1784726505.2922,21:21:45,717767316735,107939,100,24039,285,40
1784726505.4922,21:21:45,717767338039,112948,100,24039,285,41
1784726505.6922,21:21:45,717767359324,112948,100,24039,285,41
1784726505.8922,21:21:45,717767380624,112948,100,24039,285,41
1784726506.0922,21:21:46,717767402929,117775,100,24039,285,41
1784726506.2922,21:21:46,717767425660,117775,100,24039,285,41
1784726506.4922,21:21:46,717767450346,121355,100,24039,210,41
1784726506.6922,21:21:46,717767474942,121355,100,24039,210,41
1784726506.8922,21:21:46,717767499454,121355,100,24039,210,41
1784726507.0922,21:21:47,717767514418,125018,100,24039,210,41
1784726507.2922,21:21:47,717767523478,125018,100,24039,210,41
1784726507.4922,21:21:47,717767532997,94829,0,24039,2235,38
1784726507.6922,21:21:47,717767545196,94829,0,24039,2235,38
1784726507.8922,21:21:47,717767557399,94829,0,24039,2235,38
1784726508.0922,21:21:48,717767569575,64949,0,24039,2520,39
1784726508.2922,21:21:48,717767580488,64949,0,24039,2520,39
1784726508.4922,21:21:48,717767591433,64949,0,24039,2520,39
1784726508.6922,21:21:48,717767602344,64949,0,24039,2520,39
1784726508.8922,21:21:48,717767613235,64949,0,24039,2520,39
1784726509.0922,21:21:49,717767624176,61954,0,24039,2520,39
1784726509.2922,21:21:49,717767635066,61954,0,24039,2520,39
1784726509.4922,21:21:49,717767645936,61954,0,24039,2520,39
1784726509.6922,21:21:49,717767656795,61954,0,24039,2520,39
1784726509.8922,21:21:49,717767667643,61954,0,24039,2520,39
1784726510.0922,21:21:50,717767678571,61801,0,24039,2520,39
1784726510.2922,21:21:50,717767689426,61801,0,24039,2520,39
1784726510.4922,21:21:50,717767700269,61801,0,24039,2520,39
1784726510.6922,21:21:50,717767711086,61801,0,24039,2520,39
1784726510.8922,21:21:50,717767721922,61801,0,24039,2520,39
1784726511.0922,21:21:51,717767732789,61663,0,24039,2520,39
1784726511.2922,21:21:51,717767743598,61663,0,24039,2520,39
1784726511.4922,21:21:51,717767754398,61663,0,24039,2520,39
1784726511.6922,21:21:51,717767765181,61663,0,24039,2520,39
1784726511.8922,21:21:51,717767776010,61663,0,24039,2520,39
1784726512.0922,21:21:52,717767786815,61608,0,24039,2520,38
1784726512.2922,21:21:52,717767797582,61608,0,24039,2520,38
1784726512.4922,21:21:52,717767808390,61608,0,24039,2520,38
1784726512.6922,21:21:52,717767819199,61608,0,24039,2520,38
1784726512.8922,21:21:52,717767830033,61608,0,24039,2520,38
1784726513.0922,21:21:53,717767840868,61582,0,24039,2520,38
1784726513.2922,21:21:53,717767851657,61582,0,24039,2520,38
1784726513.4922,21:21:53,717767862442,61582,0,24039,2520,38
1784726513.6922,21:21:53,717767873233,61582,0,24039,2520,38
1784726513.8922,21:21:53,717767884010,61582,0,24039,2520,38
1784726514.0922,21:21:54,717767894821,61639,0,24039,2520,38
1784726514.2922,21:21:54,717767905602,61639,0,24039,2520,38
1784726514.4922,21:21:54,717767916374,61639,0,24039,2520,38
1784726514.6922,21:21:54,717767927107,61639,0,24039,2520,38
1784726514.8922,21:21:54,717767937841,61639,0,24039,2520,38
1784726515.0922,21:21:55,717767948630,61643,0,24039,2520,38
1784726515.2922,21:21:55,717767959369,61643,0,24039,2520,38
1784726515.4922,21:21:55,717767970106,61643,0,24039,2520,38
1784726515.6922,21:21:55,717767980843,61643,0,24039,2520,38
1784726515.8922,21:21:55,717767991581,61643,0,24039,2520,38
1784726516.0922,21:21:56,717768002336,61615,0,24039,2520,38
1784726516.2922,21:21:56,717768013044,61615,0,24039,2520,38
1784726516.4922,21:21:56,717768023754,61615,0,24039,2520,38
1784726516.6922,21:21:56,717768034464,61615,0,24039,2520,38
1784726516.8922,21:21:56,717768045175,61615,0,24039,2520,38
1784726517.0922,21:21:57,717768055932,61618,0,24039,2520,38
1784726517.2922,21:21:57,717768066630,61618,0,24039,2520,38
1784726517.4922,21:21:57,717768077318,61618,0,24039,2520,38
1784726517.6922,21:21:57,717768088004,61618,0,24039,2520,38
1784726517.8922,21:21:57,717768098706,61618,0,24039,2520,38
1784726518.0922,21:21:58,717768109439,61600,0,24039,2520,38
1784726518.2922,21:21:58,717768120109,61600,0,24039,2520,38
1784726518.4922,21:21:58,717768130791,61600,0,24039,2520,38
1784726518.6922,21:21:58,717768141461,61600,0,24039,2520,38
1784726518.8922,21:21:58,717768152137,61600,0,24039,2520,38
1784726519.0922,21:21:59,717768162844,61591,0,24039,2520,38
1784726519.2922,21:21:59,717768173503,61591,0,24039,2520,38
1784726519.4922,21:21:59,717768184146,61591,0,24039,2520,38
1784726519.6922,21:21:59,717768194759,61591,0,24039,2520,38
1784726519.8922,21:21:59,717768205344,61591,0,24039,2520,38
1784726520.0922,21:22:00,717768216002,61522,0,24039,2520,38
1784726520.2922,21:22:00,717768226572,61522,0,24039,2520,38
1784726520.4922,21:22:00,717768237172,61522,0,24039,2520,38
1784726520.6922,21:22:00,717768247770,61522,0,24039,2520,38
1784726520.8922,21:22:00,717768258353,61522,0,24039,2520,38
1784726521.0922,21:22:01,717768268985,61398,0,24039,2520,38
1784726521.2922,21:22:01,717768279555,61398,0,24039,2520,38
1784726521.4922,21:22:01,717768290114,61398,0,24039,2520,38
1784726521.6922,21:22:01,717768300657,61398,0,24039,2520,38
1784726521.8922,21:22:01,717768311194,61398,0,24039,2520,38
1784726522.0922,21:22:02,717768321761,61317,0,24039,2520,38
1784726522.2922,21:22:02,717768361982,61317,0,24039,2520,38
1784726522.4922,21:22:02,717768445281,106470,88,24039,2580,57
1784726522.6922,21:22:02,717768526196,106470,88,24039,2580,57
1784726522.8922,21:22:02,717768612589,106470,88,24039,2580,57
1784726523.0922,21:22:03,717768694671,190046,88,24039,2685,56
1784726523.2922,21:22:03,717768772369,190046,88,24039,2685,56
1784726523.4922,21:22:03,717768853459,424493,100,24039,2625,58
1784726523.6922,21:22:03,717768935011,424493,100,24039,2625,58
1784726523.8922,21:22:03,717769014136,424493,100,24039,2625,58
1784726524.0922,21:22:04,717769083815,420290,100,24039,2685,54
1784726524.2922,21:22:04,717769159627,420290,100,24039,2685,54
1784726524.4922,21:22:04,717769232022,402113,100,24039,2685,53
1784726524.6922,21:22:04,717769301940,402113,100,24039,2685,53
1784726524.8922,21:22:04,717769383190,402113,100,24039,2685,53
1784726525.0922,21:22:05,717769455451,387113,100,24039,2580,58
1784726525.2922,21:22:05,717769536432,387113,100,24039,2580,58
1784726525.4922,21:22:05,717769615959,386616,100,24039,2685,59
1784726525.6922,21:22:05,717769689453,386616,100,24039,2685,59
1784726525.8922,21:22:05,717769775354,386616,100,24039,2685,59
1784726526.0922,21:22:06,717769851328,406144,100,24039,2685,55
1784726526.2922,21:22:06,717769924754,406144,100,24039,2685,55
1784726526.4922,21:22:06,717769988870,396755,100,24039,2565,52
1784726526.6922,21:22:06,717770042160,396755,100,24039,2565,52
1784726526.8922,21:22:06,717770079165,396755,100,24039,2565,52
1784726527.0922,21:22:07,717770112346,321673,100,24039,825,47
1784726527.2922,21:22:07,717770152431,321673,100,24039,825,47
1784726527.4922,21:22:07,717770183632,227400,100,24039,885,46
1784726527.6922,21:22:07,717770217463,227400,100,24039,885,46
1784726527.8922,21:22:07,717770279546,227400,100,24039,885,46
1784726528.0922,21:22:08,717770348583,204041,100,24039,2685,51
1784726528.2922,21:22:08,717770426292,204041,100,24039,2685,51
1784726528.4922,21:22:08,717770501225,294244,100,24039,2685,57
1784726528.6922,21:22:08,717770567508,294244,100,24039,2685,57
1784726528.8922,21:22:08,717770630035,294244,100,24039,2685,57
1784726529.0922,21:22:09,717770678767,360212,100,24039,2205,51
1784726529.2922,21:22:09,717770723544,360212,100,24039,2205,51
1784726529.4922,21:22:09,717770759137,299090,100,24039,720,46
1784726529.6922,21:22:09,717770793907,299090,100,24039,720,46
1784726529.8922,21:22:09,717770817786,299090,100,24039,720,46
1784726530.0922,21:22:10,717770841974,205677,100,24039,510,44
1784726530.2922,21:22:10,717770864654,205677,100,24039,510,44
1784726530.4922,21:22:10,717770909812,150177,100,24039,2520,47
1784726530.6922,21:22:10,717770976045,150177,100,24039,2520,47
1784726530.8922,21:22:10,717771048584,150177,100,24039,2520,47
1784726531.0922,21:22:11,717771114942,231361,100,24039,2340,57
1784726531.2922,21:22:11,717771184869,231361,100,24039,2340,57
1784726531.4922,21:22:11,717771252252,341516,100,24039,2625,53
1784726531.6922,21:22:11,717771313591,341516,100,24039,2625,53
1784726531.8922,21:22:11,717771366515,341516,100,24039,2625,53
1784726532.0922,21:22:12,717771417877,336394,100,24039,2280,51
1784726532.2922,21:22:12,717771460975,336394,100,24039,2280,51
1784726532.4922,21:22:12,717771500380,281999,100,24039,1125,49
1784726532.6922,21:22:12,717771544861,281999,100,24039,1125,49
1784726532.8922,21:22:12,717771587588,281999,100,24039,1125,49
1784726533.0922,21:22:13,717771621388,233993,100,24039,915,48
1784726533.2922,21:22:13,717771657102,233993,100,24039,915,48
1784726533.4922,21:22:13,717771687194,199647,100,24039,525,45
1784726533.6922,21:22:13,717771715268,199647,100,24039,525,45
1784726533.8922,21:22:13,717771734940,199647,100,24039,525,45
1784726534.0922,21:22:14,717771752897,159517,100,24039,330,43
1784726534.2922,21:22:14,717771773543,159517,100,24039,330,43
1784726534.4922,21:22:14,717771794764,120242,100,24039,420,43
1784726534.6922,21:22:14,717771819296,120242,100,24039,420,43
1784726534.8922,21:22:14,717771845069,120242,100,24039,420,43
1784726535.0922,21:22:15,717771872630,114345,100,24039,465,43
1784726535.2922,21:22:15,717771901546,114345,100,24039,465,43
1784726535.4922,21:22:15,717771924720,133995,100,24039,555,44
1784726535.6922,21:22:15,717771946735,133995,100,24039,555,44
1784726535.8922,21:22:15,717771971856,133995,100,24039,555,44
1784726536.0922,21:22:16,717772000931,133130,100,24039,690,44
1784726536.2922,21:22:16,717772034480,133130,100,24039,690,44
1784726536.4922,21:22:16,717772061714,139654,100,24039,675,45
1784726536.6922,21:22:16,717772088019,139654,100,24039,675,45
1784726536.8922,21:22:16,717772118407,139654,100,24039,675,45
1784726537.0922,21:22:17,717772148070,152834,100,24039,810,45
1784726537.2922,21:22:17,717772177367,152834,100,24039,810,45
1784726537.4922,21:22:17,717772213206,155052,100,24039,870,46
1784726537.6922,21:22:17,717772251705,155052,100,24039,870,46
1784726537.8922,21:22:17,717772284870,155052,100,24039,870,46
1784726538.0922,21:22:18,717772313694,175191,100,24039,615,45
1784726538.2922,21:22:18,717772343883,175191,100,24039,615,45
1784726538.4922,21:22:18,717772369067,170702,100,24039,435,44
1784726538.6922,21:22:18,717772395965,170702,100,24039,435,44
1784726538.8922,21:22:18,717772422809,170702,100,24039,435,44
1784726539.0922,21:22:19,717772447575,145463,100,24039,450,43
1784726539.2922,21:22:19,717772473638,145463,100,24039,450,43
1784726539.4922,21:22:19,717772496164,136191,100,24039,450,43
1784726539.6922,21:22:19,717772516826,136191,100,24039,450,43
1784726539.8922,21:22:19,717772540187,136191,100,24039,450,43
1784726540.0922,21:22:20,717772578610,125804,100,24039,525,43
1784726540.2922,21:22:20,717772646177,125804,100,24039,525,43
1784726540.4922,21:22:20,717772707854,200746,100,24039,2040,54
1784726540.6922,21:22:20,717772765813,200746,100,24039,2040,54
1784726540.8922,21:22:20,717772816975,200746,100,24039,2040,54
1784726541.0922,21:22:21,717772854364,280891,100,24039,1290,50
1784726541.2922,21:22:21,717772895654,280891,100,24039,1290,50
1784726541.4922,21:22:21,717772934633,260956,100,24039,855,47
1784726541.6922,21:22:21,717772969741,260956,100,24039,855,47
1784726541.8922,21:22:21,717773001832,260956,100,24039,855,47
1784726542.0922,21:22:22,717773025495,198165,100,24039,525,44
1784726542.2922,21:22:22,717773045998,198165,100,24039,525,44
1784726542.4922,21:22:22,717773064195,153793,100,24039,210,42
1784726542.6922,21:22:22,717773082398,153793,100,24039,210,42
1784726542.8922,21:22:22,717773098332,153793,100,24039,210,42
1784726543.0922,21:22:23,717773115379,107963,100,24039,210,41
1784726543.2922,21:22:23,717773130993,107963,100,24039,210,41
1784726543.4922,21:22:23,717773149785,89928,100,24039,315,42
1784726543.6922,21:22:23,717773220876,89928,100,24039,315,42
1784726543.8922,21:22:23,717773297082,89928,100,24039,315,42
1784726544.0922,21:22:24,717773383212,201662,100,24039,2565,60
1784726544.2922,21:22:24,717773460268,201662,100,24039,2565,60
1784726544.4922,21:22:24,717773535814,357357,100,24039,2670,56
1784726544.6922,21:22:24,717773595172,357357,100,24039,2670,56
1784726544.8922,21:22:24,717773658256,357357,100,24039,2670,56
1784726545.0922,21:22:25,717773696570,390603,100,24039,1080,52
1784726545.2922,21:22:25,717773737540,390603,100,24039,1080,52
1784726545.4922,21:22:25,717773771616,285533,100,24039,750,46
1784726545.6922,21:22:25,717773798210,285533,100,24039,750,46
1784726545.8922,21:22:25,717773818128,285533,100,24039,750,46
1784726546.0922,21:22:26,717773838091,186749,100,24039,255,44
1784726546.2922,21:22:26,717773857919,186749,100,24039,255,44
1784726546.4922,21:22:26,717773873220,124296,100,24039,210,42
1784726546.6922,21:22:26,717773888378,124296,100,24039,210,42
1784726546.8922,21:22:26,717773905310,124296,100,24039,210,42
1784726547.0922,21:22:27,717773921297,94039,100,24039,240,42
1784726547.2922,21:22:27,717773937811,94039,100,24039,240,42
1784726547.4922,21:22:27,717773974723,88459,100,24039,2520,45
1784726547.6922,21:22:27,717774049299,88459,100,24039,2520,45
1784726547.8922,21:22:27,717774112057,88459,100,24039,2520,45
1784726548.0922,21:22:28,717774170232,213093,100,24039,2655,53
1784726548.2922,21:22:28,717774227887,213093,100,24039,2655,53
1784726548.4922,21:22:28,717774276605,312941,100,24039,1635,50
1784726548.6922,21:22:28,717774313767,312941,100,24039,1635,50
1784726548.8922,21:22:28,717774350824,312941,100,24039,1635,50
1784726549.0922,21:22:29,717774384023,266969,100,24039,765,46
1784726549.2922,21:22:29,717774412714,266969,100,24039,765,46
1784726549.4922,21:22:29,717774436197,192905,100,24039,255,44
1784726549.6922,21:22:29,717774455033,192905,100,24039,255,44
1784726549.8922,21:22:29,717774473085,192905,100,24039,255,44
1784726550.0922,21:22:30,717774491117,136358,100,24039,210,42
1784726550.2922,21:22:30,717774505968,136358,100,24039,210,42
1784726550.4922,21:22:30,717774520070,98120,100,24039,210,42
1784726550.6922,21:22:30,717774534134,98120,100,24039,210,42
1784726550.8922,21:22:30,717774548040,98120,100,24039,210,42
1784726551.0922,21:22:31,717774565558,82243,100,24039,240,41
1784726551.2922,21:22:31,717774626306,82243,100,24039,240,41
1784726551.4922,21:22:31,717774705226,154601,100,24039,2595,59
1784726551.6922,21:22:31,717774771372,154601,100,24039,2595,59
1784726551.8922,21:22:31,717774836630,154601,100,24039,2595,59
1784726552.0922,21:22:32,717774905566,291203,100,24039,2610,56
1784726552.2922,21:22:32,717774970857,291203,100,24039,2610,56
1784726552.4922,21:22:32,717775016931,360311,100,24039,2205,50
1784726552.6922,21:22:32,717775056835,360311,100,24039,2205,50
1784726552.8922,21:22:32,717775092042,360311,100,24039,2205,50
1784726553.0922,21:22:33,717775118694,283946,100,24039,660,46
1784726553.2922,21:22:33,717775139717,283946,100,24039,660,46
1784726553.4922,21:22:33,717775157449,174196,100,24039,360,44
1784726553.6922,21:22:33,717775173843,174196,100,24039,360,44
1784726553.8922,21:22:33,717775189980,174196,100,24039,360,44
1784726554.0922,21:22:34,717775206988,112464,100,24039,345,43
1784726554.2922,21:22:34,717775230577,112464,100,24039,345,43
1784726554.4922,21:22:34,717775249569,99255,100,24039,375,43
1784726554.6922,21:22:34,717775270914,99255,100,24039,375,43
1784726554.8922,21:22:34,717775295518,99255,100,24039,375,43
1784726555.0922,21:22:35,717775317512,112024,100,24039,405,43
1784726555.2922,21:22:35,717775341119,112024,100,24039,405,43
1784726555.4922,21:22:35,717775362512,120391,100,24039,435,43
1784726555.6922,21:22:35,717775383755,120391,100,24039,435,43
1784726555.8922,21:22:35,717775406282,120391,100,24039,435,43
1784726556.0922,21:22:36,717775429371,121679,100,24039,450,43
1784726556.2922,21:22:36,717775449152,121679,100,24039,450,43
1784726556.4922,21:22:36,717775467951,115647,100,24039,450,43
1784726556.6922,21:22:36,717775490238,115647,100,24039,450,43
1784726556.8922,21:22:36,717775512540,115647,100,24039,450,43
1784726557.0922,21:22:37,717775541818,115324,100,24039,540,43
1784726557.2922,21:22:37,717775570496,115324,100,24039,540,43
1784726557.4922,21:22:37,717775600365,135516,100,24039,555,44
1784726557.6922,21:22:37,717775625944,135516,100,24039,555,44
1784726557.8922,21:22:37,717775651153,135516,100,24039,555,44
1784726558.0922,21:22:38,717775674222,148282,100,24039,480,44
1784726558.2922,21:22:38,717775700356,148282,100,24039,480,44
1784726558.4922,21:22:38,717775721895,139095,100,24039,495,43
1784726558.6922,21:22:38,717775745235,139095,100,24039,495,43
1784726558.8922,21:22:38,717775772175,139095,100,24039,495,43
1784726559.0922,21:22:39,717775797862,131210,100,24039,525,44
1784726559.2922,21:22:39,717775825891,131210,100,24039,525,44
1784726559.4922,21:22:39,717775854279,138402,100,24039,540,44
1784726559.6922,21:22:39,717775878141,138402,100,24039,540,44
1784726559.8922,21:22:39,717775900771,138402,100,24039,540,44
1784726560.0922,21:22:40,717775924876,140252,100,24039,585,44
1784726560.2922,21:22:40,717775953521,140252,100,24039,585,44
1784726560.4922,21:22:40,717775979268,140981,100,24039,570,44
1784726560.6922,21:22:40,717776007667,140981,100,24039,570,44
1784726560.8922,21:22:40,717776038129,140981,100,24039,570,44
1784726561.0922,21:22:41,717776066894,148002,100,24039,615,44
1784726561.2922,21:22:41,717776089207,148002,100,24039,615,44
1784726561.4922,21:22:41,717776114103,146221,100,24039,495,43
1784726561.6922,21:22:41,717776141513,146221,100,24039,495,43
1784726561.8922,21:22:41,717776167254,146221,100,24039,495,43
1784726562.0922,21:22:42,717776192966,143675,100,24039,435,43
1784726562.2922,21:22:42,717776213408,143675,100,24039,435,43
1784726562.4922,21:22:42,717776235894,134857,100,24039,375,42
1784726562.6922,21:22:42,717776259353,134857,100,24039,375,42
1784726562.8922,21:22:42,717776278433,134857,100,24039,375,42
1784726563.0922,21:22:43,717776296874,123061,100,24039,420,42
1784726563.2922,21:22:43,717776318989,123061,100,24039,420,42
1784726563.4922,21:22:43,717776343064,117216,100,24039,540,43
1784726563.6922,21:22:43,717776370225,117216,100,24039,540,43
1784726563.8922,21:22:43,717776397886,117216,100,24039,540,43
1784726564.0922,21:22:44,717776425587,128859,100,24039,510,43
1784726564.2922,21:22:44,717776449006,128859,100,24039,510,43
1784726564.4922,21:22:44,717776470398,141496,100,24039,540,43
1784726564.6922,21:22:44,717776492964,141496,100,24039,540,43
1784726564.8922,21:22:44,717776522520,141496,100,24039,540,43
1784726565.0922,21:22:45,717776550037,139024,100,24039,660,44
1784726565.2922,21:22:45,717776578433,139024,100,24039,660,44
1784726565.4922,21:22:45,717776609240,145792,100,24039,615,44
1784726565.6922,21:22:45,717776634250,145792,100,24039,615,44
1784726565.8922,21:22:45,717776660458,145792,100,24039,615,44
1784726566.0922,21:22:46,717776687489,154649,100,24039,510,43
1784726566.2922,21:22:46,717776707427,154649,100,24039,510,43
1784726566.4922,21:22:46,717776732624,141455,100,24039,480,43
1784726566.6922,21:22:46,717776760072,141455,100,24039,480,43
1784726566.8922,21:22:46,717776787305,141455,100,24039,480,43
1784726567.0922,21:22:47,717776808193,140968,100,24039,525,43
1784726567.2922,21:22:47,717776832022,140968,100,24039,525,43
1784726567.4922,21:22:47,717776856158,137250,100,24039,675,43
1784726567.6922,21:22:47,717776885465,137250,100,24039,675,43
1784726567.8922,21:22:47,717776916685,137250,100,24039,675,43
1784726568.0922,21:22:48,717776941424,144850,100,24039,705,44
1784726568.2922,21:22:48,717776972234,144850,100,24039,705,44
1784726568.4922,21:22:48,717777007257,159145,100,24039,705,44
1784726568.6922,21:22:48,717777040668,159145,100,24039,705,44
1784726568.8922,21:22:48,717777073043,159145,100,24039,705,44
1784726569.0922,21:22:49,717777102075,165641,100,24039,525,44
1784726569.2922,21:22:49,717777130685,165641,100,24039,525,44
1784726569.4922,21:22:49,717777159001,160304,100,24039,450,43
1784726569.6922,21:22:49,717777183716,160304,100,24039,450,43
1784726569.8922,21:22:49,717777208165,160304,100,24039,450,43
1784726570.0922,21:22:50,717777232362,140556,100,24039,345,42
1784726570.2922,21:22:50,717777253592,140556,100,24039,345,42
1784726570.4922,21:22:50,717777275796,125268,100,24039,390,42
1784726570.6922,21:22:50,717777297257,125268,100,24039,390,42
1784726570.8922,21:22:50,717777317956,125268,100,24039,390,42
1784726571.0922,21:22:51,717777344068,113465,100,24039,480,42
1784726571.2922,21:22:51,717777371997,113465,100,24039,480,42
1784726571.4922,21:22:51,717777396148,121301,100,24039,600,43
1784726571.6922,21:22:51,717777422777,121301,100,24039,600,43
1784726571.8922,21:22:51,717777454409,121301,100,24039,600,43
1784726572.0922,21:22:52,717777488194,137682,100,24039,630,44
1784726572.2922,21:22:52,717777513036,137682,100,24039,630,44
1784726572.4922,21:22:52,717777538771,143331,100,24039,690,44
1784726572.6922,21:22:52,717777567839,143331,100,24039,690,44
1784726572.8922,21:22:52,717777612165,143331,100,24039,690,44
1784726573.0922,21:22:53,717777695851,163509,100,24039,2700,49
1784726573.2922,21:22:53,717777765598,163509,100,24039,2700,49
1784726573.4922,21:22:53,717777828471,269885,100,24039,2505,53
1784726573.6922,21:22:53,717777894532,269885,100,24039,2505,53
1784726573.8922,21:22:53,717777956666,269885,100,24039,2505,53
1784726574.0922,21:22:54,717778011358,352327,100,24039,2475,52
1784726574.2922,21:22:54,717778052621,352327,100,24039,2475,52
1784726574.4922,21:22:54,717778088732,288522,100,24039,765,46
1784726574.6922,21:22:54,717778121455,288522,100,24039,765,46
1784726574.8922,21:22:54,717778145497,288522,100,24039,765,46
1784726575.0922,21:22:55,717778167301,206944,100,24039,480,44
1784726575.2922,21:22:55,717778192241,206944,100,24039,480,44
1784726575.4922,21:22:55,717778212166,140087,100,24039,390,43
1784726575.6922,21:22:55,717778235846,140087,100,24039,390,43
1784726575.8922,21:22:55,717778261815,140087,100,24039,390,43
1784726576.0922,21:22:56,717778287149,119334,100,24039,390,43
1784726576.2922,21:22:56,717778309713,119334,100,24039,390,43
1784726576.4922,21:22:56,717778333117,120803,100,24039,330,42
1784726576.6922,21:22:56,717778355198,120803,100,24039,330,42
1784726576.8922,21:22:56,717778377699,120803,100,24039,330,42
1784726577.0922,21:22:57,717778401129,120365,100,24039,375,42
1784726577.2922,21:22:57,717778428213,120365,100,24039,375,42
1784726577.4922,21:22:57,717778450116,121350,100,24039,465,43
1784726577.6922,21:22:57,717778471562,121350,100,24039,465,43
1784726577.8922,21:22:57,717778496960,121350,100,24039,465,43
1784726578.0922,21:22:58,717778519489,122494,100,24039,495,43
1784726578.2922,21:22:58,717778548069,122494,100,24039,495,43
1784726578.4922,21:22:58,717778580905,127275,100,24039,615,44
1784726578.6922,21:22:58,717778610031,127275,100,24039,615,44
1784726578.8922,21:22:58,717778636365,127275,100,24039,615,44
1784726579.0922,21:22:59,717778666183,141702,100,24039,705,44
1784726579.2922,21:22:59,717778699046,141702,100,24039,705,44
1784726579.4922,21:22:59,717778734747,158434,100,24039,765,45
1784726579.6922,21:22:59,717778763423,158434,100,24039,765,45
1784726579.8922,21:22:59,717778794088,158434,100,24039,765,45
1784726580.0922,21:23:00,717778830769,159534,100,24039,720,45
1784726580.2922,21:23:00,717778863554,159534,100,24039,720,45
1784726580.4922,21:23:00,717778891399,165632,100,24039,630,44
1784726580.6922,21:23:00,717778923482,165632,100,24039,630,44
1784726580.8922,21:23:00,717778951257,165632,100,24039,630,44
1784726581.0922,21:23:01,717778977394,161692,100,24039,630,44
1784726581.2922,21:23:01,717779005674,161692,100,24039,630,44
1784726581.4922,21:23:01,717779032457,144901,100,24039,645,44
1784726581.6922,21:23:01,717779064992,144901,100,24039,645,44
1784726581.8922,21:23:01,717779096238,144901,100,24039,645,44
1784726582.0922,21:23:02,717779130301,147542,100,24039,705,45
1784726582.2922,21:23:02,717779165310,147542,100,24039,705,45
1784726582.4922,21:23:02,717779192619,161259,100,24039,750,45
1784726582.6922,21:23:02,717779224780,161259,100,24039,750,45
1784726582.8922,21:23:02,717779257806,161259,100,24039,750,45
1784726583.0922,21:23:03,717779285560,162589,100,24039,645,45
1784726583.2922,21:23:03,717779320492,162589,100,24039,645,45
1784726583.4922,21:23:03,717779354743,164423,100,24039,585,44
1784726583.6922,21:23:03,717779387294,164423,100,24039,585,44
1784726583.8922,21:23:03,717779417729,164423,100,24039,585,44
1784726584.0922,21:23:04,717779443314,162013,100,24039,405,43
1784726584.2922,21:23:04,717779464104,162013,100,24039,405,43
1784726584.4922,21:23:04,717779483268,135358,100,24039,210,41
1784726584.6922,21:23:04,717779502461,135358,100,24039,210,41
1784726584.8922,21:23:04,717779521502,135358,100,24039,210,41
1784726585.0922,21:23:05,717779540481,105878,100,24039,210,41
1784726585.2922,21:23:05,717779559444,105878,100,24039,210,41
1784726585.4922,21:23:05,717779579018,98705,100,24039,210,41
1784726585.6922,21:23:05,717779598300,98705,100,24039,210,41
1784726585.8922,21:23:05,717779618977,98705,100,24039,210,41
1784726586.0922,21:23:06,717779641424,101757,100,24039,300,41
1784726586.2922,21:23:06,717779665567,101757,100,24039,300,41
1784726586.4922,21:23:06,717779691559,114796,100,24039,405,42
1784726586.6922,21:23:06,717779717904,114796,100,24039,405,42
1784726586.8922,21:23:06,717779744350,114796,100,24039,405,42
1784726587.0922,21:23:07,717779770628,130036,100,24039,405,42
1784726587.2922,21:23:07,717779796951,130036,100,24039,405,42
1784726587.4922,21:23:07,717779823233,135855,100,24039,405,42
1784726587.6922,21:23:07,717779848652,135855,100,24039,405,42
1784726587.8922,21:23:07,717779872609,135855,100,24039,405,42
1784726588.0922,21:23:08,717779895946,131439,100,24039,315,42
1784726588.2922,21:23:08,717779919299,131439,100,24039,315,42
1784726588.4922,21:23:08,717779942667,124536,100,24039,315,42
1784726588.6922,21:23:08,717779966048,124536,100,24039,315,42
1784726588.8922,21:23:08,717779989346,124536,100,24039,315,42
1784726589.0922,21:23:09,717780012576,120676,100,24039,315,42
1784726589.2922,21:23:09,717780035878,120676,100,24039,315,42
1784726589.4922,21:23:09,717780059157,120544,100,24039,315,41
1784726589.6922,21:23:09,717780083068,120544,100,24039,315,41
1784726589.8922,21:23:09,717780108013,120544,100,24039,315,41
1784726590.0922,21:23:10,717780132945,123530,100,24039,360,42
1784726590.2922,21:23:10,717780158069,123530,100,24039,360,42
1784726590.4922,21:23:10,717780183301,128035,100,24039,375,42
1784726590.6922,21:23:10,717780208453,128035,100,24039,375,42
1784726590.8922,21:23:10,717780233779,128035,100,24039,375,42
1784726591.0922,21:23:11,717780259136,130726,100,24039,375,42
1784726591.2922,21:23:11,717780283898,130726,100,24039,375,42
1784726591.4922,21:23:11,717780307565,129267,100,24039,330,42
1784726591.6922,21:23:11,717780331151,129267,100,24039,330,42
1784726591.8922,21:23:11,717780354827,129267,100,24039,330,42
1784726592.0922,21:23:12,717780378561,125479,100,24039,330,41
1784726592.2922,21:23:12,717780402257,125479,100,24039,330,41
1784726592.4923,21:23:12,717780425959,123116,100,24039,330,41
1784726592.6922,21:23:12,717780449592,123116,100,24039,330,41
1784726592.8922,21:23:12,717780473073,123116,100,24039,330,41
1784726593.0922,21:23:13,717780496526,122991,100,24039,330,41
1784726593.2922,21:23:13,717780519982,122991,100,24039,330,41
1784726593.4922,21:23:13,717780543422,122466,100,24039,330,41
1784726593.6922,21:23:13,717780566942,122466,100,24039,330,41
1784726593.8922,21:23:13,717780590314,122466,100,24039,330,41
1784726594.0922,21:23:14,717780613836,122264,100,24039,330,41
1784726594.2922,21:23:14,717780637264,122264,100,24039,330,41
1784726594.4922,21:23:14,717780660807,122451,100,24039,330,41
1784726594.6922,21:23:14,717780684147,122451,100,24039,330,41
1784726594.8922,21:23:14,717780707522,122451,100,24039,330,41
1784726595.0922,21:23:15,717780729133,121645,100,24039,270,41
1784726595.2922,21:23:15,717780750601,121645,100,24039,270,41
1784726595.4922,21:23:15,717780773133,117822,100,24039,315,41
1784726595.6922,21:23:15,717780797482,117822,100,24039,315,41
1784726595.8922,21:23:15,717780822505,117822,100,24039,315,41
1784726596.0922,21:23:16,717780847619,121365,100,24039,375,41
1784726596.2922,21:23:16,717780873387,121365,100,24039,375,41
1784726596.4922,21:23:16,717780900665,132623,100,24039,465,42
1784726596.6922,21:23:16,717780927562,132623,100,24039,465,42
1784726596.8922,21:23:16,717780953404,132623,100,24039,465,42
1784726597.0922,21:23:17,717780977769,136562,100,24039,360,42
1784726597.2922,21:23:17,717780999950,136562,100,24039,360,42
1784726597.4922,21:23:17,717781021143,127941,100,24039,285,41
1784726597.6922,21:23:17,717781042316,127941,100,24039,285,41
1784726597.8922,21:23:17,717781064272,127941,100,24039,285,41
1784726598.0922,21:23:18,717781087251,116598,100,24039,345,41
1784726598.2922,21:23:18,717781110131,116598,100,24039,345,41
1784726598.4922,21:23:18,717781133022,117188,100,24039,345,41
1784726598.6922,21:23:18,717781156737,117188,100,24039,345,41
1784726598.8922,21:23:18,717781181863,117188,100,24039,345,41
1784726599.0922,21:23:19,717781208176,125266,100,24039,435,41
1784726599.2922,21:23:19,717781234336,125266,100,24039,435,41
1784726599.4922,21:23:19,717781259584,132030,100,24039,375,41
1784726599.6922,21:23:19,717781283595,132030,100,24039,375,41
1784726599.8922,21:23:19,717781306926,132030,100,24039,375,41
1784726600.0922,21:23:20,717781328920,130133,100,24039,330,41
1784726600.2922,21:23:20,717781351168,130133,100,24039,330,41
1784726600.4922,21:23:20,717781373239,120585,100,24039,330,41
1784726600.6922,21:23:20,717781395356,120585,100,24039,330,41
1784726600.8922,21:23:20,717781417405,120585,100,24039,330,41
1784726601.0922,21:23:21,717781439540,116651,100,24039,330,41
1784726601.2922,21:23:21,717781461785,116651,100,24039,330,41
1784726601.4922,21:23:21,717781484028,117076,100,24039,375,41
1784726601.6922,21:23:21,717781507738,117076,100,24039,375,41
1784726601.8922,21:23:21,717781531675,117076,100,24039,375,41
1784726602.0922,21:23:22,717781555556,121412,100,24039,375,41
1784726602.2922,21:23:22,717781579208,121412,100,24039,375,41
1784726602.4922,21:23:22,717781603015,125227,100,24039,375,41
1784726602.6922,21:23:22,717781626758,125227,100,24039,375,41
1784726602.8922,21:23:22,717781650541,125227,100,24039,375,41
1784726603.0922,21:23:23,717781674201,125742,100,24039,375,41
1784726603.2922,21:23:23,717781697818,125742,100,24039,375,41
1784726603.4922,21:23:23,717781721764,125920,100,24039,375,41
1784726603.6922,21:23:23,717781745447,125920,100,24039,375,41
1784726603.8922,21:23:23,717781769442,125920,100,24039,375,41
1784726604.0922,21:23:24,717781794365,126658,100,24039,420,41
1784726604.2922,21:23:24,717781819997,126658,100,24039,420,41
1784726604.4922,21:23:24,717781846109,131554,100,24039,450,41
1784726604.6922,21:23:24,717781872221,131554,100,24039,450,41
1784726604.8922,21:23:24,717781897097,131554,100,24039,450,41
1784726605.0922,21:23:25,717781920151,134692,100,24039,345,41
1784726605.2922,21:23:25,717781941092,134692,100,24039,345,41
1784726605.4922,21:23:25,717781959946,122500,100,24039,210,40
1784726605.6922,21:23:25,717781978201,122500,100,24039,210,40
1784726605.8922,21:23:25,717781997198,122500,100,24039,210,40
1784726606.0922,21:23:26,717782017975,106363,100,24039,300,40
1784726606.2922,21:23:26,717782040835,106363,100,24039,300,40
1784726606.4922,21:23:26,717782065516,111035,100,24039,435,41
1784726606.6922,21:23:26,717782090940,111035,100,24039,435,41
1784726606.8922,21:23:26,717782115125,111035,100,24039,435,41
1784726607.0922,21:23:27,717782137042,125246,100,24039,315,41
1784726607.2922,21:23:27,717782157825,125246,100,24039,315,41
1784726607.4922,21:23:27,717782178373,121687,100,24039,285,40
1784726607.6922,21:23:27,717782199129,121687,100,24039,285,40
1784726607.8922,21:23:27,717782219684,121687,100,24039,285,40
1784726608.0922,21:23:28,717782240248,111510,100,24039,285,40
1784726608.2922,21:23:28,717782261163,111510,100,24039,285,40
1784726608.4922,21:23:28,717782283870,112687,100,24039,390,41
1784726608.6922,21:23:28,717782308065,112687,100,24039,390,41
1784726608.8922,21:23:28,717782332634,112687,100,24039,390,41
1784726609.0922,21:23:29,717782357631,122206,100,24039,345,41
1784726609.2922,21:23:29,717782382107,122206,100,24039,345,41
1784726609.4922,21:23:29,717782404881,128947,100,24039,255,41
1784726609.6922,21:23:29,717782426171,128947,100,24039,255,41
1784726609.8922,21:23:29,717782447141,128947,100,24039,255,41
1784726610.0922,21:23:30,717782468082,121545,100,24039,240,40
1784726610.2922,21:23:30,717782488760,121545,100,24039,240,40
1784726610.4922,21:23:30,717782508394,111841,100,24039,210,40
1784726610.6922,21:23:30,717782527987,111841,100,24039,210,40
1784726610.8922,21:23:30,717782547557,111841,100,24039,210,40
1784726611.0922,21:23:31,717782567040,107470,100,24039,210,40
1784726611.2922,21:23:31,717782586530,107470,100,24039,210,40
1784726611.4922,21:23:31,717782606750,105558,100,24039,225,40
1784726611.6922,21:23:31,717782629087,105558,100,24039,225,40
1784726611.8922,21:23:31,717782653065,105558,100,24039,225,40
1784726612.0922,21:23:32,717782677571,115109,100,24039,345,41
1784726612.2922,21:23:32,717782702223,115109,100,24039,345,41
1784726612.4922,21:23:32,717782726963,127787,100,24039,345,41
1784726612.6922,21:23:32,717782751685,127787,100,24039,345,41
1784726612.8922,21:23:32,717782776248,127787,100,24039,345,41
1784726613.0922,21:23:33,717782800975,132885,100,24039,345,41
1784726613.2922,21:23:33,717782824397,132885,100,24039,345,41
1784726613.4922,21:23:33,717782845877,128580,100,24039,240,40
1784726613.6922,21:23:33,717782865678,128580,100,24039,240,40
1784726613.8922,21:23:33,717782885038,128580,100,24039,240,40
1784726614.0922,21:23:34,717782904376,115980,100,24039,210,40
1784726614.2922,21:23:34,717782923768,115980,100,24039,210,40
1784726614.4922,21:23:34,717782943124,105476,100,24039,210,40
1784726614.6922,21:23:34,717782962350,105476,100,24039,210,40
1784726614.8922,21:23:34,717782981837,105476,100,24039,210,40
1784726615.0922,21:23:35,717783004099,105308,100,24039,225,40
1784726615.2923,21:23:35,717783027889,105308,100,24039,225,40
1784726615.4922,21:23:35,717783051203,115800,100,24039,210,41
1784726615.6922,21:23:35,717783074539,115800,100,24039,210,41
1784726615.8922,21:23:35,717783097870,115800,100,24039,210,41
1784726616.0923,21:23:36,717783121277,125741,100,24039,210,41
1784726616.2922,21:23:36,717783131916,125741,100,24039,210,41
1784726616.4923,21:23:36,717783143392,102150,0,24039,2520,39
1784726616.6922,21:23:36,717783154873,102150,0,24039,2520,39
1784726616.8922,21:23:36,717783166358,102150,0,24039,2520,39
1784726617.0922,21:23:37,717783177837,73065,0,24039,2520,39
1784726617.2922,21:23:37,717783186772,73065,0,24039,2520,39
1784726617.4922,21:23:37,717783195527,67208,0,24039,2520,39
1784726617.6922,21:23:37,717783204250,67208,0,24039,2520,39
1784726617.8922,21:23:37,717783212981,67208,0,24039,2520,39
1784726618.0922,21:23:38,717783221718,67208,0,24039,2520,39
1784726618.2922,21:23:38,717783230607,67208,0,24039,2520,39
1784726618.4922,21:23:38,717783239323,61754,0,24039,2520,39
1784726618.6922,21:23:38,717783248027,61754,0,24039,2520,39
1784726618.8922,21:23:38,717783256738,61754,0,24039,2520,39
1784726619.0922,21:23:39,717783265453,61754,0,24039,2520,39
1784726619.2922,21:23:39,717783274338,61754,0,24039,2520,39
1784726619.4922,21:23:39,717783283060,61712,0,24039,2520,39
1784726619.6922,21:23:39,717783291765,61712,0,24039,2520,39
1784726619.8922,21:23:39,717783300472,61712,0,24039,2520,39
1784726620.0923,21:23:40,717783309162,61712,0,24039,2520,39
1784726620.2922,21:23:40,717783317971,61712,0,24039,2520,39
1784726620.4922,21:23:40,717783326653,61749,0,24039,2520,38
1784726620.6922,21:23:40,717783335325,61749,0,24039,2520,38
1784726620.8922,21:23:40,717783343998,61749,0,24039,2520,38
1784726621.0922,21:23:41,717783352718,61749,0,24039,2520,38
1784726621.2922,21:23:41,717783361557,61749,0,24039,2520,38
1784726621.4923,21:23:41,717783370221,61797,0,24039,2520,38
1784726621.6922,21:23:41,717783378852,61797,0,24039,2520,38
1784726621.8922,21:23:41,717783387499,61797,0,24039,2520,38
1784726622.0922,21:23:42,717783396139,61797,0,24039,2520,38
1784726622.2922,21:23:42,717783404949,61797,0,24039,2520,38
1784726622.4922,21:23:42,717783413584,61747,0,24039,2520,38
1784726622.6922,21:23:42,717783422214,61747,0,24039,2520,38
1784726622.8922,21:23:42,717783430855,61747,0,24039,2520,38
1784726623.0922,21:23:43,717783439472,61747,0,24039,2520,38
1784726623.2922,21:23:43,717783448267,61747,0,24039,2520,38
1784726623.4922,21:23:43,717783456885,61694,0,24039,2520,38
1784726623.6922,21:23:43,717783465489,61694,0,24039,2520,38
1784726623.8922,21:23:43,717783474097,61694,0,24039,2520,38
1784726624.0922,21:23:44,717783482699,61694,0,24039,2520,38
1784726624.2922,21:23:44,717783491488,61694,0,24039,2520,38
1784726624.4922,21:23:44,717783500110,61683,0,24039,2520,38
1784726624.6922,21:23:44,717783508720,61683,0,24039,2520,38
1784726624.8922,21:23:44,717783517326,61683,0,24039,2520,38
1784726625.0922,21:23:45,717783525929,61683,0,24039,2520,38
1784726625.2922,21:23:45,717783534681,61683,0,24039,2520,38
1784726625.4922,21:23:45,717783543266,61721,0,24039,2520,38
1784726625.6922,21:23:45,717783551843,61721,0,24039,2520,38
1784726625.8922,21:23:45,717783560423,61721,0,24039,2520,38
1784726626.0922,21:23:46,717783569000,61721,0,24039,2520,38
1784726626.2922,21:23:46,717783577728,61721,0,24039,2520,38
1784726626.4922,21:23:46,717783586288,61761,0,24039,2520,38
1784726626.6922,21:23:46,717783594829,61761,0,24039,2520,38
1784726626.8922,21:23:46,717783603382,61761,0,24039,2520,38
1784726627.0922,21:23:47,717783611914,61761,0,24039,2520,38
1784726627.2922,21:23:47,717783620623,61761,0,24039,2520,38
1784726627.4922,21:23:47,717783629161,61686,0,24039,2520,38
1784726627.6922,21:23:47,717783637699,61686,0,24039,2520,38
1784726627.8922,21:23:47,717783646237,61686,0,24039,2520,38
1784726628.0922,21:23:48,717783654751,61686,0,24039,2520,38
1784726628.2922,21:23:48,717783663432,61686,0,24039,2520,38
1784726628.4923,21:23:48,717783671934,61639,0,24039,2520,38
1784726628.6922,21:23:48,717783680428,61639,0,24039,2520,38
1784726628.8922,21:23:48,717783688912,61639,0,24039,2520,38
1784726629.0923,21:23:49,717783697398,61639,0,24039,2520,38
1784726629.2922,21:23:49,717783706048,61639,0,24039,2520,38
1784726629.4922,21:23:49,717783714521,61605,0,24039,2520,38
1784726629.6922,21:23:49,717783722917,61605,0,24039,2520,38
1784726629.8922,21:23:49,717783731333,61605,0,24039,2520,38
1784726630.0922,21:23:50,717783739744,61605,0,24039,2520,38
1784726630.2922,21:23:50,717783748326,61605,0,24039,2520,38
1784726630.4922,21:23:50,717783756720,61428,0,24039,2520,38
1784726630.6922,21:23:50,717783765140,61428,0,24039,2520,38
1784726630.8922,21:23:50,717783773775,61428,0,24039,2520,38
1784726631.0922,21:23:51,717783837229,72274,0,24039,2520,41
1784726631.2923,21:23:51,717783926666,72274,0,24039,2520,41
1784726631.4923,21:23:51,717784021559,219105,100,24039,2550,62
1784726631.6922,21:23:51,717784115554,219105,100,24039,2550,62
1784726631.8922,21:23:51,717784206477,219105,100,24039,2550,62
1784726632.0922,21:23:52,717784286189,446817,100,24039,2490,61
1784726632.2922,21:23:52,717784353484,446817,100,24039,2490,61
1784726632.4923,21:23:52,717784420742,416057,100,24039,2685,52
1784726632.6922,21:23:52,717784486724,416057,100,24039,2685,52
1784726632.8922,21:23:52,717784552610,416057,100,24039,2685,52
1784726633.0923,21:23:53,717784618343,352660,100,24039,2685,51
1784726633.2923,21:23:53,717784683895,352660,100,24039,2685,51
1784726633.4923,21:23:53,717784749696,337673,100,24039,2685,51
1784726633.6922,21:23:53,717784815515,337673,100,24039,2685,51
1784726633.8922,21:23:53,717784880857,337673,100,24039,2685,51
1784726634.0922,21:23:54,717784945712,336143,100,24039,2685,51
1784726634.2922,21:23:54,717785009339,336143,100,24039,2685,51
1784726634.4923,21:23:54,717785071348,330052,100,24039,2565,50
1784726634.6922,21:23:54,717785129744,330052,100,24039,2565,50
1784726634.8922,21:23:54,717785185720,330052,100,24039,2565,50
1784726635.0923,21:23:55,717785239102,308585,100,24039,2385,48
1784726635.2923,21:23:55,717785289056,308585,100,24039,2385,48
1784726635.4923,21:23:55,717785335709,274299,100,24039,1290,47
1784726635.6922,21:23:55,717785379130,274299,100,24039,1290,47
1784726635.8922,21:23:55,717785417666,274299,100,24039,1290,47
1784726636.0922,21:23:56,717785450937,231152,100,24039,600,44
1784726636.2923,21:23:56,717785478966,231152,100,24039,600,44
1784726636.4922,21:23:56,717785501621,175276,100,24039,240,42
1784726636.6922,21:23:56,717785521836,175276,100,24039,240,42
1784726636.8922,21:23:56,717785543268,175276,100,24039,240,42
1784726637.0923,21:23:57,717785566672,127512,100,24039,345,42
1784726637.2922,21:23:57,717785615887,127512,100,24039,345,42
1784726637.4922,21:23:57,717785676065,174155,100,24039,2685,49
1784726637.6923,21:23:57,717785735606,174155,100,24039,2685,49
1784726637.8922,21:23:57,717785792749,174155,100,24039,2685,49
1784726638.0922,21:23:58,717785845795,258444,100,24039,2475,49
1784726638.2922,21:23:58,717785895513,258444,100,24039,2475,49
1784726638.4922,21:23:58,717785942614,276377,100,24039,2175,47
1784726638.6922,21:23:58,717785987090,276377,100,24039,2175,47
1784726638.8922,21:23:58,717786026936,276377,100,24039,2175,47
1784726639.0922,21:23:59,717786061712,234561,100,24039,660,45
1784726639.2922,21:23:59,717786091536,234561,100,24039,660,45
1784726639.4922,21:23:59,717786115913,182042,100,24039,300,42
1784726639.6923,21:23:59,717786136049,182042,100,24039,300,42
1784726639.8922,21:23:59,717786154863,182042,100,24039,300,42
1784726640.0923,21:24:00,717786173730,127190,100,24039,210,41
1784726640.2923,21:24:00,717786192480,127190,100,24039,210,41
1784726640.4923,21:24:00,717786211210,99006,100,24039,210,41
1784726640.6922,21:24:00,717786230631,99006,100,24039,210,41
1784726640.8923,21:24:00,717786251574,99006,100,24039,210,41
1784726641.0922,21:24:01,717786285611,100733,100,24039,1605,41
1784726641.2922,21:24:01,717786345718,100733,100,24039,1605,41
1784726641.4922,21:24:01,717786403776,188826,100,24039,2640,49
1784726641.6922,21:24:01,717786459240,188826,100,24039,2640,49
1784726641.8923,21:24:01,717786511207,188826,100,24039,2640,49
1784726642.0923,21:24:02,717786560097,265809,100,24039,2460,47
1784726642.2922,21:24:02,717786606047,265809,100,24039,2460,47
1784726642.4923,21:24:02,717786648720,254695,100,24039,1200,46
1784726642.6923,21:24:02,717786687029,254695,100,24039,1200,46
1784726642.8923,21:24:02,717786719649,254695,100,24039,1200,46
1784726643.0922,21:24:03,717786744882,205533,100,24039,435,43
1784726643.2922,21:24:03,717786764621,205533,100,24039,435,43
1784726643.4922,21:24:03,717786783689,144359,100,24039,210,41
1784726643.6923,21:24:03,717786802692,144359,100,24039,210,41
1784726643.8923,21:24:03,717786821567,144359,100,24039,210,41
1784726644.0922,21:24:04,717786840531,103766,100,24039,210,41
1784726644.2922,21:24:04,717786859503,103766,100,24039,210,41
1784726644.4922,21:24:04,717786878413,97397,100,24039,210,41
1784726644.6923,21:24:04,717786897314,97397,100,24039,210,41
1784726644.8922,21:24:04,717786916300,97397,100,24039,210,41
1784726645.0923,21:24:05,717786935256,97317,100,24039,210,41
1784726645.2923,21:24:05,717786954092,97317,100,24039,210,41
1784726645.4923,21:24:05,717786973518,97645,100,24039,225,40
1784726645.6923,21:24:05,717786994651,97645,100,24039,225,40
1784726645.8922,21:24:05,717787017305,97645,100,24039,225,40
1784726646.0922,21:24:06,717787040608,105443,100,24039,285,41
1784726646.2923,21:24:06,717787063946,105443,100,24039,285,41
1784726646.4922,21:24:06,717787087263,115809,100,24039,285,41
1784726646.6922,21:24:06,717787108488,115809,100,24039,285,41
1784726646.8923,21:24:06,717787128871,115809,100,24039,285,41
1784726647.0923,21:24:07,717787149888,114259,100,24039,225,41
1784726647.2923,21:24:07,717787170916,114259,100,24039,225,41
1784726647.4923,21:24:07,717787191895,109007,100,24039,225,41
1784726647.6923,21:24:07,717787213523,109007,100,24039,225,41
1784726647.8922,21:24:07,717787236501,109007,100,24039,225,41
1784726648.0922,21:24:08,717787259687,111881,100,24039,285,41
1784726648.2922,21:24:08,717787282956,111881,100,24039,285,41
1784726648.4922,21:24:08,717787306078,117128,100,24039,285,41
1784726648.6922,21:24:08,717787329318,117128,100,24039,285,41
1784726648.8922,21:24:08,717787352627,117128,100,24039,285,41
1784726649.0922,21:24:09,717787375876,119908,100,24039,285,41
1784726649.2922,21:24:09,717787399078,119908,100,24039,285,41
1784726649.4922,21:24:09,717787422386,120009,100,24039,285,41
1784726649.6922,21:24:09,717787445579,120009,100,24039,285,41
1784726649.8922,21:24:09,717787467990,120009,100,24039,285,41
1784726650.0923,21:24:10,717787488334,117994,100,24039,210,41
1784726650.2923,21:24:10,717787508655,117994,100,24039,210,41
1784726650.4922,21:24:10,717787528948,111160,100,24039,210,40
1784726650.6922,21:24:10,717787549770,111160,100,24039,210,40
1784726650.8922,21:24:10,717787570713,111160,100,24039,210,40
1784726651.0922,21:24:11,717787591839,106540,100,24039,225,40
1784726651.2922,21:24:11,717787614731,106540,100,24039,225,40
1784726651.4922,21:24:11,717787639140,113323,100,24039,315,41
1784726651.6923,21:24:11,717787663922,113323,100,24039,315,41
1784726651.8922,21:24:11,717787688861,113323,100,24039,315,41
1784726652.0922,21:24:12,717787713869,123187,100,24039,330,41
1784726652.2922,21:24:12,717787738774,123187,100,24039,330,41
1784726652.4922,21:24:12,717787761730,126827,100,24039,225,41
1784726652.6922,21:24:12,717787782640,126827,100,24039,225,41
1784726652.8922,21:24:12,717787802825,126827,100,24039,225,41
1784726653.0922,21:24:13,717787822901,116707,100,24039,210,40
1784726653.2922,21:24:13,717787842893,116707,100,24039,210,40
1784726653.4922,21:24:13,717787865297,108526,100,24039,315,40
1784726653.6922,21:24:13,717787889646,108526,100,24039,315,40
1784726653.8922,21:24:13,717787914206,108526,100,24039,315,40
1784726654.0922,21:24:14,717787939285,117230,100,24039,345,41
1784726654.2922,21:24:14,717787963852,117230,100,24039,345,41
1784726654.4922,21:24:14,717787988560,127448,100,24039,345,41
1784726654.6923,21:24:14,717788013386,127448,100,24039,345,41
1784726654.8922,21:24:14,717788038013,127448,100,24039,345,41
1784726655.0922,21:24:15,717788060665,128102,100,24039,270,41
1784726655.2922,21:24:15,717788081229,128102,100,24039,270,41
1784726655.4922,21:24:15,717788101122,118317,100,24039,210,40
1784726655.6922,21:24:15,717788122113,118317,100,24039,210,40
1784726655.8923,21:24:15,717788146341,118317,100,24039,210,40
1784726656.0922,21:24:16,717788170579,114268,100,24039,210,41
1784726656.2922,21:24:16,717788194768,114268,100,24039,210,41
1784726656.4923,21:24:16,717788218964,121454,100,24039,210,41
1784726656.6923,21:24:16,717788243149,121454,100,24039,210,41
1784726656.8922,21:24:16,717788267366,121454,100,24039,210,41
1784726657.0922,21:24:17,717788283339,124161,100,24039,1290,41
1784726657.2922,21:24:17,717788295259,124161,100,24039,1290,41
1784726657.4922,21:24:17,717788307156,94411,0,24039,2520,39
1784726657.6922,21:24:17,717788319021,94411,0,24039,2520,39
1784726657.8922,21:24:17,717788330857,94411,0,24039,2520,39
1784726658.0922,21:24:18,717788342620,70957,0,24039,2520,39
1784726658.2922,21:24:18,717788350521,70957,0,24039,2520,39
1784726658.4922,21:24:18,717788358408,70957,0,24039,2520,39
1784726658.6923,21:24:18,717788366298,70957,0,24039,2520,39
1784726658.8922,21:24:18,717788374159,70957,0,24039,2520,39
1784726659.0922,21:24:19,717788385857,61494,0,24039,2520,39
1784726659.2922,21:24:19,717788393737,61494,0,24039,2520,39
1784726659.4922,21:24:19,717788401581,61494,0,24039,2520,39
1784726659.6922,21:24:19,717788409436,61494,0,24039,2520,39
1784726659.8922,21:24:19,717788417317,61494,0,24039,2520,39
1784726660.0922,21:24:20,717788429005,61413,0,24039,2520,39
1784726660.2922,21:24:20,717788436846,61413,0,24039,2520,39
1784726660.4922,21:24:20,717788444699,61413,0,24039,2520,39
1784726660.6922,21:24:20,717788452493,61413,0,24039,2520,39
1784726660.8922,21:24:20,717788460308,61413,0,24039,2520,39
1784726661.0923,21:24:21,717788471941,61335,0,24039,2520,39
1784726661.2923,21:24:21,717788479781,61335,0,24039,2520,39
1784726661.4922,21:24:21,717788487642,61335,0,24039,2520,39
1784726661.6922,21:24:21,717788495469,61335,0,24039,2520,39
1784726661.8923,21:24:21,717788503308,61335,0,24039,2520,39
1784726662.0923,21:24:22,717788514985,61356,0,24039,2520,38
1784726662.2923,21:24:22,717788522780,61356,0,24039,2520,38
1784726662.4923,21:24:22,717788530608,61356,0,24039,2520,38
1784726662.6923,21:24:22,717788538418,61356,0,24039,2520,38
1784726662.8923,21:24:22,717788546253,61356,0,24039,2520,38
1784726663.0923,21:24:23,717788557925,61483,0,24039,2520,38
1784726663.2923,21:24:23,717788565724,61483,0,24039,2520,38
1784726663.4923,21:24:23,717788573498,61483,0,24039,2520,38
1784726663.6922,21:24:23,717788581275,61483,0,24039,2520,38
1784726663.8922,21:24:23,717788589052,61483,0,24039,2520,38
1784726664.0922,21:24:24,717788600686,61505,0,24039,2520,38
1784726664.2922,21:24:24,717788608433,61505,0,24039,2520,38
1784726664.4923,21:24:24,717788616182,61505,0,24039,2520,38
1784726664.6923,21:24:24,717788623944,61505,0,24039,2520,38
1784726664.8922,21:24:24,717788631708,61505,0,24039,2520,38
1784726665.0923,21:24:25,717788643298,61402,0,24039,2520,38
1784726665.2922,21:24:25,717788651053,61402,0,24039,2520,38
1784726665.4923,21:24:25,717788658780,61402,0,24039,2520,38
1784726665.6923,21:24:25,717788666513,61402,0,24039,2520,38
1784726665.8923,21:24:25,717788674218,61402,0,24039,2520,38
1784726666.0923,21:24:26,717788685750,61333,0,24039,2520,38
1784726666.2923,21:24:26,717788693476,61333,0,24039,2520,38
1784726666.4923,21:24:26,717788701202,61333,0,24039,2520,38
1784726666.6923,21:24:26,717788708921,61333,0,24039,2520,38
1784726666.8922,21:24:26,717788716636,61333,0,24039,2520,38
1784726667.0923,21:24:27,717788728195,61317,0,24039,2520,38
1784726667.2923,21:24:27,717788735927,61317,0,24039,2520,38
1784726667.4923,21:24:27,717788743640,61317,0,24039,2520,38
1784726667.6923,21:24:27,717788751338,61317,0,24039,2520,38
1784726667.8923,21:24:27,717788759043,61317,0,24039,2520,38
1784726668.0923,21:24:28,717788770545,61381,0,24039,2520,38
1784726668.2923,21:24:28,717788778236,61381,0,24039,2520,38
1784726668.4923,21:24:28,717788785906,61381,0,24039,2520,38
1784726668.6923,21:24:28,717788793571,61381,0,24039,2520,38
1784726668.8923,21:24:28,717788801276,61381,0,24039,2520,38
1784726669.0923,21:24:29,717788812804,61365,0,24039,2520,38
1784726669.2923,21:24:29,717788820497,61365,0,24039,2520,38
1784726669.4923,21:24:29,717788828127,61365,0,24039,2520,38
1784726669.6923,21:24:29,717788835787,61365,0,24039,2520,38
1784726669.8923,21:24:29,717788843417,61365,0,24039,2520,38
1784726670.0923,21:24:30,717788854903,61337,0,24039,2520,38
1784726670.2923,21:24:30,717788862474,61337,0,24039,2520,38
1784726670.4923,21:24:30,717788870088,61337,0,24039,2520,38
1784726670.6922,21:24:30,717788877695,61337,0,24039,2520,38
1784726670.8923,21:24:30,717788885313,61337,0,24039,2520,38
1784726671.0923,21:24:31,717788896740,61294,0,24039,2520,38
1784726671.2923,21:24:31,717788904328,61294,0,24039,2520,38
1784726671.4923,21:24:31,717788911926,61294,0,24039,2520,38
1784726671.6923,21:24:31,717788919553,61294,0,24039,2520,38
1784726671.8923,21:24:31,717788927186,61294,0,24039,2520,38
1784726672.0923,21:24:32,717788938637,61223,0,24039,2520,38
1784726672.2923,21:24:32,717788958880,61223,0,24039,2520,38
1784726672.4923,21:24:32,717789012681,99443,100,24039,2520,45
1784726672.6923,21:24:32,717789101041,99443,100,24039,2520,45
1784726672.8923,21:24:32,717789191134,99443,100,24039,2520,45
1784726673.0923,21:24:33,717789281126,307381,100,24039,2565,62
1784726673.2923,21:24:33,717789371235,307381,100,24039,2565,62
1784726673.4923,21:24:33,717789451674,457692,100,24039,2490,61
1784726673.6923,21:24:33,717789531797,457692,100,24039,2490,61
1784726673.8923,21:24:33,717789611773,457692,100,24039,2490,61
1784726674.0923,21:24:34,717789698693,453270,100,24039,2580,61
1784726674.2923,21:24:34,717789786028,453270,100,24039,2580,61
1784726674.4923,21:24:34,717789866384,444664,100,24039,2640,59
1784726674.6923,21:24:34,717789949533,444664,100,24039,2640,59
1784726674.8922,21:24:34,717790029762,444664,100,24039,2640,59
1784726675.0923,21:24:35,717790113285,448709,100,24039,2670,59
1784726675.2923,21:24:35,717790195798,448709,100,24039,2670,59
1784726675.4923,21:24:35,717790277486,443109,100,24039,2655,59
1784726675.6923,21:24:35,717790360829,443109,100,24039,2655,59
1784726675.8923,21:24:35,717790441943,443109,100,24039,2655,59
1784726676.0923,21:24:36,717790523154,445493,100,24039,2670,58
1784726676.2923,21:24:36,717790607811,445493,100,24039,2670,58
1784726676.4923,21:24:36,717790688271,444055,100,24039,2670,58
1784726676.6923,21:24:36,717790772180,444055,100,24039,2670,58
1784726676.8923,21:24:36,717790852921,444055,100,24039,2670,58
1784726677.0923,21:24:37,717790936487,446770,100,24039,2670,59
1784726677.2923,21:24:37,717791018811,446770,100,24039,2670,59
1784726677.4923,21:24:37,717791100742,446958,100,24039,2640,61
1784726677.6923,21:24:37,717791183686,446958,100,24039,2640,61
1784726677.8923,21:24:37,717791265364,446958,100,24039,2640,61
1784726678.0923,21:24:38,717791348121,447251,100,24039,2655,59
1784726678.2923,21:24:38,717791428836,447251,100,24039,2655,59
1784726678.4923,21:24:38,717791509830,442275,100,24039,2595,60
1784726678.6923,21:24:38,717791590967,442275,100,24039,2595,60
1784726678.8923,21:24:38,717791669887,442275,100,24039,2595,60
1784726679.0923,21:24:39,717791744821,434238,100,24039,2490,60
1784726679.2923,21:24:39,717791822192,434238,100,24039,2490,60
1784726679.4923,21:24:39,717791902511,427191,100,24039,2535,59
1784726679.6923,21:24:39,717791975790,427191,100,24039,2535,59
1784726679.8923,21:24:39,717792050415,427191,100,24039,2535,59
1784726680.0923,21:24:40,717792124496,411292,100,24039,2565,58
1784726680.2923,21:24:40,717792193597,411292,100,24039,2565,58
1784726680.4923,21:24:40,717792260774,393481,100,24039,2400,57
1784726680.6923,21:24:40,717792326559,393481,100,24039,2400,57
1784726680.8923,21:24:40,717792382939,393481,100,24039,2400,57
1784726681.0923,21:24:41,717792437434,355469,100,24039,1860,54
1784726681.2923,21:24:41,717792485953,355469,100,24039,1860,54
1784726681.4923,21:24:41,717792529920,297404,100,24039,1530,52
1784726681.6923,21:24:41,717792574764,297404,100,24039,1530,52
1784726681.8923,21:24:41,717792620777,297404,100,24039,1530,52
1784726682.0923,21:24:42,717792663922,256246,100,24039,1455,51
1784726682.2923,21:24:42,717792706911,256246,100,24039,1455,51
1784726682.4923,21:24:42,717792750169,241419,100,24039,1365,50
1784726682.6923,21:24:42,717792790205,241419,100,24039,1365,50
1784726682.8923,21:24:42,717792826551,241419,100,24039,1365,50
1784726683.0923,21:24:43,717792866005,226450,100,24039,1035,49
1784726683.2923,21:24:43,717792897903,226450,100,24039,1035,49
1784726683.4923,21:24:43,717792931621,202486,100,24039,1035,49
1784726683.6923,21:24:43,717792971398,202486,100,24039,1035,49
1784726683.8923,21:24:43,717793007970,202486,100,24039,1035,49
1784726684.0923,21:24:44,717793049254,203058,100,24039,1110,49
1784726684.2923,21:24:44,717793089930,203058,100,24039,1110,49
1784726684.4923,21:24:44,717793131821,215101,100,24039,1110,49
1784726684.6923,21:24:44,717793169863,215101,100,24039,1110,49
1784726684.8923,21:24:44,717793208330,215101,100,24039,1110,49
1784726685.0923,21:24:45,717793247671,219754,100,24039,1170,49
1784726685.2923,21:24:45,717793287372,219754,100,24039,1170,49
1784726685.4923,21:24:45,717793329148,221521,100,24039,1185,49
1784726685.6923,21:24:45,717793369976,221521,100,24039,1185,49
1784726685.8923,21:24:45,717793404809,221521,100,24039,1185,49
1784726686.0923,21:24:46,717793441416,215108,100,24039,960,48
1784726686.2923,21:24:46,717793473061,215108,100,24039,960,48
1784726686.4923,21:24:46,717793503047,193729,100,24039,885,47
1784726686.6922,21:24:46,717793536708,193729,100,24039,885,47
1784726686.8923,21:24:46,717793569936,193729,100,24039,885,47
1784726687.0923,21:24:47,717793599613,180576,100,24039,900,47
1784726687.2923,21:24:47,717793632769,180576,100,24039,900,47
1784726687.4923,21:24:47,717793664633,176010,100,24039,885,47
1784726687.6923,21:24:47,717793695038,176010,100,24039,885,47
1784726687.8923,21:24:47,717793726065,176010,100,24039,885,47
1784726688.0923,21:24:48,717793758572,171418,100,24039,825,47
1784726688.2923,21:24:48,717793794210,171418,100,24039,825,47
1784726688.4923,21:24:48,717793825369,177185,100,24039,960,47
1784726688.6923,21:24:48,717793855328,177185,100,24039,960,47
1784726688.8923,21:24:48,717793892774,177185,100,24039,960,47
1784726689.0923,21:24:49,717793930213,186791,100,24039,915,47
1784726689.2923,21:24:49,717793964750,186791,100,24039,915,47
1784726689.4923,21:24:49,717793997579,190359,100,24039,960,47
1784726689.6923,21:24:49,717794028592,190359,100,24039,960,47
1784726689.8923,21:24:49,717794063565,190359,100,24039,960,47
1784726690.0923,21:24:50,717794097805,190157,100,24039,1050,47
1784726690.2923,21:24:50,717794132509,190157,100,24039,1050,47
1784726690.4923,21:24:50,717794161174,182858,100,24039,810,47
1784726690.6923,21:24:50,717794192720,182858,100,24039,810,47
1784726690.8923,21:24:50,717794219027,182858,100,24039,810,47
1784726691.0923,21:24:51,717794246245,170803,100,24039,885,46
1784726691.2923,21:24:51,717794275791,170803,100,24039,885,46
1784726691.4923,21:24:51,717794307514,162159,100,24039,870,47
1784726691.6923,21:24:51,717794340997,162159,100,24039,870,47
1784726691.8923,21:24:51,717794376465,162159,100,24039,870,47
1784726692.0923,21:24:52,717794411360,176185,100,24039,915,47
1784726692.2923,21:24:52,717794447573,176185,100,24039,915,47
1784726692.4923,21:24:52,717794484530,189982,100,24039,750,47
1784726692.6923,21:24:52,717794514839,189982,100,24039,750,47
1784726692.8923,21:24:52,717794545090,189982,100,24039,750,47
1784726693.0923,21:24:53,717794573419,172873,100,24039,810,46
1784726693.2923,21:24:53,717794606203,172873,100,24039,810,46
1784726693.4923,21:24:53,717794640105,161272,100,24039,705,46
1784726693.6923,21:24:53,717794673810,161272,100,24039,705,46
1784726693.8923,21:24:53,717794703317,161272,100,24039,705,46
1784726694.0923,21:24:54,717794731837,161147,100,24039,780,46
1784726694.2923,21:24:54,717794765247,161147,100,24039,780,46
1784726694.4923,21:24:54,717794793800,159063,100,24039,795,46
1784726694.6923,21:24:54,717794828932,159063,100,24039,795,46
1784726694.8923,21:24:54,717794860323,159063,100,24039,795,46
1784726695.0923,21:24:55,717794894566,162885,100,24039,975,47
1784726695.2923,21:24:55,717794932494,162885,100,24039,975,47
1784726695.4923,21:24:55,717794970828,178525,100,24039,1065,47
1784726695.6923,21:24:55,717795005339,178525,100,24039,1065,47
1784726695.8923,21:24:55,717795039558,178525,100,24039,1065,47
1784726696.0923,21:24:56,717795078955,187390,100,24039,1020,47
1784726696.2923,21:24:56,717795112388,187390,100,24039,1020,47
1784726696.4923,21:24:56,717795147875,182335,100,24039,870,47
1784726696.6923,21:24:56,717795184221,182335,100,24039,870,47
1784726696.8923,21:24:56,717795221450,182335,100,24039,870,47
1784726697.0923,21:24:57,717795258545,186936,100,24039,870,47
1784726697.2923,21:24:57,717795293673,186936,100,24039,870,47
1784726697.4923,21:24:57,717795326586,183399,100,24039,1035,47
1784726697.6923,21:24:57,717795364720,183399,100,24039,1035,47
1784726697.8923,21:24:57,717795401997,183399,100,24039,1035,47
1784726698.0923,21:24:58,717795437262,184036,100,24039,975,47
1784726698.2923,21:24:58,717795469169,184036,100,24039,975,47
1784726698.4923,21:24:58,717795498645,175048,100,24039,810,46
1784726698.6923,21:24:58,717795533947,175048,100,24039,810,46
1784726698.8923,21:24:58,717795569446,175048,100,24039,810,46
1784726699.0923,21:24:59,717795598149,168722,100,24039,705,46
1784726699.2923,21:24:59,717795628465,168722,100,24039,705,46
1784726699.4923,21:24:59,717795659576,163589,100,24039,705,45
1784726699.6923,21:24:59,717795690743,163589,100,24039,705,45
1784726699.8923,21:24:59,717795722829,163589,100,24039,705,45
1784726700.0923,21:25:00,717795755812,158425,100,24039,705,45
1784726700.2923,21:25:00,717795788538,158425,100,24039,705,45
1784726700.4923,21:25:00,717795816755,162601,100,24039,615,45
1784726700.6923,21:25:00,717795841101,162601,100,24039,615,45
1784726700.8923,21:25:00,717795865884,162601,100,24039,615,45
1784726701.0923,21:25:01,717795893357,145682,100,24039,720,45
1784726701.2923,21:25:01,717795924613,145682,100,24039,720,45
1784726701.4923,21:25:01,717795953465,139608,100,24039,795,45
1784726701.6923,21:25:01,717795984619,139608,100,24039,795,45
1784726701.8923,21:25:01,717796020306,139608,100,24039,795,45
1784726702.0923,21:25:02,717796054227,159861,100,24039,870,46
1784726702.2923,21:25:02,717796086070,159861,100,24039,870,46
1784726702.4923,21:25:02,717796122905,171930,100,24039,1005,46
1784726702.6923,21:25:02,717796157985,171930,100,24039,1005,46
1784726702.8923,21:25:02,717796193992,171930,100,24039,1005,46
1784726703.0923,21:25:03,717796229033,178957,100,24039,1050,47
1784726703.2923,21:25:03,717796267143,178957,100,24039,1050,47
1784726703.4923,21:25:03,717796306568,190515,100,24039,1245,48
1784726703.6923,21:25:03,717796346888,190515,100,24039,1245,48
1784726703.8923,21:25:03,717796383631,190515,100,24039,1245,48
1784726704.0923,21:25:04,717796422602,196547,100,24039,1230,48
1784726704.2923,21:25:04,717796461622,196547,100,24039,1230,48
1784726704.4923,21:25:04,717796504610,201912,100,24039,1065,48
1784726704.6923,21:25:04,717796549327,201912,100,24039,1065,48
1784726704.8923,21:25:04,717796592009,201912,100,24039,1065,48
1784726705.0923,21:25:05,717796630966,211793,100,24039,840,47
1784726705.2923,21:25:05,717796667918,211793,100,24039,840,47
1784726705.4923,21:25:05,717796703658,206369,100,24039,615,46
1784726705.6923,21:25:05,717796735063,206369,100,24039,615,46
1784726705.8923,21:25:05,717796761900,206369,100,24039,615,46
1784726706.0923,21:25:06,717796786350,169452,100,24039,390,44
1784726706.2923,21:25:06,717796808461,169452,100,24039,390,44
1784726706.4923,21:25:06,717796829860,133670,100,24039,315,43
1784726706.6923,21:25:06,717796851174,133670,100,24039,315,43
1784726706.8923,21:25:06,717796872470,133670,100,24039,315,43
1784726707.0923,21:25:07,717796893718,112953,100,24039,315,42
1784726707.2923,21:25:07,717796914956,112953,100,24039,315,42
1784726707.4923,21:25:07,717796936290,109412,100,24039,330,42
1784726707.6923,21:25:07,717796958434,109412,100,24039,330,42
1784726707.8923,21:25:07,717796981899,109412,100,24039,330,42
1784726708.0923,21:25:08,717797006929,113741,100,24039,480,43
1784726708.2923,21:25:08,717797033601,113741,100,24039,480,43
1784726708.4923,21:25:08,717797061133,126781,100,24039,540,44
1784726708.6923,21:25:08,717797088593,126781,100,24039,540,44
1784726708.8923,21:25:08,717797116171,126781,100,24039,540,44
1784726709.0923,21:25:09,717797143809,138595,100,24039,540,44
1784726709.2923,21:25:09,717797171606,138595,100,24039,540,44
1784726709.4923,21:25:09,717797199462,142456,100,24039,585,44
1784726709.6923,21:25:09,717797227560,142456,100,24039,585,44
1784726709.8923,21:25:09,717797254472,142456,100,24039,585,44
1784726710.0923,21:25:10,717797281376,142159,100,24039,540,43
1784726710.2923,21:25:10,717797307947,142159,100,24039,540,43
1784726710.4923,21:25:10,717797334858,140519,100,24039,540,43
1784726710.6923,21:25:10,717797361751,140519,100,24039,540,43
1784726710.8923,21:25:10,717797388644,140519,100,24039,540,43
1784726711.0923,21:25:11,717797415359,138719,100,24039,540,43
1784726711.2923,21:25:11,717797442017,138719,100,24039,540,43
1784726711.4923,21:25:11,717797468432,138046,100,24039,540,43
1784726711.6923,21:25:11,717797494917,138046,100,24039,540,43
1784726711.8923,21:25:11,717797521423,138046,100,24039,540,43
1784726712.0923,21:25:12,717797547806,137186,100,24039,525,43
1784726712.2923,21:25:12,717797574160,137186,100,24039,525,43
1784726712.4923,21:25:12,717797600509,136622,100,24039,540,43
1784726712.6923,21:25:12,717797626906,136622,100,24039,540,43
1784726712.8923,21:25:12,717797653298,136622,100,24039,540,43
1784726713.0923,21:25:13,717797679756,136510,100,24039,540,43
1784726713.2923,21:25:13,717797707417,136510,100,24039,540,43
1784726713.4923,21:25:13,717797735219,139358,100,24039,570,43
1784726713.6923,21:25:13,717797763072,139358,100,24039,570,43
1784726713.8923,21:25:13,717797791111,139358,100,24039,570,43
1784726714.0923,21:25:14,717797819027,143208,100,24039,570,43
1784726714.2923,21:25:14,717797846811,143208,100,24039,570,43
1784726714.4923,21:25:14,717797874515,144494,100,24039,570,43
1784726714.6923,21:25:14,717797902251,144494,100,24039,570,43
1784726714.8923,21:25:14,717797931171,144494,100,24039,570,43
1784726715.0923,21:25:15,717797961475,146521,100,24039,555,43
1784726715.2923,21:25:15,717797990448,146521,100,24039,555,43
1784726715.4923,21:25:15,717798017215,147736,100,24039,420,43
1784726715.6923,21:25:15,717798042136,147736,100,24039,420,43
1784726715.8923,21:25:15,717798065168,147736,100,24039,420,43
1784726716.0923,21:25:16,717798085730,136619,100,24039,240,42
1784726716.2923,21:25:16,717798104905,136619,100,24039,240,42
1784726716.4923,21:25:16,717798123783,112918,100,24039,225,41
1784726716.6923,21:25:16,717798143308,112918,100,24039,225,41
1784726716.8923,21:25:16,717798164572,112918,100,24039,225,41
1784726717.0923,21:25:17,717798188164,104992,100,24039,390,42
1784726717.2923,21:25:17,717798213148,104992,100,24039,390,42
1784726717.4923,21:25:17,717798239590,118867,100,24039,420,42
1784726717.6923,21:25:17,717798266188,118867,100,24039,420,42
1784726717.8923,21:25:17,717798292160,118867,100,24039,420,42
1784726718.0923,21:25:18,717798316213,132921,100,24039,300,42
1784726718.2923,21:25:18,717798338165,132921,100,24039,300,42
1784726718.4923,21:25:18,717798360089,126982,100,24039,285,41
1784726718.6923,21:25:18,717798382093,126982,100,24039,285,41
1784726718.8923,21:25:18,717798403971,126982,100,24039,285,41
1784726719.0923,21:25:19,717798425862,116431,100,24039,285,41
1784726719.2923,21:25:19,717798447637,116431,100,24039,285,41
1784726719.4923,21:25:19,717798469408,114305,100,24039,285,41
1784726719.6923,21:25:19,717798491156,114305,100,24039,285,41
1784726719.8923,21:25:19,717798513256,114305,100,24039,285,41
1784726720.0923,21:25:20,717798535366,114679,100,24039,300,41
1784726720.2923,21:25:20,717798557299,114679,100,24039,300,41
1784726720.4923,21:25:20,717798579464,115237,100,24039,300,41
1784726720.6923,21:25:20,717798601637,115237,100,24039,300,41
1784726720.8923,21:25:20,717798623840,115237,100,24039,300,41
1784726721.0923,21:25:21,717798646105,115988,100,24039,300,41
1784726721.2923,21:25:21,717798668598,115988,100,24039,300,41
1784726721.4923,21:25:21,717798690628,116609,100,24039,285,41
1784726721.6923,21:25:21,717798712541,116609,100,24039,285,41
1784726721.8923,21:25:21,717798734594,116609,100,24039,285,41
1784726722.0923,21:25:22,717798757920,116630,100,24039,360,41
1784726722.2923,21:25:22,717798781743,116630,100,24039,360,41
1784726722.4923,21:25:22,717798805907,120823,100,24039,375,42
1784726722.6923,21:25:22,717798828599,120823,100,24039,375,42
1784726722.8923,21:25:22,717798849100,120823,100,24039,375,42
1784726723.0923,21:25:23,717798868936,119062,100,24039,240,41
1784726723.2923,21:25:23,717798888880,119062,100,24039,240,41
1784726723.4923,21:25:23,717798909229,110413,100,24039,285,41
1784726723.6923,21:25:23,717798930778,110413,100,24039,285,41
1784726723.8923,21:25:23,717798953082,110413,100,24039,285,41
1784726724.0923,21:25:24,717798977166,110890,100,24039,390,41
1784726724.2923,21:25:24,717799003030,110890,100,24039,390,41
1784726724.4923,21:25:24,717799029965,126108,100,24039,450,42
1784726724.6923,21:25:24,717799055401,126108,100,24039,450,42
1784726724.8923,21:25:24,717799078680,126108,100,24039,450,42
1784726725.0923,21:25:25,717799098996,130701,100,24039,210,41
1784726725.2923,21:25:25,717799117460,130701,100,24039,210,41
1784726725.4923,21:25:25,717799136071,114802,100,24039,210,40
1784726725.6923,21:25:25,717799155171,114802,100,24039,210,40
1784726725.8923,21:25:25,717799175125,114802,100,24039,210,40
1784726726.0923,21:25:26,717799195127,102438,100,24039,240,40
1784726726.2923,21:25:26,717799215866,102438,100,24039,240,40
1784726726.4923,21:25:26,717799237941,106953,100,24039,300,41
1784726726.6923,21:25:26,717799260096,106953,100,24039,300,41
1784726726.8923,21:25:26,717799282232,106953,100,24039,300,41
1784726727.0923,21:25:27,717799303969,113813,100,24039,300,41
1784726727.2923,21:25:27,717799325762,113813,100,24039,300,41
1784726727.4923,21:25:27,717799348180,116898,100,24039,375,41
1784726727.6923,21:25:27,717799371910,116898,100,24039,375,41
1784726727.8923,21:25:27,717799395786,116898,100,24039,375,41
1784726728.0923,21:25:28,717799421011,121731,100,24039,435,41
1784726728.2923,21:25:28,717799446254,121731,100,24039,435,41
1784726728.4923,21:25:28,717799471502,130070,100,24039,435,41
1784726728.6923,21:25:28,717799496703,130070,100,24039,435,41
1784726728.8923,21:25:28,717799521875,130070,100,24039,435,41
1784726729.0923,21:25:29,717799547081,133980,100,24039,435,41
1784726729.2923,21:25:29,717799570860,133980,100,24039,435,41
1784726729.4923,21:25:29,717799592977,129576,100,24039,330,41
1784726729.6923,21:25:29,717799614851,129576,100,24039,330,41
1784726729.8923,21:25:29,717799636707,129576,100,24039,330,41
1784726730.0923,21:25:30,717799658550,121552,100,24039,330,41
1784726730.2923,21:25:30,717799680574,121552,100,24039,330,41
1784726730.4923,21:25:30,717799702267,116409,100,24039,360,41
1784726730.6923,21:25:30,717799725513,116409,100,24039,360,41
1784726730.8923,21:25:30,717799749317,116409,100,24039,360,41
1784726731.0923,21:25:31,717799773109,120621,100,24039,390,41
1784726731.2923,21:25:31,717799796451,120621,100,24039,390,41
1784726731.4923,21:25:31,717799819757,124519,100,24039,375,41
1784726731.6923,21:25:31,717799843094,124519,100,24039,375,41
1784726731.8923,21:25:31,717799865400,124519,100,24039,375,41
1784726732.0923,21:25:32,717799886473,122924,100,24039,300,41
1784726732.2923,21:25:32,717799907510,122924,100,24039,300,41
1784726732.4923,21:25:32,717799928511,117002,100,24039,300,41
1784726732.6923,21:25:32,717799950298,117002,100,24039,300,41
1784726732.8923,21:25:32,717799973554,117002,100,24039,300,41
1784726733.0923,21:25:33,717799996837,116554,100,24039,375,41
1784726733.2923,21:25:33,717800020024,116554,100,24039,375,41
1784726733.4923,21:25:33,717800042426,121166,100,24039,315,41
1784726733.6923,21:25:33,717800063546,121166,100,24039,315,41
1784726733.8923,21:25:33,717800084493,121166,100,24039,315,41
1784726734.0923,21:25:34,717800105477,118299,100,24039,300,41
1784726734.2923,21:25:34,717800126508,118299,100,24039,300,41
1784726734.4923,21:25:34,717800147746,113192,100,24039,360,41
1784726734.6923,21:25:34,717800170428,113192,100,24039,360,41
1784726734.8923,21:25:34,717800193134,113192,100,24039,360,41
1784726735.0923,21:25:35,717800216323,117104,100,24039,390,41
1784726735.2923,21:25:35,717800240493,117104,100,24039,390,41
1784726735.4923,21:25:35,717800262840,123020,100,24039,360,41
1784726735.6923,21:25:35,717800285258,123020,100,24039,360,41
1784726735.8923,21:25:35,717800307500,123020,100,24039,360,41
1784726736.0923,21:25:36,717800329740,122788,100,24039,345,41
1784726736.2923,21:25:36,717800351896,122788,100,24039,345,41
1784726736.4923,21:25:36,717800374452,120137,100,24039,345,41
1784726736.6923,21:25:36,717800396660,120137,100,24039,345,41
1784726736.8923,21:25:36,717800418823,120137,100,24039,345,41
1784726737.0923,21:25:37,717800438673,118633,100,24039,270,40
1784726737.2923,21:25:37,717800459019,118633,100,24039,270,40
1784726737.4923,21:25:37,717800478862,113342,100,24039,270,40
1784726737.6923,21:25:37,717800500354,113342,100,24039,270,40
1784726737.8923,21:25:37,717800522204,113342,100,24039,270,40
1784726738.0923,21:25:38,717800544235,112556,100,24039,285,41
1784726738.2923,21:25:38,717800566507,112556,100,24039,285,41
1784726738.4923,21:25:38,717800588721,117775,100,24039,285,41
1784726738.6923,21:25:38,717800610666,117775,100,24039,285,41
1784726738.8923,21:25:38,717800632562,117775,100,24039,285,41
1784726739.0923,21:25:39,717800654758,119158,100,24039,300,41
1784726739.2923,21:25:39,717800676651,119158,100,24039,300,41
1784726739.4923,21:25:39,717800698517,118714,100,24039,300,41
1784726739.6923,21:25:39,717800720466,118714,100,24039,300,41
1784726739.8923,21:25:39,717800742347,118714,100,24039,300,41
1784726740.0923,21:25:40,717800764249,118869,100,24039,285,41
1784726740.2923,21:25:40,717800786095,118869,100,24039,285,41
1784726740.4923,21:25:40,717800808089,118829,100,24039,285,40
1784726740.6923,21:25:40,717800830022,118829,100,24039,285,40
1784726740.8923,21:25:40,717800851979,118829,100,24039,285,40
1784726741.0923,21:25:41,717800874257,119100,100,24039,300,40
1784726741.2923,21:25:41,717800896588,119100,100,24039,300,40
1784726741.4923,21:25:41,717800918799,120122,100,24039,300,40
1784726741.6923,21:25:41,717800940939,120122,100,24039,300,40
1784726741.8923,21:25:41,717800963154,120122,100,24039,300,40
1784726742.0923,21:25:42,717800985327,120816,100,24039,300,40
1784726742.2923,21:25:42,717801008395,120816,100,24039,300,40
1784726742.4923,21:25:42,717801027552,118181,36,24039,2520,40
1784726742.6923,21:25:42,717801038814,118181,36,24039,2520,40
1784726742.8923,21:25:42,717801050242,118181,36,24039,2520,40
1784726743.0923,21:25:43,717801061669,91474,36,24039,2520,39
1784726743.2923,21:25:43,717801073086,91474,36,24039,2520,39
1784726743.4923,21:25:43,717801084503,69473,0,24039,2520,39
1784726743.6923,21:25:43,717801090768,69473,0,24039,2520,39
1784726743.8923,21:25:43,717801097023,69473,0,24039,2520,39
1784726744.0923,21:25:44,717801103262,69473,0,24039,2520,39
1784726744.2923,21:25:44,717801109500,69473,0,24039,2520,39
1784726744.4923,21:25:44,717801115734,61821,0,24039,2520,39
1784726744.6923,21:25:44,717801121927,61821,0,24039,2520,39
1784726744.8923,21:25:44,717801128107,61821,0,24039,2520,39
1784726745.0923,21:25:45,717801140458,61821,0,24039,2520,39
1784726745.2923,21:25:45,717801146526,61821,0,24039,2520,39
1784726745.4923,21:25:45,717801152721,61572,0,24039,2520,39
1784726745.6923,21:25:45,717801158931,61572,0,24039,2520,39
1784726745.8923,21:25:45,717801165118,61572,0,24039,2520,39
