ts,iso,energy_mj,power_mw,util_gpu,mem_used_mib,sm_clock_mhz,temp_c
1784727983.8083,21:46:23,717819618759,11916,0,24037,210,32
1784727984.0083,21:46:24,717819620998,11916,0,24037,210,32
1784727984.2083,21:46:24,717819623189,11916,0,24037,210,32
1784727984.4083,21:46:24,717819625345,11916,0,24037,210,32
1784727984.6083,21:46:24,717819627484,11978,0,24037,210,32
1784727984.8083,21:46:24,717819629621,11978,0,24037,210,32
1784727985.0083,21:46:25,717819631755,11978,0,24037,210,32
1784727985.2083,21:46:25,717819633908,11978,0,24037,210,32
1784727985.4083,21:46:25,717819636049,11978,0,24037,210,32
1784727985.6083,21:46:25,717819638179,11911,0,24037,210,32
1784727985.8083,21:46:25,717819640284,11911,0,24037,210,32
1784727986.0083,21:46:26,717819642429,11911,0,24037,210,32
1784727986.2083,21:46:26,717819644566,11911,0,24037,210,32
1784727986.4083,21:46:26,717819646722,11911,0,24037,210,32
1784727986.6083,21:46:26,717819648873,11766,0,24037,210,32
1784727986.8083,21:46:26,717819651028,11766,0,24037,210,32
1784727987.0083,21:46:27,717819653182,11766,0,24037,210,32
1784727987.2083,21:46:27,717819655294,11766,0,24037,210,32
1784727987.4083,21:46:27,717819657415,11766,0,24037,210,32
1784727987.6083,21:46:27,717819659527,11790,0,24037,210,32
1784727987.8083,21:46:27,717819661649,11790,0,24037,210,32
1784727988.0083,21:46:28,717819663771,11790,0,24037,210,32
1784727988.2083,21:46:28,717819665890,11790,0,24037,210,32
1784727988.4083,21:46:28,717819668006,11790,0,24037,210,32
1784727988.6083,21:46:28,717819670124,11771,0,24037,210,32
1784727988.8083,21:46:28,717819672230,11771,0,24037,210,32
1784727989.0083,21:46:29,717819674345,11771,0,24037,210,32
1784727989.2083,21:46:29,717819676441,11771,0,24037,210,32
1784727989.4083,21:46:29,717819678547,11771,0,24037,210,32
1784727989.6083,21:46:29,717819680671,11698,0,24037,210,32
1784727989.8083,21:46:29,717819682794,11698,0,24037,210,32
1784727990.0083,21:46:30,717819684893,11698,0,24037,210,32
1784727990.2083,21:46:30,717819686991,11698,0,24037,210,32
1784727990.4083,21:46:30,717819689083,11698,0,24037,210,32
1784727990.6083,21:46:30,717819691172,11690,0,24037,210,32
1784727990.8083,21:46:30,717819693292,11690,0,24037,210,32
1784727991.0083,21:46:31,717819695453,11690,0,24037,210,32
1784727991.2083,21:46:31,717819697585,11690,0,24037,210,32
1784727991.4083,21:46:31,717819699715,11690,0,24037,210,32
1784727991.6083,21:46:31,717819701843,11743,0,24037,210,32
1784727991.8083,21:46:31,717819703953,11743,0,24037,210,32
1784727992.0083,21:46:32,717819706078,11743,0,24037,210,32
1784727992.2083,21:46:32,717819708200,11743,0,24037,210,32
1784727992.4083,21:46:32,717819710322,11743,0,24037,210,32
1784727992.6083,21:46:32,717819712427,11805,0,24037,210,32
1784727992.8083,21:46:32,717819714531,11805,0,24037,210,32
1784727993.0083,21:46:33,717819716659,11805,0,24037,210,32
1784727993.2083,21:46:33,717819718776,11805,0,24037,210,32
1784727993.4083,21:46:33,717819720880,11805,0,24037,210,32
1784727993.6083,21:46:33,717819722961,11807,0,24037,210,32
1784727993.8083,21:46:33,717819725039,11807,0,24037,210,32
1784727994.0083,21:46:34,717819727133,11807,0,24037,210,32
1784727994.2083,21:46:34,717819729213,11807,0,24037,210,32
1784727994.4083,21:46:34,717819731291,11807,0,24037,210,32
1784727994.6083,21:46:34,717819733366,11722,0,24037,210,32
1784727994.8083,21:46:34,717819735465,11722,0,24037,210,32
1784727995.0083,21:46:35,717819737561,11722,0,24037,210,32
1784727995.2083,21:46:35,717819739662,11722,0,24037,210,32
1784727995.4083,21:46:35,717819741761,11722,0,24037,210,32
1784727995.6083,21:46:35,717819743886,11684,0,24037,210,32
1784727995.8083,21:46:35,717819746005,11684,0,24037,210,32
1784727996.0083,21:46:36,717819748125,11684,0,24037,210,32
1784727996.2083,21:46:36,717819750235,11684,0,24037,210,32
1784727996.4083,21:46:36,717819752336,11684,0,24037,210,32
1784727996.6083,21:46:36,717819754410,11795,0,24037,210,32
1784727996.8083,21:46:36,717819756474,11795,0,24037,210,32
1784727997.0083,21:46:37,717819758532,11795,0,24037,210,32
1784727997.2083,21:46:37,717819760589,11795,0,24037,210,32
1784727997.4083,21:46:37,717819762655,11795,0,24037,210,32
1784727997.6083,21:46:37,717819764731,11743,0,24037,210,32
1784727997.8083,21:46:37,717819766788,11743,0,24037,210,32
1784727998.0083,21:46:38,717819768856,11743,0,24037,210,32
1784727998.2083,21:46:38,717819770915,11743,0,24037,210,32
1784727998.4083,21:46:38,717819772972,11743,0,24037,210,32
1784727998.6083,21:46:38,717819775047,11614,0,24037,210,32
1784727998.8083,21:46:38,717819777109,11614,0,24037,210,32
1784727999.0083,21:46:39,717819779174,11614,0,24037,210,32
1784727999.2083,21:46:39,717819781229,11614,0,24037,210,32
1784727999.4083,21:46:39,717819783303,11614,0,24037,210,32
1784727999.6083,21:46:39,717819785357,11625,0,24037,210,32
1784727999.8083,21:46:39,717819787410,11625,0,24037,210,32
1784728000.0083,21:46:40,717819789465,11625,0,24037,210,32
1784728000.2083,21:46:40,717819791536,11625,0,24037,210,32
1784728000.4083,21:46:40,717819793607,11625,0,24037,210,32
1784728000.6083,21:46:40,717819795664,11640,0,24037,210,32
1784728000.8083,21:46:40,717819797751,11640,0,24037,210,32
1784728001.0083,21:46:41,717819799836,11640,0,24037,210,32
1784728001.2083,21:46:41,717819801921,11640,0,24037,210,32
1784728001.4083,21:46:41,717819804008,11640,0,24037,210,32
1784728001.6083,21:46:41,717819806088,11712,0,24037,210,32
1784728001.8083,21:46:41,717819808145,11712,0,24037,210,32
1784728002.0083,21:46:42,717819810228,11712,0,24037,210,32
1784728002.2083,21:46:42,717819812315,11712,0,24037,210,32
1784728002.4083,21:46:42,717819814404,11712,0,24037,210,32
1784728002.6083,21:46:42,717819816512,11774,0,24037,210,32
1784728002.8083,21:46:42,717819818626,11774,0,24037,210,32
1784728003.0083,21:46:43,717819820753,11774,0,24037,210,32
1784728003.2083,21:46:43,717819822880,11774,0,24037,210,32
1784728003.4083,21:46:43,717819825017,11774,0,24037,210,32
1784728003.6083,21:46:43,717819827188,11905,0,24037,210,32
1784728003.8083,21:46:43,717819829345,11905,0,24037,210,32
1784728004.0083,21:46:44,717819831526,11905,0,24037,210,32
1784728004.2083,21:46:44,717819833662,11905,0,24037,210,32
1784728004.4083,21:46:44,717819835747,11905,0,24037,210,32
1784728004.6083,21:46:44,717819837827,12142,0,24037,210,32
1784728004.8083,21:46:44,717819839934,12142,0,24037,210,32
1784728005.0083,21:46:45,717819842022,12142,0,24037,210,32
1784728005.2083,21:46:45,717819844106,12142,0,24037,210,32
1784728005.4083,21:46:45,717819846203,12142,0,24037,210,32
1784728005.6083,21:46:45,717819848294,12082,0,24037,210,32
1784728005.8083,21:46:45,717819850392,12082,0,24037,210,32
1784728006.0083,21:46:46,717819852494,12082,0,24037,210,32
1784728006.2083,21:46:46,717819854573,12082,0,24037,210,32
1784728006.4083,21:46:46,717819856657,12082,0,24037,210,32
1784728006.6083,21:46:46,717819858723,11920,0,24037,210,32
1784728006.8083,21:46:46,717819860812,11920,0,24037,210,32
1784728007.0083,21:46:47,717819862899,11920,0,24037,210,32
1784728007.2083,21:46:47,717819864969,11920,0,24037,210,32
1784728007.4083,21:46:47,717819867034,11920,0,24037,210,32
1784728007.6083,21:46:47,717819869096,11902,0,24037,210,32
1784728007.8083,21:46:47,717819871162,11902,0,24037,210,32
1784728008.0083,21:46:48,717819873220,11902,0,24037,210,32
1784728008.2083,21:46:48,717819875282,11902,0,24037,210,32
1784728008.4083,21:46:48,717819877367,11902,0,24037,210,32
1784728008.6083,21:46:48,717819879429,11858,0,24037,210,32
1784728008.8083,21:46:48,717819881474,11858,0,24037,210,32
1784728009.0083,21:46:49,717819883510,11858,0,24037,210,32
1784728009.2083,21:46:49,717819885546,11858,0,24037,210,32
1784728009.4083,21:46:49,717819887584,11858,0,24037,210,32
1784728009.6083,21:46:49,717819889610,11790,0,24037,210,32
1784728009.8083,21:46:49,717819891637,11790,0,24037,210,32
1784728010.0083,21:46:50,717819893671,11790,0,24037,210,32
1784728010.2083,21:46:50,717819895737,11790,0,24037,210,32
1784728010.4083,21:46:50,717819897802,11790,0,24037,210,32
1784728010.6083,21:46:50,717819899872,11741,0,24037,210,32
1784728010.8083,21:46:50,717819901992,11741,0,24037,210,32
1784728011.0083,21:46:51,717819904061,11741,0,24037,210,32
1784728011.2083,21:46:51,717819906126,11741,0,24037,210,32
1784728011.4083,21:46:51,717819908173,11741,0,24037,210,32
1784728011.6083,21:46:51,717819910262,11849,0,24037,210,32
1784728011.8083,21:46:51,717819912324,11849,0,24037,210,32
1784728012.0083,21:46:52,717819914385,11849,0,24037,210,32
1784728012.2083,21:46:52,717819916472,11849,0,24037,210,32
1784728012.4083,21:46:52,717819918522,11849,0,24037,210,32
1784728012.6083,21:46:52,717819920591,11948,0,24037,210,32
1784728012.8083,21:46:52,717819922650,11948,0,24037,210,32
1784728013.0083,21:46:53,717819924751,11948,0,24037,210,32
1784728013.2083,21:46:53,717819926830,11948,0,24037,210,32
1784728013.4083,21:46:53,717819928889,11948,0,24037,210,32
1784728013.6083,21:46:53,717819930950,11962,0,24037,210,32
1784728013.8083,21:46:53,717819933081,11962,0,24037,210,32
1784728014.0083,21:46:54,717819935193,11962,0,24037,210,32
1784728014.2083,21:46:54,717819937278,11962,0,24037,210,32
1784728014.4083,21:46:54,717819939350,11962,0,24037,210,32
1784728014.6083,21:46:54,717819941429,12040,0,24037,210,32
1784728014.8083,21:46:54,717819943546,12040,0,24037,210,32
1784728015.0083,21:46:55,717819945632,12040,0,24037,210,32
1784728015.2083,21:46:55,717819947723,12040,0,24037,210,32
1784728015.4083,21:46:55,717819949836,12040,0,24037,210,32
1784728015.6083,21:46:55,717819951973,12114,0,24037,210,32
1784728015.8083,21:46:55,717819954100,12114,0,24037,210,32
1784728016.0083,21:46:56,717819956198,12114,0,24037,210,32
1784728016.2083,21:46:56,717819958257,12114,0,24037,210,32
1784728016.4083,21:46:56,717819960303,12114,0,24037,210,32
1784728016.6083,21:46:56,717819962351,12179,0,24037,210,32
1784728016.8083,21:46:56,717819964376,12179,0,24037,210,32
1784728017.0083,21:46:57,717819966400,12179,0,24037,210,32
1784728017.2083,21:46:57,717819968432,12179,0,24037,210,32
1784728017.4083,21:46:57,717819970475,12179,0,24037,210,32
1784728017.6083,21:46:57,717819972505,12033,0,24037,210,32
1784728017.8083,21:46:57,717819974512,12033,0,24037,210,32
1784728018.0083,21:46:58,717819976542,12033,0,24037,210,32
1784728018.2083,21:46:58,717819978602,12033,0,24037,210,32
1784728018.4083,21:46:58,717819980652,12033,0,24037,210,32
1784728018.6083,21:46:58,717819982661,11861,0,24037,210,32
1784728018.8083,21:46:58,717819984701,11861,0,24037,210,32
1784728019.0083,21:46:59,717819986744,11861,0,24037,210,32
1784728019.2083,21:46:59,717819988766,11861,0,24037,210,32
1784728019.4083,21:46:59,717819990810,11861,0,24037,210,32
1784728019.6083,21:46:59,717819992826,11882,0,24037,210,32
1784728019.8083,21:46:59,717819994849,11882,0,24037,210,32
1784728020.0083,21:47:00,717819996879,11882,0,24037,210,32
1784728020.2083,21:47:00,717819998924,11882,0,24037,210,32
1784728020.4083,21:47:00,717820000947,11882,0,24037,210,32
1784728020.6083,21:47:00,717820002977,11887,0,24037,210,32
1784728020.8083,21:47:00,717820004986,11887,0,24037,210,32
1784728021.0083,21:47:01,717820007023,11887,0,24037,210,32
1784728021.2083,21:47:01,717820009094,11887,0,24037,210,32
1784728021.4083,21:47:01,717820011188,11887,0,24037,210,32
1784728021.6083,21:47:01,717820013358,11929,0,24037,210,32
1784728021.8083,21:47:01,717820015492,11929,0,24037,210,32
1784728022.0083,21:47:02,717820017684,11929,0,24037,210,32
1784728022.2083,21:47:02,717820019875,11929,0,24037,210,32
1784728022.4083,21:47:02,717820022113,11929,0,24037,210,32
1784728022.6083,21:47:02,717820024326,12373,0,24037,210,32
1784728022.8083,21:47:02,717820026563,12373,0,24037,210,32
1784728023.0083,21:47:03,717820028754,12373,0,24037,210,32
1784728023.2083,21:47:03,717820030978,12373,0,24037,210,32
1784728023.4083,21:47:03,717820033195,12373,0,24037,210,32
1784728023.6083,21:47:03,717820035397,12935,0,24037,210,32
1784728023.8083,21:47:03,717820037571,12935,0,24037,210,32
1784728024.0083,21:47:04,717820039789,12935,0,24037,210,32
1784728024.2083,21:47:04,717820041981,12935,0,24037,210,32
1784728024.4083,21:47:04,717820044229,12935,0,24037,210,32
1784728024.6083,21:47:04,717820046432,13055,0,24037,210,32
1784728024.8083,21:47:04,717820048618,13055,0,24037,210,32
1784728025.0083,21:47:05,717820050895,13055,0,24037,210,32
1784728025.2083,21:47:05,717820053089,13055,0,24037,210,32
1784728025.4083,21:47:05,717820055272,13055,0,24037,210,32
1784728025.6083,21:47:05,717820057465,13054,0,24037,210,32
1784728025.8083,21:47:05,717820059693,13054,0,24037,210,32
1784728026.0083,21:47:06,717820061860,13054,0,24037,210,32
1784728026.2083,21:47:06,717820064000,13054,0,24037,210,32
1784728026.4083,21:47:06,717820066151,13054,0,24037,210,32
1784728026.6083,21:47:06,717820068296,13006,0,24037,210,32
1784728026.8083,21:47:06,717820070434,13006,0,24037,210,32
1784728027.0083,21:47:07,717820072566,13006,0,24037,210,32
1784728027.2083,21:47:07,717820074712,13006,0,24037,210,32
1784728027.4083,21:47:07,717820076896,13006,0,24037,210,32
1784728027.6083,21:47:07,717820079048,12829,0,24037,210,32
1784728027.8083,21:47:07,717820081222,12829,0,24037,210,32
1784728028.0083,21:47:08,717820083372,12829,0,24037,210,32
1784728028.2083,21:47:08,717820085569,12829,0,24037,210,32
1784728028.4083,21:47:08,717820087719,12829,0,24037,210,32
1784728028.6083,21:47:08,717820089870,12823,0,24037,210,32
1784728028.8083,21:47:08,717820091997,12823,0,24037,210,32
1784728029.0083,21:47:09,717820094103,12823,0,24037,210,32
1784728029.2083,21:47:09,717820096242,12823,0,24037,210,32
1784728029.4083,21:47:09,717820098372,12823,0,24037,210,32
1784728029.6083,21:47:09,717820109749,12816,0,24039,210,32
1784728029.8083,21:47:09,717820174103,12816,0,24039,210,32
1784728030.0083,21:47:10,717820233020,82910,100,24039,2700,42
1784728030.2090,21:47:10,717820289591,82910,100,24039,2700,42
1784728030.4083,21:47:10,717820345156,82910,100,24039,2700,42
1784728030.6083,21:47:10,717820400899,243868,100,24039,2700,45
1784728030.8083,21:47:10,717820456606,243868,100,24039,2700,45
1784728031.0083,21:47:11,717820512491,299179,100,24039,2700,46
1784728031.2083,21:47:11,717820571427,299179,100,24039,2700,46
1784728031.4084,21:47:11,717820630224,299179,100,24039,2700,46
1784728031.6083,21:47:11,717820692448,304852,100,24039,2520,47
1784728031.8083,21:47:11,717820749123,304852,100,24039,2520,47
1784728032.0083,21:47:12,717820805000,312270,100,24039,2685,47
1784728032.2083,21:47:12,717820860904,312270,100,24039,2685,47
1784728032.4083,21:47:12,717820916699,312270,100,24039,2685,47
1784728032.6083,21:47:12,717820972784,304475,100,24039,2685,47
1784728032.8083,21:47:12,717821044763,304475,100,24039,2685,47
1784728033.0083,21:47:13,717821108078,312129,100,24039,2685,50
1784728033.2083,21:47:13,717821164597,312129,100,24039,2685,50
1784728033.4083,21:47:13,717821220313,312129,100,24039,2685,50
1784728033.6083,21:47:13,717821276047,316612,100,24039,2685,48
1784728033.8083,21:47:13,717821332561,316612,100,24039,2685,48
1784728034.0083,21:47:14,717821388265,303112,100,24039,2685,47
1784728034.2083,21:47:14,717821443945,303112,100,24039,2685,47
1784728034.4083,21:47:14,717821499636,303112,100,24039,2685,47
1784728034.6083,21:47:14,717821555264,297346,100,24039,2685,47
1784728034.8083,21:47:14,717821610957,297346,100,24039,2685,47
1784728035.0083,21:47:15,717821666650,296928,100,24039,2685,48
1784728035.2083,21:47:15,717821722131,296928,100,24039,2685,48
1784728035.4083,21:47:15,717821777643,296928,100,24039,2685,48
1784728035.6083,21:47:15,717821833187,296880,100,24039,2685,48
1784728035.8083,21:47:15,717821888724,296880,100,24039,2685,48
1784728036.0083,21:47:16,717821952174,304012,100,24039,2520,48
1784728036.2083,21:47:16,717822007589,304012,100,24039,2520,48
1784728036.4083,21:47:16,717822063077,304012,100,24039,2520,48
1784728036.6083,21:47:16,717822125927,303205,100,24039,2685,48
1784728036.8083,21:47:16,717822188556,303205,100,24039,2685,48
1784728037.0083,21:47:17,717822244176,318111,100,24039,2685,50
1784728037.2083,21:47:17,717822299569,318111,100,24039,2685,50
1784728037.4083,21:47:17,717822354954,318111,100,24039,2685,50
1784728037.6083,21:47:17,717822413042,312299,100,24039,2685,48
1784728037.8083,21:47:17,717822484242,312299,100,24039,2685,48
1784728038.0083,21:47:18,717822536672,312749,100,24039,2685,50
1784728038.2083,21:47:18,717822591963,312749,100,24039,2685,50
1784728038.4084,21:47:18,717822662548,312749,100,24039,2685,50
1784728038.6083,21:47:18,717822718157,324405,100,24039,2685,55
1784728038.8083,21:47:18,717822773505,324405,100,24039,2685,55
1784728039.0083,21:47:19,717822836688,309911,100,24039,2685,49
1784728039.2083,21:47:19,717822892064,309911,100,24039,2685,49
1784728039.4083,21:47:19,717822952882,309911,100,24039,2685,49
1784728039.6083,21:47:19,717823009484,323049,100,24039,2685,49
1784728039.8083,21:47:19,717823065642,323049,100,24039,2685,49
1784728040.0083,21:47:20,717823120924,311995,100,24039,2685,49
1784728040.2083,21:47:20,717823176980,311995,100,24039,2685,49
1784728040.4083,21:47:20,717823235908,311995,100,24039,2685,49
1784728040.6083,21:47:20,717823291106,309587,100,24039,2685,52
1784728040.8083,21:47:20,717823346126,309587,100,24039,2685,52
1784728041.0083,21:47:21,717823401130,301966,100,24039,2685,49
1784728041.2083,21:47:21,717823456162,301966,100,24039,2685,49
1784728041.4083,21:47:21,717823522877,301966,100,24039,2685,49
1784728041.6083,21:47:21,717823581193,311990,100,24039,2625,52
1784728041.8083,21:47:21,717823642339,311990,100,24039,2625,52
1784728042.0083,21:47:22,717823700604,319617,100,24039,2685,50
1784728042.2083,21:47:22,717823755751,319617,100,24039,2685,50
1784728042.4083,21:47:22,717823814662,319617,100,24039,2685,50
1784728042.6083,21:47:22,717823874407,325593,100,24039,2685,55
1784728042.8083,21:47:22,717823929552,325593,100,24039,2685,55
1784728043.0083,21:47:23,717823985246,313222,100,24039,2685,49
1784728043.2083,21:47:23,717824040465,313222,100,24039,2685,49
1784728043.4083,21:47:23,717824100972,313222,100,24039,2685,49
1784728043.6083,21:47:23,717824156832,316819,100,24039,2685,50
1784728043.8083,21:47:23,717824211816,316819,100,24039,2685,50
1784728044.0083,21:47:24,717824267700,305656,100,24039,2685,49
1784728044.2083,21:47:24,717824322671,305656,100,24039,2685,49
1784728044.4083,21:47:24,717824377590,305656,100,24039,2685,49
1784728044.6083,21:47:24,717824432495,299675,100,24039,2685,49
1784728044.8083,21:47:24,717824487487,299675,100,24039,2685,49
1784728045.0083,21:47:25,717824542535,299135,100,24039,2685,49
1784728045.2083,21:47:25,717824610444,299135,100,24039,2685,49
1784728045.4083,21:47:25,717824674289,299135,100,24039,2685,49
1784728045.6083,21:47:25,717824729463,320363,100,24039,2685,51
1784728045.8083,21:47:25,717824784452,320363,100,24039,2685,51
1784728046.0083,21:47:26,717824840266,321538,100,24039,2685,50
1784728046.2083,21:47:26,717824895165,321538,100,24039,2685,50
1784728046.4083,21:47:26,717824950044,321538,100,24039,2685,50
1784728046.6083,21:47:26,717825003781,300268,100,24039,2685,50
1784728046.8083,21:47:26,717825055985,300268,100,24039,2685,50
1784728047.0083,21:47:27,717825107225,294574,100,24039,2595,49
1784728047.2083,21:47:27,717825157925,294574,100,24039,2595,49
1784728047.4083,21:47:27,717825201879,294574,100,24039,2595,49
1784728047.6083,21:47:27,717825243176,275961,100,24039,1815,46
1784728047.8083,21:47:27,717825283643,275961,100,24039,1815,46
1784728048.0083,21:47:28,717825319916,243409,100,24039,945,45
1784728048.2083,21:47:28,717825352138,243409,100,24039,945,45
1784728048.4083,21:47:28,717825383021,243409,100,24039,945,45
1784728048.6084,21:47:28,717825408826,201721,100,24039,600,44
1784728048.8083,21:47:28,717825430455,201721,100,24039,600,44
1784728049.0083,21:47:29,717825463348,160622,100,24039,690,43
1784728049.2083,21:47:29,717825517021,160622,100,24039,690,43
1784728049.4083,21:47:29,717825587156,160622,100,24039,690,43
1784728049.6083,21:47:29,717825641737,217484,100,24039,2685,51
1784728049.8083,21:47:29,717825696654,217484,100,24039,2685,51
1784728050.0083,21:47:30,717825747586,290509,100,24039,1860,48
1784728050.2083,21:47:30,717825785694,290509,100,24039,1860,48
1784728050.4083,21:47:30,717825813129,290509,100,24039,1860,48
1784728050.6083,21:47:30,717825838581,241135,100,24039,495,44
1784728050.8083,21:47:30,717825864866,241135,100,24039,495,44
1784728051.0083,21:47:31,717825892709,179803,100,24039,555,43
1784728051.2083,21:47:31,717825920982,179803,100,24039,555,43
1784728051.4083,21:47:31,717825949402,179803,100,24039,555,43
1784728051.6083,21:47:31,717825977758,149778,100,24039,570,43
1784728051.8083,21:47:31,717826006230,149778,100,24039,570,43
1784728052.0083,21:47:32,717826034860,155210,100,24039,585,43
1784728052.2083,21:47:32,717826063502,155210,100,24039,585,43
1784728052.4083,21:47:32,717826093133,155210,100,24039,585,43
1784728052.6083,21:47:32,717826123269,157600,100,24039,645,43
1784728052.8083,21:47:32,717826153588,157600,100,24039,645,43
1784728053.0083,21:47:33,717826183990,162254,100,24039,645,43
1784728053.2083,21:47:33,717826215138,162254,100,24039,645,43
1784728053.4083,21:47:33,717826246041,162254,100,24039,645,43
1784728053.6083,21:47:33,717826275730,167592,100,24039,555,43
1784728053.8083,21:47:33,717826303512,167592,100,24039,555,43
1784728054.0083,21:47:34,717826329446,163146,100,24039,375,42
1784728054.2083,21:47:34,717826354304,163146,100,24039,375,42
1784728054.4083,21:47:34,717826379453,163146,100,24039,375,42
1784728054.6083,21:47:34,717826404581,148922,100,24039,375,42
1784728054.8083,21:47:34,717826429679,148922,100,24039,375,42
1784728055.0083,21:47:35,717826454529,138929,100,24039,360,42
1784728055.2083,21:47:35,717826479199,138929,100,24039,360,42
1784728055.4083,21:47:35,717826504396,138929,100,24039,360,42
1784728055.6083,21:47:35,717826530634,137891,100,24039,405,42
1784728055.8083,21:47:35,717826556833,137891,100,24039,405,42
1784728056.0083,21:47:36,717826583162,140817,100,24039,405,42
1784728056.2083,21:47:36,717826609420,140817,100,24039,405,42
1784728056.4083,21:47:36,717826636342,140817,100,24039,405,42
1784728056.6083,21:47:36,717826661854,145633,100,24039,270,42
1784728056.8083,21:47:36,717826687378,145633,100,24039,270,42
1784728057.0083,21:47:37,717826712893,144177,100,24039,270,42
1784728057.2083,21:47:37,717826738402,144177,100,24039,270,42
1784728057.4083,21:47:37,717826763566,144177,100,24039,270,42
1784728057.6083,21:47:37,717826788738,140917,100,24039,270,41
1784728057.8083,21:47:37,717826811977,140917,100,24039,270,41
1784728058.0083,21:47:38,717826834421,136504,100,24039,210,41
1784728058.2083,21:47:38,717826857072,136504,100,24039,210,41
1784728058.4083,21:47:38,717826879845,136504,100,24039,210,41
1784728058.6083,21:47:38,717826902646,129952,100,24039,210,41
1784728058.8083,21:47:38,717826925463,129952,100,24039,210,41
1784728059.0083,21:47:39,717826948206,126346,100,24039,210,41
1784728059.2083,21:47:39,717826970893,126346,100,24039,210,41
1784728059.4083,21:47:39,717826993519,126346,100,24039,210,41
1784728059.6083,21:47:39,717827016242,126306,100,24039,210,41
1784728059.8083,21:47:39,717827040936,126306,100,24039,210,41
1784728060.0083,21:47:40,717827065671,126263,100,24039,210,41
1784728060.2083,21:47:40,717827090305,126263,100,24039,210,41
1784728060.4083,21:47:40,717827114779,126263,100,24039,210,41
1784728060.6083,21:47:40,717827140427,126238,100,24039,240,41
1784728060.8083,21:47:40,717827166701,126238,100,24039,240,41
1784728061.0083,21:47:41,717827192672,129458,100,24039,240,41
1784728061.2083,21:47:41,717827218539,129458,100,24039,240,41
1784728061.4083,21:47:41,717827244440,129458,100,24039,240,41
1784728061.6083,21:47:41,717827270433,132327,100,24039,240,41
1784728061.8083,21:47:41,717827296834,132327,100,24039,240,41
1784728062.0083,21:47:42,717827323087,133796,100,24039,240,41
1784728062.2083,21:47:42,717827349013,133796,100,24039,240,41
1784728062.4083,21:47:42,717827374892,133796,100,24039,240,41
1784728062.6083,21:47:42,717827400921,133979,100,24039,240,41
1784728062.8083,21:47:42,717827426317,133979,100,24039,240,41
1784728063.0083,21:47:43,717827443343,130743,76,24039,2310,40
1784728063.2083,21:47:43,717827455595,130743,76,24039,2310,40
1784728063.4083,21:47:43,717827467871,130743,76,24039,2310,40
1784728063.6083,21:47:43,717827480098,97799,76,24039,2520,39
1784728063.8083,21:47:43,717827492350,97799,76,24039,2520,39
1784728064.0083,21:47:44,717827504576,72176,0,24039,2520,39
1784728064.2084,21:47:44,717827514254,72176,0,24039,2520,39
1784728064.4083,21:47:44,717827523920,72176,0,24039,2520,39
1784728064.6083,21:47:44,717827533571,72176,0,24039,2520,39
1784728064.8083,21:47:44,717827543203,72176,0,24039,2520,39
1784728065.0083,21:47:45,717827552908,62119,0,24039,2520,39
1784728065.2083,21:47:45,717827562614,62119,0,24039,2520,39
1784728065.4083,21:47:45,717827572269,62119,0,24039,2520,39
1784728065.6083,21:47:45,717827581911,62119,0,24039,2520,39
1784728065.8083,21:47:45,717827591563,62119,0,24039,2520,39
1784728066.0083,21:47:46,717827601227,62120,0,24039,2520,39
1784728066.2084,21:47:46,717827610854,62120,0,24039,2520,39
1784728066.4083,21:47:46,717827620467,62120,0,24039,2520,39
1784728066.6083,21:47:46,717827630087,62120,0,24039,2520,39
1784728066.8083,21:47:46,717827639687,62120,0,24039,2520,39
1784728067.0083,21:47:47,717827649307,62067,0,24039,2520,38
1784728067.2083,21:47:47,717827658888,62067,0,24039,2520,38
1784728067.4083,21:47:47,717827668495,62067,0,24039,2520,38
1784728067.6083,21:47:47,717827678089,62067,0,24039,2520,38
1784728067.8083,21:47:47,717827687708,62067,0,24039,2520,38
1784728068.0083,21:47:48,717827697333,61973,0,24039,2520,38
1784728068.2083,21:47:48,717827706917,61973,0,24039,2520,38
1784728068.4084,21:47:48,717827716502,61973,0,24039,2520,38
1784728068.6084,21:47:48,717827726083,61973,0,24039,2520,38
1784728068.8083,21:47:48,717827735652,61973,0,24039,2520,38
1784728069.0083,21:47:49,717827745272,62011,0,24039,2520,38
1784728069.2083,21:47:49,717827754844,62011,0,24039,2520,38
1784728069.4083,21:47:49,717827764415,62011,0,24039,2520,38
1784728069.6083,21:47:49,717827773954,62011,0,24039,2520,38
1784728069.8083,21:47:49,717827783469,62011,0,24039,2520,38
1784728070.0083,21:47:50,717827793041,62006,0,24039,2520,38
1784728070.2083,21:47:50,717827802590,62006,0,24039,2520,38
1784728070.4083,21:47:50,717827812128,62006,0,24039,2520,38
1784728070.6084,21:47:50,717827821682,62006,0,24039,2520,38
1784728070.8083,21:47:50,717827831208,62006,0,24039,2520,38
1784728071.0083,21:47:51,717827840774,61966,0,24039,2520,38
1784728071.2083,21:47:51,717827850293,61966,0,24039,2520,38
1784728071.4083,21:47:51,717827859813,61966,0,24039,2520,38
1784728071.6083,21:47:51,717827869307,61966,0,24039,2520,38
1784728071.8083,21:47:51,717827878813,61966,0,24039,2520,38
1784728072.0083,21:47:52,717827888355,61952,0,24039,2520,38
1784728072.2084,21:47:52,717827897851,61952,0,24039,2520,38
1784728072.4083,21:47:52,717827907359,61952,0,24039,2520,38
1784728072.6083,21:47:52,717827916849,61952,0,24039,2520,38
1784728072.8084,21:47:52,717827926360,61952,0,24039,2520,38
1784728073.0084,21:47:53,717827935888,61961,0,24039,2520,38
1784728073.2083,21:47:53,717827945360,61961,0,24039,2520,38
1784728073.4083,21:47:53,717827954813,61961,0,24039,2520,38
1784728073.6083,21:47:53,717827964274,61961,0,24039,2520,38
1784728073.8083,21:47:53,717827973712,61961,0,24039,2520,38
1784728074.0083,21:47:54,717827983186,61933,0,24039,2520,38
1784728074.2083,21:47:54,717827992614,61933,0,24039,2520,38
1784728074.4083,21:47:54,717828002050,61933,0,24039,2520,38
1784728074.6083,21:47:54,717828011471,61933,0,24039,2520,38
1784728074.8083,21:47:54,717828020909,61933,0,24039,2520,38
1784728075.0084,21:47:55,717828030349,61837,0,24039,2520,38
1784728075.2084,21:47:55,717828039790,61837,0,24039,2520,38
1784728075.4084,21:47:55,717828049188,61837,0,24039,2520,38
1784728075.6084,21:47:55,717828058561,61837,0,24039,2520,38
1784728075.8083,21:47:55,717828067942,61837,0,24039,2520,38
1784728076.0083,21:47:56,717828077381,61767,0,24039,2520,38
1784728076.2083,21:47:56,717828086775,61767,0,24039,2520,38
1784728076.4084,21:47:56,717828096183,61767,0,24039,2520,38
1784728076.6083,21:47:56,717828105590,61767,0,24039,2520,38
1784728076.8083,21:47:56,717828114973,61767,0,24039,2520,38
1784728077.0084,21:47:57,717828124391,61792,0,24039,2520,38
1784728077.2084,21:47:57,717828133760,61792,0,24039,2520,38
1784728077.4084,21:47:57,717828143130,61792,0,24039,2520,38
1784728077.6084,21:47:57,717828152479,61792,0,24039,2520,38
1784728077.8084,21:47:57,717828210560,61792,0,24039,2520,38
1784728078.0084,21:47:58,717828273198,128017,100,24039,2685,47
1784728078.2084,21:47:58,717828330328,128017,100,24039,2685,47
1784728078.4084,21:47:58,717828388298,128017,100,24039,2685,47
1784728078.6084,21:47:58,717828445683,183884,100,24039,2685,48
1784728078.8084,21:47:58,717828502883,183884,100,24039,2685,48
1784728079.0083,21:47:59,717828560201,300762,100,24039,2685,48
1784728079.2084,21:47:59,717828617551,300762,100,24039,2685,48
1784728079.4084,21:47:59,717828683241,300762,100,24039,2685,48
1784728079.6084,21:47:59,717828750214,303659,100,24039,2685,49
1784728079.8083,21:47:59,717828807884,303659,100,24039,2685,49
1784728080.0084,21:48:00,717828866256,312208,100,24039,2685,49
1784728080.2084,21:48:00,717828923653,312208,100,24039,2685,49
1784728080.4083,21:48:00,717828981078,312208,100,24039,2685,49
1784728080.6083,21:48:00,717829038861,312426,100,24039,2685,48
1784728080.8083,21:48:00,717829096359,312426,100,24039,2685,48
1784728081.0083,21:48:01,717829165970,309212,100,24039,2685,52
1784728081.2084,21:48:01,717829229301,309212,100,24039,2685,52
1784728081.4084,21:48:01,717829283255,309212,100,24039,2685,52
1784728081.6083,21:48:01,717829338909,316821,100,24039,2640,49
1784728081.8084,21:48:01,717829394371,316821,100,24039,2640,49
1784728082.0083,21:48:02,717829448313,311405,100,24039,2595,48
1784728082.2083,21:48:02,717829501240,311405,100,24039,2595,48
1784728082.4083,21:48:02,717829553581,311405,100,24039,2595,48
1784728082.6083,21:48:02,717829602648,282042,100,24039,2475,47
1784728082.8083,21:48:02,717829648431,282042,100,24039,2475,47
1784728083.0083,21:48:03,717829691627,260555,100,24039,2145,45
1784728083.2083,21:48:03,717829731380,260555,100,24039,2145,45
1784728083.4084,21:48:03,717829765435,260555,100,24039,2145,45
1784728083.6083,21:48:03,717829793534,224245,100,24039,495,43
1784728083.8084,21:48:03,717829819612,224245,100,24039,495,43
1784728084.0084,21:48:04,717829843292,172785,100,24039,360,42
1784728084.2083,21:48:04,717829868438,172785,100,24039,360,42
1784728084.4084,21:48:04,717829895364,172785,100,24039,360,42
1784728084.6084,21:48:04,717829924285,138746,100,24039,525,42
1784728084.8083,21:48:04,717829954251,138746,100,24039,525,42
1784728085.0083,21:48:05,717829977080,137916,100,24039,465,42
1784728085.2083,21:48:05,717830024273,137916,100,24039,465,42
1784728085.4084,21:48:05,717830080427,137916,100,24039,465,42
1784728085.6083,21:48:05,717830135877,189466,100,24039,2655,48
1784728085.8084,21:48:05,717830186417,189466,100,24039,2655,48
1784728086.0083,21:48:06,717830227028,242772,100,24039,1020,46
1784728086.2083,21:48:06,717830264307,242772,100,24039,1020,46
1784728086.4083,21:48:06,717830297673,242772,100,24039,1020,46
1784728086.6083,21:48:06,717830325250,233392,100,24039,465,43
1784728086.8084,21:48:06,717830348999,233392,100,24039,465,43
1784728087.0084,21:48:07,717830371670,165419,100,24039,330,42
1784728087.2083,21:48:07,717830393419,165419,100,24039,330,42
1784728087.4083,21:48:07,717830417506,165419,100,24039,330,42
1784728087.6083,21:48:07,717830441731,128831,100,24039,405,41
1784728087.8083,21:48:07,717830462241,128831,100,24039,405,41
1784728088.0083,21:48:08,717830497817,119233,100,24039,2520,44
1784728088.2083,21:48:08,717830553864,119233,100,24039,2520,44
1784728088.4083,21:48:08,717830610537,119233,100,24039,2520,44
1784728088.6083,21:48:08,717830670177,196964,100,24039,2700,49
1784728088.8083,21:48:08,717830712399,196964,100,24039,2700,49
1784728089.0083,21:48:09,717830751688,270441,100,24039,1050,45
1784728089.2084,21:48:09,717830785184,270441,100,24039,1050,45
1784728089.4084,21:48:09,717830811824,270441,100,24039,1050,45
1784728089.6084,21:48:09,717830830093,217614,100,24039,285,42
1784728089.8084,21:48:09,717830851808,217614,100,24039,285,42
1784728090.0084,21:48:10,717830873603,143430,100,24039,315,41
1784728090.2084,21:48:10,717830896046,143430,100,24039,315,41
1784728090.4083,21:48:10,717830920611,143430,100,24039,315,41
1784728090.6084,21:48:10,717830945646,115076,100,24039,435,41
1784728090.8084,21:48:10,717830965270,115076,100,24039,435,41
1784728091.0084,21:48:11,717830995346,121297,100,24039,1695,42
1784728091.2084,21:48:11,717831044927,121297,100,24039,1695,42
1784728091.4084,21:48:11,717831093226,121297,100,24039,1695,42
1784728091.6084,21:48:11,717831138368,178140,100,24039,2295,46
1784728091.8083,21:48:11,717831184432,178140,100,24039,2295,46
1784728092.0084,21:48:12,717831227955,232380,100,24039,1830,45
1784728092.2084,21:48:12,717831265863,232380,100,24039,1830,45
1784728092.4084,21:48:12,717831298698,232380,100,24039,1830,45
1784728092.6084,21:48:12,717831325263,218886,100,24039,465,43
1784728092.8084,21:48:12,717831345753,218886,100,24039,465,43
1784728093.0084,21:48:13,717831364128,162425,100,24039,210,41
1784728093.2084,21:48:13,717831382464,162425,100,24039,210,41
1784728093.4084,21:48:13,717831400255,162425,100,24039,210,41
1784728093.6083,21:48:13,717831418537,113025,100,24039,210,40
1784728093.8084,21:48:13,717831436849,113025,100,24039,210,40
1784728094.0084,21:48:14,717831455140,96867,100,24039,210,40
1784728094.2084,21:48:14,717831474765,96867,100,24039,210,40
1784728094.4084,21:48:14,717831493654,96867,100,24039,210,40
1784728094.6084,21:48:14,717831511527,98744,100,24039,345,41
1784728094.8084,21:48:14,717831551550,98744,100,24039,345,41
1784728095.0084,21:48:15,717831613651,144385,100,24039,2685,49
1784728095.2084,21:48:15,717831670754,144385,100,24039,2685,49
1784728095.4084,21:48:15,717831715011,144385,100,24039,2685,49
1784728095.6084,21:48:15,717831753702,222895,100,24039,1665,46
1784728095.8084,21:48:15,717831782949,222895,100,24039,1665,46
1784728096.0084,21:48:16,717831803062,233491,100,24039,375,43
1784728096.2084,21:48:16,717831824689,233491,100,24039,375,43
1784728096.4084,21:48:16,717831844593,233491,100,24039,375,43
1784728096.6084,21:48:16,717831863017,145140,100,24039,225,41
1784728096.8084,21:48:16,717831881198,145140,100,24039,225,41
1784728097.0083,21:48:17,717831899415,103738,100,24039,210,40
1784728097.2084,21:48:17,717831917620,103738,100,24039,210,40
1784728097.4084,21:48:17,717831936309,103738,100,24039,210,40
1784728097.6084,21:48:17,717831968044,97973,100,24039,255,40
1784728097.8084,21:48:17,717832022885,97973,100,24039,255,40
1784728098.0083,21:48:18,717832084277,164353,100,24039,2685,52
1784728098.2084,21:48:18,717832127938,164353,100,24039,2685,52
1784728098.4084,21:48:18,717832172853,164353,100,24039,2685,52
1784728098.6084,21:48:18,717832215392,238208,100,24039,2205,46
1784728098.8084,21:48:18,717832254597,238208,100,24039,2205,46
1784728099.0085,21:48:19,717832290609,242175,100,24039,840,44
1784728099.2083,21:48:19,717832321555,242175,100,24039,840,44
1784728099.4084,21:48:19,717832347376,242175,100,24039,840,44
1784728099.6084,21:48:19,717832367196,190143,100,24039,270,42
1784728099.8084,21:48:19,717832385208,190143,100,24039,270,42
1784728100.0084,21:48:20,717832403190,134570,100,24039,210,40
1784728100.2084,21:48:20,717832421137,134570,100,24039,210,40
1784728100.4084,21:48:20,717832439181,134570,100,24039,210,40
1784728100.6084,21:48:20,717832457099,100755,100,24039,210,40
1784728100.8084,21:48:20,717832475030,100755,100,24039,210,40
1784728101.0083,21:48:21,717832492913,96126,100,24039,210,40
1784728101.2084,21:48:21,717832510802,96126,100,24039,210,40
1784728101.4083,21:48:21,717832528728,96126,100,24039,210,40
1784728101.6083,21:48:21,717832547664,96013,100,24039,240,40
1784728101.8083,21:48:21,717832568213,96013,100,24039,240,40
1784728102.0084,21:48:22,717832585163,98918,100,24039,315,41
1784728102.2084,21:48:22,717832603104,98918,100,24039,315,41
1784728102.4084,21:48:22,717832645378,98918,100,24039,315,41
1784728102.6084,21:48:22,717832712551,123454,100,24039,2700,53
1784728102.8084,21:48:22,717832767852,123454,100,24039,2700,53
1784728103.0084,21:48:23,717832820426,234240,100,24039,2595,48
1784728103.2084,21:48:23,717832870422,234240,100,24039,2595,48
1784728103.4084,21:48:23,717832917488,234240,100,24039,2595,48
1784728103.6084,21:48:23,717832961501,288569,100,24039,2280,47
1784728103.8084,21:48:23,717833002899,288569,100,24039,2280,47
1784728104.0084,21:48:24,717833040674,249269,100,24039,975,45
1784728104.2084,21:48:24,717833073394,249269,100,24039,975,45
1784728104.4084,21:48:24,717833100728,249269,100,24039,975,45
1784728104.6084,21:48:24,717833121971,202092,100,24039,405,42
1784728104.8084,21:48:24,717833138513,202092,100,24039,405,42
1784728105.0084,21:48:25,717833153950,140398,100,24039,210,41
1784728105.2084,21:48:25,717833171571,140398,100,24039,210,41
1784728105.4084,21:48:25,717833189567,140398,100,24039,210,41
1784728105.6083,21:48:25,717833207492,99230,100,24039,210,40
1784728105.8083,21:48:25,717833223980,99230,100,24039,210,40
1784728106.0084,21:48:26,717833240344,91784,100,24039,210,40
1784728106.2084,21:48:26,717833258580,91784,100,24039,210,40
1784728106.4084,21:48:26,717833278462,91784,100,24039,210,40
1784728106.6084,21:48:26,717833299958,96500,100,24039,315,41
1784728106.8084,21:48:26,717833323184,96500,100,24039,315,41
1784728107.0084,21:48:27,717833346275,109178,100,24039,375,41
1784728107.2084,21:48:27,717833369529,109178,100,24039,375,41
1784728107.4084,21:48:27,717833392811,109178,100,24039,375,41
1784728107.6084,21:48:27,717833415995,122735,100,24039,375,41
1784728107.8084,21:48:27,717833438870,122735,100,24039,375,41
1784728108.0084,21:48:28,717833459795,124293,100,24039,300,41
1784728108.2084,21:48:28,717833480718,124293,100,24039,300,41
1784728108.4083,21:48:28,717833501501,124293,100,24039,300,41
1784728108.6084,21:48:28,717833522390,118509,100,24039,300,41
1784728108.8084,21:48:28,717833543148,118509,100,24039,300,41
1784728109.0084,21:48:29,717833560571,112054,100,24039,270,41
1784728109.2084,21:48:29,717833577341,112054,100,24039,270,41
1784728109.4084,21:48:29,717833597737,112054,100,24039,270,41
1784728109.6084,21:48:29,717833644350,105839,100,24039,2520,43
1784728109.8084,21:48:29,717833696913,105839,100,24039,2520,43
1784728110.0084,21:48:30,717833746121,189061,100,24039,1890,47
1784728110.2084,21:48:30,717833785870,189061,100,24039,1890,47
1784728110.4084,21:48:30,717833821036,189061,100,24039,1890,47
1784728110.6084,21:48:30,717833844884,232985,100,24039,540,44
1784728110.8084,21:48:30,717833868141,232985,100,24039,540,44
1784728111.0084,21:48:31,717833886985,177821,100,24039,210,41
1784728111.2084,21:48:31,717833904602,177821,100,24039,210,41
1784728111.4084,21:48:31,717833922044,177821,100,24039,210,41
1784728111.6084,21:48:31,717833939646,116429,100,24039,210,40
1784728111.8084,21:48:31,717833955388,116429,100,24039,210,40
1784728112.0084,21:48:32,717833970057,93566,100,24039,240,40
1784728112.2084,21:48:32,717833988323,93566,100,24039,240,40
1784728112.4084,21:48:32,717834027366,93566,100,24039,240,40
1784728112.6084,21:48:32,717834079854,114579,100,24039,2700,45
1784728112.8084,21:48:32,717834131825,114579,100,24039,2700,45
1784728113.0084,21:48:33,717834179502,201173,100,24039,2460,47
1784728113.2084,21:48:33,717834223720,201173,100,24039,2460,47
1784728113.4084,21:48:33,717834265642,201173,100,24039,2460,47
1784728113.6084,21:48:33,717834304914,261757,100,24039,1860,45
1784728113.8084,21:48:33,717834339511,261757,100,24039,1860,45
1784728114.0084,21:48:34,717834364578,222032,100,24039,405,43
1784728114.2084,21:48:34,717834386716,222032,100,24039,405,43
1784728114.4084,21:48:34,717834402899,222032,100,24039,405,43
1784728114.6084,21:48:34,717834416809,157336,100,24039,210,41
1784728114.8084,21:48:34,717834430663,157336,100,24039,210,41
1784728115.0084,21:48:35,717834444516,97769,100,24039,210,40
1784728115.2084,21:48:35,717834458500,97769,100,24039,210,40
1784728115.4084,21:48:35,717834487345,97769,100,24039,210,40
1784728115.6084,21:48:35,717834543215,90375,100,24039,2520,45
1784728115.8084,21:48:35,717834599024,90375,100,24039,2520,45
1784728116.0084,21:48:36,717834652457,196855,100,24039,2610,49
1784728116.2084,21:48:36,717834702277,196855,100,24039,2610,49
1784728116.4084,21:48:36,717834749546,196855,100,24039,2610,49
1784728116.6084,21:48:36,717834794474,285992,100,24039,2400,47
1784728116.8084,21:48:36,717834836676,285992,100,24039,2400,47
1784728117.0084,21:48:37,717834876444,257990,100,24039,1605,45
1784728117.2084,21:48:37,717834911090,257990,100,24039,1605,45
1784728117.4084,21:48:37,717834937186,257990,100,24039,1605,45
1784728117.6084,21:48:37,717834958876,210887,100,24039,330,42
1784728117.8084,21:48:37,717834976362,210887,100,24039,330,42
1784728118.0084,21:48:38,717834993032,147389,100,24039,210,41
1784728118.2084,21:48:38,717835010451,147389,100,24039,210,41
1784728118.4084,21:48:38,717835027913,147389,100,24039,210,41
1784728118.6084,21:48:38,717835045435,103944,100,24039,210,40
1784728118.8084,21:48:38,717835062916,103944,100,24039,210,40
1784728119.0084,21:48:39,717835079424,95750,100,24039,210,40
1784728119.2084,21:48:39,717835093264,95750,100,24039,210,40
1784728119.4084,21:48:39,717835107163,95750,100,24039,210,40
1784728119.6084,21:48:39,717835121123,88393,100,24039,210,40
1784728119.8084,21:48:39,717835135702,88393,100,24039,210,40
1784728120.0084,21:48:40,717835177467,93493,100,24039,2520,44
1784728120.2084,21:48:40,717835231455,93493,100,24039,2520,44
1784728120.4084,21:48:40,717835285449,93493,100,24039,2520,44
1784728120.6084,21:48:40,717835332779,182397,100,24039,2475,47
1784728120.8084,21:48:40,717835381200,182397,100,24039,2475,47
1784728121.0084,21:48:41,717835426860,261157,100,24039,2145,46
1784728121.2084,21:48:41,717835469463,261157,100,24039,2145,46
1784728121.4084,21:48:41,717835506893,261157,100,24039,2145,46
1784728121.6084,21:48:41,717835535929,234172,100,24039,615,44
1784728121.8084,21:48:41,717835562836,234172,100,24039,615,44
1784728122.0084,21:48:42,717835582585,180418,100,24039,210,41
1784728122.2084,21:48:42,717835601390,180418,100,24039,210,41
1784728122.4084,21:48:42,717835620144,180418,100,24039,210,41
1784728122.6084,21:48:42,717835638956,124014,100,24039,210,40
1784728122.8084,21:48:42,717835657731,124014,100,24039,210,40
1784728123.0083,21:48:43,717835676501,97931,100,24039,210,40
1784728123.2084,21:48:43,717835695299,97931,100,24039,210,40
1784728123.4084,21:48:43,717835713987,97931,100,24039,210,40
1784728123.6084,21:48:43,717835732722,96344,100,24039,210,40
1784728123.8084,21:48:43,717835751512,96344,100,24039,210,40
1784728124.0084,21:48:44,717835770217,96210,100,24039,210,40
1784728124.2084,21:48:44,717835788925,96210,100,24039,210,40
1784728124.4084,21:48:44,717835807627,96210,100,24039,210,40
1784728124.6084,21:48:44,717835826325,96105,100,24039,210,40
1784728124.8084,21:48:44,717835844994,96105,100,24039,210,40
1784728125.0084,21:48:45,717835863776,96057,100,24039,210,40
1784728125.2084,21:48:45,717835882439,96057,100,24039,210,40
1784728125.4084,21:48:45,717835900954,96057,100,24039,210,40
1784728125.6084,21:48:45,717835915972,95658,100,24039,210,40
1784728125.8084,21:48:45,717835931255,95658,100,24039,210,40
1784728126.0084,21:48:46,717835990186,113935,100,24039,2520,47
1784728126.2084,21:48:46,717836048117,113935,100,24039,2520,47
1784728126.4084,21:48:46,717836110680,113935,100,24039,2520,47
1784728126.6084,21:48:46,717836158522,205827,100,24039,2385,47
1784728126.8084,21:48:46,717836201052,205827,100,24039,2385,47
1784728127.0084,21:48:47,717836238021,269432,100,24039,1260,45
1784728127.2084,21:48:47,717836274588,269432,100,24039,1260,45
1784728127.4084,21:48:47,717836303711,269432,100,24039,1260,45
1784728127.6084,21:48:47,717836322764,210715,100,24039,345,43
1784728127.8084,21:48:47,717836338549,210715,100,24039,345,43
1784728128.0084,21:48:48,717836353712,134816,100,24039,210,41
1784728128.2084,21:48:48,717836370557,134816,100,24039,210,41
1784728128.4084,21:48:48,717836389347,134816,100,24039,210,41
1784728128.6084,21:48:48,717836408219,91874,100,24039,210,40
1784728128.8084,21:48:48,717836427031,91874,100,24039,210,40
1784728129.0083,21:48:49,717836445819,91404,100,24039,210,40
1784728129.2084,21:48:49,717836462057,91404,100,24039,210,40
1784728129.4084,21:48:49,717836481663,91404,100,24039,210,40
1784728129.6084,21:48:49,717836503352,94911,100,24039,285,40
1784728129.8084,21:48:49,717836527312,94911,100,24039,285,40
1784728130.0084,21:48:50,717836552311,105318,100,24039,390,41
1784728130.2084,21:48:50,717836577335,105318,100,24039,390,41
1784728130.4084,21:48:50,717836602252,105318,100,24039,390,41
1784728130.6084,21:48:50,717836627274,122203,100,24039,390,41
1784728130.8084,21:48:50,717836651301,122203,100,24039,390,41
1784728131.0084,21:48:51,717836674196,126251,100,24039,330,41
1784728131.2083,21:48:51,717836694800,126251,100,24039,330,41
1784728131.4084,21:48:51,717836711896,126251,100,24039,330,41
1784728131.6084,21:48:51,717836733590,113762,100,24039,300,40
1784728131.8084,21:48:51,717836758405,113762,100,24039,300,40
1784728132.0084,21:48:52,717836784450,112261,100,24039,420,41
1784728132.2084,21:48:52,717836810852,112261,100,24039,420,41
1784728132.4084,21:48:52,717836837245,112261,100,24039,420,41
1784728132.6084,21:48:52,717836863138,125180,100,24039,435,41
1784728132.8084,21:48:52,717836886623,125180,100,24039,435,41
1784728133.0084,21:48:53,717836908449,129667,100,24039,300,41
1784728133.2084,21:48:53,717836930359,129667,100,24039,300,41
1784728133.4084,21:48:53,717836952216,129667,100,24039,300,41
1784728133.6084,21:48:53,717836971442,119248,100,24039,225,40
1784728133.8084,21:48:53,717836990218,119248,100,24039,225,40
1784728134.0084,21:48:54,717837009089,105287,100,24039,210,40
1784728134.2084,21:48:54,717837027938,105287,100,24039,210,40
1784728134.4084,21:48:54,717837046010,105287,100,24039,210,40
1784728134.6084,21:48:54,717837065309,97427,100,24039,225,40
1784728134.8084,21:48:54,717837087782,97427,100,24039,225,40
1784728135.0084,21:48:55,717837107048,100732,100,24039,330,41
1784728135.2084,21:48:55,717837127696,100732,100,24039,330,41
1784728135.4084,21:48:55,717837179024,100732,100,24039,330,41
1784728135.6084,21:48:55,717837236992,140593,100,24039,2700,48
1784728135.8084,21:48:55,717837291548,140593,100,24039,2700,48
1784728136.0084,21:48:56,717837343160,217620,100,24039,2520,47
1784728136.2084,21:48:56,717837392523,217620,100,24039,2520,47
1784728136.4084,21:48:56,717837439321,217620,100,24039,2520,47
1784728136.6084,21:48:56,717837483040,272640,100,24039,1905,46
1784728136.8084,21:48:56,717837522469,272640,100,24039,1905,46
1784728137.0084,21:48:57,717837550832,227166,100,24039,585,43
1784728137.2084,21:48:57,717837577745,227166,100,24039,585,43
1784728137.4084,21:48:57,717837598701,227166,100,24039,585,43
1784728137.6084,21:48:57,717837617522,169070,100,24039,210,41
1784728137.8084,21:48:57,717837636265,169070,100,24039,210,41
1784728138.0084,21:48:58,717837655090,114601,100,24039,210,40
1784728138.2084,21:48:58,717837673785,114601,100,24039,210,40
1784728138.4084,21:48:58,717837692225,114601,100,24039,210,40
1784728138.6084,21:48:58,717837710830,96388,100,24039,210,40
1784728138.8084,21:48:58,717837729477,96388,100,24039,210,40
1784728139.0084,21:48:59,717837748068,95911,100,24039,210,40
1784728139.2084,21:48:59,717837767323,95911,100,24039,210,40
1784728139.4084,21:48:59,717837787899,95911,100,24039,210,40
1784728139.6084,21:48:59,717837808771,98418,100,24039,270,40
1784728139.8084,21:48:59,717837830405,98418,100,24039,270,40
1784728140.0084,21:49:00,717837853839,105451,100,24039,390,41
1784728140.2084,21:49:00,717837878644,105451,100,24039,390,41
1784728140.4084,21:49:00,717837903406,105451,100,24039,390,41
1784728140.6084,21:49:00,717837928198,118134,100,24039,390,41
1784728140.8084,21:49:00,717837952437,118134,100,24039,390,41
1784728141.0084,21:49:01,717837974894,125277,100,24039,270,41
1784728141.2084,21:49:01,717837995685,125277,100,24039,270,41
1784728141.4084,21:49:01,717838016389,125277,100,24039,270,41
1784728141.6084,21:49:01,717838037102,117619,100,24039,270,40
1784728141.8084,21:49:01,717838057748,117619,100,24039,270,40
1784728142.0084,21:49:02,717838078442,108625,100,24039,270,40
1784728142.2084,21:49:02,717838099470,108625,100,24039,270,40
1784728142.4084,21:49:02,717838122032,108625,100,24039,270,40
1784728142.6084,21:49:02,717838144768,109147,100,24039,330,40
1784728142.8084,21:49:02,717838167485,109147,100,24039,330,40
1784728143.0084,21:49:03,717838190133,113993,100,24039,330,40
1784728143.2084,21:49:03,717838212779,113993,100,24039,330,40
1784728143.4084,21:49:03,717838235479,113993,100,24039,330,40
1784728143.6084,21:49:03,717838258223,117512,100,24039,330,40
1784728143.8084,21:49:03,717838280942,117512,100,24039,330,40
1784728144.0084,21:49:04,717838303664,117645,100,24039,330,40
1784728144.2084,21:49:04,717838326303,117645,100,24039,330,40
1784728144.4084,21:49:04,717838347917,117645,100,24039,330,40
1784728144.6084,21:49:04,717838364914,116523,100,24039,270,40
1784728144.8084,21:49:04,717838384198,116523,100,24039,270,40
1784728145.0084,21:49:05,717838432248,117115,100,24039,2520,46
1784728145.2084,21:49:05,717838482171,117115,100,24039,2520,46
1784728145.4084,21:49:05,717838531718,117115,100,24039,2520,46
1784728145.6084,21:49:05,717838572865,183256,100,24039,1575,45
1784728145.8084,21:49:05,717838604118,183256,100,24039,1575,45
1784728146.0084,21:49:06,717838634688,222798,100,24039,555,43
1784728146.2084,21:49:06,717838660733,222798,100,24039,555,43
1784728146.4084,21:49:06,717838681328,222798,100,24039,555,43
1784728146.6084,21:49:06,717838699811,164218,100,24039,210,40
1784728146.8084,21:49:06,717838718334,164218,100,24039,210,40
1784728147.0084,21:49:07,717838736779,116274,100,24039,210,40
1784728147.2084,21:49:07,717838755202,116274,100,24039,210,40
1784728147.4084,21:49:07,717838771243,116274,100,24039,210,40
1784728147.6084,21:49:07,717838789662,93879,100,24039,210,40
1784728147.8084,21:49:07,717838808581,93879,100,24039,210,40
1784728148.0084,21:49:08,717838828899,94797,100,24039,315,40
1784728148.2084,21:49:08,717838851594,94797,100,24039,315,40
1784728148.4084,21:49:08,717838876130,94797,100,24039,315,40
1784728148.6084,21:49:08,717838902033,107409,100,24039,435,41
1784728148.8084,21:49:08,717838928092,107409,100,24039,435,41
1784728149.0084,21:49:09,717838954023,126085,100,24039,435,41
1784728149.2084,21:49:09,717838980027,126085,100,24039,435,41
1784728149.4084,21:49:09,717839005551,126085,100,24039,435,41
1784728149.6084,21:49:09,717839029151,135076,100,24039,375,41
1784728149.8084,21:49:09,717839050750,135076,100,24039,375,41
1784728150.0084,21:49:10,717839070980,126952,100,24039,270,40
1784728150.2084,21:49:10,717839090523,126952,100,24039,270,40
1784728150.4084,21:49:10,717839112043,126952,100,24039,270,40
1784728150.6084,21:49:10,717839133615,113381,100,24039,315,40
1784728150.8084,21:49:10,717839155272,113381,100,24039,315,40
1784728151.0084,21:49:11,717839178726,111036,100,24039,375,40
1784728151.2084,21:49:11,717839203762,111036,100,24039,375,40
1784728151.4084,21:49:11,717839228808,111036,100,24039,375,40
1784728151.6084,21:49:11,717839253336,122123,100,24039,375,41
1784728151.8084,21:49:11,717839278404,122123,100,24039,375,41
1784728152.0084,21:49:12,717839301009,128559,100,24039,330,40
1784728152.2084,21:49:12,717839323544,128559,100,24039,330,40
1784728152.4084,21:49:12,717839346031,128559,100,24039,330,40
1784728152.6084,21:49:12,717839368519,123900,100,24039,330,40
1784728152.8084,21:49:12,717839390929,123900,100,24039,330,40
1784728153.0084,21:49:13,717839413399,118425,100,24039,330,40
1784728153.2084,21:49:13,717839435833,118425,100,24039,330,40
1784728153.4084,21:49:13,717839458371,118425,100,24039,330,40
1784728153.6084,21:49:13,717839480975,118349,100,24039,330,40
1784728153.8084,21:49:13,717839503472,118349,100,24039,330,40
1784728154.0084,21:49:14,717839526324,118816,100,24039,345,40
1784728154.2084,21:49:14,717839549144,118816,100,24039,345,40
1784728154.4084,21:49:14,717839572006,118816,100,24039,345,40
1784728154.6084,21:49:14,717839594489,119952,100,24039,330,40
1784728154.8084,21:49:14,717839616888,119952,100,24039,330,40
1784728155.0084,21:49:15,717839639297,119652,100,24039,330,40
1784728155.2084,21:49:15,717839660996,119652,100,24039,330,40
1784728155.4084,21:49:15,717839684159,119652,100,24039,330,40
1784728155.6084,21:49:15,717839708418,118782,100,24039,390,40
1784728155.8084,21:49:15,717839732736,118782,100,24039,390,40
1784728156.0084,21:49:16,717839757103,123216,100,24039,390,41
1784728156.2084,21:49:16,717839781467,123216,100,24039,390,41
1784728156.4084,21:49:16,717839805778,123216,100,24039,390,41
1784728156.6084,21:49:16,717839830025,128612,100,24039,390,41
1784728156.8084,21:49:16,717839854141,128612,100,24039,390,41
1784728157.0084,21:49:17,717839878122,128493,100,24039,390,41
1784728157.2084,21:49:17,717839902466,128493,100,24039,390,41
1784728157.4084,21:49:17,717839926775,128493,100,24039,390,41
1784728157.6084,21:49:17,717839951576,128349,100,24039,405,41
1784728157.8084,21:49:17,717839976546,128349,100,24039,405,41
1784728158.0084,21:49:18,717840002546,130592,100,24039,450,41
1784728158.2084,21:49:18,717840028990,130592,100,24039,450,41
1784728158.4084,21:49:18,717840055100,130592,100,24039,450,41
1784728158.6084,21:49:18,717840079237,135584,100,24039,405,41
1784728158.8084,21:49:18,717840101282,135584,100,24039,405,41
1784728159.0084,21:49:19,717840121127,129923,100,24039,255,40
1784728159.2084,21:49:19,717840140483,129923,100,24039,255,40
1784728159.4084,21:49:19,717840159819,129923,100,24039,255,40
1784728159.6084,21:49:19,717840181147,113487,100,24039,315,40
1784728159.8084,21:49:19,717840204421,113487,100,24039,315,40
1784728160.0084,21:49:20,717840227959,111415,100,24039,375,40
1784728160.2084,21:49:20,717840252788,111415,100,24039,375,40
1784728160.4084,21:49:20,717840277024,111415,100,24039,375,40
1784728160.6084,21:49:20,717840295808,122920,100,24039,360,41
1784728160.8084,21:49:20,717840320382,122920,100,24039,360,41
1784728161.0084,21:49:21,717840348825,126315,100,24039,570,41
1784728161.2084,21:49:21,717840374023,126315,100,24039,570,41
1784728161.4084,21:49:21,717840401228,126315,100,24039,570,41
1784728161.6084,21:49:21,717840431967,131910,100,24039,645,42
1784728161.8084,21:49:21,717840462867,131910,100,24039,645,42
1784728162.0084,21:49:22,717840491977,152859,100,24039,570,42
1784728162.2084,21:49:22,717840517339,152859,100,24039,570,42
1784728162.4084,21:49:22,717840544544,152859,100,24039,570,42
1784728162.6084,21:49:22,717840570482,153398,100,24039,435,41
1784728162.8084,21:49:22,717840594623,153398,100,24039,435,41
1784728163.0084,21:49:23,717840616763,139003,100,24039,300,41
1784728163.2084,21:49:23,717840636703,139003,100,24039,300,41
1784728163.4084,21:49:23,717840654920,139003,100,24039,300,41
1784728163.6084,21:49:23,717840672836,120220,100,24039,210,40
1784728163.8084,21:49:23,717840689830,120220,100,24039,210,40
1784728164.0084,21:49:24,717840704743,99752,100,24039,210,40
1784728164.2084,21:49:24,717840736174,99752,100,24039,210,40
1784728164.4084,21:49:24,717840794654,99752,100,24039,210,40
1784728164.6084,21:49:24,717840848752,148075,100,24039,2685,49
1784728164.8084,21:49:24,717840899041,148075,100,24039,2685,49
1784728165.0084,21:49:25,717840946559,231338,100,24039,2385,47
1784728165.2084,21:49:25,717840990227,231338,100,24039,2385,47
1784728165.4084,21:49:25,717841032366,231338,100,24039,2385,47
1784728165.6084,21:49:25,717841060424,266098,100,24039,630,45
1784728165.8084,21:49:25,717841090649,266098,100,24039,630,45
1784728166.0084,21:49:26,717841115723,200418,100,24039,315,42
1784728166.2084,21:49:26,717841136281,200418,100,24039,315,42
1784728166.4084,21:49:26,717841154376,200418,100,24039,315,42
1784728166.6084,21:49:26,717841172474,139475,100,24039,210,40
1784728166.8084,21:49:26,717841190509,139475,100,24039,210,40
1784728167.0084,21:49:27,717841208440,106489,100,24039,210,40
1784728167.2084,21:49:27,717841226401,106489,100,24039,210,40
1784728167.4084,21:49:27,717841244428,106489,100,24039,210,40
1784728167.6084,21:49:27,717841262383,97108,100,24039,210,40
1784728167.8084,21:49:27,717841280308,97108,100,24039,210,40
1784728168.0084,21:49:28,717841298211,96892,100,24039,210,40
1784728168.2084,21:49:28,717841316128,96892,100,24039,210,40
1784728168.4084,21:49:28,717841335415,96892,100,24039,210,40
1784728168.6084,21:49:28,717841354859,98288,100,24039,255,40
1784728168.8084,21:49:28,717841374348,98288,100,24039,255,40
1784728169.0084,21:49:29,717841395421,102740,100,24039,315,40
1784728169.2084,21:49:29,717841418383,102740,100,24039,315,40
1784728169.4084,21:49:29,717841441904,102740,100,24039,315,40
1784728169.6084,21:49:29,717841465306,114492,100,24039,375,41
1784728169.8084,21:49:29,717841488944,114492,100,24039,375,41
1784728170.0084,21:49:30,717841512612,124711,100,24039,390,41
1784728170.2084,21:49:30,717841536145,124711,100,24039,390,41
1784728170.4084,21:49:30,717841559628,124711,100,24039,390,41
1784728170.6084,21:49:30,717841582996,127802,100,24039,390,41
1784728170.8084,21:49:30,717841603757,127802,100,24039,390,41
1784728171.0084,21:49:31,717841621369,122175,100,24039,345,41
1784728171.2084,21:49:31,717841639695,122175,100,24039,345,41
1784728171.4084,21:49:31,717841676752,122175,100,24039,345,41
1784728171.6084,21:49:31,717841735195,131082,100,24039,2685,48
1784728171.8084,21:49:31,717841799062,131082,100,24039,2685,48
1784728172.0084,21:49:32,717841847003,227467,100,24039,2025,50
1784728172.2084,21:49:32,717841891490,227467,100,24039,2025,50
1784728172.4084,21:49:32,717841930870,227467,100,24039,2025,50
1784728172.6084,21:49:32,717841963948,279826,100,24039,780,44
1784728172.8084,21:49:32,717841991681,279826,100,24039,780,44
1784728173.0084,21:49:33,717842014306,191249,100,24039,255,42
1784728173.2084,21:49:33,717842032763,191249,100,24039,255,42
1784728173.4084,21:49:33,717842050519,191249,100,24039,255,42
1784728173.6084,21:49:33,717842068203,136924,100,24039,210,40
1784728173.8084,21:49:33,717842085782,136924,100,24039,210,40
1784728174.0084,21:49:34,717842103395,102362,100,24039,210,40
1784728174.2084,21:49:34,717842120971,102362,100,24039,210,40
1784728174.4084,21:49:34,717842138604,102362,100,24039,210,40
1784728174.6084,21:49:34,717842156227,96298,100,24039,210,40
1784728174.8084,21:49:34,717842173841,96298,100,24039,210,40
1784728175.0084,21:49:35,717842192770,96804,100,24039,300,40
1784728175.2084,21:49:35,717842213951,96804,100,24039,300,40
1784728175.4084,21:49:35,717842236776,96804,100,24039,300,40
1784728175.6084,21:49:35,717842259732,106623,100,24039,375,41
1784728175.8084,21:49:35,717842282618,106623,100,24039,375,41
1784728176.0084,21:49:36,717842305525,119963,100,24039,375,41
1784728176.2084,21:49:36,717842328589,119963,100,24039,375,41
1784728176.4084,21:49:36,717842351688,119963,100,24039,375,41
1784728176.6084,21:49:36,717842373038,126014,100,24039,330,41
1784728176.8084,21:49:36,717842394151,126014,100,24039,330,41
1784728177.0084,21:49:37,717842415007,121608,100,24039,315,40
1784728177.2084,21:49:37,717842435862,121608,100,24039,315,40
1784728177.4084,21:49:37,717842456752,121608,100,24039,315,40
1784728177.6084,21:49:37,717842476317,116253,100,24039,285,40
1784728177.8084,21:49:37,717842497096,116253,100,24039,285,40
1784728178.0084,21:49:38,717842518082,113252,100,24039,315,40
1784728178.2084,21:49:38,717842540253,113252,100,24039,315,40
1784728178.4084,21:49:38,717842563061,113252,100,24039,315,40
1784728178.6084,21:49:38,717842586090,116699,100,24039,390,41
1784728178.8084,21:49:38,717842608881,116699,100,24039,390,41
1784728179.0083,21:49:39,717842631274,123227,100,24039,345,41
1784728179.2084,21:49:39,717842653473,123227,100,24039,345,41
1784728179.4084,21:49:39,717842675922,123227,100,24039,345,41
1784728179.6084,21:49:39,717842698726,124398,100,24039,375,41
1784728179.8084,21:49:39,717842722403,124398,100,24039,375,41
1784728180.0084,21:49:40,717842746068,126081,100,24039,390,41
1784728180.2084,21:49:40,717842769494,126081,100,24039,390,41
1784728180.4084,21:49:40,717842793797,126081,100,24039,390,41
1784728180.6084,21:49:40,717842816991,129655,100,24039,360,41
1784728180.8084,21:49:40,717842838819,129655,100,24039,360,41
1784728181.0084,21:49:41,717842858716,126023,100,24039,345,40
1784728181.2084,21:49:41,717842880525,126023,100,24039,345,40
1784728181.4084,21:49:41,717842902373,126023,100,24039,345,40
1784728181.6084,21:49:41,717842924218,121131,100,24039,345,40
1784728181.8084,21:49:41,717842946036,121131,100,24039,345,40
1784728182.0084,21:49:42,717842968000,118782,100,24039,360,40
1784728182.2084,21:49:42,717842990139,118782,100,24039,360,40
1784728182.4084,21:49:42,717843010879,118782,100,24039,360,40
1784728182.6084,21:49:42,717843032747,120339,100,24039,345,40
1784728182.8084,21:49:42,717843056371,120339,100,24039,345,40
1784728183.0084,21:49:43,717843078424,123126,100,24039,375,41
1784728183.2084,21:49:43,717843101895,123126,100,24039,375,41
1784728183.4084,21:49:43,717843125547,123126,100,24039,375,41
1784728183.6084,21:49:43,717843148741,127850,100,24039,405,41
1784728183.8084,21:49:43,717843170407,127850,100,24039,405,41
1784728184.0084,21:49:44,717843192040,125356,100,24039,300,40
1784728184.2084,21:49:44,717843213022,125356,100,24039,300,40
1784728184.4084,21:49:44,717843231802,125356,100,24039,300,40
1784728184.6084,21:49:44,717843250589,112819,100,24039,210,40
1784728184.8084,21:49:44,717843269310,112819,100,24039,210,40
1784728185.0084,21:49:45,717843289246,101363,100,24039,240,40
1784728185.2084,21:49:45,717843309288,101363,100,24039,240,40
1784728185.4084,21:49:45,717843331495,101363,100,24039,240,40
1784728185.6084,21:49:45,717843355499,104169,100,24039,375,40
1784728185.8084,21:49:45,717843381411,104169,100,24039,375,40
1784728186.0084,21:49:46,717843407861,120150,100,24039,435,41
1784728186.2084,21:49:46,717843434293,120150,100,24039,435,41
1784728186.4084,21:49:46,717843460751,120150,100,24039,435,41
1784728186.6084,21:49:46,717843487273,132992,100,24039,435,41
1784728186.8084,21:49:46,717843513750,132992,100,24039,435,41
1784728187.0084,21:49:47,717843540070,135641,100,24039,420,41
1784728187.2084,21:49:47,717843564554,135641,100,24039,420,41
1784728187.4084,21:49:47,717843587106,135641,100,24039,420,41
1784728187.6084,21:49:47,717843608882,127784,100,24039,300,40
1784728187.8084,21:49:47,717843630666,127784,100,24039,300,40
1784728188.0084,21:49:48,717843652617,116895,100,24039,285,40
1784728188.2084,21:49:48,717843674012,116895,100,24039,285,40
1784728188.4084,21:49:48,717843695600,116895,100,24039,285,40
1784728188.6084,21:49:48,717843717458,111359,100,24039,300,40
1784728188.8084,21:49:48,717843735613,111359,100,24039,300,40
1784728189.0084,21:49:49,717843752802,103701,100,24039,315,40
1784728189.2084,21:49:49,717843788218,103701,100,24039,315,40
1784728189.4084,21:49:49,717843846058,103701,100,24039,315,40
1784728189.6084,21:49:49,717843901938,168350,100,24039,2610,47
1784728189.8084,21:49:49,717843958065,168350,100,24039,2610,47
1784728190.0084,21:49:50,717844013500,253664,100,24039,2595,48
1784728190.2084,21:49:50,717844065546,253664,100,24039,2595,48
1784728190.4084,21:49:50,717844116200,253664,100,24039,2595,48
1784728190.6084,21:49:50,717844155015,271247,100,24039,1590,46
1784728190.8084,21:49:50,717844191758,271247,100,24039,1590,46
1784728191.0084,21:49:51,717844221918,219550,100,24039,420,43
1784728191.2084,21:49:51,717844245645,219550,100,24039,420,43
1784728191.4084,21:49:51,717844264877,219550,100,24039,420,43
1784728191.6084,21:49:51,717844283638,148349,100,24039,210,40
1784728191.8084,21:49:51,717844302479,148349,100,24039,210,40
1784728192.0084,21:49:52,717844321314,105723,100,24039,210,40
1784728192.2084,21:49:52,717844340080,105723,100,24039,210,40
1784728192.4084,21:49:52,717844358650,105723,100,24039,210,40
1784728192.6084,21:49:52,717844377324,96224,100,24039,210,40
1784728192.8084,21:49:52,717844396111,96224,100,24039,210,40
1784728193.0084,21:49:53,717844414849,96085,100,24039,240,40
1784728193.2084,21:49:53,717844435068,96085,100,24039,240,40
1784728193.4084,21:49:53,717844457603,96085,100,24039,240,40
1784728193.6084,21:49:53,717844481947,103617,100,24039,375,40
1784728193.8084,21:49:53,717844508258,103617,100,24039,375,40
1784728194.0084,21:49:54,717844535124,121217,100,24039,450,41
1784728194.2084,21:49:54,717844562003,121217,100,24039,450,41
1784728194.4084,21:49:54,717844586887,121217,100,24039,450,41
1784728194.6084,21:49:54,717844611533,131996,100,24039,375,41
1784728194.8084,21:49:54,717844634297,131996,100,24039,375,41
1784728195.0084,21:49:55,717844656679,125807,100,24039,315,40
1784728195.2084,21:49:55,717844676199,125807,100,24039,315,40
1784728195.4084,21:49:55,717844693557,125807,100,24039,315,40
1784728195.6084,21:49:55,717844716475,109692,100,24039,360,40
1784728195.8084,21:49:55,717844741463,109692,100,24039,360,40
1784728196.0084,21:49:56,717844768545,115038,100,24039,480,41
1784728196.2084,21:49:56,717844796503,115038,100,24039,480,41
1784728196.4084,21:49:56,717844824870,115038,100,24039,480,41
1784728196.6084,21:49:56,717844853269,135990,100,24039,495,41
1784728196.8084,21:49:56,717844879697,135990,100,24039,495,41
1784728197.0084,21:49:57,717844902672,137814,100,24039,300,41
1784728197.2084,21:49:57,717844923413,137814,100,24039,300,41
1784728197.4084,21:49:57,717844942943,137814,100,24039,300,41
1784728197.6084,21:49:57,717844962246,118618,100,24039,225,40
1784728197.8084,21:49:57,717844982425,118618,100,24039,225,40
1784728198.0084,21:49:58,717845004662,105212,100,24039,345,40
1784728198.2084,21:49:58,717845028066,105212,100,24039,345,40
1784728198.4084,21:49:58,717845052146,105212,100,24039,345,40
1784728198.6084,21:49:58,717845078190,113980,100,24039,405,41
1784728198.8084,21:49:58,717845103332,113980,100,24039,405,41
1784728199.0084,21:49:59,717845123536,121643,100,24039,405,41
1784728199.2084,21:49:59,717845145437,121643,100,24039,405,41
1784728199.4084,21:49:59,717845175776,121643,100,24039,405,41
1784728199.6084,21:49:59,717845232758,142441,100,24039,2700,45
1784728199.8084,21:49:59,717845289475,142441,100,24039,2700,45
1784728200.0084,21:50:00,717845343331,215813,100,24039,2535,48
1784728200.2084,21:50:00,717845393578,215813,100,24039,2535,48
1784728200.4084,21:50:00,717845440357,215813,100,24039,2535,48
1784728200.6084,21:50:00,717845484433,268220,100,24039,2190,45
1784728200.8084,21:50:00,717845525366,268220,100,24039,2190,45
1784728201.0084,21:50:01,717845558373,225163,100,24039,525,43
1784728201.2084,21:50:01,717845585912,225163,100,24039,525,43
1784728201.4084,21:50:01,717845607983,225163,100,24039,525,43
1784728201.6084,21:50:01,717845627020,164901,100,24039,210,41
1784728201.8084,21:50:01,717845645133,164901,100,24039,210,41
1784728202.0084,21:50:02,717845662987,112853,100,24039,210,40
1784728202.2084,21:50:02,717845681640,112853,100,24039,210,40
1784728202.4084,21:50:02,717845700338,112853,100,24039,210,40
1784728202.6084,21:50:02,717845718990,95347,100,24039,210,40
1784728202.8084,21:50:02,717845737749,95347,100,24039,210,40
1784728203.0084,21:50:03,717845756527,96548,100,24039,210,40
1784728203.2084,21:50:03,717845775182,96548,100,24039,210,40
1784728203.4084,21:50:03,717845790147,96548,100,24039,210,40
1784728203.6084,21:50:03,717845805463,91394,100,24039,240,40
1784728203.8084,21:50:03,717845850247,91394,100,24039,240,40
1784728204.0084,21:50:04,717845913751,158966,100,24039,2685,49
1784728204.2084,21:50:04,717845970828,158966,100,24039,2685,49
1784728204.4084,21:50:04,717846021055,158966,100,24039,2685,49
1784728204.6084,21:50:04,717846066367,241500,100,24039,2400,47
1784728204.8084,21:50:04,717846108789,241500,100,24039,2400,47
1784728205.0084,21:50:05,717846146136,246940,100,24039,765,45
1784728205.2084,21:50:05,717846177114,246940,100,24039,765,45
1784728205.4084,21:50:05,717846201768,246940,100,24039,765,45
1784728205.6084,21:50:05,717846221989,180949,100,24039,210,41
1784728205.8084,21:50:05,717846239115,180949,100,24039,210,41
1784728206.0084,21:50:06,717846257667,120798,100,24039,210,40
1784728206.2084,21:50:06,717846275925,120798,100,24039,210,40
1784728206.4084,21:50:06,717846294475,120798,100,24039,210,40
1784728206.6084,21:50:06,717846313012,95992,100,24039,210,40
1784728206.8084,21:50:06,717846331533,95992,100,24039,210,40
1784728207.0084,21:50:07,717846349846,95786,100,24039,210,40
1784728207.2084,21:50:07,717846368225,95786,100,24039,210,40
1784728207.4084,21:50:07,717846386658,95786,100,24039,210,40
1784728207.6084,21:50:07,717846405082,95898,100,24039,210,40
1784728207.8084,21:50:07,717846423796,95898,100,24039,210,40
1784728208.0084,21:50:08,717846444106,97810,100,24039,270,40
1784728208.2084,21:50:08,717846464522,97810,100,24039,270,40
1784728208.4084,21:50:08,717846484057,97810,100,24039,270,40
1784728208.6084,21:50:08,717846503904,101511,100,24039,240,40
1784728208.8084,21:50:08,717846525950,101511,100,24039,240,40
1784728209.0084,21:50:09,717846549774,109959,100,24039,375,41
1784728209.2084,21:50:09,717846573719,109959,100,24039,375,41
1784728209.4084,21:50:09,717846597619,109959,100,24039,375,41
1784728209.6084,21:50:09,717846621436,119238,100,24039,375,41
1784728209.8084,21:50:09,717846641568,119238,100,24039,375,41
1784728210.0084,21:50:10,717846663115,118825,100,24039,300,40
1784728210.2084,21:50:10,717846684792,118825,100,24039,300,40
1784728210.4084,21:50:10,717846706405,118825,100,24039,300,40
1784728210.6084,21:50:10,717846729832,114413,100,24039,360,40
1784728210.8084,21:50:10,717846753458,114413,100,24039,360,40
1784728211.0084,21:50:11,717846777102,118706,100,24039,360,41
1784728211.2084,21:50:11,717846800740,118706,100,24039,360,41
1784728211.4084,21:50:11,717846824338,118706,100,24039,360,41
1784728211.6084,21:50:11,717846847878,123333,100,24039,360,41
1784728211.8084,21:50:11,717846871427,123333,100,24039,360,41
1784728212.0084,21:50:12,717846895061,123493,100,24039,360,41
1784728212.2084,21:50:12,717846918587,123493,100,24039,360,41
1784728212.4084,21:50:12,717846942111,123493,100,24039,360,41
1784728212.6084,21:50:12,717846959977,121264,100,24039,255,41
1784728212.8084,21:50:12,717846976802,121264,100,24039,255,41
1784728213.0084,21:50:13,717846996201,107653,100,24039,390,41
1784728213.2084,21:50:13,717847037096,107653,100,24039,390,41
1784728213.4084,21:50:13,717847092744,107653,100,24039,390,41
1784728213.6084,21:50:13,717847147202,171351,100,24039,2610,47
1784728213.8084,21:50:13,717847198776,171351,100,24039,2610,47
1784728214.0084,21:50:14,717847247518,251583,100,24039,2415,47
1784728214.2084,21:50:14,717847293157,251583,100,24039,2415,47
1784728214.4084,21:50:14,717847336353,251583,100,24039,2415,47
1784728214.6084,21:50:14,717847375703,252738,100,24039,1335,45
1784728214.8084,21:50:14,717847410155,252738,100,24039,1335,45
1784728215.0084,21:50:15,717847438750,205698,100,24039,420,42
1784728215.2084,21:50:15,717847461938,205698,100,24039,420,42
1784728215.4084,21:50:15,717847481113,205698,100,24039,420,42
1784728215.6084,21:50:15,717847499662,147369,100,24039,210,41
1784728215.8084,21:50:15,717847518171,147369,100,24039,210,41
1784728216.0084,21:50:16,717847536575,106040,100,24039,210,40
1784728216.2084,21:50:16,717847554922,106040,100,24039,210,40
1784728216.4084,21:50:16,717847573267,106040,100,24039,210,40
1784728216.6084,21:50:16,717847591677,97289,100,24039,210,40
1784728216.8084,21:50:16,717847610082,97289,100,24039,210,40
1784728217.0084,21:50:17,717847628467,97095,100,24039,210,40
1784728217.2084,21:50:17,717847646887,97095,100,24039,210,40
1784728217.4084,21:50:17,717847665273,97095,100,24039,210,40
1784728217.6084,21:50:17,717847683607,97154,100,24039,210,40
1784728217.8084,21:50:17,717847701941,97154,100,24039,210,40
1784728218.0084,21:50:18,717847720211,96972,100,24039,210,40
1784728218.2084,21:50:18,717847738508,96972,100,24039,210,40
1784728218.4084,21:50:18,717847758277,96972,100,24039,210,40
1784728218.6084,21:50:18,717847779906,100002,100,24039,315,40
1784728218.8084,21:50:18,717847803520,100002,100,24039,315,40
1784728219.0084,21:50:19,717847827503,112367,100,24039,390,41
1784728219.2084,21:50:19,717847851521,112367,100,24039,390,41
1784728219.4084,21:50:19,717847874914,112367,100,24039,390,41
1784728219.6084,21:50:19,717847892580,120941,100,24039,315,41
1784728219.8084,21:50:19,717847914647,120941,100,24039,315,41
1784728220.0084,21:50:20,717847960978,140838,100,24039,2520,44
1784728220.2084,21:50:20,717848030742,140838,100,24039,2520,44
1784728220.4084,21:50:20,717848084000,140838,100,24039,2520,44
1784728220.6084,21:50:20,717848134255,237179,100,24039,2505,48
1784728220.8084,21:50:20,717848180989,237179,100,24039,2505,48
1784728221.0084,21:50:21,717848224493,274889,100,24039,1980,45
1784728221.2084,21:50:21,717848265140,274889,100,24039,1980,45
1784728221.4084,21:50:21,717848300969,274889,100,24039,1980,45
1784728221.6084,21:50:21,717848331586,224756,100,24039,555,44
1784728221.8084,21:50:21,717848356656,224756,100,24039,555,44
1784728222.0084,21:50:22,717848375882,165353,100,24039,210,41
1784728222.2084,21:50:22,717848390280,165353,100,24039,210,41
1784728222.4084,21:50:22,717848405529,165353,100,24039,210,41
1784728222.6084,21:50:22,717848423674,109190,100,24039,210,40
1784728222.8084,21:50:22,717848441781,109190,100,24039,210,40
1784728223.0084,21:50:23,717848459913,89432,100,24039,210,40
1784728223.2084,21:50:23,717848478064,89432,100,24039,210,40
1784728223.4084,21:50:23,717848496228,89432,100,24039,210,40
1784728223.6084,21:50:23,717848511164,95492,100,24039,210,40
1784728223.8084,21:50:23,717848525497,95492,100,24039,210,40
1784728224.0084,21:50:24,717848554841,100883,100,24039,2520,41
1784728224.2084,21:50:24,717848609459,100883,100,24039,2520,41
1784728224.4084,21:50:24,717848663845,100883,100,24039,2520,41
1784728224.6084,21:50:24,717848715030,190927,100,24039,2610,48
1784728224.8084,21:50:24,717848763246,190927,100,24039,2610,48
1784728225.0084,21:50:25,717848812523,274593,100,24039,2355,47
1784728225.2084,21:50:25,717848855011,274593,100,24039,2355,47
1784728225.4084,21:50:25,717848900373,274593,100,24039,2355,47
1784728225.6084,21:50:25,717848942531,254924,100,24039,2085,46
1784728225.8084,21:50:25,717848980899,254924,100,24039,2085,46
1784728226.0084,21:50:26,717849014790,222545,100,24039,615,44
1784728226.2084,21:50:26,717849043812,222545,100,24039,615,44
1784728226.4084,21:50:26,717849066684,222545,100,24039,615,44
1784728226.6084,21:50:26,717849084802,170238,100,24039,210,41
1784728226.8084,21:50:26,717849102727,170238,100,24039,210,41
1784728227.0084,21:50:27,717849120623,118996,100,24039,210,40
1784728227.2084,21:50:27,717849138488,118996,100,24039,210,40
1784728227.4084,21:50:27,717849156326,118996,100,24039,210,40
1784728227.6084,21:50:27,717849174188,96247,100,24039,210,40
1784728227.8084,21:50:27,717849192068,96247,100,24039,210,40
1784728228.0084,21:50:28,717849209968,96152,100,24039,210,40
1784728228.2084,21:50:28,717849227816,96152,100,24039,210,40
1784728228.4084,21:50:28,717849245694,96152,100,24039,210,40
1784728228.6084,21:50:28,717849263631,96296,100,24039,210,40
1784728228.8084,21:50:28,717849281588,96296,100,24039,210,40
1784728229.0084,21:50:29,717849299422,96409,100,24039,210,40
1784728229.2084,21:50:29,717849317228,96409,100,24039,210,40
1784728229.4084,21:50:29,717849334976,96409,100,24039,210,40
1784728229.6084,21:50:29,717849353644,96441,100,24039,240,40
1784728229.8084,21:50:29,717849374188,96441,100,24039,240,40
1784728230.0084,21:50:30,717849395525,103070,100,24039,315,40
1784728230.2084,21:50:30,717849418018,103070,100,24039,315,40
1784728230.4084,21:50:30,717849441193,103070,100,24039,315,40
1784728230.6084,21:50:30,717849463239,115573,100,24039,315,41
1784728230.8084,21:50:30,717849484454,115573,100,24039,315,41
1784728231.0084,21:50:31,717849504443,117325,100,24039,240,40
1784728231.2084,21:50:31,717849522658,117325,100,24039,240,40
1784728231.4084,21:50:31,717849540293,117325,100,24039,240,40
1784728231.6084,21:50:31,717849557997,105964,100,24039,210,40
1784728231.8084,21:50:31,717849576035,105964,100,24039,210,40
1784728232.0084,21:50:32,717849595255,98736,100,24039,285,40
1784728232.2084,21:50:32,717849616306,98736,100,24039,285,40
1784728232.4084,21:50:32,717849638680,98736,100,24039,285,40
1784728232.6084,21:50:32,717849661172,108114,100,24039,360,41
1784728232.8084,21:50:32,717849682285,108114,100,24039,360,41
1784728233.0084,21:50:33,717849699485,112758,100,24039,330,41
1784728233.2084,21:50:33,717849723326,112758,100,24039,330,41
1784728233.4084,21:50:33,717849748770,112758,100,24039,330,41
1784728233.6084,21:50:33,717849774688,121820,100,24039,465,41
1784728233.8084,21:50:33,717849800595,121820,100,24039,465,41
1784728234.0084,21:50:34,717849826063,134071,100,24039,390,41
1784728234.2084,21:50:34,717849849327,134071,100,24039,390,41
1784728234.4084,21:50:34,717849870613,134071,100,24039,390,41
1784728234.6084,21:50:34,717849887046,128611,100,24039,225,41
1784728234.8084,21:50:34,717849905989,128611,100,24039,225,41
1784728235.0084,21:50:35,717849927205,112539,100,24039,315,40
1784728235.2084,21:50:35,717849948440,112539,100,24039,315,40
1784728235.4084,21:50:35,717849969638,112539,100,24039,315,40
1784728235.6084,21:50:35,717849988363,108743,100,24039,315,40
1784728235.8084,21:50:35,717850004478,108743,100,24039,315,40
1784728236.0084,21:50:36,717850021390,104149,100,24039,345,41
1784728236.2084,21:50:36,717850043611,104149,100,24039,345,41
1784728236.4084,21:50:36,717850123642,104149,100,24039,345,41
1784728236.6084,21:50:36,717850179649,149820,100,24039,2610,46
1784728236.8084,21:50:36,717850233008,149820,100,24039,2610,46
1784728237.0084,21:50:37,717850283085,229665,100,24039,2475,47
1784728237.2084,21:50:37,717850329933,229665,100,24039,2475,47
1784728237.4084,21:50:37,717850372833,229665,100,24039,2475,47
1784728237.6084,21:50:37,717850405632,248563,100,24039,690,45
1784728237.8084,21:50:37,717850430919,248563,100,24039,690,45
1784728238.0084,21:50:38,717850452459,188411,100,24039,345,42
1784728238.2084,21:50:38,717850471893,188411,100,24039,345,42
1784728238.4084,21:50:38,717850491322,188411,100,24039,345,42
1784728238.6084,21:50:38,717850510711,124404,100,24039,210,40
1784728238.8084,21:50:38,717850530114,124404,100,24039,210,40
1784728239.0084,21:50:39,717850549509,99144,100,24039,210,40
1784728239.2084,21:50:39,717850568838,99144,100,24039,210,40
1784728239.4084,21:50:39,717850588137,99144,100,24039,210,40
1784728239.6084,21:50:39,717850607477,97184,100,24039,210,40
1784728239.8084,21:50:39,717850628295,97184,100,24039,210,40
1784728240.0084,21:50:40,717850649275,99108,100,24039,255,40
1784728240.2084,21:50:40,717850672244,99108,100,24039,255,40
1784728240.4084,21:50:40,717850697331,99108,100,24039,255,40
1784728240.6084,21:50:40,717850724201,108532,100,24039,405,41
1784728240.8084,21:50:40,717850751415,108532,100,24039,405,41
1784728241.0084,21:50:41,717850776828,124113,100,24039,375,41
1784728241.2084,21:50:41,717850796129,124113,100,24039,375,41
1784728241.4084,21:50:41,717850815504,124113,100,24039,375,41
1784728241.6084,21:50:41,717850838430,119354,100,24039,315,40
1784728241.8084,21:50:41,717850863438,119354,100,24039,315,40
1784728242.0084,21:50:42,717850888295,113496,100,24039,375,41
1784728242.2084,21:50:42,717850913245,113496,100,24039,375,41
1784728242.4084,21:50:42,717850938538,113496,100,24039,375,41
1784728242.6084,21:50:42,717850963784,122188,100,24039,390,41
1784728242.8084,21:50:42,717850989052,122188,100,24039,390,41
1784728243.0084,21:50:43,717851014354,126480,100,24039,390,41
1784728243.2084,21:50:43,717851038689,126480,100,24039,390,41
1784728243.4084,21:50:43,717851062299,126480,100,24039,390,41
1784728243.6084,21:50:43,717851086027,124822,100,24039,345,41
1784728243.8084,21:50:43,717851109650,124822,100,24039,345,41
1784728244.0084,21:50:44,717851133399,121325,100,24039,345,41
1784728244.2084,21:50:44,717851156883,121325,100,24039,345,41
1784728244.4084,21:50:44,717851180103,121325,100,24039,345,41
1784728244.6084,21:50:44,717851203424,118801,100,24039,330,40
1784728244.8084,21:50:44,717851226661,118801,100,24039,330,40
1784728245.0084,21:50:45,717851249910,117925,100,24039,330,40
1784728245.2084,21:50:45,717851273587,117925,100,24039,330,40
1784728245.4084,21:50:45,717851297261,117925,100,24039,330,40
1784728245.6084,21:50:45,717851320939,118309,100,24039,345,40
1784728245.8084,21:50:45,717851344583,118309,100,24039,345,40
1784728246.0084,21:50:46,717851368207,119113,100,24039,345,40
1784728246.2084,21:50:46,717851391572,119113,100,24039,345,40
1784728246.4084,21:50:46,717851414906,119113,100,24039,345,40
1784728246.6084,21:50:46,717851438273,119705,100,24039,345,40
1784728246.8084,21:50:46,717851461345,119705,100,24039,345,40
1784728247.0084,21:50:47,717851482903,118739,100,24039,285,40
1784728247.2084,21:50:47,717851504254,118739,100,24039,285,40
1784728247.4084,21:50:47,717851525592,118739,100,24039,285,40
1784728247.6084,21:50:47,717851548716,114198,100,24039,330,40
1784728247.8084,21:50:47,717851572051,114198,100,24039,330,40
1784728248.0084,21:50:48,717851596949,115074,100,24039,390,41
1784728248.2084,21:50:48,717851618596,115074,100,24039,390,41
1784728248.4084,21:50:48,717851637623,115074,100,24039,390,41
1784728248.6084,21:50:48,717851690676,115904,100,24039,2265,41
1784728248.8084,21:50:48,717851751410,115904,100,24039,2265,41
1784728249.0084,21:50:49,717851802508,197581,100,24039,1545,55
1784728249.2084,21:50:49,717851846399,197581,100,24039,1545,55
1784728249.4084,21:50:49,717851887587,197581,100,24039,1545,55
1784728249.6084,21:50:49,717851924086,245735,100,24039,1020,45
1784728249.8084,21:50:49,717851954866,245735,100,24039,1020,45
1784728250.0084,21:50:50,717851979183,203619,100,24039,345,42
1784728250.2084,21:50:50,717851998717,203619,100,24039,345,42
1784728250.4084,21:50:50,717852017597,203619,100,24039,345,42
1784728250.6084,21:50:50,717852036382,139787,100,24039,210,40
1784728250.8084,21:50:50,717852055175,139787,100,24039,210,40
1784728251.0084,21:50:51,717852071000,101318,100,24039,210,40
1784728251.2084,21:50:51,717852085944,101318,100,24039,210,40
1784728251.4084,21:50:51,717852121891,101318,100,24039,210,40
1784728251.6084,21:50:51,717852175768,107931,100,24039,2520,43
1784728251.8084,21:50:51,717852231357,107931,100,24039,2520,43
1784728252.0084,21:50:52,717852284218,191142,100,24039,2520,47
1784728252.2084,21:50:52,717852333131,191142,100,24039,2520,47
1784728252.4084,21:50:52,717852381966,191142,100,24039,2520,47
1784728252.6084,21:50:52,717852431887,265213,100,24039,2505,46
1784728252.8084,21:50:52,717852478964,265213,100,24039,2505,46
1784728253.0084,21:50:53,717852522834,251296,100,24039,1815,46
1784728253.2084,21:50:53,717852554411,251296,100,24039,1815,46
1784728253.4084,21:50:53,717852581388,251296,100,24039,1815,46
1784728253.6084,21:50:53,717852604224,207050,100,24039,390,43
1784728253.8084,21:50:53,717852623493,207050,100,24039,390,43
1784728254.0084,21:50:54,717852642341,142859,100,24039,210,41
1784728254.2084,21:50:54,717852661216,142859,100,24039,210,41
1784728254.4084,21:50:54,717852679109,142859,100,24039,210,41
1784728254.6084,21:50:54,717852693938,102792,100,24039,210,40
1784728254.8084,21:50:54,717852708720,102792,100,24039,210,40
1784728255.0084,21:50:55,717852725631,86559,100,24039,210,40
1784728255.2084,21:50:55,717852744651,86559,100,24039,210,40
1784728255.4084,21:50:55,717852764382,86559,100,24039,210,40
1784728255.6084,21:50:55,717852783927,87602,100,24039,300,40
1784728255.8084,21:50:55,717852805828,87602,100,24039,300,40
1784728256.0084,21:50:56,717852828766,101669,100,24039,330,41
1784728256.2084,21:50:56,717852851753,101669,100,24039,330,41
1784728256.4084,21:50:56,717852874756,101669,100,24039,330,41
1784728256.6084,21:50:56,717852897754,112400,100,24039,330,41
1784728256.8084,21:50:56,717852920604,112400,100,24039,330,41
1784728257.0084,21:50:57,717852943167,117713,100,24039,315,41
1784728257.2084,21:50:57,717852965835,117713,100,24039,315,41
1784728257.4084,21:50:57,717852988820,117713,100,24039,315,41
1784728257.6084,21:50:57,717853009439,117248,100,24039,270,41
1784728257.8084,21:50:57,717853029849,117248,100,24039,270,41
1784728258.0084,21:50:58,717853050294,111613,100,24039,255,40
1784728258.2084,21:50:58,717853070649,111613,100,24039,255,40
1784728258.4084,21:50:58,717853091076,111613,100,24039,255,40
1784728258.6084,21:50:58,717853112614,106314,100,24039,255,40
1784728258.8084,21:50:58,717853135098,106314,100,24039,255,40
1784728259.0084,21:50:59,717853157619,108937,100,24039,315,40
1784728259.2084,21:50:59,717853180124,108937,100,24039,315,40
1784728259.4084,21:50:59,717853202660,108937,100,24039,315,40
1784728259.6084,21:50:59,717853225172,113793,100,24039,315,40
1784728259.8084,21:50:59,717853247568,113793,100,24039,315,40
1784728260.0084,21:51:00,717853269891,115503,100,24039,315,40
1784728260.2084,21:51:00,717853292205,115503,100,24039,315,40
1784728260.4084,21:51:00,717853314517,115503,100,24039,315,40
1784728260.6084,21:51:00,717853336882,115134,100,24039,315,40
1784728260.8084,21:51:00,717853359604,115134,100,24039,315,40
1784728261.0084,21:51:01,717853382342,115337,100,24039,330,40
1784728261.2084,21:51:01,717853404746,115337,100,24039,330,40
1784728261.4084,21:51:01,717853426991,115337,100,24039,330,40
1784728261.6084,21:51:01,717853449373,115456,100,24039,315,40
1784728261.8084,21:51:01,717853472426,115456,100,24039,315,40
1784728262.0084,21:51:02,717853496697,116918,100,24039,375,41
1784728262.2084,21:51:02,717853521004,116918,100,24039,375,41
1784728262.4084,21:51:02,717853545355,116918,100,24039,375,41
1784728262.6084,21:51:02,717853569041,121162,100,24039,375,41
1784728262.8084,21:51:02,717853587721,121162,100,24039,375,41
1784728263.0084,21:51:03,717853604330,115320,100,24039,270,40
1784728263.2084,21:51:03,717853621866,115320,100,24039,270,40
1784728263.4084,21:51:03,717853649114,115320,100,24039,270,40
1784728263.6084,21:51:03,717853702478,109582,100,24039,2520,41
1784728263.8084,21:51:03,717853758397,109582,100,24039,2520,41
1784728264.0084,21:51:04,717853818032,190454,100,24039,2685,48
1784728264.2084,21:51:04,717853872563,190454,100,24039,2685,48
1784728264.4084,21:51:04,717853925466,190454,100,24039,2685,48
1784728264.6084,21:51:04,717853975379,279802,100,24039,2475,48
1784728264.8084,21:51:04,717854022384,279802,100,24039,2475,48
1784728265.0084,21:51:05,717854066312,270304,100,24039,2115,46
1784728265.2084,21:51:05,717854107084,270304,100,24039,2115,46
1784728265.4084,21:51:05,717854142889,270304,100,24039,2115,46
1784728265.6084,21:51:05,717854173159,228744,100,24039,615,44
1784728265.8084,21:51:05,717854198053,228744,100,24039,615,44
1784728266.0084,21:51:06,717854217086,174412,100,24039,210,41
1784728266.2084,21:51:06,717854235834,174412,100,24039,210,41
1784728266.4084,21:51:06,717854254458,174412,100,24039,210,41
1784728266.6084,21:51:06,717854273021,121528,100,24039,210,40
1784728266.8084,21:51:06,717854291605,121528,100,24039,210,40
1784728267.0084,21:51:07,717854310150,96709,100,24039,210,40
1784728267.2084,21:51:07,717854328647,96709,100,24039,210,40
1784728267.4084,21:51:07,717854347141,96709,100,24039,210,40
1784728267.6084,21:51:07,717854365387,96074,100,24039,210,40
1784728267.8084,21:51:07,717854381602,96074,100,24039,210,40
1784728268.0084,21:51:08,717854400205,93663,100,24039,210,40
1784728268.2084,21:51:08,717854419298,93663,100,24039,210,40
1784728268.4084,21:51:08,717854439378,93663,100,24039,210,40
1784728268.6084,21:51:08,717854459438,95858,100,24039,255,40
1784728268.8084,21:51:08,717854479377,95858,100,24039,255,40
1784728269.0084,21:51:09,717854499408,101822,100,24039,255,40
1784728269.2084,21:51:09,717854519381,101822,100,24039,255,40
1784728269.4084,21:51:09,717854539570,101822,100,24039,255,40
1784728269.6084,21:51:09,717854559979,104223,100,24039,270,40
1784728269.8084,21:51:09,717854580241,104223,100,24039,270,40
1784728270.0084,21:51:10,717854599808,104713,100,24039,240,40
1784728270.2084,21:51:10,717854619752,104713,100,24039,240,40
1784728270.4084,21:51:10,717854639751,104713,100,24039,240,40
1784728270.6084,21:51:10,717854659741,104412,100,24039,255,40
1784728270.8084,21:51:10,717854679616,104412,100,24039,255,40
1784728271.0084,21:51:11,717854699947,103543,100,24039,255,40
1784728271.2084,21:51:11,717854721960,103543,100,24039,255,40
1784728271.4084,21:51:11,717854743950,103543,100,24039,255,40
1784728271.6084,21:51:11,717854766016,108345,100,24039,315,40
1784728271.8084,21:51:11,717854788431,108345,100,24039,315,40
1784728272.0084,21:51:12,717854810904,114007,100,24039,330,40
1784728272.2084,21:51:12,717854833332,114007,100,24039,330,40
1784728272.4084,21:51:12,717854855466,114007,100,24039,330,40
1784728272.6084,21:51:12,717854879283,116489,100,24039,360,40
1784728272.8084,21:51:12,717854903326,116489,100,24039,360,40
1784728273.0084,21:51:13,717854927282,120641,100,24039,375,41
1784728273.2084,21:51:13,717854951158,120641,100,24039,375,41
1784728273.4084,21:51:13,717854975243,120641,100,24039,375,41
1784728273.6084,21:51:13,717854999228,124661,100,24039,375,41
1784728273.8084,21:51:13,717855022770,124661,100,24039,375,41
1784728274.0084,21:51:14,717855046639,125142,100,24039,375,41
1784728274.2084,21:51:14,717855068712,125142,100,24039,375,41
1784728274.4084,21:51:14,717855088666,125142,100,24039,375,41
1784728274.6084,21:51:14,717855108602,119663,100,24039,255,40
1784728274.8084,21:51:14,717855127973,119663,100,24039,255,40
1784728275.0084,21:51:15,717855147346,109547,100,24039,240,40
1784728275.2084,21:51:15,717855165439,109547,100,24039,240,40
1784728275.4084,21:51:15,717855182721,109547,100,24039,240,40
1784728275.6084,21:51:15,717855230288,99074,100,24039,315,40
1784728275.8084,21:51:15,717855290425,99074,100,24039,315,40
1784728276.0084,21:51:16,717855346276,179647,100,24039,2640,48
1784728276.2084,21:51:16,717855400428,179647,100,24039,2640,48
1784728276.4084,21:51:16,717855454474,179647,100,24039,2640,48
1784728276.6084,21:51:16,717855506848,266107,100,24039,2070,47
1784728276.8084,21:51:16,717855545742,266107,100,24039,2070,47
1784728277.0084,21:51:17,717855574896,259837,100,24039,915,45
1784728277.2084,21:51:17,717855598317,259837,100,24039,915,45
1784728277.4084,21:51:17,717855617725,259837,100,24039,915,45
1784728277.6084,21:51:17,717855635978,178412,100,24039,210,41
1784728277.8084,21:51:17,717855654142,178412,100,24039,210,41
1784728278.0084,21:51:18,717855672293,112452,100,24039,210,40
1784728278.2084,21:51:18,717855690402,112452,100,24039,210,40
1784728278.4084,21:51:18,717855708467,112452,100,24039,210,40
1784728278.6084,21:51:18,717855726499,95840,100,24039,210,40
1784728278.8084,21:51:18,717855744563,95840,100,24039,210,40
1784728279.0084,21:51:19,717855760226,94260,100,24039,225,40
1784728279.2084,21:51:19,717855779726,94260,100,24039,225,40
1784728279.4084,21:51:19,717855802104,94260,100,24039,225,40
1784728279.6084,21:51:19,717855824533,98791,100,24039,345,40
1784728279.8084,21:51:19,717855846896,98791,100,24039,345,40
1784728280.0084,21:51:20,717855863924,106557,100,24039,300,41
1784728280.2084,21:51:20,717855889336,106557,100,24039,300,41
1784728280.4084,21:51:20,717855941246,106557,100,24039,300,41
1784728280.6084,21:51:20,717855996540,145324,100,24039,2700,46
1784728280.8084,21:51:20,717856049697,145324,100,24039,2700,46
1784728281.0084,21:51:21,717856099522,221264,100,24039,2460,47
1784728281.2084,21:51:21,717856144219,221264,100,24039,2460,47
1784728281.4084,21:51:21,717856186167,221264,100,24039,2460,47
1784728281.6084,21:51:21,717856224776,263031,100,24039,1365,45
1784728281.8084,21:51:21,717856258276,263031,100,24039,1365,45
1784728282.0084,21:51:22,717856286090,215092,100,24039,510,43
1784728282.2084,21:51:22,717856308202,215092,100,24039,510,43
1784728282.4084,21:51:22,717856326523,215092,100,24039,510,43
1784728282.6084,21:51:22,717856344705,154894,100,24039,210,41
1784728282.8084,21:51:22,717856362866,154894,100,24039,210,41
1784728283.0084,21:51:23,717856380947,109224,100,24039,210,40
1784728283.2084,21:51:23,717856399050,109224,100,24039,210,40
1784728283.4084,21:51:23,717856417080,109224,100,24039,210,40
1784728283.6084,21:51:23,717856435069,96461,100,24039,210,40
1784728283.8084,21:51:23,717856453156,96461,100,24039,210,40
1784728284.0084,21:51:24,717856471278,96237,100,24039,210,40
1784728284.2084,21:51:24,717856489291,96237,100,24039,210,40
1784728284.4084,21:51:24,717856507168,96237,100,24039,210,40
1784728284.6084,21:51:24,717856525248,96108,100,24039,210,40
1784728284.8084,21:51:24,717856543128,96108,100,24039,210,40
1784728285.0084,21:51:25,717856562391,96415,100,24039,270,40
1784728285.2084,21:51:25,717856583814,96415,100,24039,270,40
1784728285.4084,21:51:25,717856606978,96415,100,24039,270,40
1784728285.6084,21:51:25,717856631075,105901,100,24039,405,41
1784728285.8084,21:51:25,717856655074,105901,100,24039,405,41
1784728286.0084,21:51:26,717856679306,120539,100,24039,405,41
1784728286.2084,21:51:26,717856703650,120539,100,24039,405,41
1784728286.4084,21:51:26,717856726745,120539,100,24039,405,41
1784728286.6084,21:51:26,717856747727,128128,100,24039,330,41
1784728286.8084,21:51:26,717856766515,128128,100,24039,330,41
1784728287.0084,21:51:27,717856784553,117250,100,24039,210,40
1784728287.2084,21:51:27,717856802548,117250,100,24039,210,40
1784728287.4084,21:51:27,717856820568,117250,100,24039,210,40
1784728287.6084,21:51:27,717856838621,102278,100,24039,210,40
1784728287.8084,21:51:27,717856857077,102278,100,24039,210,40
1784728288.0084,21:51:28,717856875775,97168,100,24039,240,40
1784728288.2084,21:51:28,717856896639,97168,100,24039,240,40
1784728288.4084,21:51:28,717856918999,97168,100,24039,240,40
1784728288.6084,21:51:28,717856941519,104977,100,24039,345,40
1784728288.8084,21:51:28,717856964130,104977,100,24039,345,40
1784728289.0084,21:51:29,717856988453,116603,100,24039,405,41
1784728289.2084,21:51:29,717857012872,116603,100,24039,405,41
1784728289.4084,21:51:29,717857036910,116603,100,24039,405,41
1784728289.6084,21:51:29,717857060905,126267,100,24039,390,41
1784728289.8084,21:51:29,717857084817,126267,100,24039,390,41
1784728290.0084,21:51:30,717857108991,129741,100,24039,405,41
1784728290.2084,21:51:30,717857133322,129741,100,24039,405,41
1784728290.4084,21:51:30,717857154938,129741,100,24039,405,41
1784728290.6084,21:51:30,717857174408,127093,100,24039,315,40
1784728290.8084,21:51:30,717857195753,127093,100,24039,315,40
1784728291.0084,21:51:31,717857217178,119208,100,24039,315,40
1784728291.2084,21:51:31,717857237026,119208,100,24039,315,40
1784728291.4084,21:51:31,717857259846,119208,100,24039,315,40
1784728291.6084,21:51:31,717857283030,113344,100,24039,375,40
1784728291.8084,21:51:31,717857306151,113344,100,24039,375,40
1784728292.0084,21:51:32,717857329348,119612,100,24039,375,41
1784728292.2084,21:51:32,717857349568,119612,100,24039,375,41
1784728292.4084,21:51:32,717857374067,119612,100,24039,375,41
1784728292.6084,21:51:32,717857399148,123643,100,24039,435,41
1784728292.8084,21:51:32,717857424159,123643,100,24039,435,41
1784728293.0084,21:51:33,717857447453,127741,100,24039,345,41
1784728293.2084,21:51:33,717857470315,127741,100,24039,345,41
1784728293.4084,21:51:33,717857493454,127741,100,24039,345,41
1784728293.6084,21:51:33,717857516310,129550,100,24039,360,41
1784728293.8084,21:51:33,717857538255,129550,100,24039,360,41
1784728294.0084,21:51:34,717857559013,122592,100,24039,285,40
1784728294.2084,21:51:34,717857579887,122592,100,24039,285,40
1784728294.4084,21:51:34,717857600713,122592,100,24039,285,40
1784728294.6084,21:51:34,717857621655,117153,100,24039,300,40
1784728294.8084,21:51:34,717857642920,117153,100,24039,300,40
1784728295.0084,21:51:35,717857663791,113799,100,24039,300,40
1784728295.2084,21:51:35,717857685006,113799,100,24039,300,40
1784728295.4084,21:51:35,717857708058,113799,100,24039,300,40
1784728295.6084,21:51:35,717857731148,116313,100,24039,375,40
1784728295.8084,21:51:35,717857754187,116313,100,24039,375,40
1784728296.0084,21:51:36,717857777002,121224,100,24039,375,40
1784728296.2084,21:51:36,717857794391,121224,100,24039,375,40
1784728296.4084,21:51:36,717857816267,121224,100,24039,375,40
1784728296.6084,21:51:36,717857840563,118152,100,24039,405,40
1784728296.8084,21:51:36,717857863323,118152,100,24039,405,40
1784728297.0084,21:51:37,717857881127,116331,100,24039,330,41
1784728297.2084,21:51:37,717857906213,116331,100,24039,330,41
1784728297.4084,21:51:37,717857964261,116331,100,24039,330,41
1784728297.6084,21:51:37,717858020938,159370,100,24039,2685,52
1784728297.8084,21:51:37,717858071176,159370,100,24039,2685,52
1784728298.0084,21:51:38,717858112740,227829,100,24039,2190,46
1784728298.2084,21:51:38,717858151616,227829,100,24039,2190,46
1784728298.4084,21:51:38,717858186086,227829,100,24039,2190,46
1784728298.6084,21:51:38,717858210196,251453,100,24039,600,44
1784728298.8084,21:51:38,717858226470,251453,100,24039,600,44
1784728299.0084,21:51:39,717858244324,162207,100,24039,270,41
1784728299.2084,21:51:39,717858261909,162207,100,24039,270,41
1784728299.4084,21:51:39,717858279509,162207,100,24039,270,41
1784728299.6084,21:51:39,717858297133,109477,100,24039,210,40
1784728299.8084,21:51:39,717858314698,109477,100,24039,210,40
1784728300.0084,21:51:40,717858333496,96918,100,24039,255,40
1784728300.2084,21:51:40,717858352528,96918,100,24039,255,40
1784728300.4084,21:51:40,717858371666,96918,100,24039,255,40
1784728300.6084,21:51:40,717858391556,100591,100,24039,255,40
1784728300.8084,21:51:40,717858413797,100591,100,24039,255,40
1784728301.0084,21:51:41,717858436599,110067,100,24039,375,41
1784728301.2084,21:51:41,717858459515,110067,100,24039,375,41
1784728301.4084,21:51:41,717858480493,110067,100,24039,375,41
1784728301.6084,21:51:41,717858503125,118299,100,24039,360,41
1784728301.8084,21:51:41,717858525919,118299,100,24039,360,41
1784728302.0084,21:51:42,717858548440,123237,100,24039,375,41
1784728302.2084,21:51:42,717858571328,123237,100,24039,375,41
1784728302.4084,21:51:42,717858594131,123237,100,24039,375,41
1784728302.6084,21:51:42,717858617021,124204,100,24039,375,41
1784728302.8084,21:51:42,717858639832,124204,100,24039,375,41
1784728303.0084,21:51:43,717858662686,125446,100,24039,375,41
1784728303.2084,21:51:43,717858684441,125446,100,24039,375,41
1784728303.4084,21:51:43,717858705422,125446,100,24039,375,41
1784728303.6084,21:51:43,717858726326,122957,100,24039,315,40
1784728303.8084,21:51:43,717858745872,122957,100,24039,315,40
1784728304.0084,21:51:44,717858764081,115471,100,24039,240,40
1784728304.2084,21:51:44,717858782060,115471,100,24039,240,40
1784728304.4084,21:51:44,717858800477,115471,100,24039,240,40
1784728304.6084,21:51:44,717858818899,105890,100,24039,240,40
1784728304.8084,21:51:44,717858836819,105890,100,24039,240,40
1784728305.0084,21:51:45,717858864525,98767,100,24039,1590,42
1784728305.2084,21:51:45,717858914561,98767,100,24039,1590,42
1784728305.4084,21:51:45,717858971026,98767,100,24039,1590,42
1784728305.6084,21:51:45,717859011227,179351,100,24039,1350,49
1784728305.8084,21:51:45,717859040989,179351,100,24039,1350,49
1784728306.0084,21:51:46,717859064601,215424,100,24039,600,44
1784728306.2084,21:51:46,717859088509,215424,100,24039,600,44
1784728306.4084,21:51:46,717859120502,215424,100,24039,600,44
1784728306.6084,21:51:46,717859152509,180008,100,24039,840,43
1784728306.8084,21:51:46,717859188123,180008,100,24039,840,43
1784728307.0084,21:51:47,717859217221,165125,100,24039,705,44
1784728307.2084,21:51:47,717859242213,165125,100,24039,705,44
1784728307.4084,21:51:47,717859263805,165125,100,24039,705,44
1784728307.6084,21:51:47,717859289132,160729,100,24039,465,42
1784728307.8084,21:51:47,717859312607,160729,100,24039,465,42
1784728308.0084,21:51:48,717859334003,136412,100,24039,330,41
1784728308.2084,21:51:48,717859353452,136412,100,24039,330,41
1784728308.4084,21:51:48,717859372782,136412,100,24039,330,41
1784728308.6084,21:51:48,717859393450,121892,100,24039,270,40
1784728308.8084,21:51:48,717859413900,121892,100,24039,270,40
1784728309.0084,21:51:49,717859434500,108877,100,24039,255,40
1784728309.2084,21:51:49,717859455052,108877,100,24039,255,40
1784728309.4084,21:51:49,717859475515,108877,100,24039,255,40
1784728309.6084,21:51:49,717859496017,105597,100,24039,255,40
1784728309.8084,21:51:49,717859516129,105597,100,24039,255,40
1784728310.0084,21:51:50,717859536542,104843,100,24039,270,40
1784728310.2084,21:51:50,717859557415,104843,100,24039,270,40
1784728310.4084,21:51:50,717859578148,104843,100,24039,270,40
1784728310.6084,21:51:50,717859598989,105328,100,24039,270,40
1784728310.8084,21:51:50,717859619822,105328,100,24039,270,40
1784728311.0084,21:51:51,717859639550,106606,100,24039,300,40
1784728311.2084,21:51:51,717859660368,106606,100,24039,300,40
1784728311.4084,21:51:51,717859685649,106606,100,24039,300,40
1784728311.6084,21:51:51,717859713036,110166,100,24039,435,41
1784728311.8084,21:51:51,717859742181,110166,100,24039,435,41
1784728312.0084,21:51:52,717859772518,128449,100,24039,570,41
1784728312.2084,21:51:52,717859802342,128449,100,24039,570,41
1784728312.4084,21:51:52,717859828036,128449,100,24039,570,41
1784728312.6084,21:51:52,717859849223,144725,100,24039,390,41
1784728312.8084,21:51:52,717859869703,144725,100,24039,390,41
1784728313.0084,21:51:53,717859896295,130967,100,24039,465,41
1784728313.2084,21:51:53,717859924609,130967,100,24039,465,41
1784728313.4084,21:51:53,717859952446,130967,100,24039,465,41
1784728313.6084,21:51:53,717859980861,126806,100,24039,495,41
1784728313.8084,21:51:53,717860009236,126806,100,24039,495,41
1784728314.0084,21:51:54,717860037619,143433,100,24039,495,41
1784728314.2084,21:51:54,717860065697,143433,100,24039,495,41
1784728314.4084,21:51:54,717860092620,143433,100,24039,495,41
1784728314.6084,21:51:54,717860117601,143239,100,24039,390,41
1784728314.8084,21:51:54,717860140456,143239,100,24039,390,41
1784728315.0084,21:51:55,717860161384,131647,100,24039,270,40
1784728315.2084,21:51:55,717860182175,131647,100,24039,270,40
1784728315.4084,21:51:55,717860203019,131647,100,24039,270,40
1784728315.6084,21:51:55,717860223465,115122,100,24039,255,40
1784728315.8084,21:51:55,717860242082,115122,100,24039,255,40
1784728316.0084,21:51:56,717860258052,102265,100,24039,255,40
1784728316.2084,21:51:56,717860274782,102265,100,24039,255,40
1784728316.4084,21:51:56,717860327379,102265,100,24039,255,40
1784728316.6084,21:51:56,717860386418,126200,100,24039,2700,49
1784728316.8084,21:51:56,717860440509,126200,100,24039,2700,49
1784728317.0084,21:51:57,717860477831,204219,100,24039,765,44
1784728317.2084,21:51:57,717860509078,204219,100,24039,765,44
1784728317.4084,21:51:57,717860534312,204219,100,24039,765,44
1784728317.6084,21:51:57,717860554116,219772,100,24039,210,41
1784728317.8084,21:51:57,717860572998,219772,100,24039,210,41
1784728318.0084,21:51:58,717860591802,131965,100,24039,210,40
1784728318.2084,21:51:58,717860610623,131965,100,24039,210,40
1784728318.4084,21:51:58,717860629588,131965,100,24039,210,40
1784728318.6084,21:51:58,717860648457,99938,100,24039,210,40
1784728318.8084,21:51:58,717860667314,99938,100,24039,210,40
1784728319.0084,21:51:59,717860686764,96913,100,24039,240,40
1784728319.2084,21:51:59,717860707403,96913,100,24039,240,40
1784728319.4084,21:51:59,717860729593,96913,100,24039,240,40
1784728319.6084,21:51:59,717860754504,102349,100,24039,360,40
1784728319.8084,21:51:59,717860780395,102349,100,24039,360,40
1784728320.0084,21:52:00,717860806740,118001,100,24039,420,41
1784728320.2084,21:52:00,717860833095,118001,100,24039,420,41
1784728320.4084,21:52:00,717860854112,118001,100,24039,420,41
1784728320.6084,21:52:00,717860878475,127196,100,24039,360,41
1784728320.8084,21:52:00,717860906502,127196,100,24039,360,41
1784728321.0084,21:52:01,717860934752,130881,100,24039,480,41
1784728321.2084,21:52:01,717860963028,130881,100,24039,480,41
1784728321.4084,21:52:01,717860984283,130881,100,24039,480,41
1784728321.6084,21:52:01,717861003916,130714,100,24039,375,41
1784728321.8084,21:52:01,717861032897,130714,100,24039,375,41
1784728322.0084,21:52:02,717861086604,142298,100,24039,2700,46
1784728322.2084,21:52:02,717861142102,142298,100,24039,2700,46
1784728322.4084,21:52:02,717861195819,142298,100,24039,2700,46
1784728322.6084,21:52:02,717861246515,208618,100,24039,2535,47
1784728322.8084,21:52:02,717861295946,208618,100,24039,2535,47
1784728323.0084,21:52:03,717861336412,265116,100,24039,1725,45
1784728323.2084,21:52:03,717861372354,265116,100,24039,1725,45
1784728323.4084,21:52:03,717861401002,265116,100,24039,1725,45
1784728323.6084,21:52:03,717861423579,215553,100,24039,330,42
1784728323.8084,21:52:03,717861441834,215553,100,24039,330,42
1784728324.0084,21:52:04,717861460552,143781,100,24039,210,40
1784728324.2084,21:52:04,717861479295,143781,100,24039,210,40
1784728324.4084,21:52:04,717861497995,143781,100,24039,210,40
1784728324.6084,21:52:04,717861516791,102700,100,24039,210,40
1784728324.8084,21:52:04,717861535595,102700,100,24039,210,40
1784728325.0084,21:52:05,717861554305,96433,100,24039,210,40
1784728325.2084,21:52:05,717861572890,96433,100,24039,210,40
1784728325.4084,21:52:05,717861588124,96433,100,24039,210,40
1784728325.6084,21:52:05,717861633899,93087,100,24039,1575,42
1784728325.8084,21:52:05,717861687088,93087,100,24039,1575,42
1784728326.0084,21:52:06,717861743088,170936,100,24039,2640,47
1784728326.2084,21:52:06,717861795948,170936,100,24039,2640,47
1784728326.4084,21:52:06,717861846201,170936,100,24039,2640,47
1784728326.6084,21:52:06,717861892627,251600,100,24039,2445,47
1784728326.8084,21:52:06,717861934766,251600,100,24039,2445,47
1784728327.0084,21:52:07,717861971958,250566,100,24039,825,44
1784728327.2084,21:52:07,717862004335,250566,100,24039,825,44
1784728327.4084,21:52:07,717862032175,250566,100,24039,825,44
1784728327.6084,21:52:07,717862053215,197397,100,24039,360,42
1784728327.8084,21:52:07,717862071708,197397,100,24039,360,42
1784728328.0084,21:52:08,717862090557,137244,100,24039,210,40
1784728328.2084,21:52:08,717862109324,137244,100,24039,210,40
1784728328.4084,21:52:08,717862128153,137244,100,24039,210,40
1784728328.6084,21:52:08,717862147024,102255,100,24039,210,40
1784728328.8084,21:52:08,717862165889,102255,100,24039,210,40
1784728329.0084,21:52:09,717862184682,97433,100,24039,210,40
1784728329.2084,21:52:09,717862203482,97433,100,24039,210,40
1784728329.4084,21:52:09,717862222377,97433,100,24039,210,40
1784728329.6084,21:52:09,717862241292,97550,100,24039,210,40
1784728329.8084,21:52:09,717862260180,97550,100,24039,210,40
1784728330.0084,21:52:10,717862279058,97722,100,24039,210,40
1784728330.2084,21:52:10,717862297897,97722,100,24039,210,40
1784728330.4084,21:52:10,717862316734,97722,100,24039,210,40
1784728330.6084,21:52:10,717862335661,97817,100,24039,210,40
1784728330.8084,21:52:10,717862355662,97817,100,24039,210,40
1784728331.0084,21:52:11,717862377755,100494,100,24039,300,40
1784728331.2084,21:52:11,717862401574,100494,100,24039,300,40
1784728331.4084,21:52:11,717862425234,100494,100,24039,300,40
1784728331.6084,21:52:11,717862449510,111669,100,24039,375,41
1784728331.8084,21:52:11,717862473750,111669,100,24039,375,41
1784728332.0084,21:52:12,717862497974,123248,100,24039,375,41
1784728332.2084,21:52:12,717862520294,123248,100,24039,375,41
1784728332.4084,21:52:12,717862542593,123248,100,24039,375,41
1784728332.6084,21:52:12,717862564487,122275,100,24039,300,40
1784728332.8084,21:52:12,717862584164,122275,100,24039,300,40
1784728333.0084,21:52:13,717862603368,113475,100,24039,225,40
1784728333.2084,21:52:13,717862623827,113475,100,24039,225,40
1784728333.4084,21:52:13,717862645073,113475,100,24039,225,40
1784728333.6084,21:52:13,717862666683,107570,100,24039,285,40
1784728333.8084,21:52:13,717862687996,107570,100,24039,285,40
1784728334.0084,21:52:14,717862709455,108532,100,24039,300,40
1784728334.2084,21:52:14,717862731127,108532,100,24039,300,40
1784728334.4084,21:52:14,717862752255,108532,100,24039,300,40
1784728334.6084,21:52:14,717862774007,111786,100,24039,300,40
1784728334.8084,21:52:14,717862795768,111786,100,24039,300,40
1784728335.0084,21:52:15,717862817452,112725,100,24039,300,40
1784728335.2084,21:52:15,717862839169,112725,100,24039,300,40
1784728335.4084,21:52:15,717862860808,112725,100,24039,300,40
1784728335.6084,21:52:15,717862882486,113233,100,24039,300,40
1784728335.8084,21:52:15,717862904086,113233,100,24039,300,40
1784728336.0084,21:52:16,717862925326,113286,100,24039,300,40
1784728336.2084,21:52:16,717862941937,113286,100,24039,300,40
1784728336.4084,21:52:16,717862959639,113286,100,24039,300,40
1784728336.6084,21:52:16,717862993398,104080,100,24039,345,41
1784728336.8084,21:52:16,717863049226,104080,100,24039,345,41
1784728337.0084,21:52:17,717863104622,168143,100,24039,2640,47
1784728337.2084,21:52:17,717863160858,168143,100,24039,2640,47
1784728337.4084,21:52:17,717863202460,168143,100,24039,2640,47
1784728337.6084,21:52:17,717863248020,243955,100,24039,2430,46
1784728337.8084,21:52:17,717863291072,243955,100,24039,2430,46
1784728338.0084,21:52:18,717863331826,251441,100,24039,1530,45
1784728338.2084,21:52:18,717863367292,251441,100,24039,1530,45
1784728338.4084,21:52:18,717863395763,251441,100,24039,1530,45
1784728338.6084,21:52:18,717863418055,205112,100,24039,390,42
1784728338.8084,21:52:18,717863436383,205112,100,24039,390,42
1784728339.0084,21:52:19,717863454597,147373,100,24039,210,40
1784728339.2084,21:52:19,717863472808,147373,100,24039,210,40
1784728339.4084,21:52:19,717863491061,147373,100,24039,210,40
1784728339.6084,21:52:19,717863509231,103838,100,24039,210,40
1784728339.8084,21:52:19,717863527335,103838,100,24039,210,40
1784728340.0084,21:52:20,717863545556,95790,100,24039,210,40
1784728340.2084,21:52:20,717863561954,95790,100,24039,210,40
1784728340.4084,21:52:20,717863576310,95790,100,24039,210,40
1784728340.6084,21:52:20,717863590689,90545,100,24039,210,40
1784728340.8084,21:52:20,717863609600,90545,100,24039,210,40
1784728341.0084,21:52:21,717863660058,102246,100,24039,2700,45
1784728341.2084,21:52:21,717863713806,102246,100,24039,2700,45
1784728341.4084,21:52:21,717863763123,102246,100,24039,2700,45
1784728341.6084,21:52:21,717863810139,187386,100,24039,2385,46
1784728341.8084,21:52:21,717863853941,187386,100,24039,2385,46
1784728342.0084,21:52:22,717863895095,255116,100,24039,1470,45
1784728342.2084,21:52:22,717863931951,255116,100,24039,1470,45
1784728342.4084,21:52:22,717863964006,255116,100,24039,1470,45
1784728342.6084,21:52:22,717863990226,216993,100,24039,420,43
1784728342.8084,21:52:22,717864010853,216993,100,24039,420,43
1784728343.0084,21:52:23,717864029216,159696,100,24039,210,41
1784728343.2084,21:52:23,717864047355,159696,100,24039,210,41
1784728343.4084,21:52:23,717864065162,159696,100,24039,210,41
1784728343.6084,21:52:23,717864079704,111956,100,24039,210,40
1784728343.8084,21:52:23,717864094187,111956,100,24039,210,40
1784728344.0084,21:52:24,717864111232,87836,100,24039,210,40
1784728344.2084,21:52:24,717864130293,87836,100,24039,210,40
1784728344.4084,21:52:24,717864150862,87836,100,24039,210,40
1784728344.6084,21:52:24,717864171427,91156,100,24039,285,40
1784728344.8084,21:52:24,717864191503,91156,100,24039,285,40
1784728345.0084,21:52:25,717864212033,104019,100,24039,285,40
1784728345.2084,21:52:25,717864233308,104019,100,24039,285,40
1784728345.4084,21:52:25,717864255640,104019,100,24039,285,40
1784728345.6084,21:52:25,717864275059,111368,100,24039,345,41
1784728345.8084,21:52:25,717864292053,111368,100,24039,345,41
1784728346.0084,21:52:26,717864310050,105696,100,24039,375,41
1784728346.2084,21:52:26,717864336154,105696,100,24039,375,41
1784728346.4084,21:52:26,717864360214,105696,100,24039,375,41
1784728346.6084,21:52:26,717864382089,112107,100,24039,450,42
1784728346.8084,21:52:26,717864406871,112107,100,24039,450,42
1784728347.0084,21:52:27,717864437804,126343,100,24039,690,42
1784728347.2084,21:52:27,717864469222,126343,100,24039,690,42
1784728347.4084,21:52:27,717864495883,126343,100,24039,690,42
1784728347.6084,21:52:27,717864524957,142068,100,24039,600,42
1784728347.8084,21:52:27,717864551787,142068,100,24039,600,42
1784728348.0084,21:52:28,717864577332,153481,100,24039,450,41
1784728348.2084,21:52:28,717864600446,153481,100,24039,450,41
1784728348.4084,21:52:28,717864617324,153481,100,24039,450,41
1784728348.6084,21:52:28,717864631652,129686,100,24039,210,40
1784728348.8084,21:52:28,717864646917,129686,100,24039,210,40
1784728349.0084,21:52:29,717864664792,100858,100,24039,210,40
1784728349.2084,21:52:29,717864683999,100858,100,24039,210,40
1784728349.4084,21:52:29,717864705083,100858,100,24039,210,40
1784728349.6084,21:52:29,717864755863,94003,100,24039,2520,44
1784728349.8084,21:52:29,717864812595,94003,100,24039,2520,44
1784728350.0084,21:52:30,717864864744,189840,100,24039,2610,48
1784728350.2084,21:52:30,717864913645,189840,100,24039,2610,48
1784728350.4084,21:52:30,717864958767,189840,100,24039,2610,48
1784728350.6084,21:52:30,717864997844,261395,100,24039,1470,45
1784728350.8084,21:52:30,717865032179,261395,100,24039,1470,45
1784728351.0084,21:52:31,717865061112,229872,100,24039,510,43
1784728351.2084,21:52:31,717865083817,229872,100,24039,510,43
1784728351.4084,21:52:31,717865102441,229872,100,24039,510,43
1784728351.6084,21:52:31,717865120526,162220,100,24039,210,41
1784728351.8084,21:52:31,717865138513,162220,100,24039,210,41
1784728352.0084,21:52:32,717865156465,113063,100,24039,210,40
1784728352.2084,21:52:32,717865174467,113063,100,24039,210,40
1784728352.4084,21:52:32,717865192466,113063,100,24039,210,40
1784728352.6084,21:52:32,717865210487,96812,100,24039,210,40
1784728352.8084,21:52:32,717865228494,96812,100,24039,210,40
1784728353.0084,21:52:33,717865246366,96778,100,24039,210,40
1784728353.2084,21:52:33,717865264235,96778,100,24039,210,40
1784728353.4084,21:52:33,717865282085,96778,100,24039,210,40
1784728353.6084,21:52:33,717865299935,96622,100,24039,210,40
1784728353.8084,21:52:33,717865317768,96622,100,24039,210,40
1784728354.0084,21:52:34,717865336048,96317,100,24039,240,40
1784728354.2084,21:52:34,717865355898,96317,100,24039,240,40
1784728354.4084,21:52:34,717865377914,96317,100,24039,240,40
1784728354.6084,21:52:34,717865399775,102939,100,24039,390,40
1784728354.8084,21:52:34,717865417270,102939,100,24039,390,40
1784728355.0084,21:52:35,717865445790,106398,100,24039,2265,43
1784728355.2084,21:52:35,717865497000,106398,100,24039,2265,43
1784728355.4084,21:52:35,717865563520,106398,100,24039,2265,43
1784728355.6084,21:52:35,717865627745,195147,100,24039,2685,56
1784728355.8084,21:52:35,717865678933,195147,100,24039,2685,56
1784728356.0084,21:52:36,717865727292,284156,100,24039,1290,47
1784728356.2084,21:52:36,717865760801,284156,100,24039,1290,47
1784728356.4084,21:52:36,717865787392,284156,100,24039,1290,47
1784728356.6084,21:52:36,717865807108,244607,100,24039,330,42
1784728356.8084,21:52:36,717865824573,244607,100,24039,330,42
1784728357.0084,21:52:37,717865842512,150591,100,24039,210,40
1784728357.2084,21:52:37,717865860368,150591,100,24039,210,40
1784728357.4084,21:52:37,717865878289,150591,100,24039,210,40
1784728357.6084,21:52:37,717865896133,101846,100,24039,210,40
1784728357.8084,21:52:37,717865914041,101846,100,24039,210,40
1784728358.0084,21:52:38,717865931840,97125,100,24039,210,40
1784728358.2084,21:52:38,717865949630,97125,100,24039,210,40
1784728358.4084,21:52:38,717865967518,97125,100,24039,210,40
1784728358.6084,21:52:38,717865985333,97014,100,24039,210,40
1784728358.8084,21:52:38,717866003104,97014,100,24039,210,40
1784728359.0084,21:52:39,717866022274,97420,100,24039,270,40
1784728359.2084,21:52:39,717866041966,97420,100,24039,270,40
1784728359.4084,21:52:39,717866062869,97420,100,24039,270,40
1784728359.6084,21:52:39,717866085865,103309,100,24039,360,40
1784728359.8084,21:52:39,717866109494,103309,100,24039,360,40
1784728360.0084,21:52:40,717866133082,117205,100,24039,390,41
1784728360.2084,21:52:40,717866156676,117205,100,24039,390,41
1784728360.4084,21:52:40,717866180214,117205,100,24039,390,41
1784728360.6084,21:52:40,717866201154,126974,100,24039,315,41
1784728360.8084,21:52:40,717866222889,126974,100,24039,315,41
1784728361.0084,21:52:41,717866244658,123327,100,24039,330,41
1784728361.2084,21:52:41,717866266812,123327,100,24039,330,41
1784728361.4084,21:52:41,717866289682,123327,100,24039,330,41
1784728361.6084,21:52:41,717866311725,120335,100,24039,375,41
1784728361.8084,21:52:41,717866332583,120335,100,24039,375,41
1784728362.0084,21:52:42,717866353422,119363,100,24039,300,40
1784728362.2084,21:52:42,717866374318,119363,100,24039,300,40
1784728362.4084,21:52:42,717866395123,119363,100,24039,300,40
1784728362.6084,21:52:42,717866415883,116406,100,24039,300,40
1784728362.8084,21:52:42,717866436385,116406,100,24039,300,40
1784728363.0084,21:52:43,717866457789,113742,100,24039,345,40
1784728363.2084,21:52:43,717866480723,113742,100,24039,345,40
1784728363.4084,21:52:43,717866505221,113742,100,24039,345,40
1784728363.6084,21:52:43,717866528935,120200,100,24039,420,41
1784728363.8084,21:52:43,717866551151,120200,100,24039,420,41
1784728364.0084,21:52:44,717866573480,125892,100,24039,360,41
1784728364.2084,21:52:44,717866595844,125892,100,24039,360,41
1784728364.4084,21:52:44,717866617808,125892,100,24039,360,41
1784728364.6084,21:52:44,717866637830,124887,100,24039,285,40
1784728364.8084,21:52:44,717866657705,124887,100,24039,285,40
1784728365.0084,21:52:45,717866677655,116537,100,24039,285,40
1784728365.2084,21:52:45,717866697682,116537,100,24039,285,40
1784728365.4084,21:52:45,717866716331,116537,100,24039,285,40
1784728365.6084,21:52:45,717866735402,109263,100,24039,255,40
1784728365.8084,21:52:45,717866756612,109263,100,24039,255,40
1784728366.0084,21:52:46,717866776638,108746,100,24039,315,40
1784728366.2084,21:52:46,717866798303,108746,100,24039,315,40
1784728366.4084,21:52:46,717866820001,108746,100,24039,315,40
1784728366.6084,21:52:46,717866843175,113050,100,24039,390,40
1784728366.8084,21:52:46,717866866370,113050,100,24039,390,40
1784728367.0084,21:52:47,717866889625,122013,100,24039,405,41
1784728367.2084,21:52:47,717866912802,122013,100,24039,405,41
1784728367.4084,21:52:47,717866936147,122013,100,24039,405,41
1784728367.6084,21:52:47,717866959549,127721,100,24039,405,41
1784728367.8084,21:52:47,717866981101,127721,100,24039,405,41
1784728368.0084,21:52:48,717867002060,125873,100,24039,315,40
1784728368.2084,21:52:48,717867022893,125873,100,24039,315,40
1784728368.4084,21:52:48,717867043653,125873,100,24039,315,40
1784728368.6084,21:52:48,717867064459,120074,100,24039,315,40
1784728368.8084,21:52:48,717867085114,120074,100,24039,315,40
1784728369.0084,21:52:49,717867104454,114122,100,24039,300,40
1784728369.2084,21:52:49,717867126115,114122,100,24039,300,40
1784728369.4084,21:52:49,717867149569,114122,100,24039,300,40
1784728369.6084,21:52:49,717867173870,117189,100,24039,435,41
1784728369.8084,21:52:49,717867198164,117189,100,24039,435,41
1784728370.0084,21:52:50,717867222443,126380,100,24039,435,41
1784728370.2084,21:52:50,717867245978,126380,100,24039,435,41
1784728370.4084,21:52:50,717867268327,126380,100,24039,435,41
1784728370.6084,21:52:50,717867292689,132182,100,24039,375,41
1784728370.8084,21:52:50,717867317028,132182,100,24039,375,41
1784728371.0084,21:52:51,717867341295,127666,100,24039,375,41
1784728371.2084,21:52:51,717867364692,127666,100,24039,375,41
1784728371.4084,21:52:51,717867383180,127666,100,24039,375,41
1784728371.6084,21:52:51,717867406286,118087,100,24039,360,41
1784728371.8084,21:52:51,717867434786,118087,100,24039,360,41
1784728372.0084,21:52:52,717867464628,123737,100,24039,555,41
1784728372.2084,21:52:52,717867494755,123737,100,24039,555,41
1784728372.4084,21:52:52,717867523424,123737,100,24039,555,41
1784728372.6084,21:52:52,717867549461,139650,100,24039,435,41
1784728372.8084,21:52:52,717867573503,139650,100,24039,435,41
1784728373.0084,21:52:53,717867595879,139446,100,24039,315,40
1784728373.2084,21:52:53,717867618189,139446,100,24039,315,40
1784728373.4084,21:52:53,717867640532,139446,100,24039,315,40
1784728373.6084,21:52:53,717867662921,121779,100,24039,315,40
1784728373.8084,21:52:53,717867685500,121779,100,24039,315,40
1784728374.0084,21:52:54,717867709345,115620,100,24039,360,40
1784728374.2084,21:52:54,717867733058,115620,100,24039,360,40
1784728374.4084,21:52:54,717867752879,115620,100,24039,360,40
1784728374.6084,21:52:54,717867779396,115028,100,24039,435,41
1784728374.8084,21:52:54,717867808963,115028,100,24039,435,41
1784728375.0084,21:52:55,717867838837,129116,100,24039,540,41
1784728375.2084,21:52:55,717867866209,129116,100,24039,540,41
1784728375.4084,21:52:55,717867893770,129116,100,24039,540,41
1784728375.6084,21:52:55,717867918885,140777,100,24039,375,41
1784728375.8084,21:52:55,717867943610,140777,100,24039,375,41
1784728376.0084,21:52:56,717867968290,136833,100,24039,375,41
1784728376.2084,21:52:56,717867993008,136833,100,24039,375,41
1784728376.4084,21:52:56,717868017681,136833,100,24039,375,41
1784728376.6084,21:52:56,717868042400,128295,100,24039,375,41
1784728376.8084,21:52:56,717868064964,128295,100,24039,375,41
1784728377.0084,21:52:57,717868088989,124218,100,24039,360,40
1784728377.2084,21:52:57,717868113182,124218,100,24039,360,40
1784728377.4084,21:52:57,717868137347,124218,100,24039,360,40
1784728377.6084,21:52:57,717868161495,123013,100,24039,360,41
1784728377.8084,21:52:57,717868185535,123013,100,24039,360,41
1784728378.0084,21:52:58,717868209693,123783,100,24039,360,40
1784728378.2084,21:52:58,717868233850,123783,100,24039,360,40
1784728378.4084,21:52:58,717868257838,123783,100,24039,360,40
1784728378.6084,21:52:58,717868282039,123656,100,24039,360,40
1784728378.8084,21:52:58,717868306229,123656,100,24039,360,40
1784728379.0084,21:52:59,717868330375,123743,100,24039,360,40
1784728379.2084,21:52:59,717868352102,123743,100,24039,360,40
1784728379.4084,21:52:59,717868374350,123743,100,24039,360,40
1784728379.6084,21:52:59,717868400735,120003,100,24039,405,41
1784728379.8084,21:52:59,717868429016,120003,100,24039,405,41
1784728380.0084,21:53:00,717868458524,128413,100,24039,525,41
1784728380.2084,21:53:00,717868487495,128413,100,24039,525,41
1784728380.4084,21:53:00,717868513410,128413,100,24039,525,41
1784728380.6084,21:53:00,717868540384,141144,100,24039,450,41
1784728380.8084,21:53:00,717868565096,141144,100,24039,450,41
1784728381.0084,21:53:01,717868583201,134862,100,24039,300,41
1784728381.2084,21:53:01,717868604554,134862,100,24039,300,41
1784728381.4084,21:53:01,717868629776,134862,100,24039,300,41
1784728381.6084,21:53:01,717868655911,120600,100,24039,405,41
1784728381.8084,21:53:01,717868683526,120600,100,24039,405,41
1784728382.0084,21:53:02,717868711129,123605,100,24039,465,41
1784728382.2084,21:53:02,717868731208,123605,100,24039,465,41
1784728382.4084,21:53:02,717868754399,123605,100,24039,465,41
1784728382.6084,21:53:02,717868778927,127757,100,24039,390,41
1784728382.8084,21:53:02,717868808357,127757,100,24039,390,41
1784728383.0084,21:53:03,717868837829,130276,100,24039,540,41
1784728383.2084,21:53:03,717868861016,130276,100,24039,540,41
1784728383.4084,21:53:03,717868891671,130276,100,24039,540,41
1784728383.6084,21:53:03,717868922974,139856,100,24039,600,42
1784728383.8084,21:53:03,717868954440,139856,100,24039,600,42
1784728384.0084,21:53:04,717868985822,150827,100,24039,600,42
1784728384.2084,21:53:04,717869015426,150827,100,24039,600,42
1784728384.4084,21:53:04,717869039007,150827,100,24039,600,42
1784728384.6084,21:53:04,717869059305,151645,100,24039,240,41
1784728384.8084,21:53:04,717869078245,151645,100,24039,240,41
1784728385.0084,21:53:05,717869097112,123845,100,24039,210,40
1784728385.2084,21:53:05,717869116061,123845,100,24039,210,40
1784728385.4084,21:53:05,717869134999,123845,100,24039,210,40
1784728385.6084,21:53:05,717869154932,99680,100,24039,225,40
1784728385.8084,21:53:05,717869195083,99680,100,24039,225,40
1784728386.0084,21:53:06,717869249661,134612,100,24039,2700,46
1784728386.2084,21:53:06,717869305062,134612,100,24039,2700,46
1784728386.4084,21:53:06,717869357217,134612,100,24039,2700,46
1784728386.6084,21:53:06,717869405975,217513,100,24039,2520,47
1784728386.8084,21:53:06,717869451740,217513,100,24039,2520,47
1784728387.0084,21:53:07,717869494324,260001,100,24039,1380,45
1784728387.2084,21:53:07,717869531730,260001,100,24039,1380,45
1784728387.4084,21:53:07,717869563470,260001,100,24039,1380,45
1784728387.6084,21:53:07,717869587825,216284,100,24039,465,42
1784728387.8084,21:53:07,717869608061,216284,100,24039,465,42
1784728388.0084,21:53:08,717869626969,154881,100,24039,210,40
1784728388.2084,21:53:08,717869645798,154881,100,24039,210,40
1784728388.4084,21:53:08,717869664550,154881,100,24039,210,40
1784728388.6084,21:53:08,717869683351,108276,100,24039,210,40
1784728388.8084,21:53:08,717869702178,108276,100,24039,210,40
1784728389.0084,21:53:09,717869721069,96965,100,24039,210,40
1784728389.2084,21:53:09,717869739821,96965,100,24039,210,40
1784728389.4084,21:53:09,717869757730,96965,100,24039,210,40
1784728389.6084,21:53:09,717869773447,96031,100,24039,210,40
1784728389.8084,21:53:09,717869795697,96031,100,24039,210,40
1784728390.0084,21:53:10,717869847606,112359,100,24039,2595,45
1784728390.2084,21:53:10,717869901240,112359,100,24039,2595,45
1784728390.4084,21:53:10,717869949436,112359,100,24039,2595,45
1784728390.6084,21:53:10,717869997053,191933,100,24039,2280,47
1784728390.8084,21:53:10,717870041502,191933,100,24039,2280,47
1784728391.0084,21:53:11,717870078818,254059,100,24039,660,45
1784728391.2084,21:53:11,717870108916,254059,100,24039,660,45
1784728391.4084,21:53:11,717870133262,254059,100,24039,660,45
1784728391.6084,21:53:11,717870152100,196446,100,24039,210,41
1784728391.8084,21:53:11,717870170709,196446,100,24039,210,41
1784728392.0084,21:53:12,717870189423,130490,100,24039,210,40
1784728392.2084,21:53:12,717870208112,130490,100,24039,210,40
1784728392.4084,21:53:12,717870226735,130490,100,24039,210,40
1784728392.6084,21:53:12,717870245383,99316,100,24039,210,40
1784728392.8084,21:53:12,717870263995,99316,100,24039,210,40
1784728393.0084,21:53:13,717870282548,96699,100,24039,210,40
1784728393.2084,21:53:13,717870301113,96699,100,24039,210,40
1784728393.4084,21:53:13,717870320487,96699,100,24039,210,40
1784728393.6084,21:53:13,717870341681,97235,100,24039,300,40
1784728393.8084,21:53:13,717870364149,97235,100,24039,300,40
1784728394.0084,21:53:14,717870386618,105338,100,24039,330,40
1784728394.2084,21:53:14,717870409997,105338,100,24039,330,40
1784728394.4084,21:53:14,717870435106,105338,100,24039,330,40
1784728394.6084,21:53:14,717870460898,117972,100,24039,420,41
1784728394.8084,21:53:14,717870486616,117972,100,24039,420,41
1784728395.0084,21:53:15,717870512411,128148,100,24039,420,41
1784728395.2084,21:53:15,717870538171,128148,100,24039,420,41
1784728395.4084,21:53:15,717870562833,128148,100,24039,420,41
1784728395.6084,21:53:15,717870585878,132833,100,24039,375,41
1784728395.8084,21:53:15,717870606835,132833,100,24039,375,41
1784728396.0084,21:53:16,717870626393,123022,100,24039,240,40
1784728396.2084,21:53:16,717870645994,123022,100,24039,240,40
1784728396.4084,21:53:16,717870664446,123022,100,24039,240,40
1784728396.6084,21:53:16,717870685826,107614,100,24039,300,40
1784728396.8084,21:53:16,717870707906,107614,100,24039,300,40
1784728397.0084,21:53:17,717870731851,107360,100,24039,405,40
1784728397.2084,21:53:17,717870757080,107360,100,24039,405,40
1784728397.4084,21:53:17,717870782151,107360,100,24039,405,40
1784728397.6084,21:53:17,717870807597,121253,100,24039,420,41
1784728397.8084,21:53:17,717870832720,121253,100,24039,420,41
1784728398.0084,21:53:18,717870857696,130775,100,24039,360,41
1784728398.2084,21:53:18,717870880657,130775,100,24039,360,41
1784728398.4084,21:53:18,717870901216,130775,100,24039,360,41
1784728398.6084,21:53:18,717870920067,124926,100,24039,225,40
1784728398.8084,21:53:18,717870938603,124926,100,24039,225,40
1784728399.0084,21:53:19,717870956962,109362,100,24039,225,40
1784728399.2084,21:53:19,717870976608,109362,100,24039,225,40
1784728399.4084,21:53:19,717870998731,109362,100,24039,225,40
1784728399.6084,21:53:19,717871022831,102735,100,24039,390,40
1784728399.8084,21:53:19,717871048863,102735,100,24039,390,40
1784728400.0084,21:53:20,717871075335,118117,100,24039,465,41
1784728400.2084,21:53:20,717871094997,118117,100,24039,465,41
1784728400.4084,21:53:20,717871112923,118117,100,24039,465,41
1784728400.6084,21:53:20,717871137925,119648,100,24039,420,40
1784728400.8084,21:53:20,717871165064,119648,100,24039,420,40
1784728401.0084,21:53:21,717871192521,123814,100,24039,510,41
1784728401.2084,21:53:21,717871219784,123814,100,24039,510,41
1784728401.4084,21:53:21,717871244032,123814,100,24039,510,41
1784728401.6084,21:53:21,717871270617,134321,100,24039,465,41
1784728401.8084,21:53:21,717871295206,134321,100,24039,465,41
1784728402.0084,21:53:22,717871317349,135047,100,24039,315,40
1784728402.2084,21:53:22,717871338963,135047,100,24039,315,40
1784728402.4084,21:53:22,717871360584,135047,100,24039,315,40
1784728402.6084,21:53:22,717871382295,123561,100,24039,315,40
1784728402.8084,21:53:22,717871403952,123561,100,24039,315,40
1784728403.0084,21:53:23,717871425663,114563,100,24039,315,40
1784728403.2084,21:53:23,717871448343,114563,100,24039,315,40
1784728403.4084,21:53:23,717871472823,114563,100,24039,315,40
1784728403.6084,21:53:23,717871497948,117987,100,24039,420,41
1784728403.8084,21:53:23,717871522991,117987,100,24039,420,41
1784728404.0084,21:53:24,717871547271,126429,100,24039,360,41
1784728404.2084,21:53:24,717871569858,126429,100,24039,360,41
1784728404.4084,21:53:24,717871586852,126429,100,24039,360,41
1784728404.6084,21:53:24,717871604109,121310,100,24039,300,40
1784728404.8084,21:53:24,717871634950,121310,100,24039,300,40
1784728405.0084,21:53:25,717871687112,131011,100,24039,2700,46
1784728405.2084,21:53:25,717871743032,131011,100,24039,2700,46
1784728405.4084,21:53:25,717871794294,131011,100,24039,2700,46
1784728405.6084,21:53:25,717871855097,208875,100,24039,2700,48
1784728405.8084,21:53:25,717871895933,208875,100,24039,2700,48
1784728406.0084,21:53:26,717871934457,269747,100,24039,900,45
1784728406.2084,21:53:26,717871966260,269747,100,24039,900,45
1784728406.4084,21:53:26,717871992526,269747,100,24039,900,45
1784728406.6084,21:53:26,717872013287,210926,100,24039,300,41
1784728406.8084,21:53:26,717872031637,210926,100,24039,300,41
1784728407.0084,21:53:27,717872049922,139577,100,24039,210,40
1784728407.2084,21:53:27,717872068132,139577,100,24039,210,40
1784728407.4084,21:53:27,717872086360,139577,100,24039,210,40
1784728407.6084,21:53:27,717872104682,102325,100,24039,210,40
1784728407.8084,21:53:27,717872122996,102325,100,24039,210,40
1784728408.0084,21:53:28,717872141291,97253,100,24039,210,40
1784728408.2084,21:53:28,717872160489,97253,100,24039,210,40
1784728408.4084,21:53:28,717872179933,97253,100,24039,210,40
1784728408.6084,21:53:28,717872199721,99457,100,24039,255,40
1784728408.8084,21:53:28,717872219446,99457,100,24039,255,40
1784728409.0084,21:53:29,717872240819,103637,100,24039,315,40
1784728409.2084,21:53:29,717872263756,103637,100,24039,315,40
1784728409.4084,21:53:29,717872288629,103637,100,24039,315,40
1784728409.6084,21:53:29,717872313885,114912,100,24039,420,41
1784728409.8084,21:53:29,717872340181,114912,100,24039,420,41
1784728410.0084,21:53:30,717872364516,128312,100,24039,465,41
1784728410.2084,21:53:30,717872390919,128312,100,24039,465,41
1784728410.4084,21:53:30,717872417865,128312,100,24039,465,41
1784728410.6084,21:53:30,717872444948,137783,100,24039,480,41
1784728410.8084,21:53:30,717872471099,137783,100,24039,480,41
1784728411.0084,21:53:31,717872495428,139082,100,24039,375,41
1784728411.2084,21:53:31,717872517686,139082,100,24039,375,41
1784728411.4084,21:53:31,717872537525,139082,100,24039,375,41
1784728411.6084,21:53:31,717872556798,129389,100,24039,240,40
1784728411.8084,21:53:31,717872577055,129389,100,24039,240,40
1784728412.0084,21:53:32,717872598166,113482,100,24039,300,40
1784728412.2084,21:53:32,717872620056,113482,100,24039,300,40
1784728412.4084,21:53:32,717872643228,113482,100,24039,300,40
1784728412.6084,21:53:32,717872666665,112442,100,24039,375,41
1784728412.8084,21:53:32,717872689913,112442,100,24039,375,41
1784728413.0084,21:53:33,717872712813,121422,100,24039,360,41
1784728413.2084,21:53:33,717872736053,121422,100,24039,360,41
1784728413.4084,21:53:33,717872759076,121422,100,24039,360,41
1784728413.6084,21:53:33,717872782072,124291,100,24039,360,41
1784728413.8084,21:53:33,717872801381,124291,100,24039,360,41
1784728414.0084,21:53:34,717872823952,119270,100,24039,405,40
1784728414.2084,21:53:34,717872848734,119270,100,24039,405,40
1784728414.4084,21:53:34,717872873831,119270,100,24039,405,40
1784728414.6084,21:53:34,717872898866,123449,100,24039,420,41
1784728414.8084,21:53:34,717872923926,123449,100,24039,420,41
1784728415.0084,21:53:35,717872948664,132166,100,24039,405,41
1784728415.2084,21:53:35,717872973420,132166,100,24039,405,41
1784728415.4084,21:53:35,717872994892,132166,100,24039,405,41
1784728415.6084,21:53:35,717873013341,130694,100,24039,330,41
1784728415.8084,21:53:35,717873039290,130694,100,24039,330,41
1784728416.0084,21:53:36,717873067411,127185,100,24039,525,41
1784728416.2084,21:53:36,717873095551,127185,100,24039,525,41
1784728416.4084,21:53:36,717873122132,127185,100,24039,525,41
1784728416.6084,21:53:36,717873144504,134265,100,24039,390,41
1784728416.8084,21:53:36,717873162030,134265,100,24039,390,41
1784728417.0084,21:53:37,717873184896,130494,100,24039,435,41
1784728417.2084,21:53:37,717873211880,130494,100,24039,435,41
1784728417.4084,21:53:37,717873239408,130494,100,24039,435,41
1784728417.6084,21:53:37,717873266684,128301,100,24039,495,41
1784728417.8084,21:53:37,717873292597,128301,100,24039,495,41
1784728418.0084,21:53:38,717873318421,141520,100,24039,450,41
1784728418.2084,21:53:38,717873342508,141520,100,24039,450,41
1784728418.4084,21:53:38,717873364496,141520,100,24039,450,41
1784728418.6084,21:53:38,717873385970,136539,100,24039,315,40
1784728418.8084,21:53:38,717873407414,136539,100,24039,315,40
1784728419.0084,21:53:39,717873428821,123486,100,24039,315,40
1784728419.2084,21:53:39,717873450229,123486,100,24039,315,40
1784728419.4084,21:53:39,717873471652,123486,100,24039,315,40
1784728419.6084,21:53:39,717873493061,116313,100,24039,315,40
1784728419.8084,21:53:39,717873511592,116313,100,24039,315,40
1784728420.0084,21:53:40,717873526579,110220,100,24039,240,40
1784728420.2084,21:53:40,717873561510,110220,100,24039,240,40
1784728420.4084,21:53:40,717873611720,110220,100,24039,240,40
1784728420.6084,21:53:40,717873668621,149485,100,24039,2700,47
1784728420.8084,21:53:40,717873717423,149485,100,24039,2700,47
1784728421.0085,21:53:41,717873764189,227502,100,24039,2385,46
1784728421.2084,21:53:41,717873808624,227502,100,24039,2385,46
1784728421.4084,21:53:41,717873852507,227502,100,24039,2385,46
1784728421.6084,21:53:41,717873894422,263891,100,24039,2310,45
1784728421.8084,21:53:41,717873934284,263891,100,24039,2310,45
1784728422.0084,21:53:42,717873971081,233862,100,24039,780,44
1784728422.2084,21:53:42,717874000476,233862,100,24039,780,44
1784728422.4084,21:53:42,717874025266,233862,100,24039,780,44
1784728422.6084,21:53:42,717874045032,192769,100,24039,300,41
1784728422.8084,21:53:42,717874062933,192769,100,24039,300,41
1784728423.0084,21:53:43,717874080807,136610,100,24039,210,40
1784728423.2084,21:53:43,717874098724,136610,100,24039,210,40
1784728423.4084,21:53:43,717874116543,136610,100,24039,210,40
1784728423.6084,21:53:43,717874134357,102057,100,24039,210,40
1784728423.8084,21:53:43,717874152136,102057,100,24039,210,40
1784728424.0084,21:53:44,717874169903,97530,100,24039,210,40
1784728424.2084,21:53:44,717874187773,97530,100,24039,210,40
1784728424.4084,21:53:44,717874205460,97530,100,24039,210,40
1784728424.6084,21:53:44,717874223038,97280,100,24039,210,40
1784728424.8084,21:53:44,717874240666,97280,100,24039,210,40
1784728425.0084,21:53:45,717874258273,96997,100,24039,210,40
1784728425.2084,21:53:45,717874277323,96997,100,24039,210,40
1784728425.4084,21:53:45,717874296682,96997,100,24039,210,40
1784728425.6084,21:53:45,717874318048,99952,100,24039,330,40
1784728425.8084,21:53:45,717874339639,99952,100,24039,330,40
1784728426.0084,21:53:46,717874361176,109695,100,24039,330,40
1784728426.2084,21:53:46,717874382953,109695,100,24039,330,40
1784728426.4084,21:53:46,717874404511,109695,100,24039,330,40
1784728426.6084,21:53:46,717874425509,117375,100,24039,300,41
1784728426.8084,21:53:46,717874446860,117375,100,24039,300,41
1784728427.0084,21:53:47,717874468324,117872,100,24039,330,40
1784728427.2084,21:53:47,717874489896,117872,100,24039,330,40
1784728427.4084,21:53:47,717874511387,117872,100,24039,330,40
1784728427.6084,21:53:47,717874532923,117860,100,24039,330,40
1784728427.8084,21:53:47,717874554553,117860,100,24039,330,40
1784728428.0084,21:53:48,717874575624,118422,100,24039,315,40
1784728428.2084,21:53:48,717874596230,118422,100,24039,315,40
1784728428.4084,21:53:48,717874617277,118422,100,24039,315,40
1784728428.6084,21:53:48,717874638371,116977,100,24039,315,40
1784728428.8084,21:53:48,717874659539,116977,100,24039,315,40
1784728429.0084,21:53:49,717874681445,115861,100,24039,375,40
1784728429.2084,21:53:49,717874705288,115861,100,24039,375,40
1784728429.4084,21:53:49,717874730018,115861,100,24039,375,40
1784728429.6084,21:53:49,717874754848,123522,100,24039,435,41
1784728429.8084,21:53:49,717874779581,123522,100,24039,435,41
1784728430.0084,21:53:50,717874804415,132911,100,24039,435,41
1784728430.2084,21:53:50,717874828307,132911,100,24039,435,41
1784728430.4084,21:53:50,717874850151,132911,100,24039,435,41
1784728430.6084,21:53:50,717874870831,133193,100,24039,315,40
1784728430.8084,21:53:50,717874891262,133193,100,24039,315,40
1784728431.0084,21:53:51,717874911686,122479,100,24039,315,40
1784728431.2084,21:53:51,717874932393,122479,100,24039,315,40
1784728431.4084,21:53:51,717874952764,122479,100,24039,315,40
1784728431.6084,21:53:51,717874973159,113747,100,24039,300,40
1784728431.8084,21:53:51,717874993434,113747,100,24039,300,40
1784728432.0084,21:53:52,717875013711,113084,100,24039,300,40
1784728432.2084,21:53:52,717875032706,113084,100,24039,300,40
1784728432.4084,21:53:52,717875054861,113084,100,24039,300,40
1784728432.6084,21:53:52,717875078837,113373,100,24039,420,40
1784728432.8084,21:53:52,717875104894,113373,100,24039,420,40
1784728433.0084,21:53:53,717875130861,122741,100,24039,420,41
1784728433.2084,21:53:53,717875156611,122741,100,24039,420,41
1784728433.4084,21:53:53,717875180222,122741,100,24039,420,41
1784728433.6084,21:53:53,717875201856,130030,100,24039,285,40
1784728433.8084,21:53:53,717875223429,130030,100,24039,285,40
1784728434.0084,21:53:54,717875244926,120608,100,24039,285,40
1784728434.2084,21:53:54,717875266325,120608,100,24039,285,40
1784728434.4084,21:53:54,717875289042,120608,100,24039,285,40
1784728434.6084,21:53:54,717875313868,112625,100,24039,390,40
1784728434.8084,21:53:54,717875338927,112625,100,24039,390,40
1784728435.0084,21:53:55,717875363954,119683,100,24039,390,41
1784728435.2084,21:53:55,717875389102,119683,100,24039,390,41
1784728435.4084,21:53:55,717875414208,119683,100,24039,390,41
1784728435.6084,21:53:55,717875437744,127655,100,24039,330,41
1784728435.8084,21:53:55,717875460661,127655,100,24039,330,41
1784728436.0084,21:53:56,717875482229,123761,100,24039,270,40
1784728436.2084,21:53:56,717875503196,123761,100,24039,270,40
1784728436.4084,21:53:56,717875523575,123761,100,24039,270,40
1784728436.6084,21:53:56,717875543946,113532,100,24039,255,40
1784728436.8084,21:53:56,717875564257,113532,100,24039,255,40
1784728437.0085,21:53:57,717875581339,104501,100,24039,285,40
1784728437.2084,21:53:57,717875619539,104501,100,24039,285,40
1784728437.4084,21:53:57,717875676033,104501,100,24039,285,40
1784728437.6084,21:53:57,717875729173,157778,100,24039,2700,47
1784728437.8084,21:53:57,717875782005,157778,100,24039,2700,47
1784728438.0084,21:53:58,717875831630,231002,100,24039,2385,46
1784728438.2084,21:53:58,717875878553,231002,100,24039,2385,46
1784728438.4084,21:53:58,717875923037,231002,100,24039,2385,46
1784728438.6084,21:53:58,717875963956,260641,100,24039,1560,45
1784728438.8084,21:53:58,717876001413,260641,100,24039,1560,45
1784728439.0084,21:53:59,717876030881,218137,100,24039,435,43
1784728439.2084,21:53:59,717876049448,218137,100,24039,435,43
1784728439.4084,21:53:59,717876064935,218137,100,24039,435,43
1784728439.6084,21:53:59,717876080335,151816,100,24039,210,40
1784728439.8084,21:53:59,717876099124,151816,100,24039,210,40
1784728440.0085,21:54:00,717876117905,100498,100,24039,210,40
1784728440.2084,21:54:00,717876136741,100498,100,24039,210,40
1784728440.4084,21:54:00,717876155610,100498,100,24039,210,40
1784728440.6084,21:54:00,717876174437,92062,100,24039,210,40
1784728440.8084,21:54:00,717876193279,92062,100,24039,210,40
1784728441.0084,21:54:01,717876212199,96694,100,24039,225,40
1784728441.2084,21:54:01,717876232660,96694,100,24039,225,40
1784728441.4084,21:54:01,717876255452,96694,100,24039,225,40
1784728441.6084,21:54:01,717876280349,102245,100,24039,390,40
1784728441.8084,21:54:01,717876305469,102245,100,24039,390,40
1784728442.0085,21:54:02,717876329979,116193,100,24039,390,41
1784728442.2084,21:54:02,717876355073,116193,100,24039,390,41
1784728442.4084,21:54:02,717876377241,116193,100,24039,390,41
1784728442.6084,21:54:02,717876394598,124411,100,24039,285,41
1784728442.8084,21:54:02,717876415993,124411,100,24039,285,41
1784728443.0084,21:54:03,717876442522,115621,100,24039,450,41
1784728443.2084,21:54:03,717876469408,115621,100,24039,450,41
1784728443.4084,21:54:03,717876496316,115621,100,24039,450,41
1784728443.6084,21:54:03,717876521906,120490,100,24039,390,41
1784728443.8084,21:54:03,717876545735,120490,100,24039,390,41
1784728444.0084,21:54:04,717876569284,132065,100,24039,345,41
1784728444.2084,21:54:04,717876589686,132065,100,24039,345,41
1784728444.4084,21:54:04,717876607623,132065,100,24039,345,41
1784728444.6084,21:54:04,717876647692,116086,100,24039,2265,41
1784728444.8084,21:54:04,717876705022,116086,100,24039,2265,41
1784728445.0084,21:54:05,717876765641,178351,100,24039,1560,47
1784728445.2084,21:54:05,717876806978,178351,100,24039,1560,47
1784728445.4084,21:54:05,717876842873,178351,100,24039,1560,47
1784728445.6084,21:54:05,717876872736,228882,100,24039,525,43
1784728445.8084,21:54:05,717876897052,228882,100,24039,525,43
1784728446.0084,21:54:06,717876917136,185960,100,24039,210,41
1784728446.2084,21:54:06,717876936262,185960,100,24039,210,41
1784728446.4084,21:54:06,717876955251,185960,100,24039,210,41
1784728446.6084,21:54:06,717876974233,119852,100,24039,210,40
1784728446.8084,21:54:06,717876993320,119852,100,24039,210,40
1784728447.0084,21:54:07,717877012371,98700,100,24039,210,40
1784728447.2084,21:54:07,717877031462,98700,100,24039,210,40
1784728447.4084,21:54:07,717877050385,98700,100,24039,210,40
1784728447.6084,21:54:07,717877066045,97693,100,24039,210,40
1784728447.8084,21:54:07,717877095507,97693,100,24039,210,40
1784728448.0084,21:54:08,717877149372,119518,100,24039,2700,46
1784728448.2084,21:54:08,717877218892,119518,100,24039,2700,46
1784728448.4084,21:54:08,717877272771,119518,100,24039,2700,46
1784728448.6084,21:54:08,717877323482,214659,100,24039,2520,47
1784728448.8084,21:54:08,717877370867,214659,100,24039,2520,47
1784728449.0084,21:54:09,717877415287,275524,100,24039,1005,45
1784728449.2084,21:54:09,717877448534,275524,100,24039,1005,45
1784728449.4084,21:54:09,717877477680,275524,100,24039,1005,45
1784728449.6084,21:54:09,717877498155,215543,100,24039,285,42
1784728449.8084,21:54:09,717877516263,215543,100,24039,285,42
1784728450.0084,21:54:10,717877534904,143895,100,24039,210,40
1784728450.2084,21:54:10,717877553491,143895,100,24039,210,40
1784728450.4084,21:54:10,717877572098,143895,100,24039,210,40
1784728450.6084,21:54:10,717877590617,101010,100,24039,210,40
1784728450.8084,21:54:10,717877609079,101010,100,24039,210,40
1784728451.0084,21:54:11,717877627536,95697,100,24039,210,40
1784728451.2084,21:54:11,717877646019,95697,100,24039,210,40
1784728451.4084,21:54:11,717877664472,95697,100,24039,210,40
1784728451.6084,21:54:11,717877682966,95388,100,24039,210,40
1784728451.8084,21:54:11,717877701458,95388,100,24039,210,40
1784728452.0084,21:54:12,717877719884,95271,100,24039,210,40
1784728452.2084,21:54:12,717877738313,95271,100,24039,210,40
1784728452.4084,21:54:12,717877756803,95271,100,24039,210,40
1784728452.6084,21:54:12,717877776138,95376,100,24039,240,40
1784728452.8084,21:54:12,717877797280,95376,100,24039,240,40
1784728453.0084,21:54:13,717877820580,100955,100,24039,390,40
1784728453.2084,21:54:13,717877845847,100955,100,24039,390,40
1784728453.4084,21:54:13,717877872001,100955,100,24039,390,40
1784728453.6084,21:54:13,717877898204,117544,100,24039,450,41
1784728453.8084,21:54:13,717877924419,117544,100,24039,450,41
1784728454.0084,21:54:14,717877949467,132300,100,24039,375,41
1784728454.2084,21:54:14,717877971932,132300,100,24039,375,41
1784728454.4084,21:54:14,717877991591,132300,100,24039,375,41
1784728454.6084,21:54:14,717878009992,124970,100,24039,210,40
1784728454.8084,21:54:14,717878028963,124970,100,24039,210,40
1784728455.0084,21:54:15,717878048838,107727,100,24039,255,40
1784728455.2084,21:54:15,717878068749,107727,100,24039,255,40
1784728455.4084,21:54:15,717878089247,107727,100,24039,255,40
1784728455.6084,21:54:15,717878111669,100863,100,24039,315,40
1784728455.8084,21:54:15,717878136321,100863,100,24039,315,40
1784728456.0084,21:54:16,717878162050,113595,100,24039,450,41
1784728456.2084,21:54:16,717878188507,113595,100,24039,450,41
1784728456.4084,21:54:16,717878216037,113595,100,24039,450,41
1784728456.6084,21:54:16,717878243935,129929,100,24039,510,41
1784728456.8084,21:54:16,717878271521,129929,100,24039,510,41
1784728457.0085,21:54:17,717878297099,140263,100,24039,360,41
1784728457.2084,21:54:17,717878320284,140263,100,24039,360,41
1784728457.4084,21:54:17,717878341632,140263,100,24039,360,41
1784728457.6084,21:54:17,717878362828,131750,100,24039,300,40
1784728457.8085,21:54:17,717878381767,131750,100,24039,300,40
1784728458.0084,21:54:18,717878400562,113139,100,24039,225,40
1784728458.2084,21:54:18,717878419438,113139,100,24039,225,40
1784728458.4084,21:54:18,717878438000,113139,100,24039,225,40
1784728458.6084,21:54:18,717878456301,101363,100,24039,210,39
1784728458.8085,21:54:18,717878476681,101363,100,24039,210,39
1784728459.0084,21:54:19,717878497694,99962,100,24039,360,40
1784728459.2084,21:54:19,717878517803,99962,100,24039,360,40
1784728459.4084,21:54:19,717878566794,99962,100,24039,360,40
1784728459.6084,21:54:19,717878622187,131985,100,24039,2700,46
1784728459.8084,21:54:19,717878680295,131985,100,24039,2700,46
1784728460.0085,21:54:20,717878721567,222851,100,24039,2445,46
1784728460.2085,21:54:20,717878767846,222851,100,24039,2445,46
1784728460.4085,21:54:20,717878812007,222851,100,24039,2445,46
1784728460.6085,21:54:20,717878856077,260744,100,24039,2070,45
1784728460.8084,21:54:20,717878901575,260744,100,24039,2070,45
1784728461.0084,21:54:21,717878954068,244317,100,24039,1620,46
1784728461.2084,21:54:21,717878994674,244317,100,24039,1620,46
1784728461.4084,21:54:21,717879029672,244317,100,24039,1620,46
1784728461.6084,21:54:21,717879058900,222251,100,24039,480,43
1784728461.8084,21:54:21,717879082569,222251,100,24039,480,43
1784728462.0084,21:54:22,717879102254,165278,100,24039,210,41
1784728462.2084,21:54:22,717879120673,165278,100,24039,210,41
1784728462.4084,21:54:22,717879139172,165278,100,24039,210,41
1784728462.6084,21:54:22,717879157676,112660,100,24039,210,40
1784728462.8084,21:54:22,717879176188,112660,100,24039,210,40
1784728463.0084,21:54:23,717879194752,97371,100,24039,210,40
1784728463.2084,21:54:23,717879213280,97371,100,24039,210,40
1784728463.4084,21:54:23,717879231803,97371,100,24039,210,40
1784728463.6084,21:54:23,717879250309,97459,100,24039,210,40
1784728463.8084,21:54:23,717879268776,97459,100,24039,210,40
1784728464.0084,21:54:24,717879287144,97373,100,24039,210,40
1784728464.2084,21:54:24,717879305558,97373,100,24039,210,40
1784728464.4084,21:54:24,717879323885,97373,100,24039,210,40
1784728464.6084,21:54:24,717879342218,97084,100,24039,210,40
1784728464.8084,21:54:24,717879360609,97084,100,24039,210,40
1784728465.0085,21:54:25,717879379015,96971,100,24039,210,40
1784728465.2084,21:54:25,717879397414,96971,100,24039,210,40
1784728465.4084,21:54:25,717879415792,96971,100,24039,210,40
1784728465.6084,21:54:25,717879434201,97031,100,24039,210,40
1784728465.8084,21:54:25,717879452509,97031,100,24039,210,40
1784728466.0084,21:54:26,717879470820,97043,100,24039,210,40
1784728466.2084,21:54:26,717879489115,97043,100,24039,210,40
1784728466.4084,21:54:26,717879508965,97043,100,24039,210,40
1784728466.6084,21:54:26,717879530838,100231,100,24039,315,40
1784728466.8084,21:54:26,717879549862,100231,100,24039,315,40
1784728467.0084,21:54:27,717879600448,135596,100,24039,2700,45
1784728467.2084,21:54:27,717879668622,135596,100,24039,2700,45
1784728467.4084,21:54:27,717879722596,135596,100,24039,2700,45
1784728467.6084,21:54:27,717879773539,230623,100,24039,2565,48
1784728467.8084,21:54:27,717879821298,230623,100,24039,2565,48
1784728468.0084,21:54:28,717879866056,281169,100,24039,2280,46
1784728468.2084,21:54:28,717879907843,281169,100,24039,2280,46
1784728468.4084,21:54:28,717879947575,281169,100,24039,2280,46
1784728468.6084,21:54:28,717879982093,233893,100,24039,765,44
1784728468.8084,21:54:28,717880011113,233893,100,24039,765,44
1784728469.0084,21:54:29,717880033937,182549,100,24039,300,41
1784728469.2084,21:54:29,717880052874,182549,100,24039,300,41
1784728469.4084,21:54:29,717880071137,182549,100,24039,300,41
1784728469.6084,21:54:29,717880089456,127475,100,24039,210,40
1784728469.8084,21:54:29,717880107724,127475,100,24039,210,40
1784728470.0084,21:54:30,717880125931,99161,100,24039,210,40
1784728470.2084,21:54:30,717880144135,99161,100,24039,210,40
1784728470.4084,21:54:30,717880162339,99161,100,24039,210,40
1784728470.6084,21:54:30,717880180572,97083,100,24039,210,40
1784728470.8084,21:54:30,717880198788,97083,100,24039,210,40
1784728471.0084,21:54:31,717880217010,97005,100,24039,210,40
1784728471.2084,21:54:31,717880235130,97005,100,24039,210,40
1784728471.4084,21:54:31,717880253303,97005,100,24039,210,40
1784728471.6084,21:54:31,717880271450,96989,100,24039,210,40
1784728471.8084,21:54:31,717880290249,96989,100,24039,210,40
1784728472.0084,21:54:32,717880310000,99169,100,24039,255,40
1784728472.2084,21:54:32,717880329658,99169,100,24039,255,40
1784728472.4084,21:54:32,717880349098,99169,100,24039,255,40
1784728472.6084,21:54:32,717880368589,102553,100,24039,255,40
1784728472.8084,21:54:32,717880388217,102553,100,24039,255,40
1784728473.0084,21:54:33,717880407881,104836,100,24039,255,40
1784728473.2084,21:54:33,717880427587,104836,100,24039,255,40
1784728473.4084,21:54:33,717880447719,104836,100,24039,255,40
1784728473.6084,21:54:33,717880468928,106370,100,24039,300,40
1784728473.8084,21:54:33,717880490645,106370,100,24039,300,40
1784728474.0084,21:54:34,717880514100,113212,100,24039,375,40
1784728474.2084,21:54:34,717880537614,113212,100,24039,375,40
1784728474.4084,21:54:34,717880560570,113212,100,24039,375,40
1784728474.6084,21:54:34,717880582691,121054,100,24039,330,40
1784728474.8084,21:54:34,717880604806,121054,100,24039,330,40
1784728475.0084,21:54:35,717880626834,121618,100,24039,330,40
1784728475.2084,21:54:35,717880648879,121618,100,24039,330,40
1784728475.4084,21:54:35,717880671003,121618,100,24039,330,40
1784728475.6084,21:54:35,717880691044,117491,100,24039,270,40
1784728475.8084,21:54:35,717880711063,117491,100,24039,270,40
1784728476.0084,21:54:36,717880730996,112473,100,24039,270,40
1784728476.2084,21:54:36,717880748235,112473,100,24039,270,40
1784728476.4085,21:54:36,717880768044,112473,100,24039,270,40
1784728476.6085,21:54:36,717880792792,106872,100,24039,420,40
1784728476.8084,21:54:36,717880819645,106872,100,24039,420,40
1784728477.0084,21:54:37,717880846959,123426,100,24039,495,41
1784728477.2084,21:54:37,717880874224,123426,100,24039,495,41
1784728477.4084,21:54:37,717880899924,123426,100,24039,495,41
1784728477.6084,21:54:37,717880923071,140547,100,24039,360,41
1784728477.8084,21:54:37,717880946053,140547,100,24039,360,41
1784728478.0084,21:54:38,717880967686,131327,100,24039,300,40
1784728478.2084,21:54:38,717880988439,131327,100,24039,300,40
1784728478.4084,21:54:38,717881008720,131327,100,24039,300,40
1784728478.6084,21:54:38,717881029643,116902,100,24039,300,40
1784728478.8084,21:54:38,717881050556,116902,100,24039,300,40
1784728479.0084,21:54:39,717881071410,112368,100,24039,300,40
1784728479.2084,21:54:39,717881092348,112368,100,24039,300,40
1784728479.4084,21:54:39,717881113286,112368,100,24039,300,40
1784728479.6084,21:54:39,717881134912,113267,100,24039,315,40
1784728479.8084,21:54:39,717881158230,113267,100,24039,315,40
1784728480.0085,21:54:40,717881183318,120368,100,24039,465,41
1784728480.2084,21:54:40,717881208373,120368,100,24039,465,41
1784728480.4084,21:54:40,717881232566,120368,100,24039,465,41
1784728480.6084,21:54:40,717881256296,129131,100,24039,390,41
1784728480.8084,21:54:40,717881280544,129131,100,24039,390,41
1784728481.0084,21:54:41,717881304008,131601,100,24039,390,41
1784728481.2084,21:54:41,717881327564,131601,100,24039,390,41
1784728481.4084,21:54:41,717881350533,131601,100,24039,390,41
1784728481.6084,21:54:41,717881371524,126580,100,24039,285,41
1784728481.8084,21:54:41,717881392413,126580,100,24039,285,41
1784728482.0084,21:54:42,717881413707,119486,100,24039,315,40
1784728482.2084,21:54:42,717881429949,119486,100,24039,315,40
1784728482.4084,21:54:42,717881445618,119486,100,24039,315,40
1784728482.6084,21:54:42,717881469158,101822,100,24039,315,40
1784728482.8084,21:54:42,717881519828,101822,100,24039,315,40
1784728483.0084,21:54:43,717881573921,169839,100,24039,2655,47
1784728483.2084,21:54:43,717881629931,169839,100,24039,2655,47
1784728483.4084,21:54:43,717881680498,169839,100,24039,2655,47
1784728483.6084,21:54:43,717881726797,255409,100,24039,2040,49
1784728483.8084,21:54:43,717881771099,255409,100,24039,2040,49
1784728484.0084,21:54:44,717881812490,261753,100,24039,1815,45
1784728484.2084,21:54:44,717881850689,261753,100,24039,1815,45
1784728484.4085,21:54:44,717881883620,261753,100,24039,1815,45
1784728484.6085,21:54:44,717881911042,214372,100,24039,495,43
1784728484.8084,21:54:44,717881932386,214372,100,24039,495,43
1784728485.0084,21:54:45,717881950356,156683,100,24039,210,41
1784728485.2084,21:54:45,717881968089,156683,100,24039,210,41
1784728485.4084,21:54:45,717881985823,156683,100,24039,210,41
1784728485.6084,21:54:45,717882003547,109915,100,24039,210,40
1784728485.8084,21:54:45,717882021231,109915,100,24039,210,40
1784728486.0084,21:54:46,717882038899,96838,100,24039,210,40
1784728486.2084,21:54:46,717882056532,96838,100,24039,210,40
1784728486.4084,21:54:46,717882074159,96838,100,24039,210,40
1784728486.6084,21:54:46,717882091793,96644,100,24039,210,40
1784728486.8084,21:54:46,717882109368,96644,100,24039,210,40
1784728487.0085,21:54:47,717882127006,96474,100,24039,210,40
1784728487.2084,21:54:47,717882144511,96474,100,24039,210,40
1784728487.4084,21:54:47,717882162062,96474,100,24039,210,40
1784728487.6084,21:54:47,717882180417,96512,100,24039,240,40
1784728487.8084,21:54:47,717882199978,96512,100,24039,240,40
1784728488.0084,21:54:48,717882220465,101836,100,24039,330,40
1784728488.2084,21:54:48,717882236842,101836,100,24039,330,40
1784728488.4084,21:54:48,717882256492,101836,100,24039,330,40
1784728488.6085,21:54:48,717882280489,105835,100,24039,420,40
1784728488.8084,21:54:48,717882305349,105835,100,24039,420,40
1784728489.0084,21:54:49,717882330561,120361,100,24039,495,41
1784728489.2084,21:54:49,717882357317,120361,100,24039,495,41
1784728489.4084,21:54:49,717882383118,120361,100,24039,495,41
1784728489.6084,21:54:49,717882406991,139048,100,24039,435,41
1784728489.8084,21:54:49,717882428675,139048,100,24039,435,41
1784728490.0084,21:54:50,717882447967,130706,100,24039,210,40
1784728490.2084,21:54:50,717882465462,130706,100,24039,210,40
1784728490.4084,21:54:50,717882482381,130706,100,24039,210,40
1784728490.6084,21:54:50,717882498018,107059,100,24039,210,40
1784728490.8084,21:54:50,717882517092,107059,100,24039,210,40
1784728491.0084,21:54:51,717882538232,100103,100,24039,375,40
1784728491.2084,21:54:51,717882561240,100103,100,24039,375,40
1784728491.4084,21:54:51,717882584404,100103,100,24039,375,40
1784728491.6084,21:54:51,717882607397,114393,100,24039,390,41
1784728491.8084,21:54:51,717882629762,114393,100,24039,390,41
1784728492.0085,21:54:52,717882651854,124905,100,24039,330,41
1784728492.2084,21:54:52,717882669090,124905,100,24039,330,41
1784728492.4084,21:54:52,717882692718,124905,100,24039,330,41
1784728492.6085,21:54:52,717882718909,122258,100,24039,495,41
1784728492.8084,21:54:52,717882745370,122258,100,24039,495,41
1784728493.0084,21:54:53,717882767813,127093,100,24039,390,41
1784728493.2084,21:54:53,717882789650,127093,100,24039,390,41
1784728493.4084,21:54:53,717882809602,127093,100,24039,390,41
1784728493.6084,21:54:53,717882832224,127845,100,24039,435,41
1784728493.8084,21:54:53,717882858017,127845,100,24039,435,41
1784728494.0084,21:54:54,717882883215,126521,100,24039,465,41
1784728494.2084,21:54:54,717882904633,126521,100,24039,465,41
1784728494.4084,21:54:54,717882922875,126521,100,24039,465,41
1784728494.6085,21:54:54,717882948503,126682,100,24039,525,41
1784728494.8084,21:54:54,717882977628,126682,100,24039,525,41
1784728495.0085,21:54:55,717883007164,132957,100,24039,540,41
1784728495.2084,21:54:55,717883035295,132957,100,24039,540,41
1784728495.4084,21:54:55,717883061101,132957,100,24039,540,41
1784728495.6084,21:54:55,717883084705,142316,100,24039,315,41
1784728495.8084,21:54:55,717883105666,142316,100,24039,315,41
1784728496.0084,21:54:56,717883125083,123335,100,24039,225,40
1784728496.2084,21:54:56,717883144536,123335,100,24039,225,40
1784728496.4084,21:54:56,717883163986,123335,100,24039,225,40
1784728496.6084,21:54:56,717883184143,104822,100,24039,240,40
1784728496.8084,21:54:56,717883203516,104822,100,24039,240,40
1784728497.0084,21:54:57,717883241977,118393,100,24039,2385,48
1784728497.2084,21:54:57,717883295888,118393,100,24039,2385,48
1784728497.4084,21:54:57,717883355469,118393,100,24039,2385,48
1784728497.6084,21:54:57,717883412018,206858,100,24039,2685,48
1784728497.8084,21:54:57,717883465457,206858,100,24039,2685,48
1784728498.0085,21:54:58,717883515898,282842,100,24039,2400,47
1784728498.2084,21:54:58,717883563433,282842,100,24039,2400,47
1784728498.4084,21:54:58,717883608195,282842,100,24039,2400,47
1784728498.6084,21:54:58,717883648685,254909,100,24039,1350,45
1784728498.8084,21:54:58,717883684251,254909,100,24039,1350,45
1784728499.0085,21:54:59,717883710518,203538,100,24039,360,43
1784728499.2084,21:54:59,717883733531,203538,100,24039,360,43
1784728499.4085,21:54:59,717883753527,203538,100,24039,360,43
1784728499.6085,21:54:59,717883772540,143526,100,24039,210,41
1784728499.8085,21:54:59,717883790487,143526,100,24039,210,41
1784728500.0084,21:55:00,717883805730,98772,100,24039,210,40
1784728500.2085,21:55:00,717883821869,98772,100,24039,210,40
1784728500.4084,21:55:00,717883840768,98772,100,24039,210,40
1784728500.6084,21:55:00,717883859691,90234,100,24039,210,40
1784728500.8084,21:55:00,717883879596,90234,100,24039,210,40
1784728501.0084,21:55:01,717883901899,97145,100,24039,315,40
1784728501.2084,21:55:01,717883924587,97145,100,24039,315,40
1784728501.4084,21:55:01,717883947287,97145,100,24039,315,40
1784728501.6084,21:55:01,717883969600,110123,100,24039,315,40
1784728501.8084,21:55:01,717883989605,110123,100,24039,315,40
1784728502.0084,21:55:02,717884007970,109239,100,24039,255,40
1784728502.2085,21:55:02,717884028458,109239,100,24039,255,40
1784728502.4085,21:55:02,717884074665,109239,100,24039,255,40
1784728502.6085,21:55:02,717884129732,144309,100,24039,2580,45
1784728502.8084,21:55:02,717884184182,144309,100,24039,2580,45
1784728503.0085,21:55:03,717884236231,221438,100,24039,2430,47
1784728503.2085,21:55:03,717884283866,221438,100,24039,2430,47
1784728503.4085,21:55:03,717884328106,221438,100,24039,2430,47
1784728503.6084,21:55:03,717884368865,255149,100,24039,1200,45
1784728503.8084,21:55:03,717884402409,255149,100,24039,1200,45
1784728504.0084,21:55:04,717884424576,198577,100,24039,390,43
1784728504.2084,21:55:04,717884447736,198577,100,24039,390,43
1784728504.4085,21:55:04,717884467318,198577,100,24039,390,43
1784728504.6085,21:55:04,717884486336,137752,100,24039,210,40
1784728504.8084,21:55:04,717884505264,137752,100,24039,210,40
1784728505.0085,21:55:05,717884524290,102735,100,24039,210,40
1784728505.2085,21:55:05,717884543198,102735,100,24039,210,40
1784728505.4085,21:55:05,717884562100,102735,100,24039,210,40
1784728505.6084,21:55:05,717884580994,97157,100,24039,210,40
1784728505.8085,21:55:05,717884597910,97157,100,24039,210,40
1784728506.0084,21:55:06,717884612934,91473,100,24039,210,40
1784728506.2084,21:55:06,717884627955,91473,100,24039,210,40
1784728506.4085,21:55:06,717884643166,91473,100,24039,210,40
1784728506.6085,21:55:06,717884675471,84723,100,24039,255,40
1784728506.8085,21:55:06,717884729255,84723,100,24039,255,40
1784728507.0084,21:55:07,717884789672,172852,100,24039,2685,49
1784728507.2084,21:55:07,717884846772,172852,100,24039,2685,49
1784728507.4085,21:55:07,717884900883,172852,100,24039,2685,49
1784728507.6085,21:55:07,717884951837,265176,100,24039,2535,47
1784728507.8084,21:55:07,717884999505,265176,100,24039,2535,47
1784728508.0085,21:55:08,717885044226,265574,100,24039,1710,46
1784728508.2084,21:55:08,717885084881,265574,100,24039,1710,46
1784728508.4085,21:55:08,717885122218,265574,100,24039,1710,46
1784728508.6084,21:55:08,717885153956,221764,100,24039,630,43
1784728508.8084,21:55:08,717885179553,221764,100,24039,630,43
1784728509.0084,21:55:09,717885199337,165124,100,24039,240,41
1784728509.2084,21:55:09,717885218261,165124,100,24039,240,41
1784728509.4085,21:55:09,717885237030,165124,100,24039,240,41
1784728509.6085,21:55:09,717885255760,115038,100,24039,210,40
1784728509.8084,21:55:09,717885274417,115038,100,24039,210,40
1784728510.0084,21:55:10,717885293188,96744,100,24039,210,40
1784728510.2085,21:55:10,717885311825,96744,100,24039,210,40
1784728510.4085,21:55:10,717885330457,96744,100,24039,210,40
1784728510.6084,21:55:10,717885349074,95869,100,24039,210,40
1784728510.8084,21:55:10,717885367695,95869,100,24039,210,40
1784728511.0084,21:55:11,717885386296,95829,100,24039,210,40
1784728511.2084,21:55:11,717885404947,95829,100,24039,210,40
1784728511.4085,21:55:11,717885423539,95829,100,24039,210,40
1784728511.6084,21:55:11,717885442186,95827,100,24039,210,40
1784728511.8084,21:55:11,717885460804,95827,100,24039,210,40
1784728512.0084,21:55:12,717885479314,95752,100,24039,210,40
1784728512.2085,21:55:12,717885497795,95752,100,24039,210,40
1784728512.4084,21:55:12,717885516374,95752,100,24039,210,40
1784728512.6084,21:55:12,717885535677,95798,100,24039,240,40
1784728512.8084,21:55:12,717885556742,95798,100,24039,240,40
1784728513.0085,21:55:13,717885579105,102380,100,24039,330,40
1784728513.2085,21:55:13,717885602215,102380,100,24039,330,40
1784728513.4084,21:55:13,717885626344,102380,100,24039,330,40
1784728513.6084,21:55:13,717885650552,114697,100,24039,375,41
1784728513.8085,21:55:13,717885673529,114697,100,24039,375,41
1784728514.0085,21:55:14,717885695236,119612,100,24039,300,40
1784728514.2085,21:55:14,717885716890,119612,100,24039,300,40
1784728514.4085,21:55:14,717885738748,119612,100,24039,300,40
1784728514.6085,21:55:14,717885761438,115815,100,24039,345,40
1784728514.8084,21:55:14,717885785048,115815,100,24039,345,40
1784728515.0085,21:55:15,717885809015,116997,100,24039,375,41
1784728515.2085,21:55:15,717885832393,116997,100,24039,375,41
1784728515.4085,21:55:15,717885854102,116997,100,24039,375,41
1784728515.6084,21:55:15,717885875684,118596,100,24039,300,40
1784728515.8084,21:55:15,717885897458,118596,100,24039,300,40
1784728516.0084,21:55:16,717885919816,115645,100,24039,285,40
1784728516.2084,21:55:16,717885942629,115645,100,24039,285,40
1784728516.4085,21:55:16,717885965326,115645,100,24039,285,40
1784728516.6085,21:55:16,717885988092,115595,100,24039,285,40
1784728516.8084,21:55:16,717886010858,115595,100,24039,285,40
1784728517.0084,21:55:17,717886033461,117770,100,24039,210,40
1784728517.2084,21:55:17,717886053397,117770,100,24039,210,40
1784728517.4084,21:55:17,717886073346,117770,100,24039,210,40
1784728517.6085,21:55:17,717886093286,111228,100,24039,210,40
1784728517.8084,21:55:17,717886113181,111228,100,24039,210,40
1784728518.0084,21:55:18,717886133341,104757,100,24039,240,40
1784728518.2084,21:55:18,717886154797,104757,100,24039,240,40
1784728518.4085,21:55:18,717886176539,104757,100,24039,240,40
1784728518.6084,21:55:18,717886198532,107867,100,24039,270,40
1784728518.8084,21:55:18,717886220606,107867,100,24039,270,40
1784728519.0084,21:55:19,717886242765,113083,100,24039,285,40
1784728519.2084,21:55:19,717886265044,113083,100,24039,285,40
1784728519.4084,21:55:19,717886287149,113083,100,24039,285,40
1784728519.6085,21:55:19,717886309255,115155,100,24039,270,40
1784728519.8084,21:55:19,717886331585,115155,100,24039,270,40
1784728520.0085,21:55:20,717886354137,116057,100,24039,285,40
1784728520.2084,21:55:20,717886376678,116057,100,24039,285,40
1784728520.4084,21:55:20,717886399222,116057,100,24039,285,40
1784728520.6084,21:55:20,717886421565,116985,100,24039,285,40
1784728520.8084,21:55:20,717886444795,116985,100,24039,285,40
1784728521.0084,21:55:21,717886469060,119893,100,24039,330,40
1784728521.2084,21:55:21,717886493321,119893,100,24039,330,40
1784728521.4085,21:55:21,717886516163,119893,100,24039,330,40
1784728521.6084,21:55:21,717886538022,121333,100,24039,270,40
1784728521.8085,21:55:21,717886559837,121333,100,24039,270,40
1784728522.0084,21:55:22,717886583990,120644,100,24039,210,40
1784728522.2084,21:55:22,717886607977,120644,100,24039,210,40
1784728522.4085,21:55:22,717886631950,120644,100,24039,210,40
1784728522.6085,21:55:22,717886655935,121575,100,24039,210,40
1784728522.8084,21:55:22,717886679832,121575,100,24039,210,40
1784728523.0085,21:55:23,717886703655,125404,100,24039,210,40
1784728523.2084,21:55:23,717886727533,125404,100,24039,210,40
1784728523.4085,21:55:23,717886743050,125404,100,24039,210,40
1784728523.6085,21:55:23,717886751795,107047,100,24039,210,39
1784728523.8085,21:55:23,717886761123,107047,100,24039,210,39
1784728524.0084,21:55:24,717886772965,76879,0,24039,2520,38
1784728524.2084,21:55:24,717886784808,76879,0,24039,2520,38
1784728524.4085,21:55:24,717886795344,76879,0,24039,2520,38
1784728524.6085,21:55:24,717886802016,65428,0,24039,2520,39
1784728524.8085,21:55:24,717886808697,65428,0,24039,2520,39
1784728525.0085,21:55:25,717886815366,65428,0,24039,2520,39
1784728525.2085,21:55:25,717886822073,65428,0,24039,2520,39
1784728525.4085,21:55:25,717886832570,65428,0,24039,2520,39
1784728525.6085,21:55:25,717886839217,61818,0,24039,2520,38
1784728525.8085,21:55:25,717886845862,61818,0,24039,2520,38
1784728526.0084,21:55:26,717886852512,61818,0,24039,2520,38
1784728526.2084,21:55:26,717886859143,61818,0,24039,2520,38
1784728526.4085,21:55:26,717886869613,61818,0,24039,2520,38
1784728526.6085,21:55:26,717886876247,61721,0,24039,2520,38
1784728526.8085,21:55:26,717886882878,61721,0,24039,2520,38
1784728527.0084,21:55:27,717886889504,61721,0,24039,2520,38
1784728527.2085,21:55:27,717886896122,61721,0,24039,2520,38
1784728527.4085,21:55:27,717886906592,61721,0,24039,2520,38
1784728527.6085,21:55:27,717886913192,61672,0,24039,2520,38
1784728527.8085,21:55:27,717886919783,61672,0,24039,2520,38
1784728528.0084,21:55:28,717886926381,61672,0,24039,2520,38
1784728528.2085,21:55:28,717886933007,61672,0,24039,2520,38
1784728528.4085,21:55:28,717886943427,61672,0,24039,2520,38
1784728528.6085,21:55:28,717886949997,61678,0,24039,2520,38
1784728528.8085,21:55:28,717886956573,61678,0,24039,2520,38
1784728529.0085,21:55:29,717886963137,61678,0,24039,2520,38
1784728529.2085,21:55:29,717886969697,61678,0,24039,2520,38
1784728529.4085,21:55:29,717886980071,61678,0,24039,2520,38
1784728529.6085,21:55:29,717886986611,61619,0,24039,2520,38
1784728529.8085,21:55:29,717886993135,61619,0,24039,2520,38
1784728530.0085,21:55:30,717886999653,61619,0,24039,2520,38
1784728530.2085,21:55:30,717887006190,61619,0,24039,2520,38
1784728530.4085,21:55:30,717887016524,61619,0,24039,2520,38
1784728530.6085,21:55:30,717887023044,61483,0,24039,2520,38
1784728530.8085,21:55:30,717887029529,61483,0,24039,2520,38
1784728531.0085,21:55:31,717887036011,61483,0,24039,2520,38
1784728531.2085,21:55:31,717887042494,61483,0,24039,2520,38
1784728531.4085,21:55:31,717887052809,61483,0,24039,2520,38
1784728531.6085,21:55:31,717887059289,61306,0,24039,2520,38
1784728531.8085,21:55:31,717887065772,61306,0,24039,2520,38
1784728532.0085,21:55:32,717887072260,61306,0,24039,2520,38
1784728532.2085,21:55:32,717887078735,61306,0,24039,2520,38
1784728532.4085,21:55:32,717887089031,61306,0,24039,2520,38
1784728532.6085,21:55:32,717887095499,61276,0,24039,2520,38
1784728532.8085,21:55:32,717887101964,61276,0,24039,2520,38
1784728533.0085,21:55:33,717887108447,61276,0,24039,2520,38
1784728533.2085,21:55:33,717887114936,61276,0,24039,2520,38
1784728533.4085,21:55:33,717887125245,61276,0,24039,2520,38
1784728533.6085,21:55:33,717887131721,61374,0,24039,2520,38
1784728533.8085,21:55:33,717887138182,61374,0,24039,2520,38
1784728534.0085,21:55:34,717887144668,61374,0,24039,2520,38
1784728534.2084,21:55:34,717887151134,61374,0,24039,2520,38
1784728534.4085,21:55:34,717887161459,61374,0,24039,2520,38
1784728534.6085,21:55:34,717887167924,61479,0,24039,2520,38
1784728534.8085,21:55:34,717887174382,61479,0,24039,2520,38
1784728535.0085,21:55:35,717887180819,61479,0,24039,2520,38
1784728535.2085,21:55:35,717887187289,61479,0,24039,2520,38
1784728535.4085,21:55:35,717887197525,61479,0,24039,2520,38
1784728535.6085,21:55:35,717887203941,61578,0,24039,2520,38
1784728535.8085,21:55:35,717887210351,61578,0,24039,2520,38
1784728536.0084,21:55:36,717887216744,61578,0,24039,2520,38
1784728536.2085,21:55:36,717887223147,61578,0,24039,2520,38
1784728536.4085,21:55:36,717887233356,61578,0,24039,2520,38
1784728536.6085,21:55:36,717887239740,61460,0,24039,2520,38
1784728536.8085,21:55:36,717887246163,61460,0,24039,2520,38
1784728537.0085,21:55:37,717887252565,61460,0,24039,2520,38
1784728537.2085,21:55:37,717887258968,61460,0,24039,2520,38
1784728537.4085,21:55:37,717887269194,61460,0,24039,2520,38
1784728537.6085,21:55:37,717887275571,61370,0,24039,2520,38
1784728537.8085,21:55:37,717887281925,61370,0,24039,2520,38
1784728538.0085,21:55:38,717887288258,61370,0,24039,2520,38
1784728538.2085,21:55:38,717887316919,61370,0,24039,2520,38
1784728538.4085,21:55:38,717887398150,61370,0,24039,2520,38
1784728538.6085,21:55:38,717887467636,170283,0,24039,2565,60
1784728538.8085,21:55:38,717887526569,170283,0,24039,2565,60
1784728539.0085,21:55:39,717887590573,212772,100,24039,2520,55
1784728539.2085,21:55:39,717887648311,212772,100,24039,2520,55
1784728539.4085,21:55:39,717887717858,212772,100,24039,2520,55
1784728539.6085,21:55:39,717887774957,341151,100,24039,2685,50
1784728539.8085,21:55:39,717887834981,341151,100,24039,2685,50
1784728540.0085,21:55:40,717887893955,330321,100,24039,2685,50
1784728540.2085,21:55:40,717887962720,330321,100,24039,2685,50
1784728540.4085,21:55:40,717888031702,330321,100,24039,2685,50
1784728540.6085,21:55:40,717888089225,337039,100,24039,2685,52
1784728540.8085,21:55:40,717888153519,337039,100,24039,2685,52
1784728541.0085,21:55:41,717888211237,339940,100,24039,2685,50
1784728541.2085,21:55:41,717888275632,339940,100,24039,2685,50
1784728541.4085,21:55:41,717888332991,339940,100,24039,2685,50
1784728541.6085,21:55:41,717888388570,322651,100,24039,2625,49
1784728541.8085,21:55:41,717888441445,322651,100,24039,2625,49
1784728542.0084,21:55:42,717888491477,303038,100,24039,2445,48
1784728542.2084,21:55:42,717888540068,303038,100,24039,2445,48
1784728542.4085,21:55:42,717888582683,303038,100,24039,2445,48
1784728542.6085,21:55:42,717888621949,264409,100,24039,1185,45
1784728542.8085,21:55:42,717888648127,264409,100,24039,1185,45
1784728543.0085,21:55:43,717888673127,203036,100,24039,600,44
1784728543.2085,21:55:43,717888702404,203036,100,24039,600,44
1784728543.4085,21:55:43,717888764220,203036,100,24039,600,44
1784728543.6085,21:55:43,717888821437,208475,100,24039,2685,49
1784728543.8085,21:55:43,717888876590,208475,100,24039,2685,49
1784728544.0085,21:55:44,717888928847,266594,100,24039,2475,49
1784728544.2085,21:55:44,717888975418,266594,100,24039,2475,49
1784728544.4085,21:55:44,717889020396,266594,100,24039,2475,49
1784728544.6085,21:55:44,717889055833,273147,100,24039,1005,47
1784728544.8085,21:55:44,717889094351,273147,100,24039,1005,47
1784728545.0085,21:55:45,717889120716,218344,100,24039,585,44
1784728545.2085,21:55:45,717889148304,218344,100,24039,585,44
1784728545.4085,21:55:45,717889178203,218344,100,24039,585,44
1784728545.6085,21:55:45,717889208049,170751,100,24039,630,43
1784728545.8085,21:55:45,717889236563,170751,100,24039,630,43
1784728546.0085,21:55:46,717889264102,153867,100,24039,555,43
1784728546.2085,21:55:46,717889289844,153867,100,24039,555,43
1784728546.4085,21:55:46,717889313452,153867,100,24039,555,43
1784728546.6085,21:55:46,717889336454,145398,100,24039,390,42
1784728546.8085,21:55:46,717889359403,145398,100,24039,390,42
1784728547.0085,21:55:47,717889383147,131855,100,24039,435,42
1784728547.2085,21:55:47,717889407811,131855,100,24039,435,42
1784728547.4085,21:55:47,717889433242,131855,100,24039,435,42
1784728547.6085,21:55:47,717889456227,131951,100,24039,495,42
1784728547.8085,21:55:47,717889479854,131951,100,24039,495,42
1784728548.0085,21:55:48,717889507711,136387,100,24039,630,42
1784728548.2085,21:55:48,717889549085,136387,100,24039,630,42
1784728548.4085,21:55:48,717889573042,136387,100,24039,630,42
1784728548.6084,21:55:48,717889621165,135838,100,24039,540,43
1784728548.8085,21:55:48,717889682572,135838,100,24039,540,43
1784728549.0085,21:55:49,717889740306,207689,100,24039,1455,49
1784728549.2085,21:55:49,717889781665,207689,100,24039,1455,49
1784728549.4085,21:55:49,717889820450,207689,100,24039,1455,49
1784728549.6085,21:55:49,717889852038,237190,100,24039,840,45
1784728549.8085,21:55:49,717889876149,237190,100,24039,840,45
1784728550.0085,21:55:50,717889906800,189139,100,24039,510,43
1784728550.2085,21:55:50,717889933459,189139,100,24039,510,43
1784728550.4085,21:55:50,717889960418,189139,100,24039,510,43
1784728550.6085,21:55:50,717889986248,144454,100,24039,435,42
1784728550.8085,21:55:50,717890011176,144454,100,24039,435,42
1784728551.0085,21:55:51,717890036046,134148,100,24039,375,41
1784728551.2085,21:55:51,717890060936,134148,100,24039,375,41
1784728551.4085,21:55:51,717890085799,134148,100,24039,375,41
1784728551.6085,21:55:51,717890111210,126470,100,24039,390,41
1784728551.8085,21:55:51,717890136441,126470,100,24039,390,41
1784728552.0085,21:55:52,717890161427,125548,100,24039,375,41
1784728552.2085,21:55:52,717890186727,125548,100,24039,375,41
1784728552.4085,21:55:52,717890212072,125548,100,24039,375,41
1784728552.6085,21:55:52,717890237006,126646,100,24039,390,41
1784728552.8085,21:55:52,717890262114,126646,100,24039,390,41
1784728553.0085,21:55:53,717890286951,126216,100,24039,375,41
1784728553.2085,21:55:53,717890312104,126216,100,24039,375,41
1784728553.4085,21:55:53,717890337103,126216,100,24039,375,41
1784728553.6085,21:55:53,717890361951,125978,100,24039,375,41
1784728553.8085,21:55:53,717890386867,125978,100,24039,375,41
1784728554.0085,21:55:54,717890412090,125748,100,24039,390,41
1784728554.2085,21:55:54,717890437226,125748,100,24039,390,41
1784728554.4085,21:55:54,717890462469,125748,100,24039,390,41
1784728554.6085,21:55:54,717890487274,126224,100,24039,375,41
1784728554.8085,21:55:54,717890513950,126224,100,24039,375,41
1784728555.0085,21:55:55,717890540725,128958,100,24039,435,41
1784728555.2085,21:55:55,717890567469,128958,100,24039,435,41
1784728555.4085,21:55:55,717890594296,128958,100,24039,435,41
1784728555.6085,21:55:55,717890621071,132635,100,24039,435,41
1784728555.8085,21:55:55,717890647816,132635,100,24039,435,41
1784728556.0085,21:55:56,717890674460,135172,100,24039,435,41
1784728556.2085,21:55:56,717890701192,135172,100,24039,435,41
1784728556.4085,21:55:56,717890727888,135172,100,24039,435,41
1784728556.6085,21:55:56,717890754647,135074,100,24039,435,41
1784728556.8085,21:55:56,717890780980,135074,100,24039,435,41
1784728557.0085,21:55:57,717890807307,134876,100,24039,420,41
1784728557.2085,21:55:57,717890833667,134876,100,24039,420,41
1784728557.4085,21:55:57,717890860576,134876,100,24039,420,41
1784728557.6085,21:55:57,717890885568,135557,100,24039,465,41
1784728557.8085,21:55:57,717890910137,135557,100,24039,465,41
1784728558.0085,21:55:58,717890933430,131652,100,24039,330,41
1784728558.2085,21:55:58,717890954246,131652,100,24039,330,41
1784728558.4085,21:55:58,717890973879,131652,100,24039,330,41
1784728558.6085,21:55:58,717890994560,118616,100,24039,240,40
1784728558.8085,21:55:58,717891017163,118616,100,24039,240,40
1784728559.0085,21:55:59,717891041492,111377,100,24039,390,40
1784728559.2085,21:55:59,717891066860,111377,100,24039,390,40
1784728559.4085,21:55:59,717891092298,111377,100,24039,390,40
1784728559.6085,21:55:59,717891118753,120391,100,24039,420,41
1784728559.8085,21:55:59,717891144958,120391,100,24039,420,41
1784728560.0085,21:56:00,717891169850,131339,100,24039,390,41
1784728560.2085,21:56:00,717891194898,131339,100,24039,390,41
1784728560.4085,21:56:00,717891219815,131339,100,24039,390,41
1784728560.6085,21:56:00,717891244575,131256,100,24039,375,41
1784728560.8085,21:56:00,717891269529,131256,100,24039,375,41
1784728561.0085,21:56:01,717891294553,128208,100,24039,390,41
1784728561.2085,21:56:01,717891319428,128208,100,24039,390,41
1784728561.4085,21:56:01,717891344274,128208,100,24039,390,41
1784728561.6085,21:56:01,717891369483,127986,100,24039,390,41
1784728561.8085,21:56:01,717891394866,127986,100,24039,390,41
1784728562.0085,21:56:02,717891418607,128739,100,24039,315,41
1784728562.2085,21:56:02,717891440433,128739,100,24039,315,41
1784728562.4085,21:56:02,717891460669,128739,100,24039,315,41
1784728562.6085,21:56:02,717891480958,120651,100,24039,210,40
1784728562.8085,21:56:02,717891501195,120651,100,24039,210,40
1784728563.0085,21:56:03,717891522890,109598,100,24039,255,40
1784728563.2085,21:56:03,717891546756,109598,100,24039,255,40
1784728563.4085,21:56:03,717891570903,109598,100,24039,255,40
1784728563.6085,21:56:03,717891595058,112923,100,24039,315,40
1784728563.8085,21:56:03,717891619214,112923,100,24039,315,40
1784728564.0085,21:56:04,717891643364,121979,100,24039,315,40
1784728564.2085,21:56:04,717891667411,121979,100,24039,315,40
1784728564.4085,21:56:04,717891692881,121979,100,24039,315,40
1784728564.6085,21:56:04,717891717375,125460,100,24039,210,41
1784728564.8085,21:56:04,717891741785,125460,100,24039,210,41
1784728565.0085,21:56:05,717891766236,126250,100,24039,210,40
1784728565.2085,21:56:05,717891790754,126250,100,24039,210,40
1784728565.4085,21:56:05,717891815221,126250,100,24039,210,40
1784728565.6085,21:56:05,717891839767,126275,100,24039,210,40
1784728565.8085,21:56:05,717891864253,126275,100,24039,210,40
1784728566.0085,21:56:06,717891888780,126190,100,24039,210,40
1784728566.2085,21:56:06,717891913227,126190,100,24039,210,40
1784728566.4085,21:56:06,717891937755,126190,100,24039,210,40
1784728566.6085,21:56:06,717891962273,126198,100,24039,210,40
1784728566.8085,21:56:06,717891986870,126198,100,24039,210,40
1784728567.0085,21:56:07,717892011354,126286,100,24039,210,40
1784728567.2085,21:56:07,717892035851,126286,100,24039,210,40
1784728567.4085,21:56:07,717892060284,126286,100,24039,210,40
1784728567.6085,21:56:07,717892084777,126264,100,24039,210,40
1784728567.8085,21:56:07,717892109331,126264,100,24039,210,40
1784728568.0085,21:56:08,717892133873,126214,100,24039,210,40
1784728568.2085,21:56:08,717892158474,126214,100,24039,210,40
1784728568.4085,21:56:08,717892172733,126214,100,24039,210,40
1784728568.6085,21:56:08,717892184293,116366,100,24039,2340,39
1784728568.8085,21:56:08,717892196091,116366,100,24039,2340,39
1784728569.0085,21:56:09,717892208184,86603,0,24039,2520,39
1784728569.2085,21:56:09,717892220113,86603,0,24039,2520,39
1784728569.4085,21:56:09,717892232209,86603,0,24039,2520,39
1784728569.6085,21:56:09,717892244159,69102,0,24039,2520,39
1784728569.8085,21:56:09,717892256090,69102,0,24039,2520,39
1784728570.0085,21:56:10,717892268015,69102,0,24039,2520,39
1784728570.2085,21:56:10,717892279946,69102,0,24039,2520,39
1784728570.4085,21:56:10,717892291905,69102,0,24039,2520,39
1784728570.6085,21:56:10,717892303813,61909,0,24039,2520,38
1784728570.8085,21:56:10,717892315715,61909,0,24039,2520,38
1784728571.0085,21:56:11,717892327616,61909,0,24039,2520,38
1784728571.2085,21:56:11,717892339501,61909,0,24039,2520,38
1784728571.4085,21:56:11,717892351413,61909,0,24039,2520,38
1784728571.6085,21:56:11,717892363286,61833,0,24039,2520,38
1784728571.8085,21:56:11,717892375178,61833,0,24039,2520,38
1784728572.0085,21:56:12,717892387055,61833,0,24039,2520,38
1784728572.2085,21:56:12,717892398908,61833,0,24039,2520,38
1784728572.4085,21:56:12,717892410782,61833,0,24039,2520,38
1784728572.6085,21:56:12,717892422610,61749,0,24039,2520,38
1784728572.8085,21:56:12,717892434457,61749,0,24039,2520,38
1784728573.0085,21:56:13,717892446334,61749,0,24039,2520,38
1784728573.2085,21:56:13,717892458201,61749,0,24039,2520,38
1784728573.4085,21:56:13,717892470031,61749,0,24039,2520,38
1784728573.6085,21:56:13,717892481857,61712,0,24039,2520,38
1784728573.8085,21:56:13,717892493672,61712,0,24039,2520,38
1784728574.0085,21:56:14,717892505478,61712,0,24039,2520,38
1784728574.2085,21:56:14,717892517269,61712,0,24039,2520,38
1784728574.4085,21:56:14,717892529091,61712,0,24039,2520,38
1784728574.6085,21:56:14,717892540874,61640,0,24039,2520,38
1784728574.8085,21:56:14,717892552654,61640,0,24039,2520,38
1784728575.0085,21:56:15,717892564423,61640,0,24039,2520,38
1784728575.2085,21:56:15,717892576209,61640,0,24039,2520,38
1784728575.4085,21:56:15,717892588030,61640,0,24039,2520,38
1784728575.6085,21:56:15,717892599837,61566,0,24039,2520,38
1784728575.8085,21:56:15,717892611650,61566,0,24039,2520,38
1784728576.0085,21:56:16,717892623448,61566,0,24039,2520,38
1784728576.2085,21:56:16,717892635208,61566,0,24039,2520,38
1784728576.4085,21:56:16,717892646990,61566,0,24039,2520,38
1784728576.6085,21:56:16,717892658734,61635,0,24039,2520,38
1784728576.8085,21:56:16,717892670491,61635,0,24039,2520,38
1784728577.0085,21:56:17,717892682239,61635,0,24039,2520,38
1784728577.2085,21:56:17,717892693986,61635,0,24039,2520,38
1784728577.4085,21:56:17,717892705750,61635,0,24039,2520,38
1784728577.6085,21:56:17,717892717474,61644,0,24039,2520,38
1784728577.8085,21:56:17,717892729201,61644,0,24039,2520,38
1784728578.0085,21:56:18,717892740946,61644,0,24039,2520,38
1784728578.2085,21:56:18,717892752689,61644,0,24039,2520,38
1784728578.4085,21:56:18,717892764465,61644,0,24039,2520,38
1784728578.6085,21:56:18,717892776220,61596,0,24039,2520,38
1784728578.8085,21:56:18,717892787965,61596,0,24039,2520,38
1784728579.0085,21:56:19,717892799685,61596,0,24039,2520,38
1784728579.2085,21:56:19,717892811385,61596,0,24039,2520,38
1784728579.4085,21:56:19,717892823109,61596,0,24039,2520,38
1784728579.6085,21:56:19,717892834792,61671,0,24039,2520,38
1784728579.8085,21:56:19,717892846485,61671,0,24039,2520,38
1784728580.0085,21:56:20,717892858186,61671,0,24039,2520,38
1784728580.2085,21:56:20,717892869896,61671,0,24039,2520,38
1784728580.4085,21:56:20,717892881608,61671,0,24039,2520,38
1784728580.6085,21:56:20,717892893270,61669,0,24039,2520,38
1784728580.8085,21:56:20,717892904918,61669,0,24039,2520,38
1784728581.0085,21:56:21,717892916556,61669,0,24039,2520,38
1784728581.2085,21:56:21,717892928199,61669,0,24039,2520,38
1784728581.4085,21:56:21,717892939875,61669,0,24039,2520,38
1784728581.6085,21:56:21,717892951505,61566,0,24039,2520,38
1784728581.8085,21:56:21,717892963133,61566,0,24039,2520,38
1784728582.0085,21:56:22,717892974741,61566,0,24039,2520,38
1784728582.2085,21:56:22,717892986329,61566,0,24039,2520,38
1784728582.4085,21:56:22,717892997961,61566,0,24039,2520,38
1784728582.6085,21:56:22,717893009540,61472,0,24039,2520,38
1784728582.8085,21:56:22,717893021132,61472,0,24039,2520,38
1784728583.0085,21:56:23,717893032719,61472,0,24039,2520,38
1784728583.2085,21:56:23,717893044325,61472,0,24039,2520,38
1784728583.4085,21:56:23,717893055946,61472,0,24039,2520,38
1784728583.6085,21:56:23,717893067524,61411,0,24039,2520,37
1784728583.8085,21:56:23,717893079070,61411,0,24039,2520,37
1784728584.0085,21:56:24,717893157568,79758,99,24039,2520,53
1784728584.2085,21:56:24,717893240107,79758,99,24039,2520,53
1784728584.4085,21:56:24,717893300338,79758,99,24039,2520,53
1784728584.6085,21:56:24,717893366809,223554,99,24039,2685,49
1784728584.8085,21:56:24,717893425511,223554,99,24039,2685,49
1784728585.0085,21:56:25,717893490803,360699,100,24039,2685,49
1784728585.2085,21:56:25,717893552012,360699,100,24039,2685,49
1784728585.4085,21:56:25,717893613980,360699,100,24039,2685,49
1784728585.6085,21:56:25,717893676295,330038,100,24039,2685,49
1784728585.8085,21:56:25,717893746708,330038,100,24039,2685,49
1784728586.0085,21:56:26,717893807131,337374,100,24039,2685,50
1784728586.2085,21:56:26,717893877084,337374,100,24039,2685,50
1784728586.4085,21:56:26,717893945931,337374,100,24039,2685,50
1784728586.6085,21:56:26,717894004173,345420,100,24039,2685,50
1784728586.8085,21:56:26,717894068912,345420,100,24039,2685,50
1784728587.0085,21:56:27,717894128248,335719,100,24039,2685,50
1784728587.2085,21:56:27,717894187988,335719,100,24039,2685,50
1784728587.4085,21:56:27,717894247799,335719,100,24039,2685,50
1784728587.6085,21:56:27,717894306595,324824,100,24039,2685,50
1784728587.8085,21:56:27,717894364490,324824,100,24039,2685,50
1784728588.0085,21:56:28,717894423248,312098,100,24039,2685,50
1784728588.2085,21:56:28,717894478521,312098,100,24039,2685,50
1784728588.4085,21:56:28,717894525693,312098,100,24039,2685,50
1784728588.6085,21:56:28,717894562866,295997,100,24039,870,48
1784728588.8085,21:56:28,717894597437,295997,100,24039,870,48
1784728589.0085,21:56:29,717894637291,242813,100,24039,1410,45
1784728589.2085,21:56:29,717894679797,242813,100,24039,1410,45
1784728589.4085,21:56:29,717894720850,242813,100,24039,1410,45
1784728589.6085,21:56:29,717894760363,209011,100,24039,1170,45
1784728589.8085,21:56:29,717894793151,209011,100,24039,1170,45
1784728590.0085,21:56:30,717894824810,203771,100,24039,675,44
1784728590.2085,21:56:30,717894853734,203771,100,24039,675,44
1784728590.4085,21:56:30,717894878201,203771,100,24039,675,44
1784728590.6085,21:56:30,717894911762,171867,100,24039,690,43
1784728590.8085,21:56:30,717894946833,171867,100,24039,690,43
1784728591.0085,21:56:31,717894974626,161077,100,24039,705,44
1784728591.2085,21:56:31,717895011032,161077,100,24039,705,44
1784728591.4085,21:56:31,717895048747,161077,100,24039,705,44
1784728591.6085,21:56:31,717895086491,176430,100,24039,1005,44
1784728591.8085,21:56:31,717895122141,176430,100,24039,1005,44
1784728592.0085,21:56:32,717895155428,185653,100,24039,690,43
1784728592.2085,21:56:32,717895187218,185653,100,24039,690,43
1784728592.4085,21:56:32,717895217630,185653,100,24039,690,43
1784728592.6085,21:56:32,717895246361,181109,100,24039,585,43
1784728592.8085,21:56:32,717895271041,181109,100,24039,585,43
1784728593.0085,21:56:33,717895293215,153437,100,24039,420,42
1784728593.2085,21:56:33,717895319255,153437,100,24039,420,42
1784728593.4085,21:56:33,717895346126,153437,100,24039,420,42
1784728593.6085,21:56:33,717895372355,138528,100,24039,495,42
1784728593.8085,21:56:33,717895396273,138528,100,24039,495,42
1784728594.0085,21:56:34,717895435688,136632,100,24039,2355,44
1784728594.2085,21:56:34,717895493457,136632,100,24039,2355,44
1784728594.4085,21:56:34,717895557207,136632,100,24039,2355,44
1784728594.6085,21:56:34,717895603157,225112,100,24039,1845,51
1784728594.8085,21:56:34,717895645045,225112,100,24039,1845,51
1784728595.0085,21:56:35,717895676979,255825,100,24039,690,45
1784728595.2085,21:56:35,717895706551,255825,100,24039,690,45
1784728595.4085,21:56:35,717895734162,255825,100,24039,690,45
1784728595.6085,21:56:35,717895759864,201412,100,24039,465,42
1784728595.8085,21:56:35,717895783321,201412,100,24039,465,42
1784728596.0085,21:56:36,717895805033,144519,100,24039,330,41
1784728596.2085,21:56:36,717895825549,144519,100,24039,330,41
1784728596.4085,21:56:36,717895847562,144519,100,24039,330,41
1784728596.6085,21:56:36,717895870701,123267,100,24039,375,41
1784728596.8085,21:56:36,717895893965,123267,100,24039,375,41
1784728597.0085,21:56:37,717895918992,119849,100,24039,435,42
1784728597.2085,21:56:37,717895944208,119849,100,24039,435,42
1784728597.4085,21:56:37,717895967806,119849,100,24039,435,42
1784728597.6085,21:56:37,717895988315,127889,100,24039,360,42
1784728597.8085,21:56:37,717896038221,127889,100,24039,360,42
1784728598.0085,21:56:38,717896108124,179396,100,24039,2595,53
1784728598.2085,21:56:38,717896163669,179396,100,24039,2595,53
1784728598.4085,21:56:38,717896217380,179396,100,24039,2595,53
1784728598.6085,21:56:38,717896270472,252984,100,24039,1635,49
1784728598.8085,21:56:38,717896311383,252984,100,24039,1635,49
1784728599.0085,21:56:39,717896345753,281536,100,24039,690,45
1784728599.2085,21:56:39,717896375454,281536,100,24039,690,45
1784728599.4085,21:56:39,717896399516,281536,100,24039,690,45
1784728599.6085,21:56:39,717896419147,204259,100,24039,360,42
1784728599.8085,21:56:39,717896436721,204259,100,24039,360,42
1784728600.0085,21:56:40,717896454398,131281,100,24039,210,41
1784728600.2085,21:56:40,717896472122,131281,100,24039,210,41
1784728600.4085,21:56:40,717896489802,131281,100,24039,210,41
1784728600.6085,21:56:40,717896508520,99073,100,24039,210,40
1784728600.8085,21:56:40,717896528842,99073,100,24039,210,40
1784728601.0085,21:56:41,717896567191,103861,100,24039,2520,44
1784728601.2085,21:56:41,717896627721,103861,100,24039,2520,44
1784728601.4085,21:56:41,717896687681,103861,100,24039,2520,44
1784728601.6085,21:56:41,717896754847,201588,100,24039,2700,54
1784728601.8085,21:56:41,717896809151,201588,100,24039,2700,54
1784728602.0085,21:56:42,717896860583,298433,100,24039,2475,48
1784728602.2085,21:56:42,717896907611,298433,100,24039,2475,48
1784728602.4085,21:56:42,717896955286,298433,100,24039,2475,48
1784728602.6085,21:56:42,717897000409,290888,100,24039,1695,51
1784728602.8085,21:56:42,717897039019,290888,100,24039,1695,51
1784728603.0085,21:56:43,717897067460,243604,100,24039,540,44
1784728603.2085,21:56:43,717897088588,243604,100,24039,540,44
1784728603.4085,21:56:43,717897107870,243604,100,24039,540,44
1784728603.6085,21:56:43,717897125460,174604,100,24039,210,41
1784728603.8085,21:56:43,717897143043,174604,100,24039,210,41
1784728604.0085,21:56:44,717897160617,111139,100,24039,210,41
1784728604.2085,21:56:44,717897177233,111139,100,24039,210,41
1784728604.4085,21:56:44,717897191380,111139,100,24039,210,41
1784728604.6085,21:56:44,717897213545,91531,100,24039,210,41
1784728604.8085,21:56:44,717897276819,91531,100,24039,210,41
1784728605.0085,21:56:45,717897339633,162204,100,24039,2685,51
1784728605.2085,21:56:45,717897399564,162204,100,24039,2685,51
1784728605.4085,21:56:45,717897457551,162204,100,24039,2685,51
1784728605.6085,21:56:45,717897502377,265564,100,24039,2040,50
1784728605.8085,21:56:45,717897547408,265564,100,24039,2040,50
1784728606.0085,21:56:46,717897585298,283245,100,24039,1005,46
1784728606.2085,21:56:46,717897616969,283245,100,24039,1005,46
1784728606.4085,21:56:46,717897641900,283245,100,24039,1005,46
1784728606.6085,21:56:46,717897661836,212434,100,24039,285,43
1784728606.8085,21:56:46,717897679330,212434,100,24039,285,43
1784728607.0085,21:56:47,717897696883,138960,100,24039,210,41
1784728607.2085,21:56:47,717897714433,138960,100,24039,210,41
1784728607.4085,21:56:47,717897731926,138960,100,24039,210,41
1784728607.6085,21:56:47,717897746214,101221,100,24039,210,41
1784728607.8085,21:56:47,717897760380,101221,100,24039,210,41
1784728608.0085,21:56:48,717897776294,87499,100,24039,210,41
1784728608.2085,21:56:48,717897795007,87499,100,24039,210,41
1784728608.4085,21:56:48,717897815133,87499,100,24039,210,41
1784728608.6085,21:56:48,717897837188,91146,100,24039,315,41
1784728608.8085,21:56:48,717897860986,91146,100,24039,315,41
1784728609.0085,21:56:49,717897885517,111787,100,24039,420,42
1784728609.2085,21:56:49,717897910003,111787,100,24039,420,42
1784728609.4085,21:56:49,717897934475,111787,100,24039,420,42
1784728609.6085,21:56:49,717897957300,128628,100,24039,405,42
1784728609.8085,21:56:49,717897978727,128628,100,24039,405,42
1784728610.0085,21:56:50,717897999509,127327,100,24039,315,41
1784728610.2085,21:56:50,717898019919,127327,100,24039,315,41
1784728610.4085,21:56:50,717898037695,127327,100,24039,315,41
1784728610.6085,21:56:50,717898053685,114868,100,24039,255,41
1784728610.8085,21:56:50,717898090006,114868,100,24039,255,41
1784728611.0085,21:56:51,717898151040,145389,100,24039,2685,49
1784728611.2085,21:56:51,717898209081,145389,100,24039,2685,49
1784728611.4085,21:56:51,717898260219,145389,100,24039,2685,49
1784728611.6085,21:56:51,717898318264,225737,100,24039,2685,53
1784728611.8085,21:56:51,717898367385,225737,100,24039,2685,53
1784728612.0085,21:56:52,717898413428,298104,100,24039,2280,47
1784728612.2085,21:56:52,717898456910,298104,100,24039,2280,47
1784728612.4085,21:56:52,717898498083,298104,100,24039,2280,47
1784728612.6085,21:56:52,717898532577,262443,100,24039,1140,45
1784728612.8085,21:56:52,717898564833,262443,100,24039,1140,45
1784728613.0085,21:56:53,717898591404,210666,100,24039,570,43
1784728613.2085,21:56:53,717898613784,210666,100,24039,570,43
1784728613.4085,21:56:53,717898631025,210666,100,24039,570,43
1784728613.6085,21:56:53,717898647470,151816,100,24039,210,41
1784728613.8085,21:56:53,717898664725,151816,100,24039,210,41
1784728614.0085,21:56:54,717898681924,107946,100,24039,210,41
1784728614.2085,21:56:54,717898696048,107946,100,24039,210,41
1784728614.4085,21:56:54,717898710008,107946,100,24039,210,41
1784728614.6084,21:56:54,717898725671,87757,100,24039,210,41
1784728614.8085,21:56:54,717898742838,87757,100,24039,210,41
1784728615.0085,21:56:55,717898757292,85896,100,24039,210,40
1784728615.2085,21:56:55,717898772632,85896,100,24039,210,40
1784728615.4085,21:56:55,717898791135,85896,100,24039,210,40
1784728615.6085,21:56:55,717898811417,88498,100,24039,285,40
1784728615.8085,21:56:55,717898832305,88498,100,24039,285,40
1784728616.0085,21:56:56,717898850404,98644,100,24039,285,41
1784728616.2085,21:56:56,717898871057,98644,100,24039,285,41
1784728616.4085,21:56:56,717898892067,98644,100,24039,285,41
1784728616.6085,21:56:56,717898912898,110716,100,24039,330,41
1784728616.8085,21:56:56,717898933539,110716,100,24039,330,41
1784728617.0085,21:56:57,717898954202,112296,100,24039,315,41
1784728617.2085,21:56:57,717898975156,112296,100,24039,315,41
1784728617.4085,21:56:57,717898996109,112296,100,24039,315,41
1784728617.6085,21:56:57,717899015284,115552,100,24039,330,41
1784728617.8085,21:56:57,717899034583,115552,100,24039,330,41
1784728618.0085,21:56:58,717899056278,112838,100,24039,375,41
1784728618.2085,21:56:58,717899078935,112838,100,24039,375,41
1784728618.4085,21:56:58,717899102364,112838,100,24039,375,41
1784728618.6085,21:56:58,717899126586,117996,100,24039,435,41
1784728618.8085,21:56:58,717899151922,117996,100,24039,435,41
1784728619.0085,21:56:59,717899173214,127734,100,24039,315,41
1784728619.2085,21:56:59,717899194379,127734,100,24039,315,41
1784728619.4085,21:56:59,717899213853,127734,100,24039,315,41
1784728619.6085,21:56:59,717899233387,119524,100,24039,240,40
1784728619.8085,21:56:59,717899253566,119524,100,24039,240,40
1784728620.0085,21:57:00,717899275282,106459,100,24039,315,40
1784728620.2085,21:57:00,717899298845,106459,100,24039,315,40
1784728620.4085,21:57:00,717899322332,106459,100,24039,315,40
1784728620.6085,21:57:00,717899340512,110093,100,24039,285,41
1784728620.8085,21:57:00,717899362283,110093,100,24039,285,41
1784728621.0085,21:57:01,717899387530,113193,100,24039,405,41
1784728621.2084,21:57:01,717899410961,113193,100,24039,405,41
1784728621.4085,21:57:01,717899430773,113193,100,24039,405,41
1784728621.6085,21:57:01,717899455746,112029,100,24039,390,41
1784728621.8085,21:57:01,717899474611,112029,100,24039,390,41
1784728622.0085,21:57:02,717899496965,113866,100,24039,375,41
1784728622.2085,21:57:02,717899555038,113866,100,24039,375,41
1784728622.4085,21:57:02,717899622717,113866,100,24039,375,41
1784728622.6085,21:57:02,717899676747,193870,100,24039,2175,50
1784728622.8085,21:57:02,717899724463,193870,100,24039,2175,50
1784728623.0085,21:57:03,717899765881,260389,100,24039,915,46
1784728623.2085,21:57:03,717899799177,260389,100,24039,915,46
1784728623.4085,21:57:03,717899826018,260389,100,24039,915,46
1784728623.6085,21:57:03,717899846934,224241,100,24039,255,42
1784728623.8085,21:57:03,717899865638,224241,100,24039,255,42
1784728624.0085,21:57:04,717899880812,138550,100,24039,210,41
1784728624.2085,21:57:04,717899895925,138550,100,24039,210,41
1784728624.4085,21:57:04,717899911005,138550,100,24039,210,41
1784728624.6085,21:57:04,717899930563,91528,100,24039,240,40
1784728624.8085,21:57:04,717899952015,91528,100,24039,240,40
1784728625.0085,21:57:05,717899975494,91501,100,24039,360,41
1784728625.2085,21:57:05,717899998845,91501,100,24039,360,41
1784728625.4085,21:57:05,717900022790,91501,100,24039,360,41
1784728625.6085,21:57:05,717900048034,111518,100,24039,390,41
1784728625.8085,21:57:05,717900073965,111518,100,24039,390,41
1784728626.0085,21:57:06,717900099750,125969,100,24039,420,41
1784728626.2085,21:57:06,717900125344,125969,100,24039,420,41
1784728626.4085,21:57:06,717900149808,125969,100,24039,420,41
1784728626.6085,21:57:06,717900175600,129522,100,24039,420,41
1784728626.8085,21:57:06,717900201422,129522,100,24039,420,41
1784728627.0085,21:57:07,717900227336,130830,100,24039,420,41
1784728627.2085,21:57:07,717900252480,130830,100,24039,420,41
1784728627.4085,21:57:07,717900276868,130830,100,24039,420,41
1784728627.6085,21:57:07,717900301251,129622,100,24039,375,41
1784728627.8085,21:57:07,717900325610,129622,100,24039,375,41
1784728628.0085,21:57:08,717900349961,127145,100,24039,375,41
1784728628.2085,21:57:08,717900374324,127145,100,24039,375,41
1784728628.4085,21:57:08,717900398679,127145,100,24039,375,41
1784728628.6085,21:57:08,717900422309,124988,100,24039,375,41
1784728628.8085,21:57:08,717900444427,124988,100,24039,375,41
1784728629.0085,21:57:09,717900466549,121030,100,24039,315,41
1784728629.2085,21:57:09,717900488618,121030,100,24039,315,41
1784728629.4085,21:57:09,717900510711,121030,100,24039,315,41
1784728629.6085,21:57:09,717900533029,115765,100,24039,315,41
1784728629.8085,21:57:09,717900555200,115765,100,24039,315,41
1784728630.0085,21:57:10,717900578995,114478,100,24039,360,41
1784728630.2085,21:57:10,717900602476,114478,100,24039,360,41
1784728630.4085,21:57:10,717900627792,114478,100,24039,360,41
1784728630.6085,21:57:10,717900654252,119645,100,24039,450,41
1784728630.8085,21:57:10,717900681060,119645,100,24039,450,41
1784728631.0085,21:57:11,717900705713,128835,100,24039,390,41
1784728631.2085,21:57:11,717900730511,128835,100,24039,390,41
1784728631.4085,21:57:11,717900752699,128835,100,24039,390,41
1784728631.6085,21:57:11,717900774556,128310,100,24039,315,41
1784728631.8085,21:57:11,717900796778,128310,100,24039,315,41
1784728632.0085,21:57:12,717900820699,118961,100,24039,360,41
1784728632.2085,21:57:12,717900844548,118961,100,24039,360,41
1784728632.4085,21:57:12,717900868420,118961,100,24039,360,41
1784728632.6085,21:57:12,717900893358,118241,100,24039,390,41
1784728632.8085,21:57:12,717900918806,118241,100,24039,390,41
1784728633.0085,21:57:13,717900944364,125788,100,24039,405,41
1784728633.2085,21:57:13,717900969868,125788,100,24039,405,41
1784728633.4085,21:57:13,717900995391,125788,100,24039,405,41
1784728633.6085,21:57:13,717901020942,129561,100,24039,405,41
1784728633.8085,21:57:13,717901046485,129561,100,24039,405,41
1784728634.0085,21:57:14,717901069202,129429,100,24039,375,41
1784728634.2085,21:57:14,717901091083,129429,100,24039,375,41
1784728634.4085,21:57:14,717901117449,129429,100,24039,375,41
1784728634.6085,21:57:14,717901145481,126098,100,24039,450,41
1784728634.8085,21:57:14,717901174490,126098,100,24039,450,41
1784728635.0085,21:57:15,717901202177,133182,100,24039,435,41
1784728635.2085,21:57:15,717901228561,133182,100,24039,435,41
1784728635.4085,21:57:15,717901254401,133182,100,24039,435,41
1784728635.6085,21:57:15,717901281050,140625,100,24039,435,41
1784728635.8085,21:57:15,717901302951,140625,100,24039,435,41
1784728636.0085,21:57:16,717901321924,128576,100,24039,360,41
1784728636.2085,21:57:16,717901341640,128576,100,24039,360,41
1784728636.4085,21:57:16,717901377912,128576,100,24039,360,41
1784728636.6085,21:57:16,717901438474,128103,100,24039,2700,46
1784728636.8085,21:57:16,717901517542,128103,100,24039,2700,46
1784728637.0085,21:57:17,717901567642,224842,100,24039,2490,49
1784728637.2085,21:57:17,717901616924,224842,100,24039,2490,49
1784728637.4085,21:57:17,717901654255,224842,100,24039,2490,49
1784728637.6085,21:57:17,717901687862,280823,100,24039,795,44
1784728637.8085,21:57:17,717901716482,280823,100,24039,795,44
1784728638.0085,21:57:18,717901738592,198302,100,24039,225,42
1784728638.2085,21:57:18,717901755466,198302,100,24039,225,42
1784728638.4085,21:57:18,717901770396,198302,100,24039,225,42
1784728638.6085,21:57:18,717901785327,126482,100,24039,210,40
1784728638.8085,21:57:18,717901803364,126482,100,24039,210,40
1784728639.0085,21:57:19,717901864167,106785,100,24039,2520,51
1784728639.2085,21:57:19,717901922616,106785,100,24039,2520,51
1784728639.4085,21:57:19,717901981314,106785,100,24039,2520,51
1784728639.6085,21:57:19,717902037537,206866,100,24039,2550,48
1784728639.8085,21:57:19,717902086382,206866,100,24039,2550,48
1784728640.0085,21:57:20,717902135055,288967,100,24039,2325,47
1784728640.2085,21:57:20,717902179932,288967,100,24039,2325,47
1784728640.4085,21:57:20,717902222376,288967,100,24039,2325,47
1784728640.6085,21:57:20,717902256795,254819,100,24039,750,45
1784728640.8085,21:57:20,717902283832,254819,100,24039,750,45
1784728641.0085,21:57:21,717902305682,197118,100,24039,300,42
1784728641.2085,21:57:21,717902324511,197118,100,24039,300,42
1784728641.4085,21:57:21,717902340761,197118,100,24039,300,42
1784728641.6085,21:57:21,717902355581,129836,100,24039,210,41
1784728641.8085,21:57:21,717902370365,129836,100,24039,210,41
1784728642.0085,21:57:22,717902385135,88478,100,24039,210,40
1784728642.2085,21:57:22,717902400763,88478,100,24039,210,40
1784728642.4085,21:57:22,717902443259,88478,100,24039,210,40
1784728642.6085,21:57:22,717902502488,104220,100,24039,2700,46
1784728642.8085,21:57:22,717902561156,104220,100,24039,2700,46
1784728643.0085,21:57:23,717902612820,206615,100,24039,2130,48
1784728643.2085,21:57:23,717902658161,206615,100,24039,2130,48
1784728643.4085,21:57:23,717902700076,206615,100,24039,2130,48
1784728643.6085,21:57:23,717902735409,267765,100,24039,1035,45
1784728643.8085,21:57:23,717902766587,267765,100,24039,1035,45
1784728644.0085,21:57:24,717902792551,208430,100,24039,345,42
1784728644.2085,21:57:24,717902813210,208430,100,24039,345,42
1784728644.4085,21:57:24,717902831788,208430,100,24039,345,42
1784728644.6085,21:57:24,717902849025,143433,100,24039,210,41
1784728644.8085,21:57:24,717902863980,143433,100,24039,210,41
1784728645.0085,21:57:25,717902878943,99158,100,24039,210,40
1784728645.2085,21:57:25,717902893831,99158,100,24039,210,40
1784728645.4085,21:57:25,717902911767,99158,100,24039,210,40
1784728645.6085,21:57:25,717902929878,84795,100,24039,210,40
1784728645.8085,21:57:25,717902948395,84795,100,24039,210,40
1784728646.0085,21:57:26,717902968220,89642,100,24039,255,40
1784728646.2085,21:57:26,717902988228,89642,100,24039,255,40
1784728646.4085,21:57:26,717903008279,89642,100,24039,255,40
1784728646.6085,21:57:26,717903028456,100552,100,24039,255,40
1784728646.8085,21:57:26,717903050659,100552,100,24039,255,40
1784728647.0085,21:57:27,717903072655,108023,100,24039,330,41
1784728647.2085,21:57:27,717903094868,108023,100,24039,330,41
1784728647.4085,21:57:27,717903116808,108023,100,24039,330,41
1784728647.6085,21:57:27,717903138775,113077,100,24039,315,41
1784728647.8085,21:57:27,717903161061,113077,100,24039,315,41
1784728648.0085,21:57:28,717903183212,115826,100,24039,330,41
1784728648.2085,21:57:28,717903202579,115826,100,24039,330,41
1784728648.4085,21:57:28,717903219292,115826,100,24039,330,41
1784728648.6085,21:57:28,717903240374,108061,100,24039,315,41
1784728648.8085,21:57:28,717903265552,108061,100,24039,315,41
1784728649.0085,21:57:29,717903290801,111860,100,24039,420,41
1784728649.2085,21:57:29,717903316193,111860,100,24039,420,41
1784728649.4085,21:57:29,717903341606,111860,100,24039,420,41
1784728649.6085,21:57:29,717903361187,124959,100,24039,375,42
1784728649.8085,21:57:29,717903380699,124959,100,24039,375,42
1784728650.0085,21:57:30,717903426136,129604,100,24039,2520,45
1784728650.2085,21:57:30,717903484993,129604,100,24039,2520,45
1784728650.4085,21:57:30,717903541574,129604,100,24039,2520,45
1784728650.6085,21:57:30,717903593426,204762,100,24039,2550,48
1784728650.8085,21:57:30,717903645265,204762,100,24039,2550,48
1784728651.0085,21:57:31,717903682677,273301,100,24039,810,45
1784728651.2085,21:57:31,717903713502,273301,100,24039,810,45
1784728651.4085,21:57:31,717903735531,273301,100,24039,810,45
1784728651.6085,21:57:31,717903756601,212523,100,24039,390,42
1784728651.8085,21:57:31,717903774798,212523,100,24039,390,42
1784728652.0085,21:57:32,717903793010,132342,100,24039,210,40
1784728652.2085,21:57:32,717903811153,132342,100,24039,210,40
1784728652.4085,21:57:32,717903829303,132342,100,24039,210,40
1784728652.6085,21:57:32,717903846207,100414,100,24039,210,40
1784728652.8085,21:57:32,717903863795,100414,100,24039,210,40
1784728653.0085,21:57:33,717903880890,93369,100,24039,210,40
1784728653.2085,21:57:33,717903899567,93369,100,24039,210,40
1784728653.4085,21:57:33,717903920113,93369,100,24039,210,40
1784728653.6085,21:57:33,717903942561,96166,100,24039,345,41
1784728653.8085,21:57:33,717903965462,96166,100,24039,345,41
1784728654.0085,21:57:34,717903989615,109739,100,24039,390,41
1784728654.2085,21:57:34,717904011420,109739,100,24039,390,41
1784728654.4085,21:57:34,717904033939,109739,100,24039,390,41
1784728654.6085,21:57:34,717904055935,120238,100,24039,375,41
1784728654.8085,21:57:34,717904074666,120238,100,24039,375,41
1784728655.0085,21:57:35,717904098725,116543,100,24039,450,41
1784728655.2085,21:57:35,717904126116,116543,100,24039,450,41
1784728655.4085,21:57:35,717904154818,116543,100,24039,450,41
1784728655.6085,21:57:35,717904183867,128205,100,24039,570,42
1784728655.8085,21:57:35,717904210796,128205,100,24039,570,42
1784728656.0085,21:57:36,717904234873,143594,100,24039,420,41
1784728656.2085,21:57:36,717904254509,143594,100,24039,420,41
1784728656.4085,21:57:36,717904279316,143594,100,24039,420,41
1784728656.6085,21:57:36,717904304279,133934,100,24039,420,41
1784728656.8085,21:57:36,717904326697,133934,100,24039,420,41
1784728657.0085,21:57:37,717904349470,122981,100,24039,360,41
1784728657.2085,21:57:37,717904372452,122981,100,24039,360,41
1784728657.4085,21:57:37,717904392983,122981,100,24039,360,41
1784728657.6085,21:57:37,717904415718,122154,100,24039,360,41
1784728657.8085,21:57:37,717904438680,122154,100,24039,360,41
1784728658.0085,21:57:38,717904461670,119791,100,24039,360,41
1784728658.2085,21:57:38,717904484526,119791,100,24039,360,41
1784728658.4085,21:57:38,717904507432,119791,100,24039,360,41
1784728658.6085,21:57:38,717904530439,120759,100,24039,360,41
1784728658.8085,21:57:38,717904552002,120759,100,24039,360,41
1784728659.0085,21:57:39,717904569942,118765,100,24039,345,41
1784728659.2085,21:57:39,717904589051,118765,100,24039,345,41
1784728659.4085,21:57:39,717904615182,118765,100,24039,345,41
1784728659.6085,21:57:39,717904644051,116049,100,24039,540,41
1784728659.8085,21:57:39,717904673931,116049,100,24039,540,41
1784728660.0085,21:57:40,717904700698,133310,100,24039,540,42
1784728660.2085,21:57:40,717904729448,133310,100,24039,540,42
1784728660.4085,21:57:40,717904759108,133310,100,24039,540,42
1784728660.6085,21:57:40,717904787923,153864,100,24039,585,42
1784728660.8085,21:57:40,717904815236,153864,100,24039,585,42
1784728661.0085,21:57:41,717904839280,150110,100,24039,360,42
1784728661.2085,21:57:41,717904862957,150110,100,24039,360,42
1784728661.4085,21:57:41,717904885754,150110,100,24039,360,42
1784728661.6085,21:57:41,717904907719,137916,100,24039,360,41
1784728661.8085,21:57:41,717904927557,137916,100,24039,360,41
1784728662.0085,21:57:42,717904947734,119636,100,24039,285,40
1784728662.2085,21:57:42,717904968453,119636,100,24039,285,40
1784728662.4085,21:57:42,717904987796,119636,100,24039,285,40
1784728662.6085,21:57:42,717905017319,111021,100,24039,315,41
1784728662.8085,21:57:42,717905070147,111021,100,24039,315,41
1784728663.0085,21:57:43,717905128615,167548,100,24039,2640,48
1784728663.2085,21:57:43,717905182979,167548,100,24039,2640,48
1784728663.4085,21:57:43,717905235044,167548,100,24039,2640,48
1784728663.6085,21:57:43,717905291581,249111,100,24039,2595,48
1784728663.8085,21:57:43,717905335655,249111,100,24039,2595,48
1784728664.0085,21:57:44,717905370780,272074,100,24039,1230,45
1784728664.2085,21:57:44,717905402827,272074,100,24039,1230,45
1784728664.4085,21:57:44,717905423209,272074,100,24039,1230,45
1784728664.6085,21:57:44,717905441792,205502,100,24039,270,42
1784728664.8085,21:57:44,717905460315,205502,100,24039,270,42
1784728665.0085,21:57:45,717905477961,129443,100,24039,210,40
1784728665.2085,21:57:45,717905495510,129443,100,24039,210,40
1784728665.4085,21:57:45,717905513117,129443,100,24039,210,40
1784728665.6085,21:57:45,717905530642,97658,100,24039,210,40
1784728665.8085,21:57:45,717905548154,97658,100,24039,210,40
1784728666.0085,21:57:46,717905565642,94906,100,24039,210,40
1784728666.2085,21:57:46,717905584127,94906,100,24039,210,40
1784728666.4085,21:57:46,717905604621,94906,100,24039,210,40
1784728666.6085,21:57:46,717905627299,98740,100,24039,375,41
1784728666.8085,21:57:46,717905650247,98740,100,24039,375,41
1784728667.0085,21:57:47,717905672775,111897,100,24039,375,41
1784728667.2085,21:57:47,717905694583,111897,100,24039,375,41
1784728667.4085,21:57:47,717905717502,111897,100,24039,375,41
1784728667.6085,21:57:47,717905740484,121572,100,24039,375,41
1784728667.8085,21:57:47,717905763313,121572,100,24039,375,41
1784728668.0085,21:57:48,717905784917,122394,100,24039,315,41
1784728668.2085,21:57:48,717905805638,122394,100,24039,315,41
1784728668.4085,21:57:48,717905826208,122394,100,24039,315,41
1784728668.6085,21:57:48,717905846779,118711,100,24039,300,40
1784728668.8085,21:57:48,717905867237,118711,100,24039,300,40
1784728669.0085,21:57:49,717905887774,112804,100,24039,300,40
1784728669.2085,21:57:49,717905908197,112804,100,24039,300,40
1784728669.4085,21:57:49,717905928593,112804,100,24039,300,40
1784728669.6085,21:57:49,717905948977,111308,100,24039,300,40
1784728669.8085,21:57:49,717905969367,111308,100,24039,300,40
1784728670.0085,21:57:50,717905989775,111169,100,24039,300,40
1784728670.2085,21:57:50,717906010254,111169,100,24039,300,40
1784728670.4085,21:57:50,717906031557,111169,100,24039,300,40
1784728670.6085,21:57:50,717906053804,112084,100,24039,345,41
1784728670.8085,21:57:50,717906077714,112084,100,24039,345,41
1784728671.0085,21:57:51,717906098106,116913,100,24039,465,41
1784728671.2085,21:57:51,717906125197,116913,100,24039,465,41
1784728671.4085,21:57:51,717906151639,116913,100,24039,465,41
1784728671.6085,21:57:51,717906177832,130043,100,24039,510,41
1784728671.8085,21:57:51,717906197980,130043,100,24039,510,41
1784728672.0085,21:57:52,717906224467,132233,100,24039,555,42
1784728672.2085,21:57:52,717906251830,132233,100,24039,555,42
1784728672.4085,21:57:52,717906280952,132233,100,24039,555,42
1784728672.6085,21:57:52,717906310046,141760,100,24039,600,42
1784728672.8085,21:57:52,717906337216,141760,100,24039,600,42
1784728673.0085,21:57:53,717906364371,152440,100,24039,525,42
1784728673.2085,21:57:53,717906389716,152440,100,24039,525,42
1784728673.4085,21:57:53,717906412970,152440,100,24039,525,42
1784728673.6085,21:57:53,717906431347,145855,100,24039,300,41
1784728673.8085,21:57:53,717906452473,145855,100,24039,300,41
1784728674.0085,21:57:54,717906473635,125260,100,24039,330,41
1784728674.2085,21:57:54,717906494996,125260,100,24039,330,41
1784728674.4085,21:57:54,717906516080,125260,100,24039,330,41
1784728674.6085,21:57:54,717906537177,114373,100,24039,330,41
1784728674.8085,21:57:54,717906558180,114373,100,24039,330,41
1784728675.0085,21:57:55,717906579295,116193,100,24039,330,40
1784728675.2085,21:57:55,717906600295,116193,100,24039,330,40
1784728675.4085,21:57:55,717906621339,116193,100,24039,330,40
1784728675.6085,21:57:55,717906643603,115987,100,24039,360,40
1784728675.8085,21:57:55,717906666281,115987,100,24039,360,40
1784728676.0085,21:57:56,717906684455,117535,100,24039,345,41
1784728676.2085,21:57:56,717906702468,117535,100,24039,345,41
1784728676.4085,21:57:56,717906744195,117535,100,24039,345,41
1784728676.6085,21:57:56,717906799919,132552,100,24039,2700,46
1784728676.8085,21:57:56,717906858140,132552,100,24039,2700,46
1784728677.0085,21:57:57,717906910739,218306,100,24039,2565,48
1784728677.2085,21:57:57,717906959652,218306,100,24039,2565,48
1784728677.4085,21:57:57,717907004279,218306,100,24039,2565,48
1784728677.6085,21:57:57,717907043683,286404,100,24039,1845,46
1784728677.8085,21:57:57,717907074436,286404,100,24039,1845,46
1784728678.0085,21:57:58,717907100695,232030,100,24039,405,43
1784728678.2085,21:57:58,717907121756,232030,100,24039,405,43
1784728678.4085,21:57:58,717907139023,232030,100,24039,405,43
1784728678.6085,21:57:58,717907156184,152588,100,24039,210,41
1784728678.8085,21:57:58,717907172972,152588,100,24039,210,41
1784728679.0085,21:57:59,717907190154,106863,100,24039,210,40
1784728679.2085,21:57:59,717907207290,106863,100,24039,210,40
1784728679.4085,21:57:59,717907224461,106863,100,24039,210,40
1784728679.6085,21:57:59,717907241887,94634,100,24039,210,40
1784728679.8085,21:57:59,717907258137,94634,100,24039,210,40
1784728680.0085,21:58:00,717907281849,93902,100,24039,2250,40
1784728680.2085,21:58:00,717907332391,93902,100,24039,2250,40
1784728680.4085,21:58:00,717907400103,93902,100,24039,2250,40
1784728680.6085,21:58:00,717907460395,181791,100,24039,2595,51
1784728680.8085,21:58:00,717907508311,181791,100,24039,2595,51
1784728681.0085,21:58:01,717907539404,279602,100,24039,645,45
1784728681.2085,21:58:01,717907561668,279602,100,24039,645,45
1784728681.4085,21:58:01,717907581496,279602,100,24039,645,45
1784728681.6085,21:58:01,717907599700,213407,100,24039,315,42
1784728681.8085,21:58:01,717907623056,213407,100,24039,315,42
1784728682.0085,21:58:02,717907644620,118764,100,24039,435,42
1784728682.2085,21:58:02,717907699949,118764,100,24039,435,42
1784728682.4085,21:58:02,717907760199,118764,100,24039,435,42
1784728682.6085,21:58:02,717907819899,176419,100,24039,2640,49
1784728682.8085,21:58:02,717907876629,176419,100,24039,2640,49
1784728683.0085,21:58:03,717907924353,259502,100,24039,2250,47
1784728683.2085,21:58:03,717907969552,259502,100,24039,2250,47
1784728683.4085,21:58:03,717908011059,259502,100,24039,2250,47
1784728683.6085,21:58:03,717908047448,260976,100,24039,780,45
1784728683.8085,21:58:03,717908078169,260976,100,24039,780,45
1784728684.0085,21:58:04,717908102366,199040,100,24039,330,42
1784728684.2085,21:58:04,717908121518,199040,100,24039,330,42
1784728684.4085,21:58:04,717908140258,199040,100,24039,330,42
1784728684.6085,21:58:04,717908159008,138337,100,24039,210,41
1784728684.8085,21:58:04,717908177713,138337,100,24039,210,41
1784728685.0085,21:58:05,717908196445,101095,100,24039,210,40
1784728685.2085,21:58:05,717908214471,101095,100,24039,210,40
1784728685.4085,21:58:05,717908232311,101095,100,24039,210,40
1784728685.6085,21:58:05,717908250937,94598,100,24039,210,40
1784728685.8085,21:58:05,717908269577,94598,100,24039,210,40
1784728686.0085,21:58:06,717908288208,94442,100,24039,210,40
1784728686.2085,21:58:06,717908306878,94442,100,24039,210,40
1784728686.4085,21:58:06,717908325469,94442,100,24039,210,40
1784728686.6085,21:58:06,717908344835,95661,100,24039,210,40
1784728686.8085,21:58:06,717908363873,95661,100,24039,210,40
1784728687.0085,21:58:07,717908384784,97513,100,24039,300,40
1784728687.2085,21:58:07,717908407968,97513,100,24039,300,40
1784728687.4085,21:58:07,717908433058,97513,100,24039,300,40
1784728687.6085,21:58:07,717908459586,109287,100,24039,435,41
1784728687.8085,21:58:07,717908485979,109287,100,24039,435,41
1784728688.0085,21:58:08,717908512135,126239,100,24039,420,41
1784728688.2085,21:58:08,717908538251,126239,100,24039,420,41
1784728688.4085,21:58:08,717908563895,126239,100,24039,420,41
1784728688.6085,21:58:08,717908584098,133793,100,24039,360,41
1784728688.8085,21:58:08,717908605824,133793,100,24039,360,41
1784728689.0085,21:58:09,717908629615,122554,100,24039,360,41
1784728689.2085,21:58:09,717908653020,122554,100,24039,360,41
1784728689.4085,21:58:09,717908677046,122554,100,24039,360,41
1784728689.6085,21:58:09,717908701078,116899,100,24039,360,41
1784728689.8085,21:58:09,717908726468,116899,100,24039,360,41
1784728690.0085,21:58:10,717908751963,124443,100,24039,405,41
1784728690.2085,21:58:10,717908777280,124443,100,24039,405,41
1784728690.4085,21:58:10,717908801382,124443,100,24039,405,41
1784728690.6085,21:58:10,717908825488,127238,100,24039,360,41
1784728690.8085,21:58:10,717908849462,127238,100,24039,360,41
1784728691.0085,21:58:11,717908873441,125807,100,24039,360,41
1784728691.2085,21:58:11,717908897061,125807,100,24039,360,41
1784728691.4085,21:58:11,717908920978,125807,100,24039,360,41
1784728691.6085,21:58:11,717908944948,122757,100,24039,360,41
1784728691.8085,21:58:11,717908964753,122757,100,24039,360,41
1784728692.0085,21:58:12,717908981298,115070,100,24039,225,40
1784728692.2085,21:58:12,717909002827,115070,100,24039,225,40
1784728692.4085,21:58:12,717909021207,115070,100,24039,225,40
1784728692.6085,21:58:12,717909064214,104300,100,24039,2265,41
1784728692.8085,21:58:12,717909133608,104300,100,24039,2265,41
1784728693.0085,21:58:13,717909194595,188680,100,24039,2655,49
1784728693.2085,21:58:13,717909244780,188680,100,24039,2655,49
1784728693.4085,21:58:13,717909287254,188680,100,24039,2655,49
1784728693.6085,21:58:13,717909324028,260691,100,24039,885,45
1784728693.8085,21:58:13,717909355187,260691,100,24039,885,45
1784728694.0085,21:58:14,717909380317,219371,100,24039,345,42
1784728694.2085,21:58:14,717909400909,219371,100,24039,345,42
1784728694.4085,21:58:14,717909419400,219371,100,24039,345,42
1784728694.6085,21:58:14,717909437961,138273,100,24039,210,40
1784728694.8085,21:58:14,717909456484,138273,100,24039,210,40
1784728695.0085,21:58:15,717909474847,102660,100,24039,210,40
1784728695.2085,21:58:15,717909493288,102660,100,24039,210,40
1784728695.4085,21:58:15,717909512160,102660,100,24039,210,40
1784728695.6085,21:58:15,717909532970,95256,100,24039,255,40
1784728695.8085,21:58:15,717909555123,95256,100,24039,255,40
1784728696.0085,21:58:16,717909579790,103486,100,24039,420,41
1784728696.2085,21:58:16,717909604371,103486,100,24039,420,41
1784728696.4085,21:58:16,717909631802,103486,100,24039,420,41
1784728696.6085,21:58:16,717909658163,121117,100,24039,480,41
1784728696.8085,21:58:16,717909678899,121117,100,24039,480,41
1784728697.0085,21:58:17,717909705535,127650,100,24039,510,41
1784728697.2085,21:58:17,717909734622,127650,100,24039,510,41
1784728697.4085,21:58:17,717909758017,127650,100,24039,510,41
1784728697.6085,21:58:17,717909780157,130632,100,24039,495,42
1784728697.8085,21:58:17,717909802892,130632,100,24039,495,42
1784728698.0085,21:58:18,717909828738,127122,100,24039,1740,43
1784728698.2085,21:58:18,717909889995,127122,100,24039,1740,43
1784728698.4085,21:58:18,717909952455,127122,100,24039,1740,43
1784728698.6085,21:58:18,717910008468,193358,100,24039,1695,49
1784728698.8085,21:58:18,717910053131,193358,100,24039,1695,49
1784728699.0085,21:58:19,717910093416,254823,100,24039,960,45
1784728699.2085,21:58:19,717910126850,254823,100,24039,960,45
1784728699.4085,21:58:19,717910155156,254823,100,24039,960,45
1784728699.6085,21:58:19,717910173295,217546,100,24039,270,42
1784728699.8085,21:58:19,717910191872,217546,100,24039,270,42
1784728700.0085,21:58:20,717910209671,138363,100,24039,210,41
1784728700.2085,21:58:20,717910226480,138363,100,24039,210,41
1784728700.4085,21:58:20,717910245197,138363,100,24039,210,41
1784728700.6085,21:58:20,717910261658,97230,100,24039,210,40
1784728700.8085,21:58:20,717910276834,97230,100,24039,210,40
1784728701.0085,21:58:21,717910317376,94432,100,24039,2520,44
1784728701.2085,21:58:21,717910376305,94432,100,24039,2520,44
1784728701.4085,21:58:21,717910434010,94432,100,24039,2520,44
1784728701.6085,21:58:21,717910491416,189255,100,24039,2535,48
1784728701.8085,21:58:21,717910538232,189255,100,24039,2535,48
1784728702.0085,21:58:22,717910588050,272458,100,24039,2355,47
1784728702.2085,21:58:22,717910634849,272458,100,24039,2355,47
1784728702.4085,21:58:22,717910670952,272458,100,24039,2355,47
1784728702.6085,21:58:22,717910702513,249212,100,24039,765,45
1784728702.8085,21:58:22,717910729506,249212,100,24039,765,45
1784728703.0085,21:58:23,717910750968,191768,100,24039,210,42
1784728703.2085,21:58:23,717910769552,191768,100,24039,210,42
1784728703.4085,21:58:23,717910788238,191768,100,24039,210,42
1784728703.6085,21:58:23,717910806895,124462,100,24039,210,41
1784728703.8085,21:58:23,717910825482,124462,100,24039,210,41
1784728704.0085,21:58:24,717910844031,99161,100,24039,210,40
1784728704.2085,21:58:24,717910861715,99161,100,24039,210,40
1784728704.4085,21:58:24,717910876704,99161,100,24039,210,40
1784728704.6085,21:58:24,717910906571,92278,100,24039,210,40
1784728704.8085,21:58:24,717910965837,92278,100,24039,210,40
1784728705.0085,21:58:25,717911027586,167573,100,24039,2625,49
1784728705.2085,21:58:25,717911082582,167573,100,24039,2625,49
1784728705.4085,21:58:25,717911133041,167573,100,24039,2625,49
1784728705.6085,21:58:25,717911177573,253204,100,24039,2340,47
1784728705.8085,21:58:25,717911217243,253204,100,24039,2340,47
1784728706.0085,21:58:26,717911256840,256590,100,24039,900,45
1784728706.2085,21:58:26,717911289246,256590,100,24039,900,45
1784728706.4085,21:58:26,717911316459,256590,100,24039,900,45
1784728706.6085,21:58:26,717911339134,198374,100,24039,330,42
1784728706.8085,21:58:26,717911356852,198374,100,24039,330,42
1784728707.0085,21:58:27,717911371741,140013,100,24039,210,41
1784728707.2085,21:58:27,717911386559,140013,100,24039,210,41
1784728707.4085,21:58:27,717911401344,140013,100,24039,210,41
1784728707.6085,21:58:27,717911417192,93090,100,24039,210,41
1784728707.8085,21:58:27,717911437280,93090,100,24039,210,41
1784728708.0085,21:58:28,717911459237,86657,100,24039,345,41
1784728708.2085,21:58:28,717911481146,86657,100,24039,345,41
1784728708.4085,21:58:28,717911499539,86657,100,24039,345,41
1784728708.6085,21:58:28,717911524123,100434,100,24039,420,41
1784728708.8085,21:58:28,717911550076,100434,100,24039,420,41
1784728709.0085,21:58:29,717911574675,118738,100,24039,435,41
1784728709.2085,21:58:29,717911597183,118738,100,24039,435,41
1784728709.4085,21:58:29,717911617384,118738,100,24039,435,41
1784728709.6085,21:58:29,717911642850,120996,100,24039,480,42
1784728709.8085,21:58:29,717911672490,120996,100,24039,480,42
1784728710.0085,21:58:30,717911701440,130377,100,24039,570,42
1784728710.2085,21:58:30,717911727604,130377,100,24039,570,42
1784728710.4085,21:58:30,717911750385,130377,100,24039,570,42
1784728710.6085,21:58:30,717911777880,137094,100,24039,495,42
1784728710.8085,21:58:30,717911805338,137094,100,24039,495,42
1784728711.0085,21:58:31,717911831089,139927,100,24039,420,42
1784728711.2085,21:58:31,717911855106,139927,100,24039,420,42
1784728711.4085,21:58:31,717911877217,139927,100,24039,420,42
1784728711.6085,21:58:31,717911898149,132660,100,24039,300,41
1784728711.8085,21:58:31,717911918992,132660,100,24039,300,41
1784728712.0085,21:58:32,717911939741,118556,100,24039,285,41
1784728712.2085,21:58:32,717911960484,118556,100,24039,285,41
1784728712.4085,21:58:32,717911981253,118556,100,24039,285,41
1784728712.6085,21:58:32,717912001819,109718,100,24039,285,40
1784728712.8085,21:58:32,717912022802,109718,100,24039,285,40
1784728713.0085,21:58:33,717912045858,110247,100,24039,390,41
1784728713.2085,21:58:33,717912070372,110247,100,24039,390,41
1784728713.4085,21:58:33,717912094961,110247,100,24039,390,41
1784728713.6085,21:58:33,717912119432,118903,100,24039,405,41
1784728713.8085,21:58:33,717912143221,118903,100,24039,405,41
1784728714.0085,21:58:34,717912165345,126048,100,24039,330,41
1784728714.2085,21:58:34,717912187273,126048,100,24039,330,41
1784728714.4085,21:58:34,717912209178,126048,100,24039,330,41
1784728714.6085,21:58:34,717912230831,121522,100,24039,330,41
1784728714.8085,21:58:34,717912250039,121522,100,24039,330,41
1784728715.0085,21:58:35,717912269164,111793,100,24039,240,40
1784728715.2085,21:58:35,717912288111,111793,100,24039,240,40
1784728715.4085,21:58:35,717912307923,111793,100,24039,240,40
1784728715.6085,21:58:35,717912325209,105274,100,24039,300,40
1784728715.8085,21:58:35,717912346507,105274,100,24039,300,40
1784728716.0085,21:58:36,717912372841,105726,100,24039,465,41
1784728716.2085,21:58:36,717912397899,105726,100,24039,465,41
1784728716.4085,21:58:36,717912417764,105726,100,24039,465,41
1784728716.6085,21:58:36,717912439746,115012,100,24039,465,42
1784728716.8085,21:58:36,717912488358,115012,100,24039,465,42
1784728717.0085,21:58:37,717912554866,171026,100,24039,2700,49
1784728717.2085,21:58:37,717912614710,171026,100,24039,2700,49
1784728717.4085,21:58:37,717912671122,171026,100,24039,2700,49
1784728717.6085,21:58:37,717912726919,257422,100,24039,2685,49
1784728717.8085,21:58:37,717912783137,257422,100,24039,2685,49
1784728718.0085,21:58:38,717912839418,311827,100,24039,2265,49
1784728718.2085,21:58:38,717912879950,311827,100,24039,2265,49
1784728718.4085,21:58:38,717912917011,311827,100,24039,2265,49
1784728718.6085,21:58:38,717912955654,265351,100,24039,1125,45
1784728718.8085,21:58:38,717912987629,265351,100,24039,1125,45
1784728719.0085,21:58:39,717913013079,210143,100,24039,390,43
1784728719.2085,21:58:39,717913033773,210143,100,24039,390,43
1784728719.4085,21:58:39,717913052009,210143,100,24039,390,43
1784728719.6085,21:58:39,717913069948,149856,100,24039,210,41
1784728719.8085,21:58:39,717913087866,149856,100,24039,210,41
1784728720.0085,21:58:40,717913105740,105872,100,24039,210,40
1784728720.2085,21:58:40,717913123550,105872,100,24039,210,40
1784728720.4085,21:58:40,717913141414,105872,100,24039,210,40
1784728720.6085,21:58:40,717913159248,95405,100,24039,210,40
1784728720.8085,21:58:40,717913177048,95405,100,24039,210,40
1784728721.0085,21:58:41,717913194950,95200,100,24039,210,40
1784728721.2085,21:58:41,717913213127,95200,100,24039,210,40
1784728721.4085,21:58:41,717913232699,95200,100,24039,210,40
1784728721.6085,21:58:41,717913252533,97354,100,24039,255,40
1784728721.8085,21:58:41,717913274226,97354,100,24039,255,40
1784728722.0085,21:58:42,717913293882,105025,100,24039,390,41
1784728722.2085,21:58:42,717913313098,105025,100,24039,390,41
1784728722.4085,21:58:42,717913341683,105025,100,24039,390,41
1784728722.6085,21:58:42,717913396109,117646,100,24039,2520,48
1784728722.8085,21:58:42,717913462447,117646,100,24039,2520,48
1784728723.0085,21:58:43,717913523534,228366,100,24039,2685,51
1784728723.2085,21:58:43,717913577878,228366,100,24039,2685,51
1784728723.4085,21:58:43,717913625835,228366,100,24039,2685,51
1784728723.6085,21:58:43,717913670423,297404,100,24039,2190,47
1784728723.8085,21:58:43,717913708551,297404,100,24039,2190,47
1784728724.0085,21:58:44,717913741398,258665,100,24039,690,44
1784728724.2085,21:58:44,717913768481,258665,100,24039,690,44
1784728724.4085,21:58:44,717913789523,258665,100,24039,690,44
1784728724.6085,21:58:44,717913807521,181442,100,24039,210,41
1784728724.8085,21:58:44,717913825331,181442,100,24039,210,41
1784728725.0085,21:58:45,717913843192,122278,100,24039,210,41
1784728725.2085,21:58:45,717913861070,122278,100,24039,210,41
1784728725.4085,21:58:45,717913878847,122278,100,24039,210,41
1784728725.6085,21:58:45,717913896569,97649,100,24039,210,40
1784728725.8085,21:58:45,717913913275,97649,100,24039,210,40
1784728726.0085,21:58:46,717913931051,94717,100,24039,210,40
1784728726.2085,21:58:46,717913948898,94717,100,24039,210,40
1784728726.4085,21:58:46,717913966753,94717,100,24039,210,40
1784728726.6085,21:58:46,717913984262,94832,100,24039,210,40
1784728726.8085,21:58:46,717914001531,94832,100,24039,210,40
1784728727.0085,21:58:47,717914020120,95369,100,24039,255,40
1784728727.2085,21:58:47,717914040121,95369,100,24039,255,40
1784728727.4085,21:58:47,717914061502,95369,100,24039,255,40
1784728727.6085,21:58:47,717914083372,101803,100,24039,345,41
1784728727.8085,21:58:47,717914104999,101803,100,24039,345,41
1784728728.0085,21:58:48,717914127805,112876,100,24039,360,41
1784728728.2085,21:58:48,717914151213,112876,100,24039,360,41
1784728728.4085,21:58:48,717914175932,112876,100,24039,360,41
1784728728.6085,21:58:48,717914200622,123128,100,24039,420,41
1784728728.8085,21:58:48,717914225381,123128,100,24039,420,41
1784728729.0085,21:58:49,717914249869,130720,100,24039,420,41
1784728729.2085,21:58:49,717914268195,130720,100,24039,420,41
1784728729.4085,21:58:49,717914287663,130720,100,24039,420,41
1784728729.6085,21:58:49,717914313989,122189,100,24039,465,41
1784728729.8085,21:58:49,717914341994,122189,100,24039,465,41
1784728730.0085,21:58:50,717914369838,129031,100,24039,495,42
1784728730.2085,21:58:50,717914396691,129031,100,24039,495,42
1784728730.4085,21:58:50,717914417592,129031,100,24039,495,42
1784728730.6085,21:58:50,717914443578,138817,100,24039,465,41
1784728730.8085,21:58:50,717914469153,138817,100,24039,465,41
1784728731.0085,21:58:51,717914495423,138521,100,24039,435,42
1784728731.2085,21:58:51,717914519663,138521,100,24039,435,42
1784728731.4085,21:58:51,717914543472,138521,100,24039,435,42
1784728731.6085,21:58:51,717914566125,134725,100,24039,360,41
1784728731.8085,21:58:51,717914588757,134725,100,24039,360,41
1784728732.0085,21:58:52,717914611252,129307,100,24039,360,41
1784728732.2085,21:58:52,717914633760,129307,100,24039,360,41
1784728732.4085,21:58:52,717914653635,129307,100,24039,360,41
1784728732.6085,21:58:52,717914670803,120976,100,24039,285,41
1784728732.8085,21:58:52,717914690675,120976,100,24039,285,41
1784728733.0085,21:58:53,717914712281,111652,100,24039,345,41
1784728733.2085,21:58:53,717914734307,111652,100,24039,345,41
1784728733.4085,21:58:53,717914758019,111652,100,24039,345,41
1784728733.6085,21:58:53,717914781952,113332,100,24039,405,41
1784728733.8085,21:58:53,717914806023,113332,100,24039,405,41
1784728734.0085,21:58:54,717914830135,126834,100,24039,405,41
1784728734.2085,21:58:54,717914854053,126834,100,24039,405,41
1784728734.4085,21:58:54,717914876710,126834,100,24039,405,41
1784728734.6085,21:58:54,717914898819,129915,100,24039,345,41
1784728734.8085,21:58:54,717914920826,129915,100,24039,345,41
1784728735.0085,21:58:55,717914942758,125102,100,24039,345,41
1784728735.2085,21:58:55,717914961405,125102,100,24039,345,41
1784728735.4085,21:58:55,717914980891,125102,100,24039,345,41
1784728735.6085,21:58:55,717915004642,114496,100,24039,420,41
1784728735.8085,21:58:55,717915026642,114496,100,24039,420,41
1784728736.0085,21:58:56,717915065248,119140,100,24039,2520,44
1784728736.2085,21:58:56,717915128266,119140,100,24039,2520,44
1784728736.4085,21:58:56,717915180180,119140,100,24039,2520,44
1784728736.6085,21:58:56,717915231910,209111,100,24039,2205,51
1784728736.8085,21:58:56,717915286883,209111,100,24039,2205,51
1784728737.0085,21:58:57,717915339404,287434,100,24039,2550,48
1784728737.2085,21:58:57,717915389016,287434,100,24039,2550,48
1784728737.4085,21:58:57,717915435581,287434,100,24039,2550,48
1784728737.6085,21:58:57,717915479330,283469,100,24039,2295,47
1784728737.8085,21:58:57,717915521235,283469,100,24039,2295,47
1784728738.0085,21:58:58,717915559598,255039,100,24039,900,45
1784728738.2085,21:58:58,717915593388,255039,100,24039,900,45
1784728738.4085,21:58:58,717915620208,255039,100,24039,900,45
1784728738.6085,21:58:58,717915642437,209193,100,24039,480,43
1784728738.8085,21:58:58,717915658718,209193,100,24039,480,43
1784728739.0085,21:58:59,717915675983,148083,100,24039,210,41
1784728739.2085,21:58:59,717915693238,148083,100,24039,210,41
1784728739.4085,21:58:59,717915710505,148083,100,24039,210,41
1784728739.6085,21:58:59,717915724815,104334,100,24039,210,40
1784728739.8085,21:58:59,717915738817,104334,100,24039,210,40
1784728740.0085,21:59:00,717915752785,87333,100,24039,210,40
1784728740.2085,21:59:00,717915767293,87333,100,24039,210,40
1784728740.4085,21:59:00,717915785414,87333,100,24039,210,40
1784728740.6085,21:59:00,717915805865,84075,100,24039,330,40
1784728740.8085,21:59:00,717915824900,84075,100,24039,330,40
1784728741.0085,21:59:01,717915841340,95174,100,24039,285,41
1784728741.2085,21:59:01,717915862835,95174,100,24039,285,41
1784728741.4085,21:59:01,717915886416,95174,100,24039,285,41
1784728741.6085,21:59:01,717915910514,111315,100,24039,465,41
1784728741.8085,21:59:01,717915935987,111315,100,24039,465,41
1784728742.0085,21:59:02,717915961759,125582,100,24039,450,42
1784728742.2085,21:59:02,717915987142,125582,100,24039,450,42
1784728742.4085,21:59:02,717916011201,125582,100,24039,450,42
1784728742.6085,21:59:02,717916033172,137961,100,24039,345,41
1784728742.8085,21:59:02,717916054236,137961,100,24039,345,41
1784728743.0085,21:59:03,717916075604,129819,100,24039,345,41
1784728743.2085,21:59:03,717916098884,129819,100,24039,345,41
1784728743.4085,21:59:03,717916122179,129819,100,24039,345,41
1784728743.6085,21:59:03,717916145474,120366,100,24039,345,41
1784728743.8085,21:59:03,717916167221,120366,100,24039,345,41
1784728744.0085,21:59:04,717916187648,116463,100,24039,240,40
1784728744.2085,21:59:04,717916208036,116463,100,24039,240,40
1784728744.4085,21:59:04,717916229059,116463,100,24039,240,40
1784728744.6085,21:59:04,717916249087,110419,100,24039,330,40
1784728744.8085,21:59:04,717916267996,110419,100,24039,330,40
1784728745.0085,21:59:05,717916306986,106919,100,24039,2520,43
1784728745.2085,21:59:05,717916366890,106919,100,24039,2520,43
1784728745.4085,21:59:05,717916430335,106919,100,24039,2520,43
1784728745.6085,21:59:05,717916489461,199012,100,24039,2685,49
1784728745.8085,21:59:05,717916546671,199012,100,24039,2685,49
1784728746.0085,21:59:06,717916601616,286956,100,24039,2655,52
1784728746.2085,21:59:06,717916660915,286956,100,24039,2655,52
1784728746.4085,21:59:06,717916716792,286956,100,24039,2655,52
1784728746.6085,21:59:06,717916773381,292592,100,24039,2520,48
1784728746.8085,21:59:06,717916817267,292592,100,24039,2520,48
1784728747.0085,21:59:07,717916857360,270170,100,24039,885,46
1784728747.2085,21:59:07,717916890157,270170,100,24039,885,46
1784728747.4085,21:59:07,717916917420,270170,100,24039,885,46
1784728747.6085,21:59:07,717916938770,194959,100,24039,330,42
1784728747.8085,21:59:07,717916957447,194959,100,24039,330,42
1784728748.0085,21:59:08,717916976033,128875,100,24039,210,41
1784728748.2085,21:59:08,717916994749,128875,100,24039,210,41
1784728748.4085,21:59:08,717917013410,128875,100,24039,210,41
1784728748.6085,21:59:08,717917032096,98200,100,24039,210,40
1784728748.8085,21:59:08,717917050722,98200,100,24039,210,40
1784728749.0085,21:59:09,717917069307,95822,100,24039,210,40
1784728749.2085,21:59:09,717917087981,95822,100,24039,210,40
1784728749.4085,21:59:09,717917106593,95822,100,24039,210,40
1784728749.6085,21:59:09,717917124395,95797,100,24039,210,40
1784728749.8085,21:59:09,717917142352,95797,100,24039,210,40
1784728750.0085,21:59:10,717917160901,94443,100,24039,210,40
1784728750.2085,21:59:10,717917179429,94443,100,24039,210,40
1784728750.4085,21:59:10,717917199226,94443,100,24039,210,40
1784728750.6085,21:59:10,717917220656,96610,100,24039,300,40
1784728750.8085,21:59:10,717917242466,96610,100,24039,300,40
1784728751.0085,21:59:11,717917265793,106769,100,24039,360,41
1784728751.2085,21:59:11,717917289723,106769,100,24039,360,41
1784728751.4085,21:59:11,717917313659,106769,100,24039,360,41
1784728751.6085,21:59:11,717917337842,118236,100,24039,375,41
1784728751.8085,21:59:11,717917361873,118236,100,24039,375,41
1784728752.0085,21:59:12,717917385839,123216,100,24039,360,41
1784728752.2085,21:59:12,717917405903,123216,100,24039,360,41
1784728752.4085,21:59:12,717917425544,123216,100,24039,360,41
1784728752.6085,21:59:12,717917446985,114390,100,24039,285,40
1784728752.8085,21:59:12,717917468423,114390,100,24039,285,40
1784728753.0085,21:59:13,717917490887,109261,100,24039,360,41
1784728753.2085,21:59:13,717917514819,109261,100,24039,360,41
1784728753.4085,21:59:13,717917538725,109261,100,24039,360,41
1784728753.6085,21:59:13,717917562574,116867,100,24039,360,41
1784728753.8085,21:59:13,717917583927,116867,100,24039,360,41
1784728754.0085,21:59:14,717917602242,114843,100,24039,330,41
1784728754.2085,21:59:14,717917636308,114843,100,24039,330,41
1784728754.4085,21:59:14,717917704548,114843,100,24039,330,41
1784728754.6085,21:59:14,717917764126,183465,100,24039,2685,49
1784728754.8085,21:59:14,717917822590,183465,100,24039,2685,49
1784728755.0085,21:59:15,717917878359,269331,100,24039,2685,49
1784728755.2085,21:59:15,717917950283,269331,100,24039,2685,49
1784728755.4085,21:59:15,717917997780,269331,100,24039,2685,49
1784728755.6085,21:59:15,717918044228,298219,100,24039,1500,48
1784728755.8085,21:59:15,717918085066,298219,100,24039,1500,48
1784728756.0085,21:59:16,717918117275,246648,100,24039,540,44
1784728756.2085,21:59:16,717918145694,246648,100,24039,540,44
1784728756.4085,21:59:16,717918168348,246648,100,24039,540,44
1784728756.6085,21:59:16,717918186219,165600,100,24039,210,41
1784728756.8085,21:59:16,717918204644,165600,100,24039,210,41
1784728757.0085,21:59:17,717918223043,113231,100,24039,210,40
1784728757.2085,21:59:17,717918242412,113231,100,24039,210,40
1784728757.4085,21:59:17,717918259886,113231,100,24039,210,40
1784728757.6085,21:59:17,717918278276,94113,100,24039,210,40
1784728757.8085,21:59:17,717918296643,94113,100,24039,210,40
1784728758.0085,21:59:18,717918314967,94466,100,24039,210,40
1784728758.2085,21:59:18,717918333358,94466,100,24039,210,40
1784728758.4085,21:59:18,717918351815,94466,100,24039,210,40
1784728758.6085,21:59:18,717918369564,94551,100,24039,210,40
1784728758.8085,21:59:18,717918387551,94551,100,24039,210,40
1784728759.0085,21:59:19,717918406041,93684,100,24039,210,40
1784728759.2085,21:59:19,717918425685,93684,100,24039,210,40
1784728759.4085,21:59:19,717918447061,93684,100,24039,210,40
1784728759.6085,21:59:19,717918470562,99922,100,24039,375,40
1784728759.8085,21:59:19,717918496004,99922,100,24039,375,40
1784728760.0085,21:59:20,717918521955,117369,100,24039,420,41
1784728760.2085,21:59:20,717918547878,117369,100,24039,420,41
1784728760.4085,21:59:20,717918573775,117369,100,24039,420,41
1784728760.6085,21:59:20,717918597606,129009,100,24039,420,41
1784728760.8085,21:59:20,717918623463,129009,100,24039,420,41
1784728761.0085,21:59:21,717918648470,130632,100,24039,360,41
1784728761.2085,21:59:21,717918672247,130632,100,24039,360,41
1784728761.4085,21:59:21,717918695198,130632,100,24039,360,41
1784728761.6085,21:59:21,717918713728,122863,100,24039,285,41
1784728761.8085,21:59:21,717918731191,122863,100,24039,285,41
1784728762.0085,21:59:22,717918750746,107313,100,24039,390,41
1784728762.2085,21:59:22,717918793022,107313,100,24039,390,41
1784728762.4085,21:59:22,717918852547,107313,100,24039,390,41
1784728762.6085,21:59:22,717918911033,176512,100,24039,2700,48
1784728762.8085,21:59:22,717918965640,176512,100,24039,2700,48
1784728763.0085,21:59:23,717919018012,262392,100,24039,2415,48
1784728763.2085,21:59:23,717919067432,262392,100,24039,2415,48
1784728763.4085,21:59:23,717919113765,262392,100,24039,2415,48
1784728763.6085,21:59:23,717919145497,262966,100,24039,660,45
1784728763.8085,21:59:23,717919174018,262966,100,24039,660,45
1784728764.0085,21:59:24,717919199638,193888,100,24039,285,42
1784728764.2085,21:59:24,717919219999,193888,100,24039,285,42
1784728764.4085,21:59:24,717919238397,193888,100,24039,285,42
1784728764.6085,21:59:24,717919256747,125252,100,24039,210,41
1784728764.8085,21:59:24,717919275101,125252,100,24039,210,41
1784728765.0085,21:59:25,717919293539,99633,100,24039,210,40
1784728765.2085,21:59:25,717919311854,99633,100,24039,210,40
1784728765.4085,21:59:25,717919330160,99633,100,24039,210,40
1784728765.6085,21:59:25,717919348420,95157,100,24039,210,40
1784728765.8085,21:59:25,717919366607,95157,100,24039,210,40
1784728766.0085,21:59:26,717919382856,92855,100,24039,210,40
1784728766.2085,21:59:26,717919397766,92855,100,24039,210,40
1784728766.4085,21:59:26,717919455833,92855,100,24039,210,40
1784728766.6085,21:59:26,717919519017,151828,100,24039,2685,48
1784728766.8085,21:59:26,717919578238,151828,100,24039,2685,48
1784728767.0085,21:59:27,717919629036,243087,100,24039,2385,48
1784728767.2085,21:59:27,717919666868,243087,100,24039,2385,48
1784728767.4085,21:59:27,717919698408,243087,100,24039,2385,48
1784728767.6085,21:59:27,717919725218,244080,100,24039,420,43
1784728767.8085,21:59:27,717919746475,244080,100,24039,420,43
1784728768.0085,21:59:28,717919765147,148581,100,24039,210,41
1784728768.2085,21:59:28,717919783496,148581,100,24039,210,41
1784728768.4085,21:59:28,717919801681,148581,100,24039,210,41
1784728768.6085,21:59:28,717919819905,106040,100,24039,210,40
1784728768.8085,21:59:28,717919838100,106040,100,24039,210,40
1784728769.0085,21:59:29,717919856304,95101,100,24039,210,40
1784728769.2085,21:59:29,717919874370,95101,100,24039,210,40
1784728769.4085,21:59:29,717919892490,95101,100,24039,210,40
1784728769.6085,21:59:29,717919910662,94802,100,24039,210,40
1784728769.8085,21:59:29,717919928771,94802,100,24039,210,40
1784728770.0085,21:59:30,717919946178,94045,100,24039,210,40
1784728770.2085,21:59:30,717919964085,94045,100,24039,210,40
1784728770.4085,21:59:30,717919983479,94045,100,24039,210,40
1784728770.6085,21:59:30,717920000817,94511,100,24039,300,40
1784728770.8085,21:59:30,717920035201,94511,100,24039,300,40
1784728771.0085,21:59:31,717920096193,152072,100,24039,2700,48
1784728771.2085,21:59:31,717920155067,152072,100,24039,2700,48
1784728771.4085,21:59:31,717920211007,152072,100,24039,2700,48
1784728771.6085,21:59:31,717920264389,245114,100,24039,2415,50
1784728771.8085,21:59:31,717920306104,245114,100,24039,2415,50
1784728772.0085,21:59:32,717920343808,264802,100,24039,735,45
1784728772.2085,21:59:32,717920376096,264802,100,24039,735,45
1784728772.4085,21:59:32,717920403178,264802,100,24039,735,45
1784728772.6085,21:59:32,717920424814,193610,100,24039,345,42
1784728772.8085,21:59:32,717920443042,193610,100,24039,345,42
1784728773.0085,21:59:33,717920461044,128530,100,24039,210,41
1784728773.2085,21:59:33,717920479082,128530,100,24039,210,41
1784728773.4085,21:59:33,717920497323,128530,100,24039,210,41
1784728773.6085,21:59:33,717920514436,98446,100,24039,210,40
1784728773.8085,21:59:33,717920529106,98446,100,24039,210,40
1784728774.0085,21:59:34,717920543855,87686,100,24039,210,40
1784728774.2085,21:59:34,717920562474,87686,100,24039,210,40
1784728774.4085,21:59:34,717920612081,87686,100,24039,210,40
1784728774.6085,21:59:34,717920662396,135696,100,24039,2460,46
1784728774.8085,21:59:34,717920709810,135696,100,24039,2460,46
1784728775.0085,21:59:35,717920751881,207421,100,24039,1230,45
1784728775.2085,21:59:35,717920788351,207421,100,24039,1230,45
1784728775.4085,21:59:35,717920817403,207421,100,24039,1230,45
1784728775.6085,21:59:35,717920840108,207528,100,24039,360,42
1784728775.8085,21:59:35,717920858502,207528,100,24039,360,42
1784728776.0085,21:59:36,717920876573,139026,100,24039,210,41
1784728776.2085,21:59:36,717920894653,139026,100,24039,210,41
1784728776.4085,21:59:36,717920912808,139026,100,24039,210,41
1784728776.6085,21:59:36,717920930943,100141,100,24039,210,40
1784728776.8085,21:59:36,717920949037,100141,100,24039,210,40
1784728777.0085,21:59:37,717920967121,95722,100,24039,210,40
1784728777.2085,21:59:37,717920985256,95722,100,24039,210,40
1784728777.4085,21:59:37,717921003329,95722,100,24039,210,40
1784728777.6085,21:59:37,717921021417,95787,100,24039,210,40
1784728777.8085,21:59:37,717921039493,95787,100,24039,210,40
1784728778.0085,21:59:38,717921057562,95686,100,24039,210,40
1784728778.2085,21:59:38,717921075593,95686,100,24039,210,40
1784728778.4085,21:59:38,717921094208,95686,100,24039,210,40
1784728778.6085,21:59:38,717921114280,96923,100,24039,270,40
1784728778.8085,21:59:38,717921136097,96923,100,24039,270,40
1784728779.0085,21:59:39,717921159961,107444,100,24039,405,41
1784728779.2085,21:59:39,717921185337,107444,100,24039,405,41
1784728779.4085,21:59:39,717921211898,107444,100,24039,405,41
1784728779.6085,21:59:39,717921238460,126420,100,24039,465,41
1784728779.8085,21:59:39,717921265497,126420,100,24039,465,41
1784728780.0085,21:59:40,717921292339,139470,100,24039,465,41
1784728780.2085,21:59:40,717921312897,139470,100,24039,465,41
1784728780.4085,21:59:40,717921338965,139470,100,24039,465,41
1784728780.6085,21:59:40,717921365740,135769,100,24039,465,41
1784728780.8085,21:59:40,717921388535,135769,100,24039,465,41
1784728781.0085,21:59:41,717921407850,124237,100,24039,435,41
1784728781.2085,21:59:41,717921433277,124237,100,24039,435,41
1784728781.4085,21:59:41,717921456270,124237,100,24039,435,41
1784728781.6085,21:59:41,717921486403,127692,100,24039,600,42
1784728781.8085,21:59:41,717921517258,127692,100,24039,600,42
1784728782.0085,21:59:42,717921549341,146572,100,24039,630,43
1784728782.2085,21:59:42,717921579895,146572,100,24039,630,43
1784728782.4085,21:59:42,717921608091,146572,100,24039,630,43
1784728782.6085,21:59:42,717921633995,159614,100,24039,450,42
1784728782.8085,21:59:42,717921657538,159614,100,24039,450,42
1784728783.0085,21:59:43,717921678930,140980,100,24039,330,41
1784728783.2085,21:59:43,717921700625,140980,100,24039,330,41
1784728783.4085,21:59:43,717921722357,140980,100,24039,330,41
1784728783.6085,21:59:43,717921744069,121498,100,24039,330,41
1784728783.8085,21:59:43,717921765856,121498,100,24039,330,41
1784728784.0085,21:59:44,717921786154,114657,100,24039,270,40
1784728784.2085,21:59:44,717921805882,114657,100,24039,270,40
1784728784.4085,21:59:44,717921825308,114657,100,24039,270,40
1784728784.6085,21:59:44,717921846045,110107,100,24039,300,40
1784728784.8085,21:59:44,717921868795,110107,100,24039,300,40
1784728785.0085,21:59:45,717921891781,112960,100,24039,360,41
1784728785.2085,21:59:45,717921914788,112960,100,24039,360,41
1784728785.4085,21:59:45,717921939008,112960,100,24039,360,41
1784728785.6085,21:59:45,717921964011,123476,100,24039,420,41
1784728785.8085,21:59:45,717921988977,123476,100,24039,420,41
1784728786.0085,21:59:46,717922013835,130642,100,24039,405,41
1784728786.2085,21:59:46,717922038653,130642,100,24039,405,41
1784728786.4085,21:59:46,717922062393,130642,100,24039,405,41
1784728786.6085,21:59:46,717922082874,130765,100,24039,285,41
1784728786.8085,21:59:46,717922103418,130765,100,24039,285,41
1784728787.0085,21:59:47,717922124205,119767,100,24039,300,40
1784728787.2085,21:59:47,717922145091,119767,100,24039,300,40
1784728787.4085,21:59:47,717922165999,119767,100,24039,300,40
1784728787.6085,21:59:47,717922186800,111581,100,24039,300,40
1784728787.8085,21:59:47,717922203716,111581,100,24039,300,40
1784728788.0085,21:59:48,717922239149,121648,100,24039,2520,45
1784728788.2085,21:59:48,717922304698,121648,100,24039,2520,45
1784728788.4085,21:59:48,717922362610,121648,100,24039,2520,45
1784728788.6085,21:59:48,717922419834,219877,100,24039,2685,49
1784728788.8085,21:59:48,717922478231,219877,100,24039,2685,49
1784728789.0085,21:59:49,717922534471,316400,100,24039,2610,50
1784728789.2085,21:59:49,717922588452,316400,100,24039,2610,50
1784728789.4085,21:59:49,717922638879,316400,100,24039,2610,50
1784728789.6085,21:59:49,717922686010,296650,100,24039,2385,47
1784728789.8085,21:59:49,717922732161,296650,100,24039,2385,47
1784728790.0085,21:59:50,717922773062,261279,100,24039,1275,46
1784728790.2085,21:59:50,717922812421,261279,100,24039,1275,46
1784728790.4085,21:59:50,717922845431,261279,100,24039,1275,46
1784728790.6085,21:59:50,717922873907,215332,100,24039,645,44
1784728790.8085,21:59:50,717922898128,215332,100,24039,645,44
1784728791.0085,21:59:51,717922919044,163605,100,24039,255,42
1784728791.2085,21:59:51,717922937089,163605,100,24039,255,42
1784728791.4085,21:59:51,717922952249,163605,100,24039,255,42
1784728791.6085,21:59:51,717922968410,112047,100,24039,210,41
1784728791.8085,21:59:51,717922985979,112047,100,24039,210,41
1784728792.0085,21:59:52,717923003642,94015,100,24039,210,40
1784728792.2085,21:59:52,717923021121,94015,100,24039,210,40
1784728792.4085,21:59:52,717923038739,94015,100,24039,210,40
1784728792.6085,21:59:52,717923054538,94137,100,24039,210,40
1784728792.8085,21:59:52,717923068800,94137,100,24039,210,40
1784728793.0085,21:59:53,717923083064,87474,100,24039,210,40
1784728793.2085,21:59:53,717923127903,87474,100,24039,210,40
1784728793.4085,21:59:53,717923193136,87474,100,24039,210,40
1784728793.6085,21:59:53,717923249601,182235,100,24039,2655,49
1784728793.8085,21:59:53,717923297341,182235,100,24039,2655,49
1784728794.0085,21:59:54,717923341850,266278,100,24039,2205,47
1784728794.2085,21:59:54,717923384063,266278,100,24039,2205,47
1784728794.4085,21:59:54,717923420648,266278,100,24039,2205,47
1784728794.6085,21:59:54,717923459398,245061,100,24039,1095,47
1784728794.8085,21:59:54,717923492560,245061,100,24039,1095,47
1784728795.0085,21:59:55,717923518354,196692,100,24039,405,43
1784728795.2085,21:59:55,717923539471,196692,100,24039,405,43
1784728795.4085,21:59:55,717923557438,196692,100,24039,405,43
1784728795.6085,21:59:55,717923574918,144551,100,24039,210,41
1784728795.8085,21:59:55,717923592330,144551,100,24039,210,41
1784728796.0085,21:59:56,717923609891,103276,100,24039,210,40
1784728796.2085,21:59:56,717923627408,103276,100,24039,210,40
1784728796.4085,21:59:56,717923644842,103276,100,24039,210,40
1784728796.6085,21:59:56,717923662406,95934,100,24039,210,40
1784728796.8085,21:59:56,717923679916,95934,100,24039,210,40
1784728797.0085,21:59:57,717923697320,96193,100,24039,210,40
1784728797.2085,21:59:57,717923714689,96193,100,24039,210,40
1784728797.4085,21:59:57,717923732135,96193,100,24039,210,40
1784728797.6085,21:59:57,717923749639,96082,100,24039,210,40
1784728797.8085,21:59:57,717923768778,96082,100,24039,210,40
1784728798.0085,21:59:58,717923789256,100942,100,24039,315,40
1784728798.2085,21:59:58,717923810033,100942,100,24039,315,40
1784728798.4085,21:59:58,717923828334,100942,100,24039,315,40
1784728798.6085,21:59:58,717923844110,104379,100,24039,255,41
1784728798.8085,21:59:58,717923864088,104379,100,24039,255,41
1784728799.0085,21:59:59,717923888273,110084,100,24039,465,41
1784728799.2085,21:59:59,717923914060,110084,100,24039,465,41
1784728799.4085,21:59:59,717923939986,110084,100,24039,465,41
1784728799.6085,21:59:59,717923964318,124749,100,24039,420,41
1784728799.8085,21:59:59,717923984269,124749,100,24039,420,41
1784728800.0085,22:00:00,717924000886,125249,100,24039,330,41
1784728800.2085,22:00:00,717924018856,125249,100,24039,330,41
1784728800.4085,22:00:00,717924042978,125249,100,24039,330,41
1784728800.6085,22:00:00,717924066606,116693,100,24039,510,41
1784728800.8085,22:00:00,717924088985,116693,100,24039,510,41
1784728801.0085,22:00:01,717924116497,125188,100,24039,570,42
1784728801.2085,22:00:01,717924143712,125188,100,24039,570,42
1784728801.4085,22:00:01,717924171212,125188,100,24039,570,42
1784728801.6085,22:00:01,717924197904,142776,100,24039,480,42
1784728801.8085,22:00:01,717924222924,142776,100,24039,480,42
1784728802.0085,22:00:02,717924246018,144334,100,24039,360,41
1784728802.2085,22:00:02,717924267041,144334,100,24039,360,41
1784728802.4085,22:00:02,717924287390,144334,100,24039,360,41
1784728802.6085,22:00:02,717924306761,124125,100,24039,225,40
1784728802.8085,22:00:02,717924326043,124125,100,24039,225,40
1784728803.0085,22:00:03,717924346316,106186,100,24039,270,40
1784728803.2085,22:00:03,717924367407,106186,100,24039,270,40
1784728803.4085,22:00:03,717924389646,106186,100,24039,270,40
1784728803.6085,22:00:03,717924413161,106450,100,24039,345,41
1784728803.8085,22:00:03,717924436749,106450,100,24039,345,41
1784728804.0085,22:00:04,717924461153,117083,100,24039,405,41
1784728804.2085,22:00:04,717924486617,117083,100,24039,405,41
1784728804.4085,22:00:04,717924511832,117083,100,24039,405,41
1784728804.6085,22:00:04,717924536989,125684,100,24039,390,41
1784728804.8085,22:00:04,717924562209,125684,100,24039,390,41
1784728805.0085,22:00:05,717924587359,129498,100,24039,390,41
1784728805.2085,22:00:05,717924611875,129498,100,24039,390,41
1784728805.4085,22:00:05,717924634800,129498,100,24039,390,41
1784728805.6085,22:00:05,717924657655,125192,100,24039,330,41
1784728805.8085,22:00:05,717924680109,125192,100,24039,330,41
1784728806.0085,22:00:06,717924700642,117192,100,24039,255,40
1784728806.2085,22:00:06,717924721238,117192,100,24039,255,40
1784728806.4085,22:00:06,717924741827,117192,100,24039,255,40
1784728806.6085,22:00:06,717924762653,109370,100,24039,255,40
1784728806.8085,22:00:06,717924784890,109370,100,24039,255,40
1784728807.0085,22:00:07,717924809200,111049,100,24039,375,40
1784728807.2085,22:00:07,717924834242,111049,100,24039,375,40
1784728807.4085,22:00:07,717924859459,111049,100,24039,375,40
1784728807.6085,22:00:07,717924884703,121647,100,24039,390,41
1784728807.8085,22:00:07,717924909889,121647,100,24039,390,41
1784728808.0085,22:00:08,717924934913,128527,100,24039,345,41
1784728808.2085,22:00:08,717924958497,128527,100,24039,345,41
1784728808.4085,22:00:08,717924981758,128527,100,24039,345,41
1784728808.6085,22:00:08,717925005037,124766,100,24039,330,40
1784728808.8085,22:00:08,717925028311,124766,100,24039,330,40
1784728809.0085,22:00:09,717925051590,120371,100,24039,330,40
1784728809.2085,22:00:09,717925074682,120371,100,24039,330,40
1784728809.4085,22:00:09,717925099337,120371,100,24039,330,40
1784728809.6085,22:00:09,717925124620,121497,100,24039,390,41
1784728809.8085,22:00:09,717925149783,121497,100,24039,390,41
1784728810.0085,22:00:10,717925174932,125980,100,24039,390,41
1784728810.2085,22:00:10,717925198175,125980,100,24039,390,41
1784728810.4085,22:00:10,717925220774,125980,100,24039,390,41
1784728810.6085,22:00:10,717925243420,123797,100,24039,315,40
1784728810.8085,22:00:10,717925266014,123797,100,24039,315,40
1784728811.0085,22:00:11,717925288690,117794,100,24039,315,40
1784728811.2085,22:00:11,717925311266,117794,100,24039,315,40
1784728811.4085,22:00:11,717925333744,117794,100,24039,315,40
1784728811.6085,22:00:11,717925356338,116053,100,24039,315,40
1784728811.8085,22:00:11,717925379700,116053,100,24039,315,40
1784728812.0085,22:00:12,717925403865,118437,100,24039,360,40
1784728812.2085,22:00:12,717925428027,118437,100,24039,360,40
1784728812.4085,22:00:12,717925452330,118437,100,24039,360,40
1784728812.6085,22:00:12,717925476674,122607,100,24039,375,40
1784728812.8085,22:00:12,717925500924,122607,100,24039,375,40
1784728813.0085,22:00:13,717925525187,125260,100,24039,375,41
1784728813.2085,22:00:13,717925549350,125260,100,24039,375,41
1784728813.4085,22:00:13,717925573508,125260,100,24039,375,41
1784728813.6085,22:00:13,717925598800,125960,100,24039,330,41
1784728813.8085,22:00:13,717925623739,125960,100,24039,330,41
1784728814.0085,22:00:14,717925648619,127752,100,24039,330,41
1784728814.2085,22:00:14,717925672735,127752,100,24039,330,41
1784728814.4085,22:00:14,717925695603,127752,100,24039,330,41
1784728814.6085,22:00:14,717925718304,126041,100,24039,285,40
1784728814.8085,22:00:14,717925740606,126041,100,24039,285,40
1784728815.0085,22:00:15,717925763007,120007,100,24039,285,40
1784728815.2085,22:00:15,717925785340,120007,100,24039,285,40
1784728815.4085,22:00:15,717925808193,120007,100,24039,285,40
1784728815.6085,22:00:15,717925830725,117526,100,24039,270,40
1784728815.8085,22:00:15,717925852904,117526,100,24039,270,40
1784728816.0085,22:00:16,717925875413,117482,100,24039,285,40
1784728816.2085,22:00:16,717925898122,117482,100,24039,285,40
1784728816.4085,22:00:16,717925920846,117482,100,24039,285,40
1784728816.6085,22:00:16,717925943542,118168,100,24039,285,40
1784728816.8085,22:00:16,717925965726,118168,100,24039,285,40
1784728817.0085,22:00:17,717925985798,116165,100,24039,210,40
1784728817.2085,22:00:17,717926005616,116165,100,24039,210,40
1784728817.4085,22:00:17,717926025355,116165,100,24039,210,40
1784728817.6085,22:00:17,717926045075,109372,100,24039,210,40
1784728817.8085,22:00:17,717926064909,109372,100,24039,210,40
1784728818.0085,22:00:18,717926085241,105021,100,24039,240,40
1784728818.2085,22:00:18,717926107529,105021,100,24039,240,40
1784728818.4085,22:00:18,717926130958,105021,100,24039,240,40
1784728818.6085,22:00:18,717926154596,112939,100,24039,315,40
1784728818.8085,22:00:18,717926178053,112939,100,24039,315,40
1784728819.0085,22:00:19,717926201010,121481,100,24039,300,40
1784728819.2085,22:00:19,717926224347,121481,100,24039,300,40
1784728819.4085,22:00:19,717926247777,121481,100,24039,300,40
1784728819.6085,22:00:19,717926270009,123839,100,24039,270,40
1784728819.8085,22:00:19,717926291069,123839,100,24039,270,40
1784728820.0085,22:00:20,717926311492,118060,100,24039,225,40
1784728820.2085,22:00:20,717926331867,118060,100,24039,225,40
1784728820.4085,22:00:20,717926350348,118060,100,24039,225,40
1784728820.6085,22:00:20,717926361819,105234,100,24039,2520,39
1784728820.8085,22:00:20,717926373463,105234,100,24039,2520,39
1784728821.0085,22:00:21,717926385063,81556,0,24039,2520,39
1784728821.2085,22:00:21,717926396644,81556,0,24039,2520,39
1784728821.4085,22:00:21,717926408197,81556,0,24039,2520,39
1784728821.6085,22:00:21,717926414619,68743,0,24039,2520,39
1784728821.8085,22:00:21,717926421025,68743,0,24039,2520,39
1784728822.0085,22:00:22,717926427448,68743,0,24039,2520,39
1784728822.2085,22:00:22,717926433843,68743,0,24039,2520,39
1784728822.4085,22:00:22,717926440228,68743,0,24039,2520,39
1784728822.6085,22:00:22,717926446592,61955,0,24039,2520,38
1784728822.8085,22:00:22,717926452952,61955,0,24039,2520,38
1784728823.0085,22:00:23,717926459301,61955,0,24039,2520,38
1784728823.2085,22:00:23,717926465627,61955,0,24039,2520,38
1784728823.4085,22:00:23,717926471948,61955,0,24039,2520,38
1784728823.6085,22:00:23,717926478274,61872,0,24039,2520,38
1784728823.8085,22:00:23,717926484578,61872,0,24039,2520,38
1784728824.0085,22:00:24,717926490859,61872,0,24039,2520,38
1784728824.2085,22:00:24,717926497123,61872,0,24039,2520,38
1784728824.4085,22:00:24,717926503391,61872,0,24039,2520,38
1784728824.6085,22:00:24,717926509651,61805,0,24039,2520,38
1784728824.8085,22:00:24,717926515896,61805,0,24039,2520,38
1784728825.0085,22:00:25,717926522123,61805,0,24039,2520,38
1784728825.2085,22:00:25,717926528380,61805,0,24039,2520,38
1784728825.4085,22:00:25,717926534607,61805,0,24039,2520,38
1784728825.6085,22:00:25,717926547035,61790,0,24039,2520,38
1784728825.8085,22:00:25,717926559354,61790,0,24039,2520,38
1784728826.0085,22:00:26,717926571690,61790,0,24039,2520,38
1784728826.2085,22:00:26,717926584011,61790,0,24039,2520,38
1784728826.4085,22:00:26,717926596322,61790,0,24039,2520,38
1784728826.6085,22:00:26,717926608617,61821,0,24039,2520,38
1784728826.8085,22:00:26,717926620918,61821,0,24039,2520,38
1784728827.0085,22:00:27,717926633213,61821,0,24039,2520,38
1784728827.2085,22:00:27,717926645498,61821,0,24039,2520,38
1784728827.4085,22:00:27,717926657813,61821,0,24039,2520,38
1784728827.6085,22:00:27,717926670081,61843,0,24039,2520,38
1784728827.8085,22:00:27,717926682349,61843,0,24039,2520,38
1784728828.0085,22:00:28,717926694598,61843,0,24039,2520,38
1784728828.2085,22:00:28,717926706809,61843,0,24039,2520,38
1784728828.4085,22:00:28,717926719035,61843,0,24039,2520,38
1784728828.6085,22:00:28,717926731209,61865,0,24039,2520,38
1784728828.8085,22:00:28,717926743404,61865,0,24039,2520,38
1784728829.0085,22:00:29,717926755578,61865,0,24039,2520,38
1784728829.2085,22:00:29,717926767755,61865,0,24039,2520,38
1784728829.4085,22:00:29,717926779940,61865,0,24039,2520,38
1784728829.6085,22:00:29,717926792073,61847,0,24039,2520,38
1784728829.8085,22:00:29,717926804187,61847,0,24039,2520,38
1784728830.0085,22:00:30,717926816296,61847,0,24039,2520,38
1784728830.2085,22:00:30,717926828432,61847,0,24039,2520,38
1784728830.4085,22:00:30,717926840565,61847,0,24039,2520,38
1784728830.6085,22:00:30,717926852649,61809,0,24039,2520,38
1784728830.8085,22:00:30,717926864713,61809,0,24039,2520,38
1784728831.0085,22:00:31,717926876747,61809,0,24039,2520,38
1784728831.2085,22:00:31,717926888802,61809,0,24039,2520,38
1784728831.4085,22:00:31,717926900868,61809,0,24039,2520,38
1784728831.6085,22:00:31,717926912897,61797,0,24039,2520,38
1784728831.8085,22:00:31,717926924908,61797,0,24039,2520,38
1784728832.0085,22:00:32,717926936881,61797,0,24039,2520,38
1784728832.2085,22:00:32,717926948839,61797,0,24039,2520,38
1784728832.4085,22:00:32,717926960802,61797,0,24039,2520,38
1784728832.6085,22:00:32,717926972716,61750,0,24039,2520,38
1784728832.8085,22:00:32,717926984659,61750,0,24039,2520,38
1784728833.0085,22:00:33,717926996578,61750,0,24039,2520,38
1784728833.2085,22:00:33,717927008504,61750,0,24039,2520,38
1784728833.4085,22:00:33,717927020443,61750,0,24039,2520,38
1784728833.6085,22:00:33,717927032333,61660,0,24039,2520,37
1784728833.8085,22:00:33,717927044229,61660,0,24039,2520,37
1784728834.0085,22:00:34,717927056124,61660,0,24039,2520,37
1784728834.2085,22:00:34,717927067997,61660,0,24039,2520,37
1784728834.4085,22:00:34,717927079904,61660,0,24039,2520,37
1784728834.6085,22:00:34,717927091768,61653,0,24039,2520,37
1784728834.8085,22:00:34,717927103597,61653,0,24039,2520,37
1784728835.0085,22:00:35,717927115385,61653,0,24039,2520,37
1784728835.2085,22:00:35,717927127224,61653,0,24039,2520,37
1784728835.4085,22:00:35,717927203597,61653,0,24039,2520,37
1784728835.6085,22:00:35,717927297272,118154,0,24039,2580,53
1784728835.8085,22:00:35,717927391265,118154,0,24039,2580,53
1784728836.0085,22:00:36,717927485098,226021,100,24039,2565,63
1784728836.2085,22:00:36,717927564780,226021,100,24039,2565,63
1784728836.4085,22:00:36,717927628021,226021,100,24039,2565,63
1784728836.6085,22:00:36,717927696368,442008,100,24039,2685,53
1784728836.8085,22:00:36,717927771645,442008,100,24039,2685,53
1784728837.0085,22:00:37,717927843155,393126,100,24039,2595,52
1784728837.2085,22:00:37,717927913487,393126,100,24039,2595,52
1784728837.4085,22:00:37,717927979956,393126,100,24039,2595,52
1784728837.6085,22:00:37,717928044432,366138,100,24039,2685,52
1784728837.8085,22:00:37,717928118968,366138,100,24039,2685,52
1784728838.0085,22:00:38,717928192746,368485,100,24039,2595,52
1784728838.2085,22:00:38,717928260215,368485,100,24039,2595,52
1784728838.4085,22:00:38,717928325991,368485,100,24039,2595,52
1784728838.6085,22:00:38,717928396985,365480,100,24039,2685,52
1784728838.8085,22:00:38,717928460605,365480,100,24039,2685,52
1784728839.0085,22:00:39,717928522784,358547,100,24039,2655,51
1784728839.2085,22:00:39,717928583690,358547,100,24039,2655,51
1784728839.4085,22:00:39,717928641313,358547,100,24039,2655,51
1784728839.6085,22:00:39,717928694741,333173,100,24039,2535,49
1784728839.8085,22:00:39,717928745530,333173,100,24039,2535,49
1784728840.0085,22:00:40,717928793084,296232,100,24039,2190,47
1784728840.2085,22:00:40,717928838360,296232,100,24039,2190,47
1784728840.4085,22:00:40,717928879918,296232,100,24039,2190,47
1784728840.6085,22:00:40,717928916840,256387,100,24039,885,46
1784728840.8085,22:00:40,717928949208,256387,100,24039,885,46
1784728841.0085,22:00:41,717928976819,209594,100,24039,405,44
1784728841.2085,22:00:41,717929000865,209594,100,24039,405,44
1784728841.4085,22:00:41,717929024235,209594,100,24039,405,44
1784728841.6085,22:00:41,717929048261,157945,100,24039,345,42
1784728841.8085,22:00:41,717929072889,157945,100,24039,345,42
1784728842.0085,22:00:42,717929098367,130976,100,24039,420,42
1784728842.2085,22:00:42,717929124926,130976,100,24039,420,42
1784728842.4085,22:00:42,717929151833,130976,100,24039,420,42
1784728842.6085,22:00:42,717929179901,134668,100,24039,480,42
1784728842.8085,22:00:42,717929207431,134668,100,24039,480,42
1784728843.0085,22:00:43,717929235076,143763,100,24039,510,42
1784728843.2085,22:00:43,717929263051,143763,100,24039,510,42
1784728843.4085,22:00:43,717929290819,143763,100,24039,510,42
1784728843.6085,22:00:43,717929318692,148240,100,24039,540,42
1784728843.8085,22:00:43,717929346698,148240,100,24039,540,42
1784728844.0085,22:00:44,717929374635,149121,100,24039,540,42
1784728844.2085,22:00:44,717929402486,149121,100,24039,540,42
1784728844.4085,22:00:44,717929430281,149121,100,24039,540,42
1784728844.6085,22:00:44,717929458077,149610,100,24039,540,42
1784728844.8085,22:00:44,717929486124,149610,100,24039,540,42
1784728845.0085,22:00:45,717929513995,149982,100,24039,540,42
1784728845.2085,22:00:45,717929539612,149982,100,24039,540,42
1784728845.4085,22:00:45,717929565183,149982,100,24039,540,42
1784728845.6085,22:00:45,717929590721,145616,100,24039,450,42
1784728845.8085,22:00:45,717929616233,145616,100,24039,450,42
1784728846.0085,22:00:46,717929643451,141005,100,24039,510,42
1784728846.2085,22:00:46,717929670733,141005,100,24039,510,42
1784728846.4085,22:00:46,717929697944,141005,100,24039,510,42
1784728846.6085,22:00:46,717929722861,143380,100,24039,450,42
1784728846.8085,22:00:46,717929748009,143380,100,24039,450,42
1784728847.0085,22:00:47,717929774676,143260,100,24039,510,42
1784728847.2085,22:00:47,717929801741,143260,100,24039,510,42
1784728847.4085,22:00:47,717929828830,143260,100,24039,510,42
1784728847.6085,22:00:47,717929854146,143030,100,24039,510,42
1784728847.8085,22:00:47,717929877466,143030,100,24039,510,42
1784728848.0085,22:00:48,717929900367,139809,100,24039,375,41
1784728848.2085,22:00:48,717929923341,139809,100,24039,375,41
1784728848.4085,22:00:48,717929946183,139809,100,24039,375,41
1784728848.6085,22:00:48,717929968917,130240,100,24039,375,41
1784728848.8085,22:00:48,717929991695,130240,100,24039,375,41
1784728849.0085,22:00:49,717930014468,125174,100,24039,375,41
1784728849.2085,22:00:49,717930037075,125174,100,24039,375,41
1784728849.4085,22:00:49,717930059863,125174,100,24039,375,41
1784728849.6085,22:00:49,717930082282,124858,100,24039,360,41
1784728849.8085,22:00:49,717930104656,124858,100,24039,360,41
1784728850.0085,22:00:50,717930126993,124179,100,24039,360,41
1784728850.2085,22:00:50,717930149463,124179,100,24039,360,41
1784728850.4085,22:00:50,717930172133,124179,100,24039,360,41
1784728850.6085,22:00:50,717930194795,124039,100,24039,375,41
1784728850.8085,22:00:50,717930218000,124039,100,24039,375,41
1784728851.0085,22:00:51,717930242617,125939,100,24039,465,41
1784728851.2085,22:00:51,717930268277,125939,100,24039,465,41
1784728851.4085,22:00:51,717930293926,125939,100,24039,465,41
1784728851.6085,22:00:51,717930319653,134182,100,24039,480,41
1784728851.8085,22:00:51,717930347396,134182,100,24039,480,41
1784728852.0085,22:00:52,717930375121,141467,100,24039,480,41
1784728852.2085,22:00:52,717930403266,141467,100,24039,480,41
1784728852.4085,22:00:52,717930432031,141467,100,24039,480,41
1784728852.6085,22:00:52,717930460866,143777,100,24039,435,41
1784728852.8085,22:00:52,717930489719,143777,100,24039,435,41
1784728853.0085,22:00:53,717930518140,146097,100,24039,435,41
1784728853.2085,22:00:53,717930544430,146097,100,24039,435,41
1784728853.4085,22:00:53,717930568111,146097,100,24039,435,41
1784728853.6085,22:00:53,717930589145,140107,100,24039,225,41
1784728853.8085,22:00:53,717930610092,140107,100,24039,225,41
1784728854.0085,22:00:54,717930630535,121515,100,24039,210,40
1784728854.2085,22:00:54,717930653190,121515,100,24039,210,40
1784728854.4085,22:00:54,717930676255,121515,100,24039,210,40
1784728854.6085,22:00:54,717930699352,111837,100,24039,285,40
1784728854.8085,22:00:54,717930722399,111837,100,24039,285,40
1784728855.0085,22:00:55,717930745374,115585,100,24039,285,40
1784728855.2085,22:00:55,717930768409,115585,100,24039,285,40
1784728855.4085,22:00:55,717930791495,115585,100,24039,285,40
1784728855.6085,22:00:55,717930815850,118252,100,24039,315,40
1784728855.8085,22:00:55,717930841682,118252,100,24039,315,40
1784728856.0085,22:00:56,717930868074,123530,100,24039,375,41
1784728856.2085,22:00:56,717930894858,123530,100,24039,375,41
1784728856.4085,22:00:56,717930921584,123530,100,24039,375,41
1784728856.6085,22:00:56,717930946686,132193,100,24039,375,41
1784728856.8085,22:00:56,717930969283,132193,100,24039,375,41
1784728857.0085,22:00:57,717930990794,128909,100,24039,240,40
1784728857.2085,22:00:57,717931011751,128909,100,24039,240,40
1784728857.4085,22:00:57,717931032603,128909,100,24039,240,40
1784728857.6085,22:00:57,717931053908,115903,100,24039,225,40
1784728857.8085,22:00:57,717931075439,115903,100,24039,225,40
1784728858.0085,22:00:58,717931096181,108936,100,24039,225,40
1784728858.2085,22:00:58,717931117607,108936,100,24039,225,40
1784728858.4085,22:00:58,717931139938,108936,100,24039,225,40
1784728858.6085,22:00:58,717931164434,110361,100,24039,315,40
1784728858.8085,22:00:58,717931189573,110361,100,24039,315,40
1784728859.0085,22:00:59,717931215079,119038,100,24039,360,40
1784728859.2085,22:00:59,717931240182,119038,100,24039,360,40
1784728859.4085,22:00:59,717931265739,119038,100,24039,360,40
1784728859.6085,22:00:59,717931291335,129121,100,24039,360,41
1784728859.8085,22:00:59,717931316905,129121,100,24039,360,41
1784728860.0085,22:01:00,717931341661,131909,100,24039,300,41
1784728860.2085,22:01:00,717931364046,131909,100,24039,300,41
1784728860.4085,22:01:00,717931386534,131909,100,24039,300,41
1784728860.6085,22:01:00,717931410653,126006,100,24039,210,40
1784728860.8085,22:01:00,717931434667,126006,100,24039,210,40
1784728861.0085,22:01:01,717931458803,122892,100,24039,210,40
1784728861.2085,22:01:01,717931482919,122892,100,24039,210,40
1784728861.4085,22:01:01,717931507110,122892,100,24039,210,40
1784728861.6085,22:01:01,717931531168,125786,100,24039,210,40
1784728861.8085,22:01:01,717931542095,125786,100,24039,210,40
1784728862.0085,22:01:02,717931554026,107433,0,24039,2520,39
1784728862.2085,22:01:02,717931565901,107433,0,24039,2520,39
1784728862.4085,22:01:02,717931577768,107433,0,24039,2520,39
1784728862.6085,22:01:02,717931589596,78541,0,24039,2520,39
1784728862.8085,22:01:02,717931599953,78541,0,24039,2520,39
1784728863.0085,22:01:03,717931610305,72737,0,24039,2520,39
1784728863.2085,22:01:03,717931620647,72737,0,24039,2520,39
1784728863.4085,22:01:03,717931630971,72737,0,24039,2520,39
1784728863.6085,22:01:03,717931641298,72737,0,24039,2520,39
1784728863.8085,22:01:03,717931651627,72737,0,24039,2520,39
1784728864.0085,22:01:04,717931661928,61818,0,24039,2520,38
1784728864.2085,22:01:04,717931672245,61818,0,24039,2520,38
1784728864.4085,22:01:04,717931682514,61818,0,24039,2520,38
1784728864.6085,22:01:04,717931692786,61818,0,24039,2520,38
1784728864.8085,22:01:04,717931703034,61818,0,24039,2520,38
1784728865.0085,22:01:05,717931713274,61805,0,24039,2520,38
1784728865.2085,22:01:05,717931723521,61805,0,24039,2520,38
1784728865.4085,22:01:05,717931733727,61805,0,24039,2520,38
1784728865.6085,22:01:05,717931743938,61805,0,24039,2520,38
1784728865.8085,22:01:05,717931754123,61805,0,24039,2520,38
1784728866.0085,22:01:06,717931764276,61786,0,24039,2520,38
1784728866.2085,22:01:06,717931774409,61786,0,24039,2520,38
1784728866.4085,22:01:06,717931784537,61786,0,24039,2520,38
1784728866.6085,22:01:06,717931794711,61786,0,24039,2520,38
1784728866.8085,22:01:06,717931804829,61786,0,24039,2520,38
1784728867.0085,22:01:07,717931814958,61678,0,24039,2520,38
1784728867.2085,22:01:07,717931825051,61678,0,24039,2520,38
1784728867.4085,22:01:07,717931835149,61678,0,24039,2520,38
1784728867.6085,22:01:07,717931845249,61678,0,24039,2520,38
1784728867.8085,22:01:07,717931855332,61678,0,24039,2520,38
1784728868.0085,22:01:08,717931865375,61639,0,24039,2520,38
1784728868.2085,22:01:08,717931875397,61639,0,24039,2520,38
1784728868.4085,22:01:08,717931885425,61639,0,24039,2520,38
1784728868.6085,22:01:08,717931895454,61639,0,24039,2520,38
1784728868.8085,22:01:08,717931905472,61639,0,24039,2520,38
1784728869.0085,22:01:09,717931915497,61607,0,24039,2520,38
1784728869.2085,22:01:09,717931925492,61607,0,24039,2520,38
1784728869.4085,22:01:09,717931935494,61607,0,24039,2520,38
1784728869.6085,22:01:09,717931945467,61607,0,24039,2520,38
1784728869.8085,22:01:09,717931955416,61607,0,24039,2520,38
1784728870.0085,22:01:10,717931965375,61593,0,24039,2520,38
1784728870.2085,22:01:10,717931975331,61593,0,24039,2520,38
1784728870.4085,22:01:10,717931985269,61593,0,24039,2520,38
1784728870.6085,22:01:10,717931995210,61593,0,24039,2520,38
1784728870.8085,22:01:10,717932005162,61593,0,24039,2520,38
1784728871.0085,22:01:11,717932015096,61631,0,24039,2520,38
1784728871.2085,22:01:11,717932025008,61631,0,24039,2520,38
1784728871.4085,22:01:11,717932034897,61631,0,24039,2520,38
1784728871.6085,22:01:11,717932044801,61631,0,24039,2520,38
1784728871.8085,22:01:11,717932054668,61631,0,24039,2520,38
1784728872.0085,22:01:12,717932064539,61729,0,24039,2520,38
1784728872.2085,22:01:12,717932074372,61729,0,24039,2520,38
1784728872.4085,22:01:12,717932084228,61729,0,24039,2520,38
1784728872.6085,22:01:12,717932094074,61729,0,24039,2520,38
1784728872.8085,22:01:12,717932103905,61729,0,24039,2520,38
1784728873.0085,22:01:13,717932113749,61769,0,24039,2520,38
1784728873.2085,22:01:13,717932123606,61769,0,24039,2520,38
1784728873.4085,22:01:13,717932133425,61769,0,24039,2520,38
1784728873.6085,22:01:13,717932143222,61769,0,24039,2520,38
1784728873.8085,22:01:13,717932153009,61769,0,24039,2520,38
1784728874.0085,22:01:14,717932162795,61796,0,24039,2520,38
1784728874.2085,22:01:14,717932172579,61796,0,24039,2520,38
1784728874.4085,22:01:14,717932182335,61796,0,24039,2520,38
1784728874.6085,22:01:14,717932192085,61796,0,24039,2520,38
1784728874.8085,22:01:14,717932201793,61796,0,24039,2520,38
1784728875.0085,22:01:15,717932211475,61880,0,24039,2520,38
1784728875.2085,22:01:15,717932221201,61880,0,24039,2520,38
1784728875.4085,22:01:15,717932230894,61880,0,24039,2520,38
1784728875.6085,22:01:15,717932240570,61880,0,24039,2520,38
1784728875.8085,22:01:15,717932250210,61880,0,24039,2520,38
1784728876.0085,22:01:16,717932259865,61805,0,24039,2520,38
1784728876.2085,22:01:16,717932269504,61805,0,24039,2520,38
1784728876.4085,22:01:16,717932279162,61805,0,24039,2520,38
1784728876.6085,22:01:16,717932288809,61805,0,24039,2520,38
1784728876.8085,22:01:16,717932298435,61805,0,24039,2520,38
1784728877.0085,22:01:17,717932327844,61824,0,24039,2520,40
1784728877.2085,22:01:17,717932416551,61824,0,24039,2520,40
1784728877.4085,22:01:17,717932510530,61824,0,24039,2565,40
1784728877.6085,22:01:17,717932605313,159489,0,24039,2565,62
1784728877.8085,22:01:17,717932688952,159489,0,24039,2565,62
1784728878.0085,22:01:18,717932759719,331885,100,24039,2460,54
1784728878.2085,22:01:18,717932829487,331885,100,24039,2460,54
1784728878.4085,22:01:18,717932898982,331885,100,24039,2460,54
1784728878.6085,22:01:18,717932974414,407923,100,24039,2685,53
1784728878.8085,22:01:18,717933050794,407923,100,24039,2685,53
1784728879.0085,22:01:19,717933117174,377817,100,24039,2685,53
1784728879.2085,22:01:19,717933185301,377817,100,24039,2685,53
1784728879.4085,22:01:19,717933257383,377817,100,24039,2685,53
1784728879.6085,22:01:19,717933326375,373837,100,24039,2595,56
1784728879.8085,22:01:19,717933402114,373837,100,24039,2595,56
1784728880.0085,22:01:20,717933471627,368399,100,24039,2685,53
1784728880.2085,22:01:20,717933540605,368399,100,24039,2685,53
1784728880.4085,22:01:20,717933609532,368399,100,24039,2685,53
1784728880.6085,22:01:20,717933681577,372137,100,24039,2685,54
1784728880.8085,22:01:20,717933765659,372137,100,24039,2685,54
1784728881.0085,22:01:21,717933834751,373864,100,24039,2685,52
1784728881.2085,22:01:21,717933897031,373864,100,24039,2685,52
1784728881.4085,22:01:21,717933954357,373864,100,24039,2685,52
1784728881.6085,22:01:21,717934011214,354211,100,24039,2190,51
1784728881.8085,22:01:21,717934063515,354211,100,24039,2190,51
1784728882.0085,22:01:22,717934112999,304166,100,24039,1635,47
1784728882.2085,22:01:22,717934155431,304166,100,24039,1635,47
1784728882.4085,22:01:22,717934189855,304166,100,24039,1635,47
1784728882.6085,22:01:22,717934232578,245135,100,24039,1050,46
1784728882.8085,22:01:22,717934273835,245135,100,24039,1050,46
1784728883.0085,22:01:23,717934307475,214043,100,24039,840,46
1784728883.2085,22:01:23,717934339566,214043,100,24039,840,46
1784728883.4085,22:01:23,717934389056,214043,100,24039,840,46
1784728883.6085,22:01:23,717934456886,205770,100,24039,2625,49
1784728883.8085,22:01:23,717934539101,205770,100,24039,2625,49
1784728884.0085,22:01:24,717934602427,283536,100,24039,2640,52
1784728884.2085,22:01:24,717934656427,283536,100,24039,2640,52
1784728884.4085,22:01:24,717934697943,283536,100,24039,2640,52
1784728884.6085,22:01:24,717934738923,321719,100,24039,1245,48
1784728884.8085,22:01:24,717934784709,321719,100,24039,1245,48
1784728885.0085,22:01:25,717934827449,255744,100,24039,885,46
1784728885.2085,22:01:25,717934857683,255744,100,24039,885,46
1784728885.4085,22:01:25,717934891433,255744,100,24039,885,46
1784728885.6085,22:01:25,717934921898,204601,100,24039,600,44
1784728885.8085,22:01:25,717934951912,204601,100,24039,600,44
1784728886.0085,22:01:26,717934981360,173661,100,24039,465,43
1784728886.2085,22:01:26,717935003979,173661,100,24039,465,43
1784728886.4085,22:01:26,717935024728,173661,100,24039,465,43
1784728886.6085,22:01:26,717935052708,142958,100,24039,420,43
1784728886.8085,22:01:26,717935112595,142958,100,24039,420,43
1784728887.0085,22:01:27,717935183089,192625,100,24039,2685,52
1784728887.2085,22:01:27,717935240946,192625,100,24039,2685,52
1784728887.4085,22:01:27,717935284677,192625,100,24039,2685,52
1784728887.6085,22:01:27,717935325066,260749,100,24039,945,47
1784728887.8085,22:01:27,717935361207,260749,100,24039,945,47
1784728888.0085,22:01:28,717935392593,252699,100,24039,555,44
1784728888.2085,22:01:28,717935416283,252699,100,24039,555,44
1784728888.4085,22:01:28,717935434142,252699,100,24039,555,44
1784728888.6085,22:01:28,717935449086,163605,100,24039,210,42
1784728888.8085,22:01:28,717935466706,163605,100,24039,210,42
1784728889.0085,22:01:29,717935527083,123769,100,24039,2700,50
1784728889.2085,22:01:29,717935596629,123769,100,24039,2700,50
1784728889.4085,22:01:29,717935654631,123769,100,24039,2700,50
1784728889.6085,22:01:29,717935707865,222644,100,24039,2430,50
1784728889.8085,22:01:29,717935753179,222644,100,24039,2430,50
1784728890.0085,22:01:30,717935792218,298129,100,24039,1110,48
1784728890.2085,22:01:30,717935831613,298129,100,24039,1110,48
1784728890.4085,22:01:30,717935865087,298129,100,24039,1110,48
1784728890.6086,22:01:30,717935897910,228408,100,24039,1005,46
1784728890.8085,22:01:30,717935927799,228408,100,24039,1005,46
1784728891.0085,22:01:31,717935952707,181739,100,24039,570,44
1784728891.2086,22:01:31,717935982135,181739,100,24039,570,44
1784728891.4085,22:01:31,717936009862,181739,100,24039,570,44
1784728891.6085,22:01:31,717936036909,157829,100,24039,525,44
1784728891.8085,22:01:31,717936062979,157829,100,24039,525,44
1784728892.0085,22:01:32,717936089525,146941,100,24039,405,43
1784728892.2085,22:01:32,717936113940,146941,100,24039,405,43
1784728892.4085,22:01:32,717936136824,146941,100,24039,405,43
1784728892.6085,22:01:32,717936157362,137718,100,24039,285,42
1784728892.8085,22:01:32,717936177189,137718,100,24039,285,42
1784728893.0085,22:01:33,717936194702,121493,100,24039,240,41
1784728893.2085,22:01:33,717936214541,121493,100,24039,240,41
1784728893.4085,22:01:33,717936235850,121493,100,24039,240,41
1784728893.6085,22:01:33,717936257450,108737,100,24039,345,42
1784728893.8085,22:01:33,717936282498,108737,100,24039,345,42
1784728894.0085,22:01:34,717936308714,116844,100,24039,465,42
1784728894.2085,22:01:34,717936334511,116844,100,24039,465,42
1784728894.4085,22:01:34,717936362328,116844,100,24039,465,42
1784728894.6085,22:01:34,717936388213,136301,100,24039,480,43
1784728894.8085,22:01:34,717936409547,136301,100,24039,480,43
1784728895.0085,22:01:35,717936435292,139124,100,24039,435,42
1784728895.2085,22:01:35,717936461251,139124,100,24039,435,42
1784728895.4085,22:01:35,717936484655,139124,100,24039,435,42
1784728895.6085,22:01:35,717936509070,135909,100,24039,435,42
1784728895.8085,22:01:35,717936534063,135909,100,24039,435,42
1784728896.0085,22:01:36,717936560156,137962,100,24039,435,42
1784728896.2085,22:01:36,717936584134,137962,100,24039,435,42
1784728896.4085,22:01:36,717936606350,137962,100,24039,435,42
1784728896.6085,22:01:36,717936630704,133004,100,24039,390,42
1784728896.8085,22:01:36,717936649875,133004,100,24039,390,42
1784728897.0085,22:01:37,717936666968,124748,100,24039,345,41
1784728897.2085,22:01:37,717936685195,124748,100,24039,345,41
1784728897.4085,22:01:37,717936750555,124748,100,24039,345,41
1784728897.6085,22:01:37,717936822850,152615,100,24039,2640,57
1784728897.8085,22:01:37,717936886146,152615,100,24039,2640,57
1784728898.0085,22:01:38,717936932516,249408,100,24039,1260,47
1784728898.2085,22:01:38,717936972962,249408,100,24039,1260,47
1784728898.4085,22:01:38,717937007844,249408,100,24039,1260,47
1784728898.6085,22:01:38,717937037178,282124,100,24039,495,44
1784728898.8085,22:01:38,717937062262,282124,100,24039,495,44
1784728899.0085,22:01:39,717937082614,173816,100,24039,210,42
1784728899.2085,22:01:39,717937101296,173816,100,24039,210,42
1784728899.4085,22:01:39,717937120415,173816,100,24039,210,42
1784728899.6085,22:01:39,717937139596,120367,100,24039,210,41
1784728899.8085,22:01:39,717937158689,120367,100,24039,210,41
1784728900.0085,22:01:40,717937177778,99184,100,24039,210,41
1784728900.2085,22:01:40,717937196798,99184,100,24039,210,41
1784728900.4085,22:01:40,717937216446,99184,100,24039,210,41
1784728900.6085,22:01:40,717937237973,98675,100,24039,255,41
1784728900.8085,22:01:40,717937261017,98675,100,24039,255,41
1784728901.0085,22:01:41,717937285225,106848,100,24039,360,41
1784728901.2085,22:01:41,717937309619,106848,100,24039,360,41
1784728901.4085,22:01:41,717937333906,106848,100,24039,360,41
1784728901.6085,22:01:41,717937358391,119197,100,24039,360,41
1784728901.8085,22:01:41,717937382756,119197,100,24039,360,41
1784728902.0085,22:01:42,717937407191,125051,100,24039,360,41
1784728902.2085,22:01:42,717937431633,125051,100,24039,360,41
1784728902.4085,22:01:42,717937455061,125051,100,24039,360,41
1784728902.6085,22:01:42,717937478389,124261,100,24039,360,41
1784728902.8085,22:01:42,717937502764,124261,100,24039,360,41
1784728903.0085,22:01:43,717937528373,124110,100,24039,405,41
1784728903.2085,22:01:43,717937551933,124110,100,24039,405,41
1784728903.4085,22:01:43,717937571329,124110,100,24039,405,41
1784728903.6085,22:01:43,717937595943,119144,100,24039,420,42
1784728903.8085,22:01:43,717937625151,119144,100,24039,420,42
1784728904.0085,22:01:44,717937655766,129093,100,24039,555,42
1784728904.2085,22:01:44,717937686778,129093,100,24039,555,42
1784728904.4085,22:01:44,717937710075,129093,100,24039,555,42
1784728904.6085,22:01:44,717937740049,139097,100,24039,540,42
1784728904.8085,22:01:44,717937771134,139097,100,24039,540,42
1784728905.0085,22:01:45,717937799834,149456,100,24039,540,43
1784728905.2085,22:01:45,717937827462,149456,100,24039,540,43
1784728905.4085,22:01:45,717937856264,149456,100,24039,540,43
1784728905.6085,22:01:45,717937880256,148479,100,24039,435,42
1784728905.8085,22:01:45,717937905556,148479,100,24039,435,42
1784728906.0085,22:01:46,717937930024,138675,100,24039,420,42
1784728906.2085,22:01:46,717937956496,138675,100,24039,420,42
1784728906.4085,22:01:46,717937977401,138675,100,24039,420,42
1784728906.6085,22:01:46,717937996546,127285,100,24039,390,41
1784728906.8085,22:01:46,717938018517,127285,100,24039,390,41
1784728907.0085,22:01:47,717938040339,116541,100,24039,465,42
1784728907.2085,22:01:47,717938087914,116541,100,24039,465,42
1784728907.4085,22:01:47,717938143596,116541,100,24039,465,42
1784728907.6085,22:01:47,717938188935,166334,100,24039,1110,47
1784728907.8085,22:01:47,717938227998,166334,100,24039,1110,47
1784728908.0085,22:01:48,717938254286,210843,100,24039,585,44
1784728908.2085,22:01:48,717938280866,210843,100,24039,585,44
1784728908.4085,22:01:48,717938305335,210843,100,24039,585,44
1784728908.6085,22:01:48,717938326526,177161,100,24039,300,42
1784728908.8085,22:01:48,717938347213,177161,100,24039,300,42
1784728909.0085,22:01:49,717938367292,123596,100,24039,210,41
1784728909.2085,22:01:49,717938386251,123596,100,24039,210,41
1784728909.4085,22:01:49,717938405137,123596,100,24039,210,41
1784728909.6086,22:01:49,717938424559,106729,100,24039,210,40
1784728909.8085,22:01:49,717938444593,106729,100,24039,210,40
1784728910.0085,22:01:50,717938460674,100608,100,24039,285,40
1784728910.2085,22:01:50,717938478060,100608,100,24039,285,40
1784728910.4085,22:01:50,717938510043,100608,100,24039,285,40
1784728910.6085,22:01:50,717938569935,110654,100,24039,2520,45
1784728910.8085,22:01:50,717938635276,110654,100,24039,2520,45
1784728911.0085,22:01:51,717938686315,207649,100,24039,1050,51
1784728911.2085,22:01:51,717938729915,207649,100,24039,1050,51
1784728911.4085,22:01:51,717938778904,207649,100,24039,1050,51
1784728911.6085,22:01:51,717938821957,277487,100,24039,1335,47
1784728911.8085,22:01:51,717938854263,277487,100,24039,1335,47
1784728912.0086,22:01:52,717938883992,226085,100,24039,480,44
1784728912.2085,22:01:52,717938908028,226085,100,24039,480,44
1784728912.4085,22:01:52,717938932075,226085,100,24039,480,44
1784728912.6085,22:01:52,717938949548,171431,100,24039,240,42
1784728912.8085,22:01:52,717938965163,171431,100,24039,240,42
1784728913.0085,22:01:53,717938982100,114787,100,24039,300,41
1784728913.2085,22:01:53,717939046069,114787,100,24039,300,41
1784728913.4085,22:01:53,717939111343,114787,100,24039,300,41
1784728913.6085,22:01:53,717939165867,184397,100,24039,1590,53
1784728913.8085,22:01:53,717939203666,184397,100,24039,1590,53
1784728914.0085,22:01:54,717939239506,263936,100,24039,720,45
1784728914.2085,22:01:54,717939270412,263936,100,24039,720,45
1784728914.4085,22:01:54,717939296785,263936,100,24039,720,45
1784728914.6085,22:01:54,717939317828,210224,100,24039,255,42
1784728914.8085,22:01:54,717939335247,210224,100,24039,255,42
1784728915.0086,22:01:55,717939349593,135564,100,24039,210,41
1784728915.2085,22:01:55,717939363908,135564,100,24039,210,41
1784728915.4085,22:01:55,717939378201,135564,100,24039,210,41
1784728915.6085,22:01:55,717939396200,92504,100,24039,225,40
1784728915.8085,22:01:55,717939416621,92504,100,24039,225,40
1784728916.0085,22:01:56,717939438851,91242,100,24039,345,41
1784728916.2085,22:01:56,717939461895,91242,100,24039,345,41
1784728916.4085,22:01:56,717939483042,91242,100,24039,345,41
1784728916.6085,22:01:56,717939505584,111070,100,24039,390,41
1784728916.8085,22:01:56,717939526933,111070,100,24039,390,41
1784728917.0085,22:01:57,717939547731,119315,100,24039,510,42
1784728917.2085,22:01:57,717939570672,119315,100,24039,510,42
1784728917.4085,22:01:57,717939608415,119315,100,24039,510,42
1784728917.6085,22:01:57,717939666881,133958,100,24039,2520,47
1784728917.8085,22:01:57,717939729118,133958,100,24039,2520,47
1784728918.0085,22:01:58,717939783526,230482,100,24039,2685,50
1784728918.2085,22:01:58,717939841318,230482,100,24039,2685,50
1784728918.4085,22:01:58,717939891730,230482,100,24039,2685,50
1784728918.6085,22:01:58,717939939212,313175,100,24039,2325,48
1784728918.8085,22:01:58,717939986258,313175,100,24039,2325,48
1784728919.0085,22:01:59,717940029823,284080,100,24039,1335,47
1784728919.2085,22:01:59,717940067248,284080,100,24039,1335,47
1784728919.4085,22:01:59,717940098035,284080,100,24039,1335,47
1784728919.6085,22:01:59,717940122637,232145,100,24039,540,44
1784728919.8085,22:01:59,717940139516,232145,100,24039,540,44
1784728920.0086,22:02:00,717940155724,161203,100,24039,210,41
1784728920.2085,22:02:00,717940173658,161203,100,24039,210,41
1784728920.4085,22:02:00,717940191634,161203,100,24039,210,41
1784728920.6085,22:02:00,717940209551,108390,100,24039,210,41
1784728920.8085,22:02:00,717940225750,108390,100,24039,210,41
1784728921.0085,22:02:01,717940242461,95107,100,24039,210,41
1784728921.2085,22:02:01,717940260404,95107,100,24039,210,41
1784728921.4086,22:02:01,717940278261,95107,100,24039,210,41
1784728921.6085,22:02:01,717940297629,96739,100,24039,210,41
1784728921.8086,22:02:01,717940316809,96739,100,24039,210,41
1784728922.0086,22:02:02,717940333116,97255,100,24039,210,40
1784728922.2085,22:02:02,717940348492,97255,100,24039,210,40
1784728922.4085,22:02:02,717940365020,97255,100,24039,210,40
1784728922.6086,22:02:02,717940381176,89854,100,24039,285,40
1784728922.8086,22:02:02,717940449261,89854,100,24039,285,40
1784728923.0086,22:02:03,717940531589,156474,100,24039,2535,55
1784728923.2085,22:02:03,717940596673,156474,100,24039,2535,55
1784728923.4086,22:02:03,717940654818,156474,100,24039,2535,55
1784728923.6086,22:02:03,717940698276,294191,100,24039,1215,50
1784728923.8085,22:02:03,717940731654,294191,100,24039,1215,50
1784728924.0086,22:02:04,717940768960,267636,100,24039,720,45
1784728924.2085,22:02:04,717940802523,267636,100,24039,720,45
1784728924.4086,22:02:04,717940831136,267636,100,24039,720,45
1784728924.6085,22:02:04,717940854034,175742,100,24039,240,43
1784728924.8085,22:02:04,717940874246,175742,100,24039,240,43
1784728925.0085,22:02:05,717940893998,132302,100,24039,210,41
1784728925.2085,22:02:05,717940913709,132302,100,24039,210,41
1784728925.4085,22:02:05,717940933423,132302,100,24039,210,41
1784728925.6085,22:02:05,717940950961,103514,100,24039,210,41
1784728925.8086,22:02:05,717940970092,103514,100,24039,210,41
1784728926.0085,22:02:06,717940987203,96122,100,24039,210,41
1784728926.2085,22:02:06,717941006705,96122,100,24039,210,41
1784728926.4085,22:02:06,717941024557,96122,100,24039,210,41
1784728926.6085,22:02:06,717941046436,94994,100,24039,255,41
1784728926.8085,22:02:06,717941069791,94994,100,24039,255,41
1784728927.0085,22:02:07,717941094616,108354,100,24039,345,41
1784728927.2085,22:02:07,717941119436,108354,100,24039,345,41
1784728927.4085,22:02:07,717941144325,108354,100,24039,345,41
1784728927.6085,22:02:07,717941168343,123410,100,24039,345,41
1784728927.8085,22:02:07,717941188588,123410,100,24039,345,41
1784728928.0086,22:02:08,717941211319,120370,100,24039,285,41
1784728928.2085,22:02:08,717941232602,120370,100,24039,285,41
1784728928.4085,22:02:08,717941254122,120370,100,24039,285,41
1784728928.6085,22:02:08,717941278394,113818,100,24039,330,41
1784728928.8085,22:02:08,717941303560,113818,100,24039,330,41
1784728929.0085,22:02:09,717941326454,118082,100,24039,420,41
1784728929.2085,22:02:09,717941354446,118082,100,24039,420,41
1784728929.4085,22:02:09,717941381953,118082,100,24039,420,41
1784728929.6085,22:02:09,717941407649,131060,100,24039,375,42
1784728929.8085,22:02:09,717941431475,131060,100,24039,375,42
1784728930.0086,22:02:10,717941456768,132957,100,24039,360,41
1784728930.2086,22:02:10,717941482096,132957,100,24039,360,41
1784728930.4086,22:02:10,717941507852,132957,100,24039,360,41
1784728930.6085,22:02:10,717941533622,129358,100,24039,375,41
1784728930.8085,22:02:10,717941559315,129358,100,24039,375,41
1784728931.0085,22:02:11,717941581032,127780,100,24039,330,41
1784728931.2085,22:02:11,717941605004,127780,100,24039,330,41
1784728931.4086,22:02:11,717941629024,127780,100,24039,330,41
1784728931.6085,22:02:11,717941652954,124283,100,24039,330,41
1784728931.8086,22:02:11,717941675242,124283,100,24039,330,41
1784728932.0085,22:02:12,717941696603,118553,100,24039,255,41
1784728932.2085,22:02:12,717941716870,118553,100,24039,255,41
1784728932.4085,22:02:12,717941737466,118553,100,24039,255,41
1784728932.6085,22:02:12,717941755377,109836,100,24039,270,41
1784728932.8085,22:02:12,717941802576,109836,100,24039,270,41
1784728933.0085,22:02:13,717941864410,171559,100,24039,2685,50
1784728933.2085,22:02:13,717941925104,171559,100,24039,2685,50
1784728933.4085,22:02:13,717941973590,171559,100,24039,2685,50
1784728933.6085,22:02:13,717942011962,245139,100,24039,795,47
1784728933.8085,22:02:13,717942045420,245139,100,24039,795,47
1784728934.0085,22:02:14,717942069690,221377,100,24039,375,43
1784728934.2085,22:02:14,717942088557,221377,100,24039,375,43
1784728934.4085,22:02:14,717942106807,221377,100,24039,375,43
1784728934.6085,22:02:14,717942127257,132639,100,24039,240,41
1784728934.8085,22:02:14,717942147327,132639,100,24039,240,41
1784728935.0086,22:02:15,717942167861,100824,100,24039,270,41
1784728935.2085,22:02:15,717942190162,100824,100,24039,270,41
1784728935.4085,22:02:15,717942214595,100824,100,24039,270,41
1784728935.6086,22:02:15,717942239910,112683,100,24039,375,41
1784728935.8085,22:02:15,717942265262,112683,100,24039,375,41
1784728936.0085,22:02:16,717942288989,123290,100,24039,390,41
1784728936.2085,22:02:16,717942314898,123290,100,24039,390,41
1784728936.4085,22:02:16,717942338686,123290,100,24039,390,41
1784728936.6085,22:02:16,717942364259,128054,100,24039,375,41
1784728936.8085,22:02:16,717942387141,128054,100,24039,375,41
1784728937.0085,22:02:17,717942406203,121549,100,24039,360,41
1784728937.2085,22:02:17,717942429817,121549,100,24039,360,41
1784728937.4086,22:02:17,717942457036,121549,100,24039,360,41
1784728937.6085,22:02:17,717942485664,124770,100,24039,465,42
1784728937.8085,22:02:17,717942514335,124770,100,24039,465,42
1784728938.0085,22:02:18,717942535548,130488,100,24039,420,42
1784728938.2086,22:02:18,717942555387,130488,100,24039,420,42
1784728938.4086,22:02:18,717942580200,130488,100,24039,420,42
1784728938.6085,22:02:18,717942648558,147808,100,24039,2520,44
1784728938.8085,22:02:18,717942719242,147808,100,24039,2520,44
1784728939.0085,22:02:19,717942778286,239284,100,24039,2580,49
1784728939.2086,22:02:19,717942832158,239284,100,24039,2580,49
1784728939.4085,22:02:19,717942876073,239284,100,24039,2580,49
1784728939.6085,22:02:19,717942912028,296296,100,24039,735,46
1784728939.8086,22:02:19,717942942073,296296,100,24039,735,46
1784728940.0086,22:02:20,717942964662,201497,100,24039,390,43
1784728940.2086,22:02:20,717942986490,201497,100,24039,390,43
1784728940.4086,22:02:20,717943006109,201497,100,24039,390,43
1784728940.6085,22:02:20,717943025448,130974,100,24039,210,41
1784728940.8085,22:02:20,717943044398,130974,100,24039,210,41
1784728941.0085,22:02:21,717943059311,100905,100,24039,210,41
1784728941.2086,22:02:21,717943074201,100905,100,24039,210,41
1784728941.4085,22:02:21,717943117559,100905,100,24039,210,41
1784728941.6085,22:02:21,717943186519,142359,100,24039,2520,52
1784728941.8085,22:02:21,717943248383,142359,100,24039,2520,52
1784728942.0086,22:02:22,717943304651,240891,100,24039,1395,50
1784728942.2085,22:02:22,717943346321,240891,100,24039,1395,50
1784728942.4085,22:02:22,717943385178,240891,100,24039,1395,50
1784728942.6085,22:02:22,717943418720,269846,100,24039,555,45
1784728942.8086,22:02:22,717943442236,269846,100,24039,555,45
1784728943.0085,22:02:23,717943460537,168038,100,24039,315,42
1784728943.2085,22:02:23,717943477537,168038,100,24039,315,42
1784728943.4085,22:02:23,717943496019,168038,100,24039,315,42
1784728943.6085,22:02:23,717943513544,112451,100,24039,270,41
1784728943.8085,22:02:23,717943535379,112451,100,24039,270,41
1784728944.0085,22:02:24,717943555145,98035,100,24039,375,41
1784728944.2085,22:02:24,717943579169,98035,100,24039,375,41
1784728944.4085,22:02:24,717943605863,98035,100,24039,375,41
1784728944.6085,22:02:24,717943630901,116922,100,24039,465,42
1784728944.8085,22:02:24,717943658859,116922,100,24039,465,42
1784728945.0086,22:02:25,717943681273,129746,100,24039,420,42
1784728945.2086,22:02:25,717943702464,129746,100,24039,420,42
1784728945.4085,22:02:25,717943730100,129746,100,24039,420,42
1784728945.6085,22:02:25,717943753914,128874,100,24039,570,43
1784728945.8085,22:02:25,717943782317,128874,100,24039,570,43
1784728946.0085,22:02:26,717943812265,133732,100,24039,675,43
1784728946.2085,22:02:26,717943845814,133732,100,24039,675,43
1784728946.4085,22:02:26,717943872766,133732,100,24039,675,43
1784728946.6085,22:02:26,717943903375,150421,100,24039,720,44
1784728946.8085,22:02:26,717943934896,150421,100,24039,720,44
1784728947.0085,22:02:27,717943971372,166646,100,24039,720,44
1784728947.2085,22:02:27,717944002774,166646,100,24039,720,44
1784728947.4085,22:02:27,717944032665,166646,100,24039,720,44
1784728947.6085,22:02:27,717944066469,168023,100,24039,630,43
1784728947.8085,22:02:27,717944092382,168023,100,24039,630,43
1784728948.0085,22:02:28,717944114866,153609,100,24039,495,43
1784728948.2085,22:02:28,717944136893,153609,100,24039,495,43
1784728948.4085,22:02:28,717944162676,153609,100,24039,495,43
1784728948.6085,22:02:28,717944215470,145135,100,24039,2520,44
1784728948.8085,22:02:28,717944280245,145135,100,24039,2520,44
1784728949.0086,22:02:29,717944341494,229753,100,24039,2160,51
1784728949.2085,22:02:29,717944389911,229753,100,24039,2160,51
1784728949.4085,22:02:29,717944431038,229753,100,24039,2160,51
1784728949.6085,22:02:29,717944458335,272228,100,24039,690,46
1784728949.8085,22:02:29,717944487656,272228,100,24039,690,46
1784728950.0086,22:02:30,717944513950,189177,100,24039,375,43
1784728950.2086,22:02:30,717944535362,189177,100,24039,375,43
1784728950.4085,22:02:30,717944554224,189177,100,24039,375,43
1784728950.6085,22:02:30,717944573151,126788,100,24039,210,41
1784728950.8085,22:02:30,717944587783,126788,100,24039,210,41
1784728951.0085,22:02:31,717944602401,96310,100,24039,210,41
1784728951.2086,22:02:31,717944645985,96310,100,24039,210,41
1784728951.4085,22:02:31,717944711494,96310,100,24039,210,41
1784728951.6085,22:02:31,717944773947,183228,100,24039,2655,51
1784728951.8085,22:02:31,717944831884,183228,100,24039,2655,51
1784728952.0085,22:02:32,717944889704,287265,100,24039,2520,50
1784728952.2085,22:02:32,717944941237,287265,100,24039,2520,50
1784728952.4086,22:02:32,717944984658,287265,100,24039,2520,50
1784728952.6086,22:02:32,717945023172,284273,100,24039,900,46
1784728952.8086,22:02:32,717945056070,284273,100,24039,900,46
1784728953.0085,22:02:33,717945084897,216479,100,24039,405,44
1784728953.2086,22:02:33,717945104399,216479,100,24039,405,44
1784728953.4085,22:02:33,717945119706,216479,100,24039,405,44
1784728953.6086,22:02:33,717945135348,137927,100,24039,210,41
1784728953.8086,22:02:33,717945152144,137927,100,24039,210,41
1784728954.0086,22:02:34,717945170904,96005,100,24039,210,41
1784728954.2086,22:02:34,717945189964,96005,100,24039,210,41
1784728954.4086,22:02:34,717945208865,96005,100,24039,210,41
1784728954.6086,22:02:34,717945226112,95377,100,24039,210,41
1784728954.8086,22:02:34,717945240453,95377,100,24039,210,41
1784728955.0086,22:02:35,717945255820,92537,100,24039,1425,40
1784728955.2086,22:02:35,717945314570,92537,100,24039,1425,40
1784728955.4086,22:02:35,717945376697,92537,100,24039,1425,40
1784728955.6086,22:02:35,717945440650,193229,100,24039,2625,50
1784728955.8086,22:02:35,717945497889,193229,100,24039,2625,50
1784728956.0086,22:02:36,717945550924,294269,100,24039,2460,49
1784728956.2086,22:02:36,717945600844,294269,100,24039,2460,49
1784728956.4086,22:02:36,717945644980,294269,100,24039,2460,49
1784728956.6086,22:02:36,717945685162,279113,100,24039,855,46
1784728956.8086,22:02:36,717945719318,279113,100,24039,855,46
1784728957.0086,22:02:37,717945743397,212854,100,24039,510,44
1784728957.2086,22:02:37,717945769081,212854,100,24039,510,44
1784728957.4086,22:02:37,717945788574,212854,100,24039,510,44
1784728957.6086,22:02:37,717945805817,146253,100,24039,210,41
1784728957.8086,22:02:37,717945824671,146253,100,24039,210,41
1784728958.0086,22:02:38,717945841275,106416,100,24039,210,41
1784728958.2086,22:02:38,717945855747,106416,100,24039,210,41
1784728958.4086,22:02:38,717945870196,106416,100,24039,210,41
1784728958.6086,22:02:38,717945888978,88706,100,24039,210,41
1784728958.8086,22:02:38,717945907711,88706,100,24039,210,41
1784728959.0086,22:02:39,717945926430,90314,100,24039,210,41
1784728959.2085,22:02:39,717945945130,90314,100,24039,210,41
1784728959.4086,22:02:39,717945963911,90314,100,24039,210,41
1784728959.6086,22:02:39,717945981555,100597,100,24039,210,41
1784728959.8086,22:02:39,717945996296,100597,100,24039,210,41
1784728960.0086,22:02:40,717946013728,94570,100,24039,210,40
1784728960.2086,22:02:40,717946029781,94570,100,24039,210,40
1784728960.4086,22:02:40,717946045838,94570,100,24039,210,40
1784728960.6086,22:02:40,717946066232,89094,100,24039,315,41
1784728960.8086,22:02:40,717946088494,89094,100,24039,315,41
1784728961.0086,22:02:41,717946112618,106097,100,24039,450,42
1784728961.2086,22:02:41,717946136040,106097,100,24039,450,42
1784728961.4086,22:02:41,717946158028,106097,100,24039,450,42
1784728961.6086,22:02:41,717946179951,120776,100,24039,510,42
1784728961.8086,22:02:41,717946208259,120776,100,24039,510,42
1784728962.0086,22:02:42,717946239344,136229,100,24039,570,43
1784728962.2086,22:02:42,717946270320,136229,100,24039,570,43
1784728962.4086,22:02:42,717946298798,136229,100,24039,570,43
1784728962.6086,22:02:42,717946325365,151611,100,24039,465,42
1784728962.8086,22:02:42,717946346293,151611,100,24039,465,42
1784728963.0086,22:02:43,717946370757,143984,100,24039,435,42
1784728963.2086,22:02:43,717946396575,143984,100,24039,435,42
1784728963.4086,22:02:43,717946420115,143984,100,24039,435,42
1784728963.6086,22:02:43,717946440624,128814,100,24039,285,41
1784728963.8086,22:02:43,717946462051,128814,100,24039,285,41
1784728964.0086,22:02:44,717946483503,124080,100,24039,285,41
1784728964.2086,22:02:44,717946503591,124080,100,24039,285,41
1784728964.4086,22:02:44,717946524572,124080,100,24039,285,41
1784728964.6086,22:02:44,717946543380,113774,100,24039,285,41
1784728964.8086,22:02:44,717946559737,113774,100,24039,285,41
1784728965.0086,22:02:45,717946580050,106346,100,24039,345,41
1784728965.2086,22:02:45,717946604380,106346,100,24039,345,41
1784728965.4086,22:02:45,717946629158,106346,100,24039,345,41
1784728965.6086,22:02:45,717946652296,115442,100,24039,390,41
1784728965.8086,22:02:45,717946677159,115442,100,24039,390,41
1784728966.0086,22:02:46,717946701910,131787,100,24039,390,41
1784728966.2085,22:02:46,717946725034,131787,100,24039,390,41
1784728966.4086,22:02:46,717946749831,131787,100,24039,390,41
1784728966.6086,22:02:46,717946773562,131327,100,24039,345,41
1784728966.8086,22:02:46,717946795499,131327,100,24039,345,41
1784728967.0086,22:02:47,717946816865,125940,100,24039,285,41
1784728967.2086,22:02:47,717946838114,125940,100,24039,285,41
1784728967.4086,22:02:47,717946859422,125940,100,24039,285,41
1784728967.6086,22:02:47,717946880739,119097,100,24039,285,41
1784728967.8086,22:02:47,717946898144,119097,100,24039,285,41
1784728968.0086,22:02:48,717946916222,109098,100,24039,390,41
1784728968.2086,22:02:48,717946991522,109098,100,24039,390,41
1784728968.4086,22:02:48,717947023488,109098,100,24039,390,41
1784728968.6086,22:02:48,717947109937,188288,100,24039,2310,50
1784728968.8086,22:02:48,717947169491,188288,100,24039,2310,50
1784728969.0086,22:02:49,717947230875,273765,100,24039,2580,48
1784728969.2086,22:02:49,717947288272,273765,100,24039,2580,48
1784728969.4085,22:02:49,717947342873,273765,100,24039,2580,48
1784728969.6086,22:02:49,717947391786,295699,100,24039,2355,48
1784728969.8086,22:02:49,717947429165,295699,100,24039,2355,48
1784728970.0086,22:02:50,717947466466,251509,100,24039,780,46
1784728970.2086,22:02:50,717947502059,251509,100,24039,780,46
1784728970.4086,22:02:50,717947532277,251509,100,24039,780,46
1784728970.6086,22:02:50,717947556115,195864,100,24039,480,43
1784728970.8086,22:02:50,717947572710,195864,100,24039,480,43
1784728971.0086,22:02:51,717947588097,136740,100,24039,210,41
1784728971.2086,22:02:51,717947604991,136740,100,24039,210,41
1784728971.4086,22:02:51,717947624909,136740,100,24039,210,41
1784728971.6086,22:02:51,717947644788,97404,100,24039,210,41
1784728971.8086,22:02:51,717947664752,97404,100,24039,210,41
1784728972.0086,22:02:52,717947684738,93157,100,24039,210,41
1784728972.2086,22:02:52,717947704568,93157,100,24039,210,41
1784728972.4086,22:02:52,717947724176,93157,100,24039,210,41
1784728972.6086,22:02:52,717947740620,99370,100,24039,210,40
1784728972.8086,22:02:52,717947759668,99370,100,24039,210,40
1784728973.0086,22:02:53,717947782971,97069,100,24039,300,41
1784728973.2086,22:02:53,717947807794,97069,100,24039,300,41
1784728973.4086,22:02:53,717947833828,97069,100,24039,300,41
1784728973.6086,22:02:53,717947859999,109097,100,24039,375,41
1784728973.8086,22:02:53,717947884749,109097,100,24039,375,41
1784728974.0086,22:02:54,717947910847,126211,100,24039,390,41
1784728974.2086,22:02:54,717947937006,126211,100,24039,390,41
1784728974.4086,22:02:54,717947961488,126211,100,24039,390,41
1784728974.6086,22:02:54,717947987684,128822,100,24039,390,41
1784728974.8086,22:02:54,717948014212,128822,100,24039,390,41
1784728975.0086,22:02:55,717948040714,130883,100,24039,390,41
1784728975.2086,22:02:55,717948067053,130883,100,24039,390,41
1784728975.4086,22:02:55,717948091275,130883,100,24039,390,41
1784728975.6086,22:02:55,717948115378,129309,100,24039,330,41
1784728975.8086,22:02:55,717948137900,129309,100,24039,330,41
1784728976.0086,22:02:56,717948162127,124336,100,24039,330,41
1784728976.2086,22:02:56,717948184453,124336,100,24039,330,41
1784728976.4086,22:02:56,717948206362,124336,100,24039,330,41
1784728976.6086,22:02:56,717948228006,116721,100,24039,255,41
1784728976.8086,22:02:56,717948249274,116721,100,24039,255,41
1784728977.0086,22:02:57,717948270952,112725,100,24039,255,40
1784728977.2086,22:02:57,717948289237,112725,100,24039,255,40
1784728977.4086,22:02:57,717948311880,112725,100,24039,255,40
1784728977.6086,22:02:57,717948336256,108103,100,24039,330,41
1784728977.8086,22:02:57,717948360251,108103,100,24039,330,41
1784728978.0086,22:02:58,717948381531,113116,100,24039,480,41
1784728978.2086,22:02:58,717948408080,113116,100,24039,480,41
1784728978.4086,22:02:58,717948437971,113116,100,24039,480,41
1784728978.6086,22:02:58,717948462850,128725,100,24039,570,42
1784728978.8086,22:02:58,717948491917,128725,100,24039,570,42
1784728979.0086,22:02:59,717948525081,138070,100,24039,675,43
1784728979.2086,22:02:59,717948560530,138070,100,24039,675,43
1784728979.4086,22:02:59,717948592079,138070,100,24039,675,43
1784728979.6086,22:02:59,717948623033,157867,100,24039,645,44
1784728979.8086,22:02:59,717948653460,157867,100,24039,645,44
1784728980.0086,22:03:00,717948683504,165570,100,24039,705,44
1784728980.2086,22:03:00,717948718425,165570,100,24039,705,44
1784728980.4086,22:03:00,717948748433,165570,100,24039,705,44
1784728980.6086,22:03:00,717948779836,159054,100,24039,660,44
1784728980.8086,22:03:00,717948809401,159054,100,24039,660,44
1784728981.0086,22:03:01,717948839305,158338,100,24039,630,43
1784728981.2086,22:03:01,717948869990,158338,100,24039,630,43
1784728981.4086,22:03:01,717948895872,158338,100,24039,630,43
1784728981.6086,22:03:01,717948925595,150684,100,24039,570,43
1784728981.8086,22:03:01,717948955860,150684,100,24039,570,43
1784728982.0086,22:03:02,717948988035,152385,100,24039,570,43
1784728982.2086,22:03:02,717949016192,152385,100,24039,570,43
1784728982.4086,22:03:02,717949041579,152385,100,24039,570,43
1784728982.6086,22:03:02,717949068624,149695,100,24039,495,43
1784728982.8086,22:03:02,717949098558,149695,100,24039,495,43
1784728983.0086,22:03:03,717949125405,148084,100,24039,480,42
1784728983.2086,22:03:03,717949149665,148084,100,24039,480,42
1784728983.4086,22:03:03,717949175668,148084,100,24039,480,42
1784728983.6086,22:03:03,717949207465,138154,100,24039,555,42
1784728983.8086,22:03:03,717949234968,138154,100,24039,555,42
1784728984.0086,22:03:04,717949264859,141889,100,24039,495,42
1784728984.2086,22:03:04,717949294395,141889,100,24039,495,42
1784728984.4086,22:03:04,717949322092,141889,100,24039,495,42
1784728984.6086,22:03:04,717949348299,150992,100,24039,435,42
1784728984.8086,22:03:04,717949373186,150992,100,24039,435,42
1784728985.0086,22:03:05,717949395606,138827,100,24039,330,41
1784728985.2086,22:03:05,717949419087,138827,100,24039,330,41
1784728985.4086,22:03:05,717949438219,138827,100,24039,330,41
1784728985.6086,22:03:05,717949460599,121699,100,24039,270,41
1784728985.8086,22:03:05,717949483124,121699,100,24039,270,41
1784728986.0086,22:03:06,717949505658,113892,100,24039,285,41
1784728986.2086,22:03:06,717949528155,113892,100,24039,285,41
1784728986.4086,22:03:06,717949550644,113892,100,24039,285,41
1784728986.6086,22:03:06,717949573269,114453,100,24039,285,41
1784728986.8086,22:03:06,717949596321,114453,100,24039,285,41
1784728987.0086,22:03:07,717949619396,116959,100,24039,300,41
1784728987.2086,22:03:07,717949637289,116959,100,24039,300,41
1784728987.4086,22:03:07,717949658785,116959,100,24039,300,41
1784728987.6086,22:03:07,717949684472,112030,100,24039,360,41
1784728987.8086,22:03:07,717949711635,112030,100,24039,360,41
1784728988.0086,22:03:08,717949736651,121139,100,24039,495,42
1784728988.2086,22:03:08,717949759720,121139,100,24039,495,42
1784728988.4086,22:03:08,717949789536,121139,100,24039,495,42
1784728988.6086,22:03:08,717949822730,134417,100,24039,600,42
1784728988.8086,22:03:08,717949855985,134417,100,24039,600,42
1784728989.0086,22:03:09,717949882699,149033,100,24039,555,43
1784728989.2086,22:03:09,717949913640,149033,100,24039,555,43
1784728989.4086,22:03:09,717949943851,149033,100,24039,555,43
1784728989.6086,22:03:09,717949971937,159355,100,24039,480,42
1784728989.8086,22:03:09,717949996313,159355,100,24039,480,42
1784728990.0086,22:03:10,717950022198,142956,100,24039,375,42
1784728990.2086,22:03:10,717950047542,142956,100,24039,375,42
1784728990.4086,22:03:10,717950072998,142956,100,24039,375,42
1784728990.6086,22:03:10,717950096711,134318,100,24039,375,41
1784728990.8086,22:03:10,717950122520,134318,100,24039,375,41
1784728991.0086,22:03:11,717950146523,130050,100,24039,375,41
1784728991.2086,22:03:11,717950171302,130050,100,24039,375,41
1784728991.4086,22:03:11,717950198771,130050,100,24039,375,41
1784728991.6086,22:03:11,717950264978,132104,100,24039,2460,41
1784728991.8086,22:03:11,717950334755,132104,100,24039,2460,41
1784728992.0086,22:03:12,717950389840,224371,100,24039,2610,49
1784728992.2086,22:03:12,717950446848,224371,100,24039,2610,49
1784728992.4086,22:03:12,717950500620,224371,100,24039,2610,49
1784728992.6086,22:03:12,717950545296,304939,100,24039,1065,49
1784728992.8086,22:03:12,717950586394,304939,100,24039,1065,49
1784728993.0086,22:03:13,717950620107,254852,100,24039,675,45
1784728993.2086,22:03:13,717950650992,254852,100,24039,675,45
1784728993.4086,22:03:13,717950676318,254852,100,24039,675,45
1784728993.6086,22:03:13,717950693784,191024,100,24039,210,42
1784728993.8086,22:03:13,717950708656,191024,100,24039,210,42
1784728994.0086,22:03:14,717950725355,121712,100,24039,210,41
1784728994.2086,22:03:14,717950744899,121712,100,24039,210,41
1784728994.4086,22:03:14,717950764310,121712,100,24039,210,41
1784728994.6086,22:03:14,717950783661,94209,100,24039,210,40
1784728994.8086,22:03:14,717950799608,94209,100,24039,210,40
1784728995.0086,22:03:15,717950815109,92907,100,24039,210,40
1784728995.2086,22:03:15,717950834391,92907,100,24039,210,40
1784728995.4086,22:03:15,717950852992,92907,100,24039,210,40
1784728995.6086,22:03:15,717950868652,92539,100,24039,210,40
1784728995.8086,22:03:15,717950887489,92539,100,24039,210,40
1784728996.0086,22:03:16,717950933315,100308,100,24039,2490,40
1784728996.2086,22:03:16,717950989147,100308,100,24039,2490,40
1784728996.4086,22:03:16,717951032315,100308,100,24039,2490,40
1784728996.6086,22:03:16,717951073257,179984,100,24039,1185,47
1784728996.8086,22:03:16,717951115323,179984,100,24039,1185,47
1784728997.0086,22:03:17,717951146349,234472,100,24039,615,45
1784728997.2086,22:03:17,717951177475,234472,100,24039,615,45
1784728997.4086,22:03:17,717951208006,234472,100,24039,615,45
1784728997.6086,22:03:17,717951233432,183632,100,24039,450,43
1784728997.8086,22:03:17,717951251362,183632,100,24039,450,43
1784728998.0086,22:03:18,717951266949,135574,100,24039,240,41
1784728998.2086,22:03:18,717951287067,135574,100,24039,240,41
1784728998.4086,22:03:18,717951308766,135574,100,24039,240,41
1784728998.6086,22:03:18,717951332317,108392,100,24039,300,41
1784728998.8086,22:03:18,717951353778,108392,100,24039,300,41
1784728999.0086,22:03:19,717951379026,108996,100,24039,375,41
1784728999.2086,22:03:19,717951404311,108996,100,24039,375,41
1784728999.4086,22:03:19,717951427641,108996,100,24039,375,41
1784728999.6086,22:03:19,717951446981,123425,100,24039,390,41
1784728999.8086,22:03:19,717951473179,123425,100,24039,390,41
1784729000.0086,22:03:20,717951539678,152128,100,24039,2520,49
1784729000.2086,22:03:20,717951603908,152128,100,24039,2520,49
1784729000.4086,22:03:20,717951662952,152128,100,24039,2520,49
1784729000.6086,22:03:20,717951726182,236266,100,24039,2685,52
1784729000.8086,22:03:20,717951786097,236266,100,24039,2685,52
1784729001.0086,22:03:21,717951842832,326205,100,24039,2535,50
1784729001.2086,22:03:21,717951896418,326205,100,24039,2535,50
1784729001.4086,22:03:21,717951947094,326205,100,24039,2535,50
1784729001.6086,22:03:21,717951994310,299337,100,24039,2175,48
1784729001.8086,22:03:21,717952039218,299337,100,24039,2175,48
1784729002.0086,22:03:22,717952080670,261612,100,24039,930,46
1784729002.2086,22:03:22,717952116548,261612,100,24039,930,46
1784729002.4086,22:03:22,717952147079,261612,100,24039,930,46
1784729002.6086,22:03:22,717952171361,215200,100,24039,360,44
1784729002.8086,22:03:22,717952190873,215200,100,24039,360,44
1784729003.0086,22:03:23,717952209998,154214,100,24039,210,41
1784729003.2086,22:03:23,717952229010,154214,100,24039,210,41
1784729003.4086,22:03:23,717952247991,154214,100,24039,210,41
1784729003.6086,22:03:23,717952266963,110709,100,24039,210,41
1784729003.8086,22:03:23,717952285455,110709,100,24039,210,41
1784729004.0086,22:03:24,717952303543,99001,100,24039,210,40
1784729004.2086,22:03:24,717952321692,99001,100,24039,210,40
1784729004.4086,22:03:24,717952339777,99001,100,24039,210,40
1784729004.6086,22:03:24,717952357859,96905,100,24039,210,40
1784729004.8086,22:03:24,717952375929,96905,100,24039,210,40
1784729005.0086,22:03:25,717952394020,95303,100,24039,210,40
1784729005.2086,22:03:25,717952412117,95303,100,24039,210,40
1784729005.4086,22:03:25,717952430185,95303,100,24039,210,40
1784729005.6086,22:03:25,717952448197,95327,100,24039,210,40
1784729005.8086,22:03:25,717952466110,95327,100,24039,210,40
1784729006.0086,22:03:26,717952484035,95071,100,24039,210,40
1784729006.2086,22:03:26,717952501971,95071,100,24039,210,40
1784729006.4086,22:03:26,717952520406,95071,100,24039,210,40
1784729006.6086,22:03:26,717952539950,95294,100,24039,255,40
1784729006.8086,22:03:26,717952560161,95294,100,24039,255,40
1784729007.0086,22:03:27,717952582460,100893,100,24039,345,40
1784729007.2086,22:03:27,717952606027,100893,100,24039,345,40
1784729007.4086,22:03:27,717952629540,100893,100,24039,345,40
1784729007.6086,22:03:27,717952653017,114347,100,24039,375,41
1784729007.8086,22:03:27,717952676527,114347,100,24039,375,41
1784729008.0086,22:03:28,717952699634,123574,100,24039,375,41
1784729008.2086,22:03:28,717952720915,123574,100,24039,375,41
1784729008.4086,22:03:28,717952741943,123574,100,24039,375,41
1784729008.6086,22:03:28,717952763015,119622,100,24039,300,41
1784729008.8086,22:03:28,717952784003,119622,100,24039,300,41
1784729009.0086,22:03:29,717952804908,113713,100,24039,285,40
1784729009.2086,22:03:29,717952825532,113713,100,24039,285,40
1784729009.4086,22:03:29,717952844073,113713,100,24039,285,40
1784729009.6086,22:03:29,717952862575,108732,100,24039,225,40
1784729009.8086,22:03:29,717952882623,108732,100,24039,225,40
1784729010.0086,22:03:30,717952904604,105695,100,24039,345,40
1784729010.2086,22:03:30,717952926934,105695,100,24039,345,40
1784729010.4086,22:03:30,717952949375,105695,100,24039,345,40
1784729010.6086,22:03:30,717952971844,110775,100,24039,345,41
1784729010.8086,22:03:30,717952994285,110775,100,24039,345,41
1784729011.0086,22:03:31,717953016612,118971,100,24039,345,41
1784729011.2086,22:03:31,717953038931,118971,100,24039,345,41
1784729011.4086,22:03:31,717953061419,118971,100,24039,345,41
1784729011.6086,22:03:31,717953083816,119422,100,24039,345,41
1784729011.8086,22:03:31,717953106296,119422,100,24039,345,41
1784729012.0086,22:03:32,717953128779,119596,100,24039,345,41
1784729012.2086,22:03:32,717953151318,119596,100,24039,345,41
1784729012.4086,22:03:32,717953173939,119596,100,24039,345,41
1784729012.6086,22:03:32,717953196803,120110,100,24039,345,41
1784729012.8086,22:03:32,717953219638,120110,100,24039,345,41
1784729013.0086,22:03:33,717953242609,121325,100,24039,360,41
1784729013.2086,22:03:33,717953265703,121325,100,24039,360,41
1784729013.4086,22:03:33,717953288289,121325,100,24039,360,41
1784729013.6086,22:03:33,717953311040,122458,100,24039,345,41
1784729013.8086,22:03:33,717953334027,122458,100,24039,345,41
1784729014.0086,22:03:34,717953356924,122652,100,24039,345,41
1784729014.2086,22:03:34,717953379907,122652,100,24039,345,41
1784729014.4086,22:03:34,717953402861,122652,100,24039,345,41
1784729014.6086,22:03:34,717953425309,122654,100,24039,345,41
1784729014.8086,22:03:34,717953448221,122654,100,24039,345,41
1784729015.0086,22:03:35,717953470193,122639,100,24039,300,41
1784729015.2086,22:03:35,717953490598,122639,100,24039,300,41
1784729015.4086,22:03:35,717953511552,122639,100,24039,300,41
1784729015.6086,22:03:35,717953532106,117275,100,24039,300,40
1784729015.8086,22:03:35,717953552468,117275,100,24039,300,40
1784729016.0086,22:03:36,717953572916,111874,100,24039,285,40
1784729016.2086,22:03:36,717953593687,111874,100,24039,285,40
1784729016.4086,22:03:36,717953615989,111874,100,24039,285,40
1784729016.6086,22:03:36,717953638371,112509,100,24039,345,40
1784729016.8086,22:03:36,717953660601,112509,100,24039,345,40
1784729017.0086,22:03:37,717953683005,116827,100,24039,345,40
1784729017.2086,22:03:37,717953706082,116827,100,24039,345,40
1784729017.4086,22:03:37,717953729144,116827,100,24039,345,40
1784729017.6086,22:03:37,717953752310,121998,100,24039,315,40
1784729017.8086,22:03:37,717953775335,121998,100,24039,315,40
1784729018.0086,22:03:38,717953798305,124010,100,24039,315,40
1784729018.2086,22:03:38,717953821362,124010,100,24039,315,40
1784729018.4086,22:03:38,717953844526,124010,100,24039,315,40
1784729018.6086,22:03:38,717953867371,124743,100,24039,300,40
1784729018.8086,22:03:38,717953888154,124743,100,24039,300,40
1784729019.0086,22:03:39,717953908648,120890,100,24039,240,40
1784729019.2086,22:03:39,717953929151,120890,100,24039,240,40
1784729019.4086,22:03:39,717953949554,120890,100,24039,240,40
1784729019.6086,22:03:39,717953969843,114622,100,24039,240,40
1784729019.8086,22:03:39,717953990246,114622,100,24039,240,40
1784729020.0086,22:03:40,717954010642,110655,100,24039,240,40
1784729020.2086,22:03:40,717954032343,110655,100,24039,240,40
1784729020.4086,22:03:40,717954054688,110655,100,24039,240,40
1784729020.6086,22:03:40,717954078309,113804,100,24039,300,40
1784729020.8086,22:03:40,717954101123,113804,100,24039,300,40
1784729021.0086,22:03:41,717954121837,120038,100,24039,240,40
1784729021.2086,22:03:41,717954141715,120038,100,24039,240,40
1784729021.4086,22:03:41,717954161232,120038,100,24039,240,40
1784729021.6086,22:03:41,717954181335,116393,100,24039,240,40
1784729021.8086,22:03:41,717954201271,116393,100,24039,240,40
1784729022.0086,22:03:42,717954221353,109090,100,24039,240,40
1784729022.2086,22:03:42,717954240905,109090,100,24039,240,40
1784729022.4085,22:03:42,717954261198,109090,100,24039,240,40
1784729022.6086,22:03:42,717954283252,108758,100,24039,300,40
1784729022.8086,22:03:42,717954305272,108758,100,24039,300,40
1784729023.0086,22:03:43,717954325684,113836,100,24039,225,40
1784729023.2086,22:03:43,717954344440,113836,100,24039,225,40
1784729023.4086,22:03:43,717954365885,113836,100,24039,225,40
1784729023.6086,22:03:43,717954388757,114299,100,24039,210,40
1784729023.8086,22:03:43,717954411640,114299,100,24039,210,40
1784729024.0086,22:03:44,717954434602,117071,100,24039,210,40
1784729024.2086,22:03:44,717954457457,117071,100,24039,210,40
1784729024.4086,22:03:44,717954480371,117071,100,24039,210,40
1784729024.6086,22:03:44,717954503158,125191,100,24039,210,40
1784729024.8086,22:03:44,717954526008,125191,100,24039,210,40
1784729025.0086,22:03:45,717954548883,125173,100,24039,210,40
1784729025.2086,22:03:45,717954571714,125173,100,24039,210,40
1784729025.4086,22:03:45,717954594566,125173,100,24039,210,40
1784729025.6086,22:03:45,717954608462,125119,100,24039,210,40
1784729025.8086,22:03:45,717954616911,125119,100,24039,210,40
1784729026.0086,22:03:46,717954625445,94597,0,24039,960,38
1784729026.2086,22:03:46,717954636714,94597,0,24039,960,38
1784729026.4086,22:03:46,717954647986,94597,0,24039,960,38
1784729026.6086,22:03:46,717954659210,64636,0,24039,2520,38
1784729026.8086,22:03:46,717954670244,64636,0,24039,2520,38
1784729027.0086,22:03:47,717954681291,64636,0,24039,2520,38
1784729027.2086,22:03:47,717954692340,64636,0,24039,2520,38
1784729027.4086,22:03:47,717954703381,64636,0,24039,2520,38
1784729027.6086,22:03:47,717954714470,61627,0,24039,2520,38
1784729027.8086,22:03:47,717954725525,61627,0,24039,2520,38
1784729028.0086,22:03:48,717954736579,61627,0,24039,2520,38
1784729028.2086,22:03:48,717954747624,61627,0,24039,2520,38
1784729028.4086,22:03:48,717954758656,61627,0,24039,2520,38
1784729028.6086,22:03:48,717954769719,61668,0,24039,2520,38
1784729028.8086,22:03:48,717954780767,61668,0,24039,2520,38
1784729029.0086,22:03:49,717954791788,61668,0,24039,2520,38
1784729029.2086,22:03:49,717954802787,61668,0,24039,2520,38
1784729029.4086,22:03:49,717954813789,61668,0,24039,2520,38
1784729029.6086,22:03:49,717954824817,61710,0,24039,2520,38
1784729029.8086,22:03:49,717954835794,61710,0,24039,2520,38
1784729030.0086,22:03:50,717954846773,61710,0,24039,2520,38
1784729030.2086,22:03:50,717954857770,61710,0,24039,2520,38
1784729030.4086,22:03:50,717954868807,61710,0,24039,2520,38
1784729030.6086,22:03:50,717954879844,61690,0,24039,2520,38
1784729030.8086,22:03:50,717954890816,61690,0,24039,2520,38
1784729031.0086,22:03:51,717954901782,61690,0,24039,2520,38
1784729031.2086,22:03:51,717954912728,61690,0,24039,2520,38
1784729031.4086,22:03:51,717954923677,61690,0,24039,2520,38
1784729031.6086,22:03:51,717954934670,61661,0,24039,2520,38
1784729031.8086,22:03:51,717954945642,61661,0,24039,2520,38
1784729032.0086,22:03:52,717954956604,61661,0,24039,2520,38
1784729032.2086,22:03:52,717954967523,61661,0,24039,2520,38
1784729032.4086,22:03:52,717954978419,61661,0,24039,2520,38
1784729032.6086,22:03:52,717954989361,61636,0,24039,2520,38
1784729032.8086,22:03:52,717955000264,61636,0,24039,2520,38
1784729033.0086,22:03:53,717955011149,61636,0,24039,2520,38
1784729033.2086,22:03:53,717955022046,61636,0,24039,2520,38
1784729033.4086,22:03:53,717955032944,61636,0,24039,2520,38
1784729033.6086,22:03:53,717955043882,61568,0,24039,2520,38
1784729033.8086,22:03:53,717955054792,61568,0,24039,2520,38
1784729034.0086,22:03:54,717955065706,61568,0,24039,2520,38
1784729034.2086,22:03:54,717955076618,61568,0,24039,2520,38
1784729034.4086,22:03:54,717955087509,61568,0,24039,2520,38
1784729034.6086,22:03:54,717955098457,61581,0,24039,2520,38
1784729034.8086,22:03:54,717955109365,61581,0,24039,2520,38
1784729035.0086,22:03:55,717955120261,61581,0,24039,2520,38
1784729035.2086,22:03:55,717955131184,61581,0,24039,2520,38
1784729035.4086,22:03:55,717955142065,61581,0,24039,2520,38
1784729035.6086,22:03:55,717955152982,61725,0,24039,2520,38
1784729035.8086,22:03:55,717955163837,61725,0,24039,2520,38
1784729036.0086,22:03:56,717955174708,61725,0,24039,2520,38
1784729036.2086,22:03:56,717955185563,61725,0,24039,2520,38
1784729036.4086,22:03:56,717955196407,61725,0,24039,2520,38
1784729036.6086,22:03:56,717955207275,61716,0,24039,2520,38
1784729036.8086,22:03:56,717955218098,61716,0,24039,2520,38
1784729037.0086,22:03:57,717955228941,61716,0,24039,2520,38
1784729037.2086,22:03:57,717955239773,61716,0,24039,2520,38
1784729037.4086,22:03:57,717955250577,61716,0,24039,2520,38
1784729037.6086,22:03:57,717955261413,61618,0,24039,2520,38
1784729037.8086,22:03:57,717955272189,61618,0,24039,2520,38
1784729038.0086,22:03:58,717955282978,61618,0,24039,2520,38
1784729038.2086,22:03:58,717955293752,61618,0,24039,2520,38
1784729038.4086,22:03:58,717955304524,61618,0,24039,2520,38
1784729038.6086,22:03:58,717955315350,61521,0,24039,2520,38
1784729038.8086,22:03:58,717955326143,61521,0,24039,2520,38
1784729039.0086,22:03:59,717955336920,61521,0,24039,2520,37
1784729039.2086,22:03:59,717955347697,61521,0,24039,2520,37
1784729039.4086,22:03:59,717955358481,61521,0,24039,2520,37
1784729039.6086,22:03:59,717955369274,61531,0,24039,2520,37
1784729039.8086,22:03:59,717955380017,61531,0,24039,2520,37
1784729040.0086,22:04:00,717955390743,61531,0,24039,2520,37
1784729040.2086,22:04:00,717955401498,61531,0,24039,2520,37
1784729040.4086,22:04:00,717955421089,61531,0,24039,2520,37
1784729040.6086,22:04:00,717955497630,67289,0,24039,2520,37
1784729040.8086,22:04:00,717955588275,67289,0,24039,2520,37
1784729041.0086,22:04:01,717955682632,196870,100,24039,2565,61
1784729041.2086,22:04:01,717955777394,196870,100,24039,2565,61
1784729041.4086,22:04:01,717955866597,196870,100,24039,2565,61
1784729041.6086,22:04:01,717955950950,449267,100,24039,2490,61
1784729041.8086,22:04:01,717956031477,449267,100,24039,2490,61
1784729042.0086,22:04:02,717956097446,436256,100,24039,2685,54
1784729042.2086,22:04:02,717956164157,436256,100,24039,2685,54
1784729042.4086,22:04:02,717956230110,436256,100,24039,2685,54
1784729042.6086,22:04:02,717956296109,376908,100,24039,2685,51
1784729042.8086,22:04:02,717956361946,376908,100,24039,2685,51
1784729043.0086,22:04:03,717956427863,337986,100,24039,2685,51
1784729043.2086,22:04:03,717956493756,337986,100,24039,2685,51
1784729043.4086,22:04:03,717956559396,337986,100,24039,2685,51
1784729043.6086,22:04:03,717956624881,336891,100,24039,2685,51
1784729043.8086,22:04:03,717956690195,336891,100,24039,2685,51
1784729044.0086,22:04:04,717956753308,334718,100,24039,2640,50
1784729044.2086,22:04:04,717956815118,334718,100,24039,2640,50
1784729044.4086,22:04:04,717956873870,334718,100,24039,2640,50
1784729044.6086,22:04:04,717956929144,323305,100,24039,2460,49
1784729044.8086,22:04:04,717956981182,323305,100,24039,2460,49
1784729045.0086,22:04:05,717957029851,293903,100,24039,2220,47
1784729045.2086,22:04:05,717957076528,293903,100,24039,2220,47
1784729045.4086,22:04:05,717957119733,293903,100,24039,2220,47
1784729045.6086,22:04:05,717957156918,256669,100,24039,735,45
1784729045.8086,22:04:05,717957189035,256669,100,24039,735,45
1784729046.0086,22:04:06,717957216047,206803,100,24039,375,43
1784729046.2086,22:04:06,717957240164,206803,100,24039,375,43
1784729046.4086,22:04:06,717957263866,206803,100,24039,375,43
1784729046.6086,22:04:06,717957287158,153730,100,24039,330,42
1784729046.8086,22:04:06,717957311325,153730,100,24039,330,42
1784729047.0086,22:04:07,717957337271,125883,100,24039,450,42
1784729047.2086,22:04:07,717957364876,125883,100,24039,450,42
1784729047.4086,22:04:07,717957394585,125883,100,24039,450,42
1784729047.6086,22:04:07,717957435728,133425,100,24039,600,42
1784729047.8086,22:04:07,717957495776,133425,100,24039,600,42
1784729048.0086,22:04:08,717957555217,201570,100,24039,2640,49
1784729048.2086,22:04:08,717957612435,201570,100,24039,2640,49
1784729048.4086,22:04:08,717957666681,201570,100,24039,2640,49
1784729048.6086,22:04:08,717957717731,270008,100,24039,2475,48
1784729048.8086,22:04:08,717957765801,270008,100,24039,2475,48
1784729049.0086,22:04:09,717957811472,275202,100,24039,1860,46
1784729049.2086,22:04:09,717957853897,275202,100,24039,1860,46
1784729049.4086,22:04:09,717957891821,275202,100,24039,1860,46
1784729049.6086,22:04:09,717957925673,235799,100,24039,705,44
1784729049.8086,22:04:09,717957951161,235799,100,24039,705,44
1784729050.0086,22:04:10,717957972430,184112,100,24039,210,42
1784729050.2086,22:04:10,717957991246,184112,100,24039,210,42
1784729050.4086,22:04:10,717958010006,184112,100,24039,210,42
1784729050.6086,22:04:10,717958028758,127698,100,24039,210,41
1784729050.8086,22:04:10,717958047607,127698,100,24039,210,41
1784729051.0086,22:04:11,717958066440,99337,100,24039,210,40
1784729051.2086,22:04:11,717958086835,99337,100,24039,210,40
1784729051.4086,22:04:11,717958109738,99337,100,24039,210,40
1784729051.6086,22:04:11,717958134573,102711,100,24039,390,41
1784729051.8086,22:04:11,717958161144,102711,100,24039,390,41
1784729052.0086,22:04:12,717958189436,120550,100,24039,495,42
1784729052.2086,22:04:12,717958218203,120550,100,24039,495,42
1784729052.4086,22:04:12,717958247046,120550,100,24039,495,42
1784729052.6086,22:04:12,717958275770,140577,100,24039,510,42
1784729052.8086,22:04:12,717958304426,140577,100,24039,510,42
1784729053.0086,22:04:13,717958332951,148529,100,24039,510,42
1784729053.2086,22:04:13,717958360083,148529,100,24039,510,42
1784729053.4086,22:04:13,717958384678,148529,100,24039,510,42
1784729053.6086,22:04:13,717958407675,143464,100,24039,345,41
1784729053.8086,22:04:13,717958430344,143464,100,24039,345,41
1784729054.0086,22:04:14,717958453048,129743,100,24039,330,41
1784729054.2086,22:04:14,717958475801,129743,100,24039,330,41
1784729054.4086,22:04:14,717958498515,129743,100,24039,330,41
1784729054.6086,22:04:14,717958521224,119219,100,24039,330,41
1784729054.8086,22:04:14,717958545117,119219,100,24039,330,41
1784729055.0086,22:04:15,717958569429,120185,100,24039,375,41
1784729055.2086,22:04:15,717958593553,120185,100,24039,375,41
1784729055.4086,22:04:15,717958618232,120185,100,24039,375,41
1784729055.6086,22:04:15,717958642781,124274,100,24039,390,41
1784729055.8086,22:04:15,717958667014,124274,100,24039,390,41
1784729056.0086,22:04:16,717958691978,127066,100,24039,375,41
1784729056.2086,22:04:16,717958716971,127066,100,24039,375,41
1784729056.4086,22:04:16,717958741959,127066,100,24039,375,41
1784729056.6086,22:04:16,717958766852,128988,100,24039,330,41
1784729056.8086,22:04:16,717958791692,128988,100,24039,330,41
1784729057.0086,22:04:17,717958816498,130101,100,24039,330,41
1784729057.2086,22:04:17,717958841210,130101,100,24039,330,41
1784729057.4086,22:04:17,717958866567,130101,100,24039,330,41
1784729057.6086,22:04:17,717958891462,130382,100,24039,330,41
1784729057.8086,22:04:17,717958916200,130382,100,24039,330,41
1784729058.0086,22:04:18,717958941295,130524,100,24039,330,41
1784729058.2086,22:04:18,717958966022,130524,100,24039,330,41
1784729058.4086,22:04:18,717958990083,130524,100,24039,330,41
1784729058.6086,22:04:18,717959012821,129607,100,24039,285,41
1784729058.8086,22:04:18,717959035554,129607,100,24039,285,41
1784729059.0086,22:04:19,717959058185,124431,100,24039,285,41
1784729059.2086,22:04:19,717959080845,124431,100,24039,285,41
1784729059.4086,22:04:19,717959103566,124431,100,24039,285,41
1784729059.6086,22:04:19,717959126251,119474,100,24039,285,40
1784729059.8086,22:04:19,717959149040,119474,100,24039,285,40
1784729060.0086,22:04:20,717959171710,119235,100,24039,285,40
1784729060.2086,22:04:20,717959194430,119235,100,24039,285,40
1784729060.4086,22:04:20,717959217119,119235,100,24039,285,40
1784729060.6086,22:04:20,717959239723,119298,100,24039,285,40
1784729060.8086,22:04:20,717959262271,119298,100,24039,285,40
1784729061.0086,22:04:21,717959284321,118926,100,24039,270,40
1784729061.2086,22:04:21,717959304279,118926,100,24039,270,40
1784729061.4086,22:04:21,717959324070,118926,100,24039,270,40
1784729061.6086,22:04:21,717959344567,113257,100,24039,225,40
1784729061.8086,22:04:21,717959367267,113257,100,24039,225,40
1784729062.0086,22:04:22,717959390553,111911,100,24039,300,40
1784729062.2086,22:04:22,717959413938,111911,100,24039,300,40
1784729062.4086,22:04:22,717959437276,111911,100,24039,300,40
1784729062.6086,22:04:22,717959460486,118149,100,24039,300,40
1784729062.8086,22:04:22,717959483966,118149,100,24039,300,40
1784729063.0086,22:04:23,717959507555,123338,100,24039,315,40
1784729063.2086,22:04:23,717959531108,123338,100,24039,315,40
1784729063.4086,22:04:23,717959554684,123338,100,24039,315,40
1784729063.6086,22:04:23,717959578129,124068,100,24039,315,40
1784729063.8086,22:04:23,717959601576,124068,100,24039,315,40
1784729064.0086,22:04:24,717959625081,124411,100,24039,315,40
1784729064.2086,22:04:24,717959648697,124411,100,24039,315,40
1784729064.4086,22:04:24,717959670893,124411,100,24039,315,40
1784729064.6086,22:04:24,717959691938,123234,100,24039,255,40
1784729064.8086,22:04:24,717959712761,123234,100,24039,255,40
1784729065.0086,22:04:25,717959733597,117292,100,24039,240,40
1784729065.2086,22:04:25,717959754103,117292,100,24039,240,40
1784729065.4086,22:04:25,717959778004,117292,100,24039,240,40
1784729065.6086,22:04:25,717959801709,113870,100,24039,210,40
1784729065.8086,22:04:25,717959825404,113870,100,24039,210,40
1784729066.0086,22:04:26,717959849027,120388,100,24039,210,40
1784729066.2086,22:04:26,717959871254,120388,100,24039,210,40
1784729066.4086,22:04:26,717959882259,120388,100,24039,210,40
1784729066.6086,22:04:26,717959893932,111493,100,24039,2520,39
1784729066.8086,22:04:26,717959905612,111493,100,24039,2520,39
1784729067.0086,22:04:27,717959917274,82414,0,24039,2520,39
1784729067.2086,22:04:27,717959928910,82414,0,24039,2520,39
1784729067.4086,22:04:27,717959939096,82414,0,24039,2520,39
1784729067.6086,22:04:27,717959949278,70884,0,24039,2520,39
1784729067.8086,22:04:27,717959959462,70884,0,24039,2520,39
1784729068.0086,22:04:28,717959969623,70884,0,24039,2520,39
1784729068.2086,22:04:28,717959979778,70884,0,24039,2520,39
1784729068.4086,22:04:28,717959989925,70884,0,24039,2520,39
1784729068.6086,22:04:28,717960000067,61742,0,24039,2520,38
1784729068.8086,22:04:28,717960010213,61742,0,24039,2520,38
1784729069.0086,22:04:29,717960020352,61742,0,24039,2520,38
1784729069.2086,22:04:29,717960030486,61742,0,24039,2520,38
1784729069.4086,22:04:29,717960040610,61742,0,24039,2520,38
1784729069.6086,22:04:29,717960050724,61658,0,24039,2520,38
1784729069.8086,22:04:29,717960060835,61658,0,24039,2520,38
1784729070.0086,22:04:30,717960070968,61658,0,24039,2520,38
1784729070.2086,22:04:30,717960081118,61658,0,24039,2520,38
1784729070.4086,22:04:30,717960091238,61658,0,24039,2520,38
1784729070.6086,22:04:30,717960101344,61620,0,24039,2520,38
1784729070.8086,22:04:30,717960111451,61620,0,24039,2520,38
1784729071.0086,22:04:31,717960121574,61620,0,24039,2520,38
1784729071.2086,22:04:31,717960131702,61620,0,24039,2520,38
1784729071.4086,22:04:31,717960141778,61620,0,24039,2520,38
1784729071.6086,22:04:31,717960151837,61681,0,24039,2520,38
1784729071.8086,22:04:31,717960161894,61681,0,24039,2520,38
1784729072.0086,22:04:32,717960171966,61681,0,24039,2520,38
1784729072.2086,22:04:32,717960182032,61681,0,24039,2520,38
1784729072.4086,22:04:32,717960192071,61681,0,24039,2520,38
1784729072.6086,22:04:32,717960202114,61660,0,24039,2520,38
1784729072.8086,22:04:32,717960212150,61660,0,24039,2520,38
1784729073.0086,22:04:33,717960222182,61660,0,24039,2520,38
1784729073.2086,22:04:33,717960232217,61660,0,24039,2520,38
1784729073.4086,22:04:33,717960242257,61660,0,24039,2520,38
1784729073.6086,22:04:33,717960252284,61551,0,24039,2520,38
1784729073.8086,22:04:33,717960262304,61551,0,24039,2520,38
1784729074.0086,22:04:34,717960272335,61551,0,24039,2520,38
1784729074.2086,22:04:34,717960282379,61551,0,24039,2520,38
1784729074.4086,22:04:34,717960292350,61551,0,24039,2520,38
1784729074.6086,22:04:34,717960302290,61562,0,24039,2520,38
1784729074.8086,22:04:34,717960312250,61562,0,24039,2520,38
1784729075.0086,22:04:35,717960322199,61562,0,24039,2520,38
1784729075.2086,22:04:35,717960332194,61562,0,24039,2520,38
1784729075.4086,22:04:35,717960342155,61562,0,24039,2520,38
1784729075.6086,22:04:35,717960352112,61478,0,24039,2520,38
1784729075.8086,22:04:35,717960362067,61478,0,24039,2520,38
1784729076.0086,22:04:36,717960371999,61478,0,24039,2520,38
1784729076.2086,22:04:36,717960381937,61478,0,24039,2520,38
1784729076.4086,22:04:36,717960391856,61478,0,24039,2520,38
1784729076.6086,22:04:36,717960401766,61379,0,24039,2520,38
1784729076.8086,22:04:36,717960411641,61379,0,24039,2520,38
1784729077.0086,22:04:37,717960421511,61379,0,24039,2520,38
1784729077.2086,22:04:37,717960431412,61379,0,24039,2520,38
1784729077.4086,22:04:37,717960441295,61379,0,24039,2520,38
1784729077.6086,22:04:37,717960451179,61288,0,24039,2520,38
1784729077.8086,22:04:37,717960461038,61288,0,24039,2520,38
1784729078.0086,22:04:38,717960470890,61288,0,24039,2520,38
1784729078.2086,22:04:38,717960480778,61288,0,24039,2520,38
1784729078.4086,22:04:38,717960490616,61288,0,24039,2520,38
1784729078.6086,22:04:38,717960500459,61162,0,24039,2520,38
1784729078.8086,22:04:38,717960510304,61162,0,24039,2520,38
1784729079.0086,22:04:39,717960520118,61162,0,24039,2520,38
1784729079.2086,22:04:39,717960529925,61162,0,24039,2520,38
1784729079.4086,22:04:39,717960539732,61162,0,24039,2520,38
1784729079.6086,22:04:39,717960549541,61113,0,24039,2520,38
1784729079.8086,22:04:39,717960559365,61113,0,24039,2520,38
1784729080.0086,22:04:40,717960569179,61113,0,24039,2520,38
1784729080.2086,22:04:40,717960579007,61113,0,24039,2520,38
1784729080.4086,22:04:40,717960588821,61113,0,24039,2520,38
1784729080.6086,22:04:40,717960598627,61069,0,24039,2520,37
1784729080.8086,22:04:40,717960608416,61069,0,24039,2520,37
1784729081.0086,22:04:41,717960618221,61069,0,24039,2520,37
1784729081.2086,22:04:41,717960628009,61069,0,24039,2520,37
1784729081.4086,22:04:41,717960637801,61069,0,24039,2520,37
1784729081.6086,22:04:41,717960668499,61116,0,24039,2520,37
1784729081.8086,22:04:41,717960753320,61116,0,24039,2520,37
1784729082.0086,22:04:42,717960840862,141549,100,24039,2565,61
1784729082.2086,22:04:42,717960929136,141549,100,24039,2565,61
1784729082.4086,22:04:42,717961017343,141549,100,24039,2565,61
1784729082.6086,22:04:42,717961096748,334856,100,24039,2475,62
1784729082.8086,22:04:42,717961175982,334856,100,24039,2475,62
1784729083.0086,22:04:43,717961245155,453528,100,24039,2670,58
1784729083.2086,22:04:43,717961317675,453528,100,24039,2670,58
1784729083.4086,22:04:43,717961398959,453528,100,24039,2670,58
1784729083.6086,22:04:43,717961465548,427670,100,24039,2580,55
1784729083.8086,22:04:43,717961541667,427670,100,24039,2580,55
1784729084.0086,22:04:44,717961616049,406196,100,24039,2685,53
1784729084.2086,22:04:44,717961685507,406196,100,24039,2685,53
1784729084.4086,22:04:44,717961755401,406196,100,24039,2685,53
1784729084.6086,22:04:44,717961820185,392749,100,24039,2685,53
1784729084.8086,22:04:44,717961893862,392749,100,24039,2685,53
1784729085.0086,22:04:45,717961968522,377217,100,24039,2685,57
1784729085.2086,22:04:45,717962041149,377217,100,24039,2685,57
1784729085.4086,22:04:45,717962113323,377217,100,24039,2685,57
1784729085.6086,22:04:45,717962185023,391039,100,24039,2685,58
1784729085.8086,22:04:45,717962251129,391039,100,24039,2685,58
1784729086.0086,22:04:46,717962317996,385647,100,24039,2685,53
1784729086.2086,22:04:46,717962389079,385647,100,24039,2685,53
1784729086.4086,22:04:46,717962448091,385647,100,24039,2685,53
1784729086.6086,22:04:46,717962503842,369806,100,24039,2520,50
1784729086.8086,22:04:46,717962549063,369806,100,24039,2520,50
1784729087.0086,22:04:47,717962595905,324344,100,24039,2205,48
1784729087.2086,22:04:47,717962648021,324344,100,24039,2205,48
1784729087.4086,22:04:47,717962706855,324344,100,24039,2205,48
1784729087.6086,22:04:47,717962752358,290280,100,24039,1800,51
1784729087.8086,22:04:47,717962797225,290280,100,24039,1800,51
1784729088.0086,22:04:48,717962832755,265396,100,24039,960,47
1784729088.2086,22:04:48,717962867548,265396,100,24039,960,47
1784729088.4086,22:04:48,717962902115,265396,100,24039,960,47
1784729088.6086,22:04:48,717962940030,222805,100,24039,1005,46
1784729088.8086,22:04:48,717962970768,222805,100,24039,1005,46
1784729089.0086,22:04:49,717963003567,186877,100,24039,975,47
1784729089.2086,22:04:49,717963062406,186877,100,24039,975,47
1784729089.4086,22:04:49,717963138729,186877,100,24039,975,47
1784729089.6086,22:04:49,717963213081,244586,100,24039,2685,56
1784729089.8086,22:04:49,717963277407,244586,100,24039,2685,56
1784729090.0086,22:04:50,717963331163,312915,100,24039,1860,49
1784729090.2086,22:04:50,717963369808,312915,100,24039,1860,49
1784729090.4086,22:04:50,717963398882,312915,100,24039,1860,49
1784729090.6086,22:04:50,717963436324,273753,100,24039,765,46
1784729090.8086,22:04:50,717963465909,273753,100,24039,765,46
1784729091.0086,22:04:51,717963492886,187019,100,24039,765,45
1784729091.2086,22:04:51,717963526942,187019,100,24039,765,45
1784729091.4086,22:04:51,717963560841,187019,100,24039,765,45
1784729091.6086,22:04:51,717963601164,163801,100,24039,855,45
1784729091.8086,22:04:51,717963642975,163801,100,24039,855,45
1784729092.0086,22:04:52,717963684847,184754,100,24039,870,46
1784729092.2086,22:04:52,717963724222,184754,100,24039,870,46
1784729092.4086,22:04:52,717963756284,184754,100,24039,870,46
1784729092.6086,22:04:52,717963779377,199440,100,24039,480,44
1784729092.8086,22:04:52,717963801888,199440,100,24039,480,44
1784729093.0086,22:04:53,717963823733,157375,100,24039,510,43
1784729093.2086,22:04:53,717963851900,157375,100,24039,510,43
1784729093.4086,22:04:53,717963882545,157375,100,24039,510,43
1784729093.6086,22:04:53,717963912925,131072,100,24039,570,44
1784729093.8086,22:04:53,717963946517,131072,100,24039,570,44
1784729094.0086,22:04:54,717963979176,150581,100,24039,675,44
1784729094.2086,22:04:54,717964013272,150581,100,24039,675,44
1784729094.4086,22:04:54,717964046661,150581,100,24039,675,44
1784729094.6086,22:04:54,717964078115,166961,100,24039,675,44
1784729094.8086,22:04:54,717964105376,166961,100,24039,675,44
1784729095.0086,22:04:55,717964129115,158258,100,24039,570,44
1784729095.2086,22:04:55,717964161563,158258,100,24039,570,44
1784729095.4086,22:04:55,717964189663,158258,100,24039,570,44
1784729095.6086,22:04:55,717964222069,147955,100,24039,645,44
1784729095.8086,22:04:55,717964254034,147955,100,24039,645,44
1784729096.0086,22:04:56,717964288744,154877,100,24039,645,44
1784729096.2086,22:04:56,717964320338,154877,100,24039,645,44
1784729096.4086,22:04:56,717964355468,154877,100,24039,645,44
1784729096.6086,22:04:56,717964385818,166454,100,24039,645,44
1784729096.8086,22:04:56,717964417353,166454,100,24039,645,44
1784729097.0086,22:04:57,717964448616,166614,100,24039,510,43
1784729097.2086,22:04:57,717964477659,166614,100,24039,510,43
1784729097.4086,22:04:57,717964504694,166614,100,24039,510,43
1784729097.6086,22:04:57,717964526099,154988,100,24039,390,42
1784729097.8086,22:04:57,717964544434,154988,100,24039,390,42
1784729098.0086,22:04:58,717964565528,126278,100,24039,375,42
1784729098.2086,22:04:58,717964591708,126278,100,24039,375,42
1784729098.4086,22:04:58,717964619369,126278,100,24039,375,42
1784729098.6086,22:04:58,717964647308,118892,100,24039,465,42
1784729098.8086,22:04:58,717964674592,118892,100,24039,465,42
1784729099.0086,22:04:59,717964699590,132487,100,24039,570,43
1784729099.2086,22:04:59,717964727721,132487,100,24039,570,43
1784729099.4086,22:04:59,717964767393,132487,100,24039,570,43
1784729099.6086,22:04:59,717964833158,151048,100,24039,2700,48
1784729099.8086,22:04:59,717964895297,151048,100,24039,2700,48
1784729100.0086,22:05:00,717964947946,231740,100,24039,1290,48
1784729100.2086,22:05:00,717964984528,231740,100,24039,1290,48
1784729100.4086,22:05:00,717965020549,231740,100,24039,1290,48
1784729100.6086,22:05:00,717965052597,258187,100,24039,720,45
1784729100.8086,22:05:00,717965077905,258187,100,24039,720,45
1784729101.0086,22:05:01,717965102029,179575,100,24039,465,43
1784729101.2086,22:05:01,717965128398,179575,100,24039,465,43
1784729101.4086,22:05:01,717965152677,179575,100,24039,465,43
1784729101.6086,22:05:01,717965178483,139533,100,24039,390,42
1784729101.8086,22:05:01,717965199821,139533,100,24039,390,42
1784729102.0086,22:05:02,717965222805,122915,100,24039,375,42
1784729102.2086,22:05:02,717965245612,122915,100,24039,375,42
1784729102.4086,22:05:02,717965267582,122915,100,24039,375,42
1784729102.6086,22:05:02,717965328814,120304,100,24039,2520,49
1784729102.8086,22:05:02,717965393470,120304,100,24039,2520,49
1784729103.0086,22:05:03,717965462794,214077,100,24039,2655,51
1784729103.2086,22:05:03,717965524443,214077,100,24039,2655,51
1784729103.4086,22:05:03,717965584028,214077,100,24039,2655,51
1784729103.6086,22:05:03,717965622914,308085,100,24039,1170,49
1784729103.8086,22:05:03,717965665388,308085,100,24039,1170,49
1784729104.0086,22:05:04,717965698728,270233,100,24039,780,45
1784729104.2086,22:05:04,717965731161,270233,100,24039,780,45
1784729104.4086,22:05:04,717965759520,270233,100,24039,780,45
1784729104.6086,22:05:04,717965777171,192040,100,24039,270,43
1784729104.8086,22:05:04,717965792472,192040,100,24039,270,43
1784729105.0086,22:05:05,717965807468,125488,100,24039,210,41
1784729105.2086,22:05:05,717965825833,125488,100,24039,210,41
1784729105.4086,22:05:05,717965845066,125488,100,24039,210,41
1784729105.6086,22:05:05,717965864245,92684,100,24039,210,41
1784729105.8086,22:05:05,717965881661,92684,100,24039,210,41
1784729106.0086,22:05:06,717965924977,96229,100,24039,2370,50
1784729106.2086,22:05:06,717965997538,96229,100,24039,2370,50
1784729106.4086,22:05:06,717966068197,96229,100,24039,2370,50
1784729106.6086,22:05:06,717966136560,222955,100,24039,2610,53
1784729106.8086,22:05:06,717966203989,222955,100,24039,2610,53
1784729107.0086,22:05:07,717966259261,339736,100,24039,2190,50
1784729107.2086,22:05:07,717966303592,339736,100,24039,2190,50
1784729107.4086,22:05:07,717966345658,339736,100,24039,2190,50
1784729107.6086,22:05:07,717966383416,299268,100,24039,810,46
1784729107.8086,22:05:07,717966414173,299268,100,24039,810,46
1784729108.0086,22:05:08,717966436979,209891,100,24039,345,43
1784729108.2086,22:05:08,717966453858,209891,100,24039,345,43
1784729108.4086,22:05:08,717966468515,209891,100,24039,345,43
1784729108.6086,22:05:08,717966483112,135008,100,24039,210,41
1784729108.8086,22:05:08,717966500099,135008,100,24039,210,41
1784729109.0086,22:05:09,717966515086,87957,100,24039,225,41
1784729109.2086,22:05:09,717966538139,87957,100,24039,225,41
1784729109.4086,22:05:09,717966599399,87957,100,24039,225,41
1784729109.6086,22:05:09,717966668237,131731,100,24039,2700,50
1784729109.8086,22:05:09,717966731269,131731,100,24039,2700,50
1784729110.0086,22:05:10,717966784799,240837,100,24039,2310,53
1784729110.2086,22:05:10,717966831358,240837,100,24039,2310,53
1784729110.4086,22:05:10,717966880922,240837,100,24039,2310,53
1784729110.6086,22:05:10,717966925942,291327,100,24039,1230,48
1784729110.8086,22:05:10,717966963053,291327,100,24039,1230,48
1784729111.0086,22:05:11,717966995581,234345,100,24039,765,45
1784729111.2086,22:05:11,717967027667,234345,100,24039,765,45
1784729111.4086,22:05:11,717967054367,234345,100,24039,765,45
1784729111.6086,22:05:11,717967075728,186786,100,24039,255,43
1784729111.8086,22:05:11,717967092409,186786,100,24039,255,43
1784729112.0086,22:05:12,717967107386,129141,100,24039,210,41
1784729112.2086,22:05:12,717967121905,129141,100,24039,210,41
1784729112.4086,22:05:12,717967136386,129141,100,24039,210,41
1784729112.6086,22:05:12,717967150779,89851,100,24039,210,41
1784729112.8086,22:05:12,717967165702,89851,100,24039,210,41
1784729113.0086,22:05:13,717967218877,92131,100,24039,2520,49
1784729113.2086,22:05:13,717967295058,92131,100,24039,2520,49
1784729113.4086,22:05:13,717967357788,92131,100,24039,2520,49
1784729113.6086,22:05:13,717967410026,223356,100,24039,2310,51
1784729113.8086,22:05:13,717967457250,223356,100,24039,2310,51
1784729114.0086,22:05:14,717967495491,298259,100,24039,945,47
1784729114.2086,22:05:14,717967526141,298259,100,24039,945,47
1784729114.4086,22:05:14,717967554654,298259,100,24039,945,47
1784729114.6086,22:05:14,717967580916,216341,100,24039,630,45
1784729114.8086,22:05:14,717967611570,216341,100,24039,630,45
1784729115.0086,22:05:15,717967637564,160920,100,24039,360,43
1784729115.2086,22:05:15,717967657593,160920,100,24039,360,43
1784729115.4086,22:05:15,717967676346,160920,100,24039,360,43
1784729115.6086,22:05:15,717967692596,128718,100,24039,210,41
1784729115.8086,22:05:15,717967709027,128718,100,24039,210,41
1784729116.0086,22:05:16,717967723581,99646,100,24039,210,41
1784729116.2086,22:05:16,717967739577,99646,100,24039,210,41
1784729116.4086,22:05:16,717967758617,99646,100,24039,210,41
1784729116.6086,22:05:16,717967778032,87348,100,24039,210,41
1784729116.8086,22:05:16,717967798314,87348,100,24039,210,41
1784729117.0086,22:05:17,717967816720,93865,100,24039,360,41
1784729117.2086,22:05:17,717967839812,93865,100,24039,360,41
1784729117.4086,22:05:17,717967866420,93865,100,24039,360,41
1784729117.6086,22:05:17,717967894422,112596,100,24039,450,42
1784729117.8086,22:05:17,717967922037,112596,100,24039,450,42
1784729118.0086,22:05:18,717967948859,130750,100,24039,495,43
1784729118.2086,22:05:18,717967975895,130750,100,24039,495,43
1784729118.4086,22:05:18,717968000386,130750,100,24039,495,43
1784729118.6086,22:05:18,717968021408,141578,100,24039,435,43
1784729118.8086,22:05:18,717968046828,141578,100,24039,435,43
1784729119.0086,22:05:19,717968076259,134760,100,24039,495,43
1784729119.2086,22:05:19,717968101574,134760,100,24039,495,43
1784729119.4086,22:05:19,717968121686,134760,100,24039,495,43
1784729119.6086,22:05:19,717968143309,128135,100,24039,450,42
1784729119.8086,22:05:19,717968169058,128135,100,24039,450,42
1784729120.0086,22:05:20,717968197189,131230,100,24039,540,43
1784729120.2086,22:05:20,717968226997,131230,100,24039,540,43
1784729120.4086,22:05:20,717968255143,131230,100,24039,540,43
1784729120.6086,22:05:20,717968281438,138408,100,24039,405,42
1784729120.8086,22:05:20,717968302525,138408,100,24039,405,42
1784729121.0086,22:05:21,717968320423,136903,100,24039,330,42
1784729121.2086,22:05:21,717968341982,136903,100,24039,330,42
1784729121.4086,22:05:21,717968367874,136903,100,24039,330,42
1784729121.6086,22:05:21,717968392507,121721,100,24039,510,42
1784729121.8086,22:05:21,717968422102,121721,100,24039,510,42
1784729122.0086,22:05:22,717968452218,129956,100,24039,525,43
1784729122.2086,22:05:22,717968481200,129956,100,24039,525,43
1784729122.4086,22:05:22,717968506420,129956,100,24039,525,43
1784729122.6086,22:05:22,717968525750,145850,100,24039,420,42
1784729122.8086,22:05:22,717968550242,145850,100,24039,420,42
1784729123.0086,22:05:23,717968571190,134089,100,24039,420,42
1784729123.2086,22:05:23,717968591641,134089,100,24039,420,42
1784729123.4086,22:05:23,717968614062,134089,100,24039,420,42
1784729123.6086,22:05:23,717968654909,114982,100,24039,540,43
1784729123.8086,22:05:23,717968724765,114982,100,24039,540,43
1784729124.0086,22:05:24,717968792574,205234,100,24039,2475,53
1784729124.2086,22:05:24,717968858610,205234,100,24039,2475,53
1784729124.4086,22:05:24,717968919150,205234,100,24039,2475,53
1784729124.6086,22:05:24,717968967744,311228,100,24039,1830,52
1784729124.8086,22:05:24,717969011954,311228,100,24039,1830,52
1784729125.0086,22:05:25,717969055045,305071,100,24039,1515,48
1784729125.2086,22:05:25,717969097247,305071,100,24039,1515,48
1784729125.4086,22:05:25,717969140394,305071,100,24039,1515,48
1784729125.6086,22:05:25,717969173569,246355,100,24039,900,46
1784729125.8086,22:05:25,717969206540,246355,100,24039,900,46
1784729126.0086,22:05:26,717969231202,201089,100,24039,525,45
1784729126.2086,22:05:26,717969252286,201089,100,24039,525,45
1784729126.4086,22:05:26,717969270092,201089,100,24039,525,45
1784729126.6086,22:05:26,717969290184,146400,100,24039,345,42
1784729126.8086,22:05:26,717969310875,146400,100,24039,345,42
1784729127.0086,22:05:27,717969332386,112738,100,24039,390,42
1784729127.2086,22:05:27,717969357273,112738,100,24039,390,42
1784729127.4086,22:05:27,717969381224,112738,100,24039,390,42
1784729127.6086,22:05:27,717969406918,117063,100,24039,405,42
1784729127.8086,22:05:27,717969430956,117063,100,24039,405,42
1784729128.0086,22:05:28,717969452038,128115,100,24039,315,42
1784729128.2086,22:05:28,717969470864,128115,100,24039,315,42
1784729128.4086,22:05:28,717969488684,128115,100,24039,315,42
1784729128.6086,22:05:28,717969509313,116690,100,24039,360,42
1784729128.8086,22:05:28,717969530915,116690,100,24039,360,42
1784729129.0086,22:05:29,717969554433,109511,100,24039,465,42
1784729129.2086,22:05:29,717969577407,109511,100,24039,465,42
1784729129.4086,22:05:29,717969599611,109511,100,24039,465,42
1784729129.6086,22:05:29,717969647541,116692,100,24039,2325,44
1784729129.8086,22:05:29,717969699323,116692,100,24039,2325,44
1784729130.0086,22:05:30,717969746541,190031,100,24039,2100,48
1784729130.2086,22:05:30,717969790875,190031,100,24039,2100,48
1784729130.4086,22:05:30,717969831541,190031,100,24039,2100,48
1784729130.6086,22:05:30,717969865440,241315,100,24039,885,46
1784729130.8086,22:05:30,717969894635,241315,100,24039,885,46
1784729131.0086,22:05:31,717969921018,203645,100,24039,375,43
1784729131.2086,22:05:31,717969937989,203645,100,24039,375,43
1784729131.4086,22:05:31,717969952381,203645,100,24039,375,43
1784729131.6086,22:05:31,717969966732,135792,100,24039,210,41
1784729131.8086,22:05:31,717969982977,135792,100,24039,210,41
1784729132.0086,22:05:32,717970001478,95512,100,24039,210,41
1784729132.2086,22:05:32,717970021066,95512,100,24039,210,41
1784729132.4086,22:05:32,717970058311,95512,100,24039,210,41
1784729132.6086,22:05:32,717970126131,111358,100,24039,2520,47
1784729132.8086,22:05:32,717970198592,111358,100,24039,2520,47
1784729133.0086,22:05:33,717970260080,243176,100,24039,2370,53
1784729133.2086,22:05:33,717970312549,243176,100,24039,2370,53
1784729133.4086,22:05:33,717970348045,243176,100,24039,2370,53
1784729133.6086,22:05:33,717970379369,309806,100,24039,690,46
1784729133.8086,22:05:33,717970404534,309806,100,24039,690,46
1784729134.0086,22:05:34,717970429451,212836,100,24039,375,43
1784729134.2086,22:05:34,717970448057,212836,100,24039,375,43
1784729134.4086,22:05:34,717970464590,212836,100,24039,375,43
1784729134.6086,22:05:34,717970482921,128208,100,24039,300,42
1784729134.8086,22:05:34,717970505818,128208,100,24039,300,42
1784729135.0086,22:05:35,717970528065,111578,100,24039,345,42
1784729135.2086,22:05:35,717970550233,111578,100,24039,345,42
1784729135.4086,22:05:35,717970569439,111578,100,24039,345,42
1784729135.6086,22:05:35,717970589216,111819,100,24039,330,42
1784729135.8086,22:05:35,717970612987,111819,100,24039,330,42
1784729136.0086,22:05:36,717970634472,117303,100,24039,420,42
1784729136.2086,22:05:36,717970653400,117303,100,24039,420,42
1784729136.4086,22:05:36,717970677335,117303,100,24039,420,42
1784729136.6086,22:05:36,717970704753,116245,100,24039,465,42
1784729136.8086,22:05:36,717970732487,116245,100,24039,465,42
1784729137.0086,22:05:37,717970760119,132195,100,24039,480,43
1784729137.2086,22:05:37,717970787675,132195,100,24039,480,43
1784729137.4086,22:05:37,717970812584,132195,100,24039,480,43
1784729137.6086,22:05:37,717970837161,146878,100,24039,390,42
1784729137.8086,22:05:37,717970861629,146878,100,24039,390,42
1784729138.0086,22:05:38,717970886062,140128,100,24039,390,42
1784729138.2086,22:05:38,717970910429,140128,100,24039,390,42
1784729138.4086,22:05:38,717970934926,140128,100,24039,390,42
1784729138.6086,22:05:38,717970957874,134341,100,24039,330,42
1784729138.8086,22:05:38,717970978887,134341,100,24039,330,42
1784729139.0086,22:05:39,717970998007,126232,100,24039,225,41
1784729139.2086,22:05:39,717971016705,126232,100,24039,225,41
1784729139.4086,22:05:39,717971036309,126232,100,24039,225,41
1784729139.6086,22:05:39,717971056450,112883,100,24039,270,41
1784729139.8086,22:05:39,717971077048,112883,100,24039,270,41
1784729140.0086,22:05:40,717971100190,108627,100,24039,375,41
1784729140.2086,22:05:40,717971123950,108627,100,24039,375,41
1784729140.4086,22:05:40,717971147139,108627,100,24039,375,41
1784729140.6086,22:05:40,717971169810,120275,100,24039,390,42
1784729140.8086,22:05:40,717971189071,120275,100,24039,390,42
1784729141.0086,22:05:41,717971208036,120815,100,24039,465,42
1784729141.2086,22:05:41,717971231588,120815,100,24039,465,42
1784729141.4086,22:05:41,717971258855,120815,100,24039,465,42
1784729141.6086,22:05:41,717971286891,122605,100,24039,510,42
1784729141.8086,22:05:41,717971314595,122605,100,24039,510,42
1784729142.0086,22:05:42,717971339033,139048,100,24039,450,42
1784729142.2086,22:05:42,717971361230,139048,100,24039,450,42
1784729142.4086,22:05:42,717971380692,139048,100,24039,450,42
1784729142.6086,22:05:42,717971405918,136898,100,24039,405,42
1784729142.8086,22:05:42,717971432379,136898,100,24039,405,42
1784729143.0086,22:05:43,717971454217,130387,100,24039,480,42
1784729143.2086,22:05:43,717971475925,130387,100,24039,480,42
1784729143.4086,22:05:43,717971498431,130387,100,24039,480,42
1784729143.6086,22:05:43,717971523227,128170,100,24039,510,42
1784729143.8086,22:05:43,717971550724,128170,100,24039,510,42
1784729144.0086,22:05:44,717971573223,129847,100,24039,480,42
1784729144.2086,22:05:44,717971599681,129847,100,24039,480,42
1784729144.4086,22:05:44,717971624325,129847,100,24039,480,42
1784729144.6086,22:05:44,717971647610,137628,100,24039,495,42
1784729144.8086,22:05:44,717971670459,137628,100,24039,495,42
1784729145.0086,22:05:45,717971695486,132168,100,24039,510,42
1784729145.2086,22:05:45,717971724910,132168,100,24039,510,42
1784729145.4086,22:05:45,717971748647,132168,100,24039,510,42
1784729145.6086,22:05:45,717971776871,136089,100,24039,630,43
1784729145.8086,22:05:45,717971800373,136089,100,24039,630,43
1784729146.0086,22:05:46,717971822082,142006,100,24039,540,43
1784729146.2086,22:05:46,717971850831,142006,100,24039,540,43
1784729146.4086,22:05:46,717971880301,142006,100,24039,540,43
1784729146.6086,22:05:46,717971912138,140805,100,24039,555,43
1784729146.8086,22:05:46,717971942661,140805,100,24039,555,43
1784729147.0086,22:05:47,717971973120,149429,100,24039,570,43
1784729147.2086,22:05:47,717972001136,149429,100,24039,570,43
1784729147.4086,22:05:47,717972026729,149429,100,24039,570,43
1784729147.6086,22:05:47,717972046908,150367,100,24039,435,42
1784729147.8086,22:05:47,717972068717,150367,100,24039,435,42
1784729148.0086,22:05:48,717972097738,130871,100,24039,495,42
1784729148.2086,22:05:48,717972127329,130871,100,24039,495,42
1784729148.4086,22:05:48,717972158026,130871,100,24039,495,42
1784729148.6086,22:05:48,717972188474,134682,100,24039,585,43
1784729148.8086,22:05:48,717972219121,134682,100,24039,585,43
1784729149.0086,22:05:49,717972244525,153998,100,24039,465,42
1784729149.2086,22:05:49,717972265733,153998,100,24039,465,42
1784729149.4086,22:05:49,717972290723,153998,100,24039,465,42
1784729149.6086,22:05:49,717972316095,138392,100,24039,435,42
1784729149.8086,22:05:49,717972344920,138392,100,24039,435,42
1784729150.0086,22:05:50,717972373963,131628,100,24039,450,42
1784729150.2086,22:05:50,717972398370,131628,100,24039,450,42
1784729150.4086,22:05:50,717972419123,131628,100,24039,450,42
1784729150.6086,22:05:50,717972440367,132887,100,24039,480,42
1784729150.8086,22:05:50,717972467942,132887,100,24039,480,42
1784729151.0086,22:05:51,717972498742,129597,100,24039,525,42
1784729151.2086,22:05:51,717972528559,129597,100,24039,525,42
1784729151.4086,22:05:51,717972555367,129597,100,24039,525,42
1784729151.6086,22:05:51,717972584727,137212,100,24039,585,43
1784729151.8086,22:05:51,717972612617,137212,100,24039,585,43
1784729152.0086,22:05:52,717972644003,147841,100,24039,600,43
1784729152.2086,22:05:52,717972674488,147841,100,24039,600,43
1784729152.4086,22:05:52,717972699394,147841,100,24039,600,43
1784729152.6086,22:05:52,717972727806,147581,100,24039,600,43
1784729152.8086,22:05:52,717972753424,147581,100,24039,600,43
1784729153.0086,22:05:53,717972785674,144790,100,24039,645,43
1784729153.2086,22:05:53,717972814894,144790,100,24039,645,43
1784729153.4086,22:05:53,717972848264,144790,100,24039,645,43
1784729153.6086,22:05:53,717972882579,150105,100,24039,735,44
1784729153.8086,22:05:53,717972918054,150105,100,24039,735,44
1784729154.0086,22:05:54,717972950706,170863,100,24039,675,44
1784729154.2086,22:05:54,717972977889,170863,100,24039,675,44
1784729154.4086,22:05:54,717973010293,170863,100,24039,675,44
1784729154.6086,22:05:54,717973043243,167713,100,24039,660,44
1784729154.8086,22:05:54,717973076662,167713,100,24039,660,44
1784729155.0086,22:05:55,717973110074,165069,100,24039,705,44
1784729155.2086,22:05:55,717973145135,165069,100,24039,705,44
1784729155.4086,22:05:55,717973174237,165069,100,24039,705,44
1784729155.6086,22:05:55,717973195602,167317,100,24039,360,43
1784729155.8086,22:05:55,717973219725,167317,100,24039,360,43
1784729156.0086,22:05:56,717973239766,143088,100,24039,345,41
1784729156.2086,22:05:56,717973258207,143088,100,24039,345,41
1784729156.4086,22:05:56,717973280346,143088,100,24039,345,41
1784729156.6086,22:05:56,717973306585,110602,100,24039,405,41
1784729156.8086,22:05:56,717973332251,110602,100,24039,405,41
1784729157.0086,22:05:57,717973359171,116454,100,24039,480,42
1784729157.2086,22:05:57,717973382861,116454,100,24039,480,42
1784729157.4086,22:05:57,717973411344,116454,100,24039,480,42
1784729157.6086,22:05:57,717973440989,134005,100,24039,510,42
1784729157.8086,22:05:57,717973470808,134005,100,24039,510,42
1784729158.0086,22:05:58,717973500516,143603,100,24039,660,43
1784729158.2086,22:05:58,717973526515,143603,100,24039,660,43
1784729158.4086,22:05:58,717973556868,143603,100,24039,660,43
1784729158.6086,22:05:58,717973584054,149137,100,24039,660,43
1784729158.8086,22:05:58,717973619432,149137,100,24039,660,43
1784729159.0086,22:05:59,717973651994,155485,100,24039,750,44
1784729159.2086,22:05:59,717973681793,155485,100,24039,750,44
1784729159.4086,22:05:59,717973716583,155485,100,24039,750,44
1784729159.6086,22:05:59,717973750857,164413,100,24039,735,44
1784729159.8086,22:05:59,717973785692,164413,100,24039,735,44
1784729160.0086,22:06:00,717973816472,167303,100,24039,675,44
1784729160.2086,22:06:00,717973852007,167303,100,24039,675,44
1784729160.4086,22:06:00,717973880092,167303,100,24039,675,44
1784729160.6086,22:06:00,717973906230,169024,100,24039,525,43
1784729160.8086,22:06:00,717973936326,169024,100,24039,525,43
1784729161.0086,22:06:01,717973964111,155502,100,24039,570,43
1784729161.2086,22:06:01,717973990463,155502,100,24039,570,43
1784729161.4086,22:06:01,717974019339,155502,100,24039,570,43
1784729161.6086,22:06:01,717974045304,143836,100,24039,660,43
1784729161.8086,22:06:01,717974076744,143836,100,24039,660,43
1784729162.0086,22:06:02,717974108529,147898,100,24039,705,44
1784729162.2086,22:06:02,717974141201,147898,100,24039,705,44
1784729162.4086,22:06:02,717974168527,147898,100,24039,705,44
1784729162.6086,22:06:02,717974202628,153469,100,24039,660,43
1784729162.8086,22:06:02,717974234635,153469,100,24039,660,43
1784729163.0086,22:06:03,717974268293,165154,100,24039,585,43
1784729163.2086,22:06:03,717974299961,165154,100,24039,585,43
1784729163.4086,22:06:03,717974326117,165154,100,24039,585,43
1784729163.6086,22:06:03,717974351153,160927,100,24039,465,43
1784729163.8086,22:06:03,717974375593,160927,100,24039,465,43
1784729164.0086,22:06:04,717974401218,144167,100,24039,375,42
1784729164.2086,22:06:04,717974424743,144167,100,24039,375,42
1784729164.4086,22:06:04,717974450188,144167,100,24039,375,42
1784729164.6086,22:06:04,717974475610,127305,100,24039,375,42
1784729164.8086,22:06:04,717974498372,127305,100,24039,375,42
1784729165.0086,22:06:05,717974517342,124353,100,24039,390,42
1784729165.2086,22:06:05,717974536800,124353,100,24039,390,42
1784729165.4086,22:06:05,717974577830,124353,100,24039,390,42
1784729165.6086,22:06:05,717974649772,134181,100,24039,2655,48
1784729165.8086,22:06:05,717974715005,134181,100,24039,2655,48
1784729166.0086,22:06:06,717974772755,233830,100,24039,2490,50
1784729166.2086,22:06:06,717974828312,233830,100,24039,2490,50
1784729166.4086,22:06:06,717974880663,233830,100,24039,2490,50
1784729166.6086,22:06:06,717974930540,312761,100,24039,2295,48
1784729166.8086,22:06:06,717974978449,312761,100,24039,2295,48
1784729167.0086,22:06:07,717975022252,271201,100,24039,1020,46
1784729167.2086,22:06:07,717975063018,271201,100,24039,1020,46
1784729167.4086,22:06:07,717975098435,271201,100,24039,555,46
1784729167.6086,22:06:07,717975128416,230928,100,24039,555,44
1784729167.8086,22:06:07,717975153408,230928,100,24039,555,44
1784729168.0086,22:06:08,717975173755,175948,100,24039,210,42
1784729168.2086,22:06:08,717975192937,175948,100,24039,210,42
1784729168.4086,22:06:08,717975212074,175948,100,24039,210,42
1784729168.6086,22:06:08,717975231242,123391,100,24039,210,41
1784729168.8086,22:06:08,717975250379,123391,100,24039,210,41
1784729169.0086,22:06:09,717975269498,100848,100,24039,210,41
1784729169.2086,22:06:09,717975288515,100848,100,24039,210,41
1784729169.4086,22:06:09,717975307559,100848,100,24039,210,41
1784729169.6086,22:06:09,717975326605,99569,100,24039,210,40
1784729169.8086,22:06:09,717975345477,99569,100,24039,210,40
1784729170.0086,22:06:10,717975364307,99148,100,24039,210,40
1784729170.2086,22:06:10,717975383108,99148,100,24039,210,40
1784729170.4086,22:06:10,717975401895,99148,100,24039,210,40
1784729170.6086,22:06:10,717975420779,98697,100,24039,210,40
1784729170.8086,22:06:10,717975439572,98697,100,24039,210,40
1784729171.0086,22:06:11,717975458663,98546,100,24039,210,40
1784729171.2086,22:06:11,717975479046,98546,100,24039,210,40
1784729171.4086,22:06:11,717975501300,98546,100,24039,210,40
1784729171.6086,22:06:11,717975525257,103512,100,24039,360,41
1784729171.8086,22:06:11,717975550002,103512,100,24039,360,41
1784729172.0086,22:06:12,717975574748,116849,100,24039,375,41
1784729172.2086,22:06:12,717975597395,116849,100,24039,375,41
1784729172.4086,22:06:12,717975619370,116849,100,24039,375,41
1784729172.6086,22:06:12,717975641236,122955,100,24039,285,41
1784729172.8086,22:06:12,717975663109,122955,100,24039,285,41
1784729173.0086,22:06:13,717975684907,118020,100,24039,285,41
1784729173.2086,22:06:13,717975706678,118020,100,24039,285,41
1784729173.4086,22:06:13,717975728002,118020,100,24039,285,41
1784729173.6086,22:06:13,717975750164,114203,100,24039,330,40
1784729173.8086,22:06:13,717975773418,114203,100,24039,330,40
1784729174.0086,22:06:14,717975796555,116603,100,24039,360,41
1784729174.2086,22:06:14,717975819760,116603,100,24039,360,41
1784729174.4086,22:06:14,717975842988,116603,100,24039,360,41
1784729174.6086,22:06:14,717975866322,120097,100,24039,360,41
1784729174.8086,22:06:14,717975889667,120097,100,24039,360,41
1784729175.0086,22:06:15,717975912908,122417,100,24039,360,41
1784729175.2086,22:06:15,717975936047,122417,100,24039,360,41
1784729175.4086,22:06:15,717975959173,122417,100,24039,360,41
1784729175.6086,22:06:15,717975982250,122452,100,24039,360,41
1784729175.8086,22:06:15,717976005382,122452,100,24039,360,41
1784729176.0086,22:06:16,717976028524,122060,100,24039,360,41
1784729176.2086,22:06:16,717976051680,122060,100,24039,360,41
1784729176.4086,22:06:16,717976074626,122060,100,24039,360,41
1784729176.6086,22:06:16,717976097805,121901,100,24039,360,41
1784729176.8086,22:06:16,717976121044,121901,100,24039,360,41
1784729177.0086,22:06:17,717976144110,122194,100,24039,360,41
1784729177.2086,22:06:17,717976167211,122194,100,24039,360,41
1784729177.4086,22:06:17,717976190279,122194,100,24039,360,41
1784729177.6086,22:06:17,717976213403,122202,100,24039,360,41
1784729177.8086,22:06:17,717976236558,122202,100,24039,360,41
1784729178.0086,22:06:18,717976259645,122295,100,24039,360,41
1784729178.2086,22:06:18,717976282615,122295,100,24039,360,41
1784729178.4086,22:06:18,717976305537,122295,100,24039,360,41
1784729178.6086,22:06:18,717976328752,122160,100,24039,375,41
1784729178.8086,22:06:18,717976350377,122160,100,24039,375,41
1784729179.0086,22:06:19,717976371857,120039,100,24039,315,40
1784729179.2086,22:06:19,717976393257,120039,100,24039,315,40
1784729179.4086,22:06:19,717976414734,120039,100,24039,315,40
1784729179.6086,22:06:19,717976436058,116306,100,24039,315,40
1784729179.8086,22:06:19,717976457410,116306,100,24039,315,40
1784729180.0086,22:06:20,717976478774,113733,100,24039,315,40
1784729180.2086,22:06:20,717976501394,113733,100,24039,315,40
1784729180.4086,22:06:20,717976524324,113733,100,24039,315,40
1784729180.6086,22:06:20,717976547204,116488,100,24039,360,41
1784729180.8086,22:06:20,717976570039,116488,100,24039,360,41
1784729181.0086,22:06:21,717976594023,120594,100,24039,405,41
1784729181.2086,22:06:21,717976618566,120594,100,24039,405,41
1784729181.4086,22:06:21,717976643111,120594,100,24039,405,41
1784729181.6086,22:06:21,717976667885,126241,100,24039,420,41
1784729181.8086,22:06:21,717976692671,126241,100,24039,420,41
1784729182.0086,22:06:22,717976717729,131101,100,24039,420,41
1784729182.2086,22:06:22,717976742737,131101,100,24039,420,41
1784729182.4086,22:06:22,717976767962,131101,100,24039,420,41
1784729182.6086,22:06:22,717976792224,133260,100,24039,435,41
1784729182.8086,22:06:22,717976815590,133260,100,24039,435,41
1784729183.0086,22:06:23,717976838290,130727,100,24039,330,41
1784729183.2086,22:06:23,717976860163,130727,100,24039,330,41
1784729183.4086,22:06:23,717976881976,130727,100,24039,330,41
1784729183.6086,22:06:23,717976903841,123143,100,24039,330,40
1784729183.8086,22:06:23,717976925626,123143,100,24039,330,40
1784729184.0086,22:06:24,717976947525,117780,100,24039,330,40
1784729184.2086,22:06:24,717976969279,117780,100,24039,330,40
1784729184.4086,22:06:24,717976991167,117780,100,24039,330,40
1784729184.6086,22:06:24,717977013095,117062,100,24039,330,40
1784729184.8086,22:06:24,717977035061,117062,100,24039,330,40
1784729185.0086,22:06:25,717977058702,118316,100,24039,390,40
1784729185.2086,22:06:25,717977082319,118316,100,24039,390,40
1784729185.4086,22:06:25,717977106403,118316,100,24039,390,40
1784729185.6086,22:06:25,717977130852,123451,100,24039,345,41
1784729185.8086,22:06:25,717977155150,123451,100,24039,345,41
1784729186.0086,22:06:26,717977177825,128428,100,24039,300,40
1784729186.2086,22:06:26,717977200378,128428,100,24039,300,40
1784729186.4086,22:06:26,717977223000,128428,100,24039,300,40
1784729186.6086,22:06:26,717977245642,125817,100,24039,300,40
1784729186.8086,22:06:26,717977268283,125817,100,24039,300,40
1784729187.0086,22:06:27,717977290975,121823,100,24039,300,40
1784729187.2086,22:06:27,717977313598,121823,100,24039,300,40
1784729187.4086,22:06:27,717977336216,121823,100,24039,300,40
1784729187.6086,22:06:27,717977358791,122033,100,24039,300,40
1784729187.8086,22:06:27,717977380732,122033,100,24039,300,40
1784729188.0086,22:06:28,717977403173,121282,100,24039,300,40
1784729188.2086,22:06:28,717977425779,121282,100,24039,300,40
1784729188.4086,22:06:28,717977448393,121282,100,24039,300,40
1784729188.6086,22:06:28,717977470847,121223,100,24039,300,40
1784729188.8086,22:06:28,717977493431,121223,100,24039,300,40
1784729189.0086,22:06:29,717977516070,121930,100,24039,285,40
1784729189.2086,22:06:29,717977536566,121930,100,24039,285,40
1784729189.4086,22:06:29,717977555793,121930,100,24039,285,40
1784729189.6086,22:06:29,717977574815,116598,100,24039,210,40
1784729189.8086,22:06:29,717977593933,116598,100,24039,210,40
1784729190.0086,22:06:30,717977613510,108393,100,24039,225,40
1784729190.2086,22:06:30,717977633645,108393,100,24039,225,40
1784729190.4086,22:06:30,717977654502,108393,100,24039,225,40
1784729190.6086,22:06:30,717977675807,106811,100,24039,285,40
1784729190.8086,22:06:30,717977697352,106811,100,24039,285,40
1784729191.0086,22:06:31,717977718916,112745,100,24039,285,40
1784729191.2086,22:06:31,717977740456,112745,100,24039,285,40
1784729191.4086,22:06:31,717977761909,112745,100,24039,285,40
1784729191.6086,22:06:31,717977783308,116406,100,24039,285,40
1784729191.8086,22:06:31,717977805242,116406,100,24039,285,40
1784729192.0086,22:06:32,717977826617,117252,100,24039,285,40
1784729192.2086,22:06:32,717977849143,117252,100,24039,285,40
1784729192.4086,22:06:32,717977872248,117252,100,24039,285,40
1784729192.6086,22:06:32,717977886866,119818,100,24039,930,40
1784729192.8086,22:06:32,717977895418,119818,100,24039,930,40
1784729193.0086,22:06:33,717977904483,92212,0,24039,2520,38
1784729193.2086,22:06:33,717977915895,92212,0,24039,2520,38
1784729193.4086,22:06:33,717977927298,92212,0,24039,2520,38
1784729193.6086,22:06:33,717977938639,64746,0,24039,2520,38
1784729193.8086,22:06:33,717977946099,64746,0,24039,2520,38
1784729194.0086,22:06:34,717977953555,64746,0,24039,2520,38
1784729194.2086,22:06:34,717977961000,64746,0,24039,2520,38
1784729194.4086,22:06:34,717977968453,64746,0,24039,2520,38
1784729194.6086,22:06:34,717977979743,61776,0,24039,2520,38
1784729194.8086,22:06:34,717977987160,61776,0,24039,2520,38
1784729195.0086,22:06:35,717977994566,61776,0,24039,2520,38
1784729195.2086,22:06:35,717978002028,61776,0,24039,2520,38
1784729195.4086,22:06:35,717978009431,61776,0,24039,2520,38
1784729195.6086,22:06:35,717978020671,61681,0,24039,2520,38
1784729195.8086,22:06:35,717978028061,61681,0,24039,2520,38
1784729196.0086,22:06:36,717978035440,61681,0,24039,2520,38
1784729196.2086,22:06:36,717978042796,61681,0,24039,2520,38
1784729196.4086,22:06:36,717978050137,61681,0,24039,2520,38
1784729196.6086,22:06:36,717978061337,61521,0,24039,2520,38
1784729196.8086,22:06:36,717978068691,61521,0,24039,2520,38
1784729197.0086,22:06:37,717978076047,61521,0,24039,2520,38
1784729197.2086,22:06:37,717978083398,61521,0,24039,2520,38
1784729197.4086,22:06:37,717978090758,61521,0,24039,2520,38
1784729197.6086,22:06:37,717978102000,61425,0,24039,2520,38
1784729197.8086,22:06:37,717978109359,61425,0,24039,2520,38
1784729198.0086,22:06:38,717978116706,61425,0,24039,2520,38
1784729198.2086,22:06:38,717978124037,61425,0,24039,2520,38
1784729198.4086,22:06:38,717978131365,61425,0,24039,2520,38
1784729198.6086,22:06:38,717978142565,61520,0,24039,2520,38
1784729198.8086,22:06:38,717978149878,61520,0,24039,2520,38
1784729199.0086,22:06:39,717978157195,61520,0,24039,2520,38
1784729199.2086,22:06:39,717978164495,61520,0,24039,2520,38
1784729199.4086,22:06:39,717978171821,61520,0,24039,2520,38
1784729199.6086,22:06:39,717978182987,61552,0,24039,2520,38
1784729199.8086,22:06:39,717978190309,61552,0,24039,2520,38
1784729200.0086,22:06:40,717978197632,61552,0,24039,2520,38
1784729200.2086,22:06:40,717978204986,61552,0,24039,2520,38
1784729200.4086,22:06:40,717978212298,61552,0,24039,2520,38
1784729200.6086,22:06:40,717978223477,61597,0,24039,2520,38
1784729200.8086,22:06:40,717978230764,61597,0,24039,2520,38
1784729201.0086,22:06:41,717978238061,61597,0,24039,2520,38
1784729201.2086,22:06:41,717978245344,61597,0,24039,2520,38
1784729201.4086,22:06:41,717978252635,61597,0,24039,2520,38
1784729201.6086,22:06:41,717978263768,61674,0,24039,2520,38
1784729201.8086,22:06:41,717978271056,61674,0,24039,2520,38
1784729202.0086,22:06:42,717978278333,61674,0,24039,2520,38
1784729202.2086,22:06:42,717978285607,61674,0,24039,2520,38
1784729202.4086,22:06:42,717978292891,61674,0,24039,2520,38
1784729202.6086,22:06:42,717978304015,61675,0,24039,2520,38
1784729202.8086,22:06:42,717978311285,61675,0,24039,2520,38
1784729203.0086,22:06:43,717978318554,61675,0,24039,2520,38
1784729203.2086,22:06:43,717978325809,61675,0,24039,2520,38
1784729203.4086,22:06:43,717978333038,61675,0,24039,2520,38
1784729203.6086,22:06:43,717978344135,61704,0,24039,2520,38
1784729203.8086,22:06:43,717978351370,61704,0,24039,2520,38
1784729204.0086,22:06:44,717978358604,61704,0,24039,2520,38
1784729204.2086,22:06:44,717978365807,61704,0,24039,2520,38
1784729204.4086,22:06:44,717978373005,61704,0,24039,2520,38
1784729204.6086,22:06:44,717978384048,61661,0,24039,2520,38
1784729204.8086,22:06:44,717978391234,61661,0,24039,2520,38
1784729205.0086,22:06:45,717978398421,61661,0,24039,2520,38
1784729205.2086,22:06:45,717978405664,61661,0,24039,2520,38
1784729205.4086,22:06:45,717978412855,61661,0,24039,2520,38
1784729205.6086,22:06:45,717978423868,61589,0,24039,2520,38
1784729205.8086,22:06:45,717978431024,61589,0,24039,2520,38
1784729206.0086,22:06:46,717978438203,61589,0,24039,2520,38
1784729206.2086,22:06:46,717978445354,61589,0,24039,2520,38
1784729206.4086,22:06:46,717978452530,61589,0,24039,2520,38
1784729206.6086,22:06:46,717978463560,61520,0,24039,2520,37
1784729206.8086,22:06:46,717978470748,61520,0,24039,2520,37
1784729207.0086,22:06:47,717978477942,61520,0,24039,2520,37
1784729207.2086,22:06:47,717978513364,61520,0,24039,2520,37
1784729207.4086,22:06:47,717978606822,61520,0,24039,2520,37
1784729207.6086,22:06:47,717978700262,202098,0,24039,2565,60
1784729207.8086,22:06:47,717978794007,202098,0,24039,2565,60
1784729208.0086,22:06:48,717978888619,289106,100,24039,2535,63
1784729208.2086,22:06:48,717978972762,289106,100,24039,2535,63
1784729208.4086,22:06:48,717979057410,289106,100,24039,2535,63
1784729208.6086,22:06:48,717979123869,447643,100,24039,2640,56
1784729208.8086,22:06:48,717979190835,447643,100,24039,2640,56
1784729209.0086,22:06:49,717979257249,388848,100,24039,2685,51
1784729209.2086,22:06:49,717979323139,388848,100,24039,2685,51
1784729209.4086,22:06:49,717979389038,388848,100,24039,2685,51
1784729209.6086,22:06:49,717979454872,341108,100,24039,2685,51
1784729209.8086,22:06:49,717979520695,341108,100,24039,2685,51
1784729210.0086,22:06:50,717979586467,336894,100,24039,2685,51
1784729210.2086,22:06:50,717979651989,336894,100,24039,2685,51
1784729210.4086,22:06:50,717979717406,336894,100,24039,2685,51
1784729210.6086,22:06:50,717979782451,336129,100,24039,2685,51
1784729210.8086,22:06:50,717979846097,336129,100,24039,2685,51
1784729211.0086,22:06:51,717979907794,329594,100,24039,2550,50
1784729211.2086,22:06:51,717979966439,329594,100,24039,2550,50
1784729211.4086,22:06:51,717980021237,329594,100,24039,2550,50
1784729211.6086,22:06:51,717980072170,306098,100,24039,2325,48
1784729211.8086,22:06:51,717980120260,306098,100,24039,2325,48
1784729212.0086,22:06:52,717980165755,267822,100,24039,1125,46
1784729212.2086,22:06:52,717980207095,267822,100,24039,1125,46
1784729212.4086,22:06:52,717980242179,267822,100,24039,1125,46
1784729212.6086,22:06:52,717980271807,218875,100,24039,480,43
1784729212.8086,22:06:52,717980296038,218875,100,24039,480,43
1784729213.0086,22:06:53,717980317477,161633,100,24039,255,42
1784729213.2086,22:06:53,717980338818,161633,100,24039,255,42
1784729213.4086,22:06:53,717980359740,161633,100,24039,255,42
1784729213.6086,22:06:53,717980381570,119474,100,24039,330,41
1784729213.8086,22:06:53,717980405835,119474,100,24039,330,41
1784729214.0086,22:06:54,717980431740,116598,100,24039,435,42
1784729214.2086,22:06:54,717980459294,116598,100,24039,435,42
1784729214.4086,22:06:54,717980488491,116598,100,24039,435,42
1784729214.6086,22:06:54,717980519821,134812,100,24039,615,42
1784729214.8086,22:06:54,717980552771,134812,100,24039,615,42
1784729215.0086,22:06:55,717980586577,156929,100,24039,705,43
1784729215.2086,22:06:55,717980620454,156929,100,24039,705,43
1784729215.4086,22:06:55,717980653062,156929,100,24039,705,43
1784729215.6086,22:06:55,717980683727,168007,100,24039,555,43
1784729215.8086,22:06:55,717980713648,168007,100,24039,555,43
1784729216.0086,22:06:56,717980742402,160671,100,24039,465,42
1784729216.2086,22:06:56,717980769851,160671,100,24039,465,42
1784729216.4086,22:06:56,717980797374,160671,100,24039,465,42
1784729216.6086,22:06:56,717980824868,147204,100,24039,465,42
1784729216.8086,22:06:56,717980852285,147204,100,24039,465,42
1784729217.0086,22:06:57,717980879622,140857,100,24039,465,42
1784729217.2086,22:06:57,717980906909,140857,100,24039,465,42
1784729217.4086,22:06:57,717980934250,140857,100,24039,465,42
1784729217.6086,22:06:57,717980961758,140581,100,24039,480,42
1784729217.8086,22:06:57,717980989296,140581,100,24039,480,42
1784729218.0086,22:06:58,717981016598,140780,100,24039,465,42
1784729218.2086,22:06:58,717981043969,140780,100,24039,465,42
1784729218.4086,22:06:58,717981071325,140780,100,24039,465,42
1784729218.6086,22:06:58,717981098594,140930,100,24039,465,42
1784729218.8086,22:06:58,717981125524,140930,100,24039,465,42
1784729219.0086,22:06:59,717981150967,138488,100,24039,420,41
1784729219.2086,22:06:59,717981176549,138488,100,24039,420,41
1784729219.4086,22:06:59,717981202330,138488,100,24039,420,41
1784729219.6086,22:06:59,717981228218,134822,100,24039,420,41
1784729219.8086,22:06:59,717981254101,134822,100,24039,420,41
1784729220.0086,22:07:00,717981279984,132970,100,24039,420,41
1784729220.2086,22:07:00,717981305600,132970,100,24039,420,41
1784729220.4086,22:07:00,717981331315,132970,100,24039,420,41
1784729220.6086,22:07:00,717981356938,133036,100,24039,405,41
1784729220.8086,22:07:00,717981382666,133036,100,24039,405,41
1784729221.0086,22:07:01,717981408442,132744,100,24039,420,41
1784729221.2086,22:07:01,717981434365,132744,100,24039,420,41
1784729221.4086,22:07:01,717981460156,132744,100,24039,420,41
1784729221.6086,22:07:01,717981486060,133155,100,24039,435,41
1784729221.8086,22:07:01,717981512050,133155,100,24039,435,41
1784729222.0086,22:07:02,717981538172,133959,100,24039,420,41
1784729222.2086,22:07:02,717981562123,133959,100,24039,420,41
1784729222.4086,22:07:02,717981585254,133959,100,24039,420,41
1784729222.6086,22:07:02,717981608295,128384,100,24039,345,41
1784729222.8086,22:07:02,717981631358,128384,100,24039,345,41
1784729223.0086,22:07:03,717981654295,121723,100,24039,345,41
1784729223.2086,22:07:03,717981678555,121723,100,24039,345,41
1784729223.4086,22:07:03,717981704452,121723,100,24039,345,41
1784729223.6086,22:07:03,717981731322,125250,100,24039,465,41
1784729223.8086,22:07:03,717981758188,125250,100,24039,465,41
1784729224.0086,22:07:04,717981785841,135132,100,24039,405,41
1784729224.2086,22:07:04,717981812358,135132,100,24039,405,41
1784729224.4086,22:07:04,717981838156,135132,100,24039,405,41
1784729224.6086,22:07:04,717981863978,138426,100,24039,360,41
1784729224.8086,22:07:04,717981888848,138426,100,24039,360,41
1784729225.0086,22:07:05,717981911146,131288,100,24039,225,40
1784729225.2086,22:07:05,717981931343,131288,100,24039,225,40
1784729225.4086,22:07:05,717981951347,131288,100,24039,225,40
1784729225.6086,22:07:05,717981971211,116371,100,24039,210,40
1784729225.8086,22:07:05,717981991099,116371,100,24039,210,40
1784729226.0086,22:07:06,717982011415,104895,100,24039,255,40
1784729226.2086,22:07:06,717982033804,104895,100,24039,255,40
1784729226.4086,22:07:06,717982057808,104895,100,24039,255,40
1784729226.6086,22:07:06,717982082242,112390,100,24039,315,40
1784729226.8086,22:07:06,717982108207,112390,100,24039,315,40
1784729227.0086,22:07:07,717982134035,126333,100,24039,330,41
1784729227.2086,22:07:07,717982158519,126333,100,24039,330,41
1784729227.4086,22:07:07,717982182520,126333,100,24039,330,41
1784729227.6086,22:07:07,717982206341,129765,100,24039,315,41
1784729227.8086,22:07:07,717982230732,129765,100,24039,315,41
1784729228.0086,22:07:08,717982254940,126864,100,24039,285,41
1784729228.2086,22:07:08,717982277591,126864,100,24039,285,41
1784729228.4086,22:07:08,717982300130,126864,100,24039,285,41
1784729228.6086,22:07:08,717982320648,121369,100,24039,225,40
1784729228.8086,22:07:08,717982341022,121369,100,24039,225,40
1784729229.0086,22:07:09,717982360868,112121,100,24039,210,40
1784729229.2086,22:07:09,717982380655,112121,100,24039,210,40
1784729229.4086,22:07:09,717982400438,112121,100,24039,210,40
1784729229.6086,22:07:09,717982421724,105635,100,24039,255,40
1784729229.8086,22:07:09,717982443634,105635,100,24039,255,40
1784729230.0086,22:07:10,717982467171,110957,100,24039,345,40
1784729230.2086,22:07:10,717982492661,110957,100,24039,345,40
1784729230.4086,22:07:10,717982518771,110957,100,24039,345,40
1784729230.6086,22:07:10,717982543042,124847,100,24039,315,41
1784729230.8086,22:07:10,717982566889,124847,100,24039,315,41
1784729231.0086,22:07:11,717982590931,129626,100,24039,330,40
1784729231.2086,22:07:11,717982614994,129626,100,24039,330,40
1784729231.4086,22:07:11,717982639105,129626,100,24039,330,40
1784729231.6086,22:07:11,717982663136,126671,100,24039,330,40
1784729231.8086,22:07:11,717982685561,126671,100,24039,330,40
1784729232.0086,22:07:12,717982707253,122870,100,24039,285,40
1784729232.2086,22:07:12,717982729350,122870,100,24039,285,40
1784729232.4086,22:07:12,717982751416,122870,100,24039,285,40
1784729232.6086,22:07:12,717982773281,118176,100,24039,270,40
1784729232.8086,22:07:12,717982794854,118176,100,24039,270,40
1784729233.0086,22:07:13,717982816399,115121,100,24039,270,40
1784729233.2086,22:07:13,717982839811,115121,100,24039,270,40
1784729233.4086,22:07:13,717982864577,115121,100,24039,270,40
1784729233.6086,22:07:13,717982889465,120500,100,24039,240,40
1784729233.8086,22:07:13,717982913928,120500,100,24039,240,40
1784729234.0086,22:07:14,717982937629,126665,100,24039,210,40
1784729234.2086,22:07:14,717982953829,126665,100,24039,210,40
1784729234.4086,22:07:14,717982965512,126665,100,24039,210,40
1784729234.6086,22:07:14,717982977156,102851,100,24039,2520,39
1784729234.8086,22:07:14,717982988823,102851,100,24039,2520,39
1784729235.0086,22:07:15,717983000485,72288,0,24039,2520,39
1784729235.2086,22:07:15,717983012139,72288,0,24039,2520,39
1784729235.4086,22:07:15,717983018649,72288,0,24039,2520,39
1784729235.6086,22:07:15,717983025176,72288,0,24039,2520,39
1784729235.8086,22:07:15,717983031724,72288,0,24039,2520,39
1784729236.0086,22:07:16,717983038253,61497,0,24039,2520,39
1784729236.2086,22:07:16,717983049817,61497,0,24039,2520,39
1784729236.4086,22:07:16,717983056324,61497,0,24039,2520,39
1784729236.6086,22:07:16,717983062849,61497,0,24039,2520,38
1784729236.8086,22:07:16,717983069376,61497,0,24039,2520,38
1784729237.0086,22:07:17,717983075889,61473,0,24039,2520,38
1784729237.2086,22:07:17,717983087427,61473,0,24039,2520,38
1784729237.4086,22:07:17,717983093913,61473,0,24039,2520,38
1784729237.6086,22:07:17,717983100409,61473,0,24039,2520,38
1784729237.8086,22:07:17,717983106889,61473,0,24039,2520,38
1784729238.0086,22:07:18,717983113383,61433,0,24039,2520,38
1784729238.2086,22:07:18,717983124924,61433,0,24039,2520,38
1784729238.4086,22:07:18,717983131405,61433,0,24039,2520,38
1784729238.6086,22:07:18,717983137890,61433,0,24039,2520,38
1784729238.8086,22:07:18,717983144339,61433,0,24039,2520,38
1784729239.0086,22:07:19,717983150790,61431,0,24039,2520,38
1784729239.2086,22:07:19,717983162274,61431,0,24039,2520,38
1784729239.4086,22:07:19,717983168706,61431,0,24039,2520,38
1784729239.6086,22:07:19,717983175159,61431,0,24039,2520,38
1784729239.8086,22:07:19,717983181588,61431,0,24039,2520,38
1784729240.0086,22:07:20,717983188025,61398,0,24039,2520,38
1784729240.2086,22:07:20,717983199532,61398,0,24039,2520,38
1784729240.4086,22:07:20,717983205953,61398,0,24039,2520,38
1784729240.6086,22:07:20,717983212354,61398,0,24039,2520,38
1784729240.8086,22:07:20,717983218759,61398,0,24039,2520,38
1784729241.0086,22:07:21,717983225156,61341,0,24039,2520,38
1784729241.2086,22:07:21,717983236614,61341,0,24039,2520,38
1784729241.4086,22:07:21,717983242988,61341,0,24039,2520,38
1784729241.6086,22:07:21,717983249380,61341,0,24039,2520,38
1784729241.8086,22:07:21,717983255777,61341,0,24039,2520,38
1784729242.0086,22:07:22,717983262159,61333,0,24039,2520,38
1784729242.2086,22:07:22,717983273561,61333,0,24039,2520,38
1784729242.4086,22:07:22,717983279924,61333,0,24039,2520,38
1784729242.6086,22:07:22,717983286258,61333,0,24039,2520,38
1784729242.8086,22:07:22,717983292617,61333,0,24039,2520,38
1784729243.0086,22:07:23,717983298983,61228,0,24039,2520,38
1784729243.2086,22:07:23,717983310372,61228,0,24039,2520,38
1784729243.4086,22:07:23,717983316757,61228,0,24039,2520,38
1784729243.6086,22:07:23,717983323143,61228,0,24039,2520,38
1784729243.8086,22:07:23,717983329482,61228,0,24039,2520,38
1784729244.0086,22:07:24,717983335829,61275,0,24039,2520,38
1784729244.2086,22:07:24,717983347214,61275,0,24039,2520,38
1784729244.4086,22:07:24,717983353541,61275,0,24039,2520,38
1784729244.6086,22:07:24,717983359861,61275,0,24039,2520,38
1784729244.8086,22:07:24,717983366176,61275,0,24039,2520,38
1784729245.0086,22:07:25,717983372476,61314,0,24039,2520,38
1784729245.2086,22:07:25,717983383857,61314,0,24039,2520,38
1784729245.4086,22:07:25,717983390149,61314,0,24039,2520,38
1784729245.6086,22:07:25,717983396442,61314,0,24039,2520,38
1784729245.8086,22:07:25,717983402733,61314,0,24039,2520,38
1784729246.0086,22:07:26,717983409019,61218,0,24039,2520,38
1784729246.2086,22:07:26,717983420331,61218,0,24039,2520,38
1784729246.4086,22:07:26,717983426617,61218,0,24039,2520,38
1784729246.6086,22:07:26,717983432894,61218,0,24039,2520,38
1784729246.8086,22:07:26,717983439187,61218,0,24039,2520,38
1784729247.0086,22:07:27,717983445447,61204,0,24039,2520,38
1784729247.2086,22:07:27,717983456760,61204,0,24039,2520,38
1784729247.4086,22:07:27,717983463017,61204,0,24039,2520,38
1784729247.6086,22:07:27,717983469239,61204,0,24039,2520,37
1784729247.8086,22:07:27,717983475477,61204,0,24039,2520,37
1784729248.0086,22:07:28,717983481715,61153,0,24039,2520,37
1784729248.2086,22:07:28,717983492981,61153,0,24039,2520,37
1784729248.4086,22:07:28,717983499207,61153,0,24039,2520,37
1784729248.6086,22:07:28,717983505440,61153,0,24039,2520,37
1784729248.8086,22:07:28,717983511640,61153,0,24039,2520,37
1784729249.0086,22:07:29,717983517838,61096,0,24039,2520,37
1784729249.2086,22:07:29,717983529064,61096,0,24039,2520,37
1784729249.4086,22:07:29,717983535261,61096,0,24039,2520,37
1784729249.6086,22:07:29,717983541449,61096,0,24039,2520,37
1784729249.8086,22:07:29,717983601821,61096,0,24039,2520,37
1784729250.0086,22:07:30,717983684272,126720,100,24039,2565,58
1784729250.2086,22:07:30,717983770923,126720,100,24039,2565,58
1784729250.4086,22:07:30,717983859833,126720,100,24039,2565,58
1784729250.6086,22:07:30,717983945408,289572,100,24039,2550,63
1784729250.8086,22:07:30,717984025294,289572,100,24039,2550,63
1784729251.0086,22:07:31,717984104782,462535,100,24039,2475,60
1784729251.2086,22:07:31,717984185259,462535,100,24039,2475,60
1784729251.4086,22:07:31,717984269290,462535,100,24039,2475,60
1784729251.6086,22:07:31,717984345941,450692,100,24039,2505,61
1784729251.8086,22:07:31,717984468913,450692,100,24039,2505,61
1784729252.0086,22:07:32,717984512495,441061,100,24039,2595,57
1784729252.2086,22:07:32,717984588025,441061,100,24039,2595,57
1784729252.4086,22:07:32,717984664585,441061,100,24039,2595,57
1784729252.6086,22:07:32,717984780972,426175,100,24039,2595,54
1784729252.8086,22:07:32,717984859282,426175,100,24039,2595,54
1784729253.0086,22:07:33,717984932916,407889,100,24039,2685,55
1784729253.2086,22:07:33,717985006032,407889,100,24039,2685,55
1784729253.4086,22:07:33,717985087160,407889,100,24039,2685,55
1784729253.6086,22:07:33,717985168286,389125,100,24039,2685,58
1784729253.8086,22:07:33,717985245542,389125,100,24039,2685,58
1784729254.0086,22:07:34,717985322004,388074,100,24039,2685,59
1784729254.2086,22:07:34,717985412682,388074,100,24039,2685,59
1784729254.4086,22:07:34,717985490134,388074,100,24039,2685,59
1784729254.6086,22:07:34,717985572583,399857,100,24039,2670,56
1784729254.8086,22:07:34,717985647882,399857,100,24039,2670,56
1784729255.0086,22:07:35,717985723695,398464,100,24039,2685,55
1784729255.2086,22:07:35,717985794196,398464,100,24039,2685,55
1784729255.4086,22:07:35,717985849602,398464,100,24039,2685,55
1784729255.6086,22:07:35,717985892739,367237,100,24039,1215,51
1784729255.8086,22:07:35,717985943181,367237,100,24039,1215,51
1784729256.0086,22:07:36,717985983147,287229,100,24039,1200,49
1784729256.2086,22:07:36,717986029618,287229,100,24039,1200,49
1784729256.4086,22:07:36,717986078142,287229,100,24039,1200,49
1784729256.6086,22:07:36,717986128742,230270,100,24039,2220,48
1784729256.8086,22:07:36,717986173295,230270,100,24039,2220,48
1784729257.0086,22:07:37,717986226056,234786,100,24039,1830,48
1784729257.2086,22:07:37,717986276908,234786,100,24039,1830,48
1784729257.4086,22:07:37,717986332798,234786,100,24039,1830,48
1784729257.6086,22:07:37,717986372583,256092,100,24039,1140,49
1784729257.8086,22:07:37,717986417126,256092,100,24039,1140,49
1784729258.0086,22:07:38,717986459792,242252,100,24039,1170,47
1784729258.2086,22:07:38,717986500419,242252,100,24039,1170,47
1784729258.4086,22:07:38,717986541667,242252,100,24039,1170,47
1784729258.6086,22:07:38,717986572571,216880,100,24039,795,46
1784729258.8086,22:07:38,717986601655,216880,100,24039,795,46
1784729259.0086,22:07:39,717986633385,182412,100,24039,675,45
1784729259.2086,22:07:39,717986670416,182412,100,24039,675,45
1784729259.4086,22:07:39,717986705920,182412,100,24039,675,45
1784729259.6086,22:07:39,717986735582,169593,100,24039,705,45
1784729259.8086,22:07:39,717986765553,169593,100,24039,705,45
1784729260.0086,22:07:40,717986797690,166262,100,24039,765,45
1784729260.2086,22:07:40,717986832055,166262,100,24039,765,45
1784729260.4086,22:07:40,717986863285,166262,100,24039,765,45
1784729260.6086,22:07:40,717986899635,161140,100,24039,765,45
1784729260.8086,22:07:40,717986936321,161140,100,24039,765,45
1784729261.0086,22:07:41,717986975568,177098,100,24039,840,45
1784729261.2086,22:07:41,717987013268,177098,100,24039,840,45
1784729261.4086,22:07:41,717987048158,177098,100,24039,840,45
1784729261.6086,22:07:41,717987083614,186762,100,24039,795,46
1784729261.8086,22:07:41,717987120607,186762,100,24039,795,46
1784729262.0086,22:07:42,717987155315,185995,100,24039,825,46
1784729262.2086,22:07:42,717987190697,185995,100,24039,825,46
1784729262.4086,22:07:42,717987221524,185995,100,24039,825,46
1784729262.6086,22:07:42,717987252702,175494,100,24039,825,46
1784729262.8086,22:07:42,717987289854,175494,100,24039,825,46
1784729263.0086,22:07:43,717987324105,172614,100,24039,855,45
1784729263.2086,22:07:43,717987356222,172614,100,24039,855,45
1784729263.4086,22:07:43,717987389825,172614,100,24039,855,45
1784729263.6086,22:07:43,717987426036,171645,100,24039,810,45
1784729263.8086,22:07:43,717987463025,171645,100,24039,810,45
1784729264.0086,22:07:44,717987490839,175100,100,24039,765,45
1784729264.2086,22:07:44,717987524337,175100,100,24039,765,45
1784729264.4086,22:07:44,717987560601,175100,100,24039,765,45
1784729264.6086,22:07:44,717987596205,176065,100,24039,735,45
1784729264.8086,22:07:44,717987623452,176065,100,24039,735,45
1784729265.0086,22:07:45,717987648688,161402,100,24039,630,44
1784729265.2086,22:07:45,717987674398,161402,100,24039,630,44
1784729265.4086,22:07:45,717987704033,161402,100,24039,630,44
1784729265.6086,22:07:45,717987739185,151297,100,24039,705,44
1784729265.8086,22:07:45,717987766668,151297,100,24039,705,44
1784729266.0086,22:07:46,717987798542,150070,100,24039,705,44
1784729266.2086,22:07:46,717987826077,150070,100,24039,705,44
1784729266.4086,22:07:46,717987856579,150070,100,24039,705,44
1784729266.6086,22:07:46,717987887539,156582,100,24039,855,45
1784729266.8086,22:07:46,717987927722,156582,100,24039,855,45
1784729267.0086,22:07:47,717987965840,167661,100,24039,870,45
1784729267.2086,22:07:47,717988000242,167661,100,24039,870,45
1784729267.4086,22:07:47,717988034988,167661,100,24039,870,45
1784729267.6086,22:07:47,717988070108,180345,100,24039,735,45
1784729267.8086,22:07:47,717988101572,180345,100,24039,735,45
1784729268.0086,22:07:48,717988134837,177809,100,24039,630,44
1784729268.2086,22:07:48,717988163931,177809,100,24039,630,44
1784729268.4086,22:07:48,717988189809,177809,100,24039,630,44
1784729268.6086,22:07:48,717988210269,160276,100,24039,420,43
1784729268.8086,22:07:48,717988229362,160276,100,24039,420,43
1784729269.0086,22:07:49,717988249099,128026,100,24039,435,42
1784729269.2086,22:07:49,717988297429,128026,100,24039,435,42
1784729269.4086,22:07:49,717988364363,128026,100,24039,435,42
1784729269.6086,22:07:49,717988443252,177656,100,24039,2685,51
1784729269.8086,22:07:49,717988508467,177656,100,24039,2685,51
1784729270.0086,22:07:50,717988563161,290823,100,24039,1575,54
1784729270.2086,22:07:50,717988610397,290823,100,24039,1575,54
1784729270.4086,22:07:50,717988661780,290823,100,24039,1575,54
1784729270.6086,22:07:50,717988709984,309462,100,24039,2040,49
1784729270.8086,22:07:50,717988750377,309462,100,24039,2040,49
1784729271.0086,22:07:51,717988787120,243051,100,24039,765,46
1784729271.2086,22:07:51,717988818460,243051,100,24039,765,46
1784729271.4086,22:07:51,717988841129,243051,100,24039,765,46
1784729271.6086,22:07:51,717988861409,189695,100,24039,420,44
1784729271.8086,22:07:51,717988880985,189695,100,24039,420,44
1784729272.0086,22:07:52,717988900813,129564,100,24039,405,42
1784729272.2086,22:07:52,717988921972,129564,100,24039,405,42
1784729272.4086,22:07:52,717988956015,129564,100,24039,405,42
1784729272.6086,22:07:52,717989028374,118324,100,24039,2520,45
1784729272.8086,22:07:52,717989109579,118324,100,24039,2520,45
1784729273.0086,22:07:53,717989195686,260351,100,24039,2580,61
1784729273.2086,22:07:53,717989262529,260351,100,24039,2580,61
1784729273.4086,22:07:53,717989326222,260351,100,24039,2580,61
1784729273.6086,22:07:53,717989376159,368101,100,24039,1605,51
1784729273.8086,22:07:53,717989419796,368101,100,24039,1605,51
1784729274.0086,22:07:54,717989466818,308421,100,24039,1935,49
1784729274.2086,22:07:54,717989513122,308421,100,24039,1935,49
1784729274.4086,22:07:54,717989550462,308421,100,24039,1935,49
1784729274.6086,22:07:54,717989579555,238753,100,24039,750,47
1784729274.8086,22:07:54,717989607277,238753,100,24039,750,47
1784729275.0086,22:07:55,717989628843,185401,100,24039,405,44
1784729275.2086,22:07:55,717989648551,185401,100,24039,405,44
1784729275.4086,22:07:55,717989666923,185401,100,24039,405,44
1784729275.6086,22:07:55,717989685383,126199,100,24039,345,42
1784729275.8086,22:07:55,717989705137,126199,100,24039,345,42
1784729276.0086,22:07:56,717989765793,115738,100,24039,2685,45
1784729276.2086,22:07:56,717989832655,115738,100,24039,2685,45
1784729276.4086,22:07:56,717989892791,115738,100,24039,2685,45
1784729276.6086,22:07:56,717989945627,223374,100,24039,2490,52
1784729276.8086,22:07:56,717989989238,223374,100,24039,2490,52
1784729277.0086,22:07:57,717990027761,287633,100,24039,960,48
1784729277.2086,22:07:57,717990063221,287633,100,24039,960,48
1784729277.4086,22:07:57,717990093908,287633,100,24039,960,48
1784729277.6086,22:07:57,717990121802,213803,100,24039,570,45
1784729277.8086,22:07:57,717990144628,213803,100,24039,570,45
1784729278.0086,22:07:58,717990164120,154979,100,24039,210,42
1784729278.2086,22:07:58,717990183064,154979,100,24039,210,42
1784729278.4086,22:07:58,717990201983,154979,100,24039,210,42
1784729278.6086,22:07:58,717990220906,114492,100,24039,210,42
1784729278.8086,22:07:58,717990239682,114492,100,24039,210,42
1784729279.0086,22:07:59,717990258621,98195,100,24039,210,41
1784729279.2086,22:07:59,717990273932,98195,100,24039,210,41
1784729279.4086,22:07:59,717990288603,98195,100,24039,210,41
1784729279.6086,22:07:59,717990304108,90513,100,24039,225,41
1784729279.8086,22:07:59,717990349321,90513,100,24039,225,41
1784729280.0086,22:08:00,717990410814,128824,100,24039,2685,49
1784729280.2086,22:08:00,717990493295,128824,100,24039,2685,49
1784729280.4086,22:08:00,717990559992,128824,100,24039,2685,49
1784729280.6086,22:08:00,717990622071,261652,100,24039,2625,53
1784729280.8086,22:08:00,717990677493,261652,100,24039,2625,53
1784729281.0086,22:08:01,717990729536,335893,100,24039,2100,53
1784729281.2086,22:08:01,717990771305,335893,100,24039,2100,53
1784729281.4086,22:08:01,717990803651,335893,100,24039,2100,53
1784729281.6086,22:08:01,717990831265,261355,100,24039,645,46
1784729281.8086,22:08:01,717990856713,261355,100,24039,645,46
1784729282.0086,22:08:02,717990875908,179860,100,24039,330,43
1784729282.2086,22:08:02,717990893152,179860,100,24039,330,43
1784729282.4087,22:08:02,717990908824,179860,100,24039,330,43
1784729282.6086,22:08:02,717990923472,113509,100,24039,210,42
1784729282.8086,22:08:02,717990938022,113509,100,24039,210,42
1784729283.0086,22:08:03,717990955669,83726,100,24039,210,41
1784729283.2086,22:08:03,717991031031,83726,100,24039,210,41
1784729283.4086,22:08:03,717991104208,83726,100,24039,210,41
1784729283.6086,22:08:03,717991166146,195504,100,24039,2640,55
1784729283.8086,22:08:03,717991215331,195504,100,24039,2640,55
1784729284.0086,22:08:04,717991260064,287913,100,24039,1440,50
1784729284.2086,22:08:04,717991308227,287913,100,24039,1440,50
1784729284.4086,22:08:04,717991360261,287913,100,24039,1440,50
1784729284.6086,22:08:04,717991421285,276423,100,24039,2070,48
1784729284.8086,22:08:04,717991467678,276423,100,24039,2070,48
1784729285.0086,22:08:05,717991503054,253935,100,24039,825,48
1784729285.2086,22:08:05,717991532105,253935,100,24039,825,48
1784729285.4086,22:08:05,717991558375,253935,100,24039,825,48
1784729285.6086,22:08:05,717991582112,213558,100,24039,330,44
1784729285.8086,22:08:05,717991601069,213558,100,24039,330,44
1784729286.0086,22:08:06,717991617025,134335,100,24039,210,42
1784729286.2086,22:08:06,717991632733,134335,100,24039,210,42
1784729286.4086,22:08:06,717991647278,134335,100,24039,210,42
1784729286.6086,22:08:06,717991661743,97059,100,24039,210,41
1784729286.8086,22:08:06,717991676332,97059,100,24039,210,41
1784729287.0086,22:08:07,717991691178,78859,100,24039,240,41
1784729287.2086,22:08:07,717991706956,78859,100,24039,240,41
1784729287.4086,22:08:07,717991723622,78859,100,24039,240,41
1784729287.6086,22:08:07,717991762985,79756,100,24039,315,42
1784729287.8086,22:08:07,717991827973,79756,100,24039,315,42
1784729288.0086,22:08:08,717991890559,181115,100,24039,2430,52
1784729288.2086,22:08:08,717991950391,181115,100,24039,2430,52
1784729288.4086,22:08:08,717992019207,181115,100,24039,2430,52
1784729288.6086,22:08:08,717992079279,292786,100,24039,2655,54
1784729288.8086,22:08:08,717992124418,292786,100,24039,2655,54
1784729289.0086,22:08:09,717992171152,305581,100,24039,1605,48
1784729289.2086,22:08:09,717992211271,305581,100,24039,1605,48
1784729289.4086,22:08:09,717992249169,305581,100,24039,1605,48
1784729289.6086,22:08:09,717992290171,251871,100,24039,1065,47
1784729289.8086,22:08:09,717992321685,251871,100,24039,1065,47
1784729290.0086,22:08:10,717992351955,204222,100,24039,705,45
1784729290.2086,22:08:10,717992378684,204222,100,24039,705,45
1784729290.4086,22:08:10,717992396859,204222,100,24039,705,45
1784729290.6086,22:08:10,717992415341,159288,100,24039,210,43
1784729290.8086,22:08:10,717992434099,159288,100,24039,210,43
1784729291.0086,22:08:11,717992451492,116070,100,24039,210,42
1784729291.2086,22:08:11,717992465736,116070,100,24039,210,42
1784729291.4086,22:08:11,717992480028,116070,100,24039,210,42
1784729291.6086,22:08:11,717992495716,87975,100,24039,210,41
1784729291.8086,22:08:11,717992514556,87975,100,24039,210,41
1784729292.0086,22:08:12,717992533326,86354,100,24039,210,41
1784729292.2086,22:08:12,717992552167,86354,100,24039,210,41
1784729292.4086,22:08:12,717992570882,86354,100,24039,210,41
1784729292.6086,22:08:12,717992589580,94330,100,24039,210,41
1784729292.8086,22:08:12,717992608268,94330,100,24039,210,41
1784729293.0086,22:08:13,717992627036,99247,100,24039,210,41
1784729293.2086,22:08:13,717992645852,99247,100,24039,210,41
1784729293.4086,22:08:13,717992662062,99247,100,24039,210,41
1784729293.6086,22:08:13,717992676208,96657,100,24039,210,41
1784729293.8086,22:08:13,717992690950,96657,100,24039,210,41
1784729294.0086,22:08:14,717992746526,103130,100,24039,2475,43
1784729294.2086,22:08:14,717992821483,103130,100,24039,2475,43
1784729294.4086,22:08:14,717992888863,103130,100,24039,2475,43
1784729294.6086,22:08:14,717992955698,221693,100,24039,2535,53
1784729294.8086,22:08:14,717993023985,221693,100,24039,2535,53
1784729295.0086,22:08:15,717993087302,350707,100,24039,2595,53
1784729295.2086,22:08:15,717993144825,350707,100,24039,2595,53
1784729295.4086,22:08:15,717993192513,350707,100,24039,2595,53
1784729295.6086,22:08:15,717993245396,327859,100,24039,2100,49
1784729295.8086,22:08:15,717993301140,327859,100,24039,2100,49
1784729296.0086,22:08:16,717993340185,286137,100,24039,1155,50
1784729296.2086,22:08:16,717993379960,286137,100,24039,1155,50
1784729296.4086,22:08:16,717993417101,286137,100,24039,1155,50
1784729296.6086,22:08:16,717993450708,239727,100,24039,945,47
1784729296.8086,22:08:16,717993483223,239727,100,24039,945,47
1784729297.0086,22:08:17,717993514440,192202,100,24039,600,45
1784729297.2086,22:08:17,717993540828,192202,100,24039,600,45
1784729297.4086,22:08:17,717993559631,192202,100,24039,600,45
1784729297.6086,22:08:17,717993580299,153593,100,24039,300,43
1784729297.8086,22:08:17,717993598816,153593,100,24039,300,43
1784729298.0086,22:08:18,717993617235,121435,100,24039,210,42
1784729298.2086,22:08:18,717993635728,121435,100,24039,210,42
1784729298.4086,22:08:18,717993654037,121435,100,24039,210,42
1784729298.6086,22:08:18,717993668969,99953,100,24039,210,41
1784729298.8086,22:08:18,717993685995,99953,100,24039,210,41
1784729299.0086,22:08:19,717993700797,91639,100,24039,210,41
1784729299.2086,22:08:19,717993716270,91639,100,24039,210,41
1784729299.4086,22:08:19,717993733835,91639,100,24039,210,41
1784729299.6086,22:08:19,717993751383,86308,100,24039,240,41
1784729299.8086,22:08:19,717993772726,86308,100,24039,240,41
1784729300.0086,22:08:20,717993793991,95137,100,24039,285,41
1784729300.2086,22:08:20,717993810817,95137,100,24039,285,41
1784729300.4086,22:08:20,717993830693,95137,100,24039,285,41
1784729300.6086,22:08:20,717993854326,103647,100,24039,420,42
1784729300.8086,22:08:20,717993880331,103647,100,24039,420,42
1784729301.0086,22:08:21,717993900390,114480,100,24039,495,42
1784729301.2086,22:08:21,717993925540,114480,100,24039,495,42
1784729301.4086,22:08:21,717993952271,114480,100,24039,495,42
1784729301.6086,22:08:21,717993978578,128294,100,24039,540,43
1784729301.8086,22:08:21,717994003004,128294,100,24039,540,43
1784729302.0086,22:08:22,717994026728,132207,100,24039,510,43
1784729302.2086,22:08:22,717994049549,132207,100,24039,510,43
1784729302.4086,22:08:22,717994071995,132207,100,24039,510,43
1784729302.6086,22:08:22,717994096601,129770,100,24039,570,43
1784729302.8086,22:08:22,717994123950,129770,100,24039,570,43
1784729303.0086,22:08:23,717994157233,135542,100,24039,690,44
1784729303.2086,22:08:23,717994189133,135542,100,24039,690,44
1784729303.4086,22:08:23,717994219658,135542,100,24039,690,44
1784729303.6086,22:08:23,717994250714,156637,100,24039,690,44
1784729303.8086,22:08:23,717994275042,156637,100,24039,690,44
1784729304.0086,22:08:24,717994295982,159982,100,24039,375,42
1784729304.2086,22:08:24,717994313782,159982,100,24039,375,42
1784729304.4086,22:08:24,717994332055,159982,100,24039,375,42
1784729304.6086,22:08:24,717994353536,124776,100,24039,435,42
1784729304.8086,22:08:24,717994373991,124776,100,24039,435,42
1784729305.0086,22:08:25,717994413995,110394,100,24039,2520,45
1784729305.2086,22:08:25,717994474345,110394,100,24039,2520,45
1784729305.4086,22:08:25,717994519982,110394,100,24039,2520,45
1784729305.6086,22:08:25,717994565557,192846,100,24039,1800,49
1784729305.8086,22:08:25,717994603090,192846,100,24039,1800,49
1784729306.0086,22:08:26,717994640974,242198,100,24039,975,46
1784729306.2086,22:08:26,717994678060,242198,100,24039,975,46
1784729306.4086,22:08:26,717994704433,242198,100,24039,975,46
1784729306.6086,22:08:26,717994727769,199209,100,24039,540,44
1784729306.8086,22:08:26,717994752450,199209,100,24039,540,44
1784729307.0086,22:08:27,717994770384,155912,100,24039,375,42
1784729307.2086,22:08:27,717994788454,155912,100,24039,375,42
1784729307.4086,22:08:27,717994808974,155912,100,24039,375,42
1784729307.6086,22:08:27,717994828508,114706,100,24039,420,42
1784729307.8086,22:08:27,717994851112,114706,100,24039,420,42
1784729308.0086,22:08:28,717994876136,107946,100,24039,540,43
1784729308.2086,22:08:28,717994938717,107946,100,24039,540,43
1784729308.4086,22:08:28,717995010440,107946,100,24039,540,43
1784729308.6086,22:08:28,717995061604,214537,100,24039,1980,55
1784729308.8086,22:08:28,717995101923,214537,100,24039,1980,55
1784729309.0086,22:08:29,717995142063,274517,100,24039,1005,46
1784729309.2086,22:08:29,717995178476,274517,100,24039,1005,46
1784729309.4086,22:08:29,717995208686,274517,100,24039,1005,46
1784729309.6086,22:08:29,717995234245,229941,100,24039,420,44
1784729309.8086,22:08:29,717995254841,229941,100,24039,420,44
1784729310.0086,22:08:30,717995273430,161611,100,24039,210,42
1784729310.2086,22:08:30,717995291295,161611,100,24039,210,42
1784729310.4086,22:08:30,717995309248,161611,100,24039,210,42
1784729310.6086,22:08:30,717995327133,115291,100,24039,210,41
1784729310.8086,22:08:30,717995344991,115291,100,24039,210,41
1784729311.0086,22:08:31,717995362735,98738,100,24039,210,41
1784729311.2086,22:08:31,717995380552,98738,100,24039,210,41
1784729311.4086,22:08:31,717995398288,98738,100,24039,210,41
1784729311.6086,22:08:31,717995416156,97800,100,24039,210,41
1784729311.8086,22:08:31,717995434009,97800,100,24039,210,41
1784729312.0086,22:08:32,717995451802,97849,100,24039,210,41
1784729312.2086,22:08:32,717995470183,97849,100,24039,210,41
1784729312.4086,22:08:32,717995490145,97849,100,24039,210,41
1784729312.6086,22:08:32,717995511681,100729,100,24039,285,41
1784729312.8086,22:08:32,717995534568,100729,100,24039,285,41
1784729313.0086,22:08:33,717995557783,111925,100,24039,375,42
1784729313.2086,22:08:33,717995581869,111925,100,24039,375,42
1784729313.4086,22:08:33,717995605919,111925,100,24039,375,42
1784729313.6086,22:08:33,717995629478,126205,100,24039,390,42
1784729313.8086,22:08:33,717995652337,126205,100,24039,390,42
1784729314.0086,22:08:34,717995675263,129438,100,24039,345,42
1784729314.2086,22:08:34,717995698029,129438,100,24039,345,42
1784729314.4086,22:08:34,717995720354,129438,100,24039,345,42
1784729314.6086,22:08:34,717995741306,126894,100,24039,285,41
1784729314.8086,22:08:34,717995762256,126894,100,24039,285,41
1784729315.0086,22:08:35,717995783159,120866,100,24039,285,41
1784729315.2086,22:08:35,717995803985,120866,100,24039,285,41
1784729315.4086,22:08:35,717995824727,120866,100,24039,285,41
1784729315.6086,22:08:35,717995845630,115859,100,24039,285,41
1784729315.8086,22:08:35,717995866407,115859,100,24039,285,41
1784729316.0086,22:08:36,717995887455,115237,100,24039,285,41
1784729316.2086,22:08:36,717995909708,115237,100,24039,285,41
1784729316.4086,22:08:36,717995932709,115237,100,24039,285,41
1784729316.6086,22:08:36,717995955829,119166,100,24039,360,41
1784729316.8086,22:08:36,717995978689,119166,100,24039,360,41
1784729317.0086,22:08:37,717996001660,124619,100,24039,360,41
1784729317.2086,22:08:37,717996024215,124619,100,24039,360,41
1784729317.4086,22:08:37,717996047089,124619,100,24039,360,41
1784729317.6086,22:08:37,717996068221,126687,100,24039,300,41
1784729317.8086,22:08:37,717996087239,126687,100,24039,300,41
1784729318.0086,22:08:38,717996106331,118928,100,24039,240,41
1784729318.2086,22:08:38,717996125520,118928,100,24039,240,41
1784729318.4086,22:08:38,717996146206,118928,100,24039,240,41
1784729318.6086,22:08:38,717996168880,111670,100,24039,285,41
1784729318.8086,22:08:38,717996191461,111670,100,24039,285,41
1784729319.0086,22:08:39,717996214037,112271,100,24039,285,41
1784729319.2086,22:08:39,717996236411,112271,100,24039,285,41
1784729319.4086,22:08:39,717996260136,112271,100,24039,285,41
1784729319.6086,22:08:39,717996284573,116881,100,24039,345,41
1784729319.8086,22:08:39,717996309082,116881,100,24039,345,41
1784729320.0086,22:08:40,717996333485,121153,100,24039,345,41
1784729320.2086,22:08:40,717996357875,121153,100,24039,345,41
1784729320.4086,22:08:40,717996382568,121153,100,24039,345,41
1784729320.6086,22:08:40,717996407199,125362,100,24039,345,41
1784729320.8086,22:08:40,717996431793,125362,100,24039,345,41
1784729321.0086,22:08:41,717996456384,125859,100,24039,360,41
1784729321.2086,22:08:41,717996479638,125859,100,24039,360,41
1784729321.4086,22:08:41,717996500314,125859,100,24039,360,41
1784729321.6086,22:08:41,717996519521,121154,100,24039,210,40
1784729321.8086,22:08:41,717996538911,121154,100,24039,210,40
1784729322.0086,22:08:42,717996558360,108876,100,24039,210,40
1784729322.2086,22:08:42,717996578678,108876,100,24039,210,40
1784729322.4086,22:08:42,717996600821,108876,100,24039,210,40
1784729322.6086,22:08:42,717996624450,102755,100,24039,300,40
1784729322.8086,22:08:42,717996649599,102755,100,24039,300,40
1784729323.0086,22:08:43,717996675009,115045,100,24039,375,41
1784729323.2086,22:08:43,717996700474,115045,100,24039,375,41
1784729323.4086,22:08:43,717996725806,115045,100,24039,375,41
1784729323.6086,22:08:43,717996750916,126942,100,24039,375,41
1784729323.8086,22:08:43,717996775884,126942,100,24039,375,41
1784729324.0086,22:08:44,717996800818,129225,100,24039,390,41
1784729324.2086,22:08:44,717996825853,129225,100,24039,390,41
1784729324.4086,22:08:44,717996850795,129225,100,24039,390,41
1784729324.6086,22:08:44,717996875538,128287,100,24039,390,41
1784729324.8086,22:08:44,717996898289,128287,100,24039,390,41
1784729325.0086,22:08:45,717996921046,124523,100,24039,330,41
1784729325.2086,22:08:45,717996943789,124523,100,24039,330,41
1784729325.4086,22:08:45,717996966498,124523,100,24039,330,41
1784729325.6086,22:08:45,717996989234,119204,100,24039,330,41
1784729325.8086,22:08:45,717997011973,119204,100,24039,330,41
1784729326.0086,22:08:46,717997034764,116465,100,24039,330,40
1784729326.2086,22:08:46,717997057471,116465,100,24039,330,40
1784729326.4086,22:08:46,717997080081,116465,100,24039,330,40
1784729326.6086,22:08:46,717997102788,116567,100,24039,330,40
1784729326.8086,22:08:46,717997125444,116567,100,24039,330,40
1784729327.0086,22:08:47,717997148064,116523,100,24039,330,40
1784729327.2086,22:08:47,717997170697,116523,100,24039,330,40
1784729327.4086,22:08:47,717997193376,116523,100,24039,330,40
1784729327.6086,22:08:47,717997216276,116392,100,24039,330,40
1784729327.8086,22:08:47,717997238955,116392,100,24039,330,40
1784729328.0086,22:08:48,717997261658,116528,100,24039,330,40
1784729328.2086,22:08:48,717997284431,116528,100,24039,330,40
1784729328.4086,22:08:48,717997308410,116528,100,24039,330,40
1784729328.6086,22:08:48,717997334002,117857,100,24039,375,41
1784729328.8086,22:08:48,717997360080,117857,100,24039,375,41
1784729329.0086,22:08:49,717997386194,125173,100,24039,420,41
1784729329.2086,22:08:49,717997413261,125173,100,24039,420,41
1784729329.4086,22:08:49,717997441267,125173,100,24039,420,41
1784729329.6086,22:08:49,717997469365,135374,100,24039,480,41
1784729329.8086,22:08:49,717997496462,135374,100,24039,480,41
1784729330.0087,22:08:50,717997522512,139242,100,24039,420,41
1784729330.2086,22:08:50,717997548556,139242,100,24039,420,41
1784729330.4087,22:08:50,717997574486,139242,100,24039,420,41
1784729330.6086,22:08:50,717997600407,137225,100,24039,420,41
1784729330.8086,22:08:50,717997626842,137225,100,24039,420,41
1784729331.0086,22:08:51,717997653508,133980,100,24039,450,41
1784729331.2086,22:08:51,717997679925,133980,100,24039,450,41
1784729331.4086,22:08:51,717997705089,133980,100,24039,450,41
1784729331.6086,22:08:51,717997730108,133830,100,24039,390,41
1784729331.8086,22:08:51,717997755107,133830,100,24039,390,41
1784729332.0086,22:08:52,717997780327,131443,100,24039,390,41
1784729332.2086,22:08:52,717997805473,131443,100,24039,390,41
1784729332.4086,22:08:52,717997829991,131443,100,24039,390,41
1784729332.6086,22:08:52,717997852936,128053,100,24039,330,41
1784729332.8086,22:08:52,717997875876,128053,100,24039,330,41
1784729333.0086,22:08:53,717997898395,123295,100,24039,315,40
1784729333.2086,22:08:53,717997918346,123295,100,24039,315,40
1784729333.4086,22:08:53,717997938256,123295,100,24039,315,40
1784729333.6086,22:08:53,717997959695,112256,100,24039,285,40
1784729333.8087,22:08:53,717997981803,112256,100,24039,285,40
1784729334.0086,22:08:54,717998005310,110050,100,24039,360,40
1784729334.2086,22:08:54,717998029194,110050,100,24039,360,40
1784729334.4086,22:08:54,717998054844,110050,100,24039,360,40
1784729334.6086,22:08:54,717998080772,118789,100,24039,420,41
1784729334.8086,22:08:54,717998106594,118789,100,24039,420,41
1784729335.0087,22:08:55,717998132607,129062,100,24039,420,41
1784729335.2087,22:08:55,717998158296,129062,100,24039,420,41
1784729335.4087,22:08:55,717998183884,129062,100,24039,420,41
1784729335.6086,22:08:55,717998209448,133260,100,24039,345,41
1784729335.8086,22:08:55,717998235015,133260,100,24039,345,41
1784729336.0086,22:08:56,717998258419,131659,100,24039,285,40
1784729336.2086,22:08:56,717998281391,131659,100,24039,285,40
1784729336.4086,22:08:56,717998302653,131659,100,24039,285,40
1784729336.6086,22:08:56,717998322801,123338,100,24039,210,40
1784729336.8086,22:08:56,717998342993,123338,100,24039,210,40
1784729337.0087,22:08:57,717998363208,110696,100,24039,210,40
1784729337.2086,22:08:57,717998383337,110696,100,24039,210,40
1784729337.4086,22:08:57,717998403790,110696,100,24039,210,40
1784729337.6086,22:08:57,717998424020,104559,100,24039,210,40
1784729337.8086,22:08:57,717998444273,104559,100,24039,210,40
1784729338.0086,22:08:58,717998465226,104803,100,24039,255,40
1784729338.2086,22:08:58,717998488145,104803,100,24039,255,40
1784729338.4086,22:08:58,717998512204,104803,100,24039,255,40
1784729338.6086,22:08:58,717998537204,111808,100,24039,315,40
1784729338.8086,22:08:58,717998563271,111808,100,24039,315,40
1784729339.0086,22:08:59,717998589367,124554,100,24039,360,41
1784729339.2086,22:08:59,717998615361,124554,100,24039,360,41
1784729339.4086,22:08:59,717998641442,124554,100,24039,360,41
1784729339.6086,22:08:59,717998666410,133394,100,24039,360,41
1784729339.8086,22:08:59,717998689793,133394,100,24039,360,41
1784729340.0086,22:09:00,717998713153,130549,100,24039,300,40
1784729340.2086,22:09:00,717998736850,130549,100,24039,300,40
1784729340.4086,22:09:00,717998759826,130549,100,24039,300,40
1784729340.6086,22:09:00,717998780475,124149,100,24039,210,40
1784729340.8087,22:09:00,717998802749,124149,100,24039,210,40
1784729341.0086,22:09:01,717998827015,118246,100,24039,210,40
1784729341.2086,22:09:01,717998851323,118246,100,24039,210,40
1784729341.4086,22:09:01,717998875596,118246,100,24039,210,40
1784729341.6086,22:09:01,717998899830,119981,100,24039,210,40
1784729341.8086,22:09:01,717998924097,119981,100,24039,210,40
1784729342.0086,22:09:02,717998942437,126430,100,24039,870,40
1784729342.2086,22:09:02,717998951403,126430,100,24039,870,40
1784729342.4086,22:09:02,717998960364,126430,100,24039,870,40
1784729342.6086,22:09:02,717998972012,91770,100,24039,2520,38
1784729342.8086,22:09:02,717998983935,91770,100,24039,2520,38
1784729343.0086,22:09:03,717998995831,62412,0,24039,2520,38
1784729343.2086,22:09:03,717999006239,62412,0,24039,2520,38
1784729343.4086,22:09:03,717999016675,62412,0,24039,2520,38
1784729343.6086,22:09:03,717999027089,62412,0,24039,2520,38
1784729343.8086,22:09:03,717999037499,62412,0,24039,2520,38
1784729344.0087,22:09:04,717999047937,61797,0,24039,2520,38
1784729344.2086,22:09:04,717999058319,61797,0,24039,2520,38
1784729344.4086,22:09:04,717999068705,61797,0,24039,2520,38
1784729344.6086,22:09:04,717999079093,61797,0,24039,2520,38
1784729344.8086,22:09:04,717999089487,61797,0,24039,2520,38
1784729345.0086,22:09:05,717999099877,61738,0,24039,2520,38
1784729345.2086,22:09:05,717999110302,61738,0,24039,2520,38
1784729345.4086,22:09:05,717999120708,61738,0,24039,2520,38
1784729345.6087,22:09:05,717999131138,61738,0,24039,2520,38
1784729345.8086,22:09:05,717999141555,61738,0,24039,2520,38
1784729346.0086,22:09:06,717999151959,61849,0,24039,2520,38
1784729346.2087,22:09:06,717999162319,61849,0,24039,2520,38
1784729346.4086,22:09:06,717999172700,61849,0,24039,2520,38
1784729346.6086,22:09:06,717999183088,61849,0,24039,2520,38
1784729346.8086,22:09:06,717999193466,61849,0,24039,2520,38
1784729347.0086,22:09:07,717999203891,61928,0,24039,2520,38
1784729347.2086,22:09:07,717999214263,61928,0,24039,2520,38
1784729347.4087,22:09:07,717999224629,61928,0,24039,2520,38
1784729347.6087,22:09:07,717999234981,61928,0,24039,2520,38
1784729347.8086,22:09:07,717999245312,61928,0,24039,2520,38
1784729348.0086,22:09:08,717999255675,61902,0,24039,2520,38
1784729348.2086,22:09:08,717999265985,61902,0,24039,2520,38
1784729348.4086,22:09:08,717999276298,61902,0,24039,2520,38
1784729348.6086,22:09:08,717999286620,61902,0,24039,2520,38
1784729348.8086,22:09:08,717999296974,61902,0,24039,2520,38
1784729349.0086,22:09:09,717999307345,61865,0,24039,2520,38
1784729349.2087,22:09:09,717999317703,61865,0,24039,2520,38
1784729349.4086,22:09:09,717999328058,61865,0,24039,2520,38
1784729349.6086,22:09:09,717999338404,61865,0,24039,2520,38
1784729349.8086,22:09:09,717999348691,61865,0,24039,2520,38
1784729350.0086,22:09:10,717999359003,61906,0,24039,2520,38
1784729350.2086,22:09:10,717999369281,61906,0,24039,2520,38
1784729350.4086,22:09:10,717999379555,61906,0,24039,2520,38
1784729350.6086,22:09:10,717999389797,61906,0,24039,2520,38
1784729350.8086,22:09:10,717999400033,61906,0,24039,2520,38
1784729351.0086,22:09:11,717999410307,61837,0,24039,2520,38
1784729351.2086,22:09:11,717999420542,61837,0,24039,2520,38
1784729351.4087,22:09:11,717999430783,61837,0,24039,2520,38
1784729351.6086,22:09:11,717999441000,61837,0,24039,2520,38
1784729351.8087,22:09:11,717999451218,61837,0,24039,2520,38
1784729352.0087,22:09:12,717999461454,61659,0,24039,2520,38
1784729352.2087,22:09:12,717999471645,61659,0,24039,2520,38
1784729352.4086,22:09:12,717999481838,61659,0,24039,2520,38
1784729352.6086,22:09:12,717999492017,61659,0,24039,2520,38
1784729352.8086,22:09:12,717999502220,61659,0,24039,2520,38
1784729353.0087,22:09:13,717999512432,61589,0,24039,2520,38
1784729353.2086,22:09:13,717999522637,61589,0,24039,2520,38
1784729353.4086,22:09:13,717999532828,61589,0,24039,2520,38
1784729353.6087,22:09:13,717999543018,61589,0,24039,2520,38
1784729353.8087,22:09:13,717999553182,61589,0,24039,2520,38
1784729354.0087,22:09:14,717999563362,61588,0,24039,2520,38
1784729354.2087,22:09:14,717999573522,61588,0,24039,2520,38
1784729354.4086,22:09:14,717999583677,61588,0,24039,2520,38
1784729354.6087,22:09:14,717999593843,61588,0,24039,2520,38
1784729354.8087,22:09:14,717999604007,61588,0,24039,2520,38
1784729355.0086,22:09:15,717999614184,61608,0,24039,2520,38
1784729355.2087,22:09:15,717999624368,61608,0,24039,2520,38
1784729355.4087,22:09:15,717999634514,61608,0,24039,2520,38
1784729355.6087,22:09:15,717999644641,61608,0,24039,2520,38
1784729355.8087,22:09:15,717999654763,61608,0,24039,2520,38
1784729356.0087,22:09:16,717999664867,61606,0,24039,2520,37
1784729356.2087,22:09:16,717999674974,61606,0,24039,2520,37
1784729356.4087,22:09:16,717999685076,61606,0,24039,2520,37
1784729356.6086,22:09:16,717999695195,61606,0,24039,2520,37
1784729356.8086,22:09:16,717999726274,61606,0,24039,2520,37
1784729357.0087,22:09:17,717999807439,89115,100,24039,2565,55
1784729357.2087,22:09:17,717999897521,89115,100,24039,2565,55
1784729357.4087,22:09:17,717999988073,89115,100,24039,2565,55
1784729357.6087,22:09:17,718000078071,238551,100,24039,2550,62
1784729357.8087,22:09:17,718000160126,238551,100,24039,2550,62
1784729358.0087,22:09:18,718000240720,462735,100,24039,2475,60
1784729358.2086,22:09:18,718000312991,462735,100,24039,2475,60
1784729358.4087,22:09:18,718000373490,462735,100,24039,2475,60
1784729358.6087,22:09:18,718000436523,419672,100,24039,2685,51
1784729358.8087,22:09:18,718000498711,419672,100,24039,2685,51
1784729359.0086,22:09:19,718000560757,361588,100,24039,2685,51
1784729359.2086,22:09:19,718000622829,361588,100,24039,2685,51
1784729359.4086,22:09:19,718000685110,361588,100,24039,2685,51
1784729359.6086,22:09:19,718000747275,337817,100,24039,2685,51
1784729359.8087,22:09:19,718000809227,337817,100,24039,2685,51
1784729360.0086,22:09:20,718000871253,336156,100,24039,2685,51
1784729360.2087,22:09:20,718000931962,336156,100,24039,2685,51
1784729360.4086,22:09:20,718000991630,336156,100,24039,2685,51
1784729360.6086,22:09:20,718001049756,332146,100,24039,2610,50
1784729360.8086,22:09:20,718001105266,332146,100,24039,2610,50
1784729361.0087,22:09:21,718001157363,317046,100,24039,2460,48
1784729361.2086,22:09:21,718001206455,317046,100,24039,2460,48
1784729361.4087,22:09:21,718001252194,317046,100,24039,2460,48
1784729361.6086,22:09:21,718001295518,285608,100,24039,1740,46
1784729361.8086,22:09:21,718001335168,285608,100,24039,1740,46
1784729362.0086,22:09:22,718001369267,243909,100,24039,645,44
1784729362.2087,22:09:22,718001398356,243909,100,24039,645,44
1784729362.4087,22:09:22,718001422126,243909,100,24039,645,44
1784729362.6087,22:09:22,718001442901,189799,100,24039,300,42
1784729362.8087,22:09:22,718001462895,189799,100,24039,300,42
1784729363.0087,22:09:23,718001483124,135360,100,24039,330,41
1784729363.2087,22:09:23,718001505740,135360,100,24039,330,41
1784729363.4087,22:09:23,718001529661,135360,100,24039,330,41
1784729363.6087,22:09:23,718001555266,116947,100,24039,435,42
1784729363.8087,22:09:23,718001582776,116947,100,24039,435,42
1784729364.0087,22:09:24,718001611940,132302,100,24039,615,42
1784729364.2087,22:09:24,718001642430,132302,100,24039,615,42
1784729364.4087,22:09:24,718001673117,132302,100,24039,615,42
1784729364.6086,22:09:24,718001704872,153756,100,24039,675,43
1784729364.8087,22:09:24,718001736645,153756,100,24039,675,43
1784729365.0087,22:09:25,718001768281,167669,100,24039,675,43
1784729365.2087,22:09:25,718001800255,167669,100,24039,675,43
1784729365.4087,22:09:25,718001831733,167669,100,24039,675,43
1784729365.6087,22:09:25,718001861423,172263,100,24039,615,43
1784729365.8087,22:09:25,718001889523,172263,100,24039,615,43
1784729366.0086,22:09:26,718001915573,164474,100,24039,420,42
1784729366.2086,22:09:26,718001939638,164474,100,24039,420,42
1784729366.4086,22:09:26,718001963721,164474,100,24039,420,42
1784729366.6087,22:09:26,718001987903,145855,100,24039,405,41
1784729366.8087,22:09:26,718002012144,145855,100,24039,405,41
1784729367.0086,22:09:27,718002037757,134207,100,24039,450,42
1784729367.2087,22:09:27,718002063336,134207,100,24039,450,42
1784729367.4087,22:09:27,718002089353,134207,100,24039,450,42
1784729367.6086,22:09:27,718002115266,136573,100,24039,465,42
1784729367.8087,22:09:27,718002141266,136573,100,24039,465,42
1784729368.0087,22:09:28,718002167130,141036,100,24039,465,42
1784729368.2087,22:09:28,718002194457,141036,100,24039,465,42
1784729368.4087,22:09:28,718002221934,141036,100,24039,465,42
1784729368.6087,22:09:28,718002250147,144851,100,24039,555,42
1784729368.8087,22:09:28,718002278615,144851,100,24039,555,42
1784729369.0087,22:09:29,718002305341,150285,100,24039,480,42
1784729369.2087,22:09:29,718002330050,150285,100,24039,480,42
1784729369.4086,22:09:29,718002353202,150285,100,24039,480,42
1784729369.6087,22:09:29,718002376276,144463,100,24039,375,41
1784729369.8086,22:09:29,718002399297,144463,100,24039,375,41
1784729370.0087,22:09:30,718002422047,131659,100,24039,360,41
1784729370.2087,22:09:30,718002445019,131659,100,24039,360,41
1784729370.4087,22:09:30,718002467921,131659,100,24039,360,41
1784729370.6087,22:09:30,718002490954,126065,100,24039,375,41
1784729370.8087,22:09:30,718002514053,126065,100,24039,375,41
1784729371.0087,22:09:31,718002537035,126022,100,24039,375,41
1784729371.2086,22:09:31,718002560065,126022,100,24039,375,41
1784729371.4087,22:09:31,718002582979,126022,100,24039,375,41
1784729371.6086,22:09:31,718002605888,126412,100,24039,375,41
1784729371.8086,22:09:31,718002628865,126412,100,24039,375,41
1784729372.0087,22:09:32,718002651862,126442,100,24039,375,41
1784729372.2087,22:09:32,718002674796,126442,100,24039,375,41
1784729372.4087,22:09:32,718002697776,126442,100,24039,375,41
1784729372.6087,22:09:32,718002720724,126419,100,24039,375,41
1784729372.8087,22:09:32,718002743534,126419,100,24039,375,41
1784729373.0086,22:09:33,718002766476,126525,100,24039,375,41
1784729373.2086,22:09:33,718002789889,126525,100,24039,375,41
1784729373.4087,22:09:33,718002814179,126525,100,24039,375,41
1784729373.6087,22:09:33,718002839933,128504,100,24039,390,41
1784729373.8086,22:09:33,718002864457,128504,100,24039,390,41
1784729374.0087,22:09:34,718002886879,133138,100,24039,270,41
1784729374.2086,22:09:34,718002907927,133138,100,24039,270,41
1784729374.4086,22:09:34,718002929033,133138,100,24039,270,41
1784729374.6087,22:09:34,718002950160,127711,100,24039,270,40
1784729374.8087,22:09:34,718002971241,127711,100,24039,270,40
1784729375.0087,22:09:35,718002992338,118060,100,24039,270,40
1784729375.2087,22:09:35,718003013393,118060,100,24039,270,40
1784729375.4087,22:09:35,718003034402,118060,100,24039,270,40
1784729375.6087,22:09:35,718003055413,116811,100,24039,270,40
1784729375.8087,22:09:35,718003076309,116811,100,24039,270,40
1784729376.0087,22:09:36,718003097257,116636,100,24039,270,40
1784729376.2087,22:09:36,718003118166,116636,100,24039,270,40
1784729376.4087,22:09:36,718003139011,116636,100,24039,270,40
1784729376.6087,22:09:36,718003159901,116287,100,24039,270,40
1784729376.8087,22:09:36,718003182470,116287,100,24039,270,40
1784729377.0087,22:09:37,718003205061,115977,100,24039,270,40
1784729377.2087,22:09:37,718003228909,115977,100,24039,270,40
1784729377.4087,22:09:37,718003253357,115977,100,24039,270,40
1784729377.6087,22:09:37,718003278077,118828,100,24039,315,40
1784729377.8087,22:09:37,718003302708,118828,100,24039,315,40
1784729378.0087,22:09:38,718003327362,123772,100,24039,315,40
1784729378.2086,22:09:38,718003352027,123772,100,24039,315,40
1784729378.4087,22:09:38,718003376632,123772,100,24039,315,40
1784729378.6086,22:09:38,718003401264,126552,100,24039,315,40
1784729378.8086,22:09:38,718003425885,126552,100,24039,315,40
1784729379.0086,22:09:39,718003450493,126368,100,24039,315,40
1784729379.2086,22:09:39,718003475172,126368,100,24039,315,40
1784729379.4087,22:09:39,718003499773,126368,100,24039,315,40
1784729379.6087,22:09:39,718003524387,126336,100,24039,315,40
1784729379.8086,22:09:39,718003549126,126336,100,24039,315,40
1784729380.0086,22:09:40,718003573745,126471,100,24039,315,40
1784729380.2087,22:09:40,718003598372,126471,100,24039,315,40
1784729380.4086,22:09:40,718003623342,126471,100,24039,315,40
1784729380.6086,22:09:40,718003648205,126673,100,24039,330,40
1784729380.8087,22:09:40,718003672999,126673,100,24039,330,40
1784729381.0087,22:09:41,718003697822,127066,100,24039,330,40
1784729381.2086,22:09:41,718003721477,127066,100,24039,330,40
1784729381.4086,22:09:41,718003743122,127066,100,24039,330,40
1784729381.6086,22:09:41,718003763375,123352,100,24039,210,40
1784729381.8087,22:09:41,718003783996,123352,100,24039,210,40
1784729382.0086,22:09:42,718003805653,113635,100,24039,240,40
1784729382.2086,22:09:42,718003827680,113635,100,24039,240,40
1784729382.4086,22:09:42,718003850058,113635,100,24039,240,40
1784729382.6087,22:09:42,718003873872,109562,100,24039,300,40
1784729382.8086,22:09:42,718003899426,109562,100,24039,300,40
1784729383.0087,22:09:43,718003924965,119613,100,24039,225,40
1784729383.2086,22:09:43,718003950036,119613,100,24039,225,40
1784729383.4087,22:09:43,718003975527,119613,100,24039,225,40
1784729383.6087,22:09:43,718004000625,127540,100,24039,225,40
1784729383.8086,22:09:43,718004025257,127540,100,24039,225,40
1784729384.0087,22:09:44,718004048316,128910,100,24039,210,40
1784729384.2087,22:09:44,718004059726,128910,100,24039,210,40
1784729384.4087,22:09:44,718004071908,128910,100,24039,210,40
1784729384.6086,22:09:44,718004084076,100907,100,24039,2520,39
1784729384.8086,22:09:44,718004096223,100907,100,24039,2520,39
1784729385.0087,22:09:45,718004108382,71037,0,24039,2520,39
1784729385.2087,22:09:45,718004117958,71037,0,24039,2520,39
1784729385.4087,22:09:45,718004127496,71037,0,24039,2520,39
1784729385.6087,22:09:45,718004137039,71037,0,24039,2520,39
1784729385.8086,22:09:45,718004146565,71037,0,24039,2520,39
1784729386.0086,22:09:46,718004156119,61891,0,24039,2520,38
1784729386.2087,22:09:46,718004165651,61891,0,24039,2520,38
1784729386.4087,22:09:46,718004175179,61891,0,24039,2520,38
1784729386.6087,22:09:46,718004184702,61891,0,24039,2520,38
1784729386.8087,22:09:46,718004194227,61891,0,24039,2520,38
1784729387.0086,22:09:47,718004203765,61853,0,24039,2520,38
1784729387.2087,22:09:47,718004213276,61853,0,24039,2520,38
1784729387.4087,22:09:47,718004222777,61853,0,24039,2520,38
1784729387.6087,22:09:47,718004232283,61853,0,24039,2520,38
1784729387.8087,22:09:47,718004241767,61853,0,24039,2520,38
1784729388.0087,22:09:48,718004251273,61852,0,24039,2520,38
1784729388.2087,22:09:48,718004260760,61852,0,24039,2520,38
1784729388.4087,22:09:48,718004270255,61852,0,24039,2520,38
1784729388.6087,22:09:48,718004279739,61852,0,24039,2520,38
1784729388.8087,22:09:48,718004289267,61852,0,24039,2520,38
1784729389.0087,22:09:49,718004298796,61901,0,24039,2520,38
1784729389.2087,22:09:49,718004308289,61901,0,24039,2520,38
1784729389.4087,22:09:49,718004317779,61901,0,24039,2520,38
1784729389.6087,22:09:49,718004327262,61901,0,24039,2520,38
1784729389.8087,22:09:49,718004336732,61901,0,24039,2520,38
1784729390.0087,22:09:50,718004346218,61970,0,24039,2520,38
1784729390.2087,22:09:50,718004355689,61970,0,24039,2520,38
1784729390.4087,22:09:50,718004365153,61970,0,24039,2520,38
1784729390.6087,22:09:50,718004374611,61970,0,24039,2520,38
1784729390.8087,22:09:50,718004384045,61970,0,24039,2520,38
1784729391.0087,22:09:51,718004393474,61948,0,24039,2520,38
1784729391.2087,22:09:51,718004402890,61948,0,24039,2520,38
1784729391.4087,22:09:51,718004412302,61948,0,24039,2520,38
1784729391.6087,22:09:51,718004421702,61948,0,24039,2520,38
1784729391.8087,22:09:51,718004431101,61948,0,24039,2520,38
1784729392.0087,22:09:52,718004440507,61833,0,24039,2520,38
1784729392.2087,22:09:52,718004449889,61833,0,24039,2520,38
1784729392.4087,22:09:52,718004459267,61833,0,24039,2520,38
1784729392.6087,22:09:52,718004468652,61833,0,24039,2520,38
1784729392.8087,22:09:52,718004478044,61833,0,24039,2520,38
1784729393.0087,22:09:53,718004487436,61744,0,24039,2520,38
1784729393.2087,22:09:53,718004496829,61744,0,24039,2520,38
1784729393.4087,22:09:53,718004506191,61744,0,24039,2520,38
1784729393.6087,22:09:53,718004515540,61744,0,24039,2520,38
1784729393.8087,22:09:53,718004524894,61744,0,24039,2520,38
1784729394.0087,22:09:54,718004534259,61751,0,24039,2520,38
1784729394.2087,22:09:54,718004543614,61751,0,24039,2520,38
1784729394.4087,22:09:54,718004552968,61751,0,24039,2520,38
1784729394.6087,22:09:54,718004562323,61751,0,24039,2520,38
1784729394.8087,22:09:54,718004571663,61751,0,24039,2520,38
1784729395.0087,22:09:55,718004581011,61783,0,24039,2520,38
1784729395.2087,22:09:55,718004590384,61783,0,24039,2520,38
1784729395.4087,22:09:55,718004599710,61783,0,24039,2520,38
1784729395.6087,22:09:55,718004609047,61783,0,24039,2520,38
1784729395.8087,22:09:55,718004618382,61783,0,24039,2520,38
1784729396.0087,22:09:56,718004627723,61838,0,24039,2520,37
1784729396.2087,22:09:56,718004637024,61838,0,24039,2520,37
1784729396.4087,22:09:56,718004646322,61838,0,24039,2520,37
1784729396.6087,22:09:56,718004655604,61838,0,24039,2520,37
1784729396.8087,22:09:56,718004664885,61838,0,24039,2520,37
1784729397.0087,22:09:57,718004674177,61778,0,24039,2520,37
1784729397.2087,22:09:57,718004683473,61778,0,24039,2520,37
1784729397.4087,22:09:57,718004692759,61778,0,24039,2520,37
1784729397.6087,22:09:57,718004702026,61778,0,24039,2520,37
1784729397.8087,22:09:57,718004711301,61778,0,24039,2520,37
1784729398.0087,22:09:58,718004720587,61719,0,24039,2520,37
1784729398.2087,22:09:58,718004729842,61719,0,24039,2520,37
1784729398.4087,22:09:58,718004739097,61719,0,24039,2520,37
1784729398.6087,22:09:58,718004748353,61719,0,24039,2520,37
1784729398.8087,22:09:58,718004757571,61719,0,24039,2520,37
1784729399.0087,22:09:59,718004766811,61720,0,24039,2520,37
1784729399.2087,22:09:59,718004776044,61720,0,24039,2520,37
1784729399.4087,22:09:59,718004817875,61720,0,24039,2520,37
1784729399.6087,22:09:59,718004893780,84341,0,24039,2520,44
1784729399.8087,22:09:59,718004984735,84341,0,24039,2520,44
1784729400.0087,22:10:00,718005077263,176331,100,24039,2550,62
1784729400.2087,22:10:00,718005169590,176331,100,24039,2550,62
1784729400.4087,22:10:00,718005256382,176331,100,24039,2550,62
1784729400.6087,22:10:00,718005339858,443715,100,24039,2475,61
1784729400.8087,22:10:00,718005423097,443715,100,24039,2475,61
1784729401.0087,22:10:01,718005509240,455545,100,24039,2535,60
1784729401.2087,22:10:01,718005600386,455545,100,24039,2535,60
1784729401.4087,22:10:01,718005686000,455545,100,24039,2535,60
1784729401.6087,22:10:01,718005770220,447412,100,24039,2490,61
1784729401.8087,22:10:01,718005853835,447412,100,24039,2490,61
1784729402.0087,22:10:02,718005939923,449391,100,24039,2550,61
1784729402.2087,22:10:02,718006029716,449391,100,24039,2550,61
1784729402.4087,22:10:02,718006115104,449391,100,24039,2550,61
1784729402.6087,22:10:02,718006199549,448215,100,24039,2505,60
1784729402.8087,22:10:02,718006282629,448215,100,24039,2505,60
1784729403.0087,22:10:03,718006367597,447648,100,24039,2640,59
1784729403.2087,22:10:03,718006456697,447648,100,24039,2640,59
1784729403.4087,22:10:03,718006541314,447648,100,24039,2640,59
1784729403.6087,22:10:03,718006625390,446639,100,24039,2595,60
1784729403.8087,22:10:03,718006709791,446639,100,24039,2595,60
1784729404.0087,22:10:04,718006794879,448202,100,24039,2655,59
1784729404.2087,22:10:04,718006883318,448202,100,24039,2655,59
1784729404.4087,22:10:04,718006968795,448202,100,24039,2655,59
1784729404.6087,22:10:04,718007053928,447403,100,24039,2655,59
1784729404.8087,22:10:04,718007137536,447403,100,24039,2655,59
1784729405.0087,22:10:05,718007221215,448035,100,24039,2565,58
1784729405.2087,22:10:05,718007305709,448035,100,24039,2565,58
1784729405.4087,22:10:05,718007393867,448035,100,24039,2565,58
1784729405.6087,22:10:05,718007479009,447154,100,24039,2580,61
1784729405.8087,22:10:05,718007564760,447154,100,24039,2580,61
1784729406.0087,22:10:06,718007646361,447364,100,24039,2595,58
1784729406.2087,22:10:06,718007730817,447364,100,24039,2595,58
1784729406.4087,22:10:06,718007816092,447364,100,24039,2595,58
1784729406.6087,22:10:06,718007900792,445858,100,24039,2655,60
1784729406.8087,22:10:06,718007982645,445858,100,24039,2655,60
1784729407.0087,22:10:07,718008065348,442243,100,24039,2505,59
1784729407.2087,22:10:07,718008141904,442243,100,24039,2505,59
1784729407.4087,22:10:07,718008217471,442243,100,24039,2505,59
1784729407.6087,22:10:07,718008295072,427239,100,24039,2550,59
1784729407.8087,22:10:07,718008370075,427239,100,24039,2550,59
1784729408.0087,22:10:08,718008446180,409053,100,24039,2475,59
1784729408.2087,22:10:08,718008527803,409053,100,24039,2475,59
1784729408.4087,22:10:08,718008603692,409053,100,24039,2475,59
1784729408.6087,22:10:08,718008668609,410242,100,24039,2085,57
1784729408.8087,22:10:08,718008722472,410242,100,24039,2085,57
1784729409.0087,22:10:09,718008778352,364677,100,24039,1845,53
1784729409.2087,22:10:09,718008833289,364677,100,24039,1845,53
1784729409.4087,22:10:09,718008880297,364677,100,24039,1845,53
1784729409.6087,22:10:09,718008934364,300012,100,24039,1665,52
1784729409.8087,22:10:09,718008983215,300012,100,24039,1665,52
1784729410.0087,22:10:10,718009034206,275422,100,24039,1560,51
1784729410.2087,22:10:10,718009083954,275422,100,24039,1560,51
1784729410.4087,22:10:10,718009128342,275422,100,24039,1560,51
1784729410.6087,22:10:10,718009177538,263050,100,24039,1515,51
1784729410.8087,22:10:10,718009222840,263050,100,24039,1515,51
1784729411.0087,22:10:11,718009273404,258190,100,24039,1620,51
1784729411.2087,22:10:11,718009317933,258190,100,24039,1620,51
1784729411.4087,22:10:11,718009368486,258190,100,24039,1620,51
1784729411.6087,22:10:11,718009413645,254357,100,24039,1485,51
1784729411.8087,22:10:11,718009457173,254357,100,24039,1485,51
1784729412.0087,22:10:12,718009496362,245234,100,24039,1200,50
1784729412.2087,22:10:12,718009534149,245234,100,24039,1200,50
1784729412.4087,22:10:12,718009575333,245234,100,24039,1200,50
1784729412.6087,22:10:12,718009618550,222682,100,24039,1245,49
1784729412.8087,22:10:12,718009661150,222682,100,24039,1245,49
1784729413.0087,22:10:13,718009705890,221050,100,24039,1455,50
1784729413.2087,22:10:13,718009750045,221050,100,24039,1455,50
1784729413.4087,22:10:13,718009795050,221050,100,24039,1455,50
1784729413.6087,22:10:13,718009831839,235248,100,24039,1230,49
1784729413.8087,22:10:13,718009868028,235248,100,24039,1230,49
1784729414.0087,22:10:14,718009907431,221398,100,24039,1155,48
1784729414.2087,22:10:14,718009946913,221398,100,24039,1155,48
1784729414.4087,22:10:14,718009984810,221398,100,24039,1155,48
1784729414.6087,22:10:14,718010024132,207802,100,24039,990,48
1784729414.8087,22:10:14,718010055607,207802,100,24039,990,48
1784729415.0087,22:10:15,718010089130,199004,100,24039,750,47
1784729415.2087,22:10:15,718010117952,199004,100,24039,750,47
1784729415.4087,22:10:15,718010150128,199004,100,24039,750,47
1784729415.6087,22:10:15,718010181485,179540,100,24039,840,47
1784729415.8087,22:10:15,718010213545,179540,100,24039,840,47
1784729416.0087,22:10:16,718010250568,172384,100,24039,915,47
1784729416.2087,22:10:16,718010283200,172384,100,24039,915,47
1784729416.4087,22:10:16,718010320355,172384,100,24039,915,47
1784729416.6087,22:10:16,718010357920,181802,100,24039,975,48
1784729416.8087,22:10:16,718010392901,181802,100,24039,975,48
1784729417.0087,22:10:17,718010429513,191841,100,24039,1035,48
1784729417.2087,22:10:17,718010470494,191841,100,24039,1035,48
1784729417.4087,22:10:17,718010508559,191841,100,24039,1035,48
1784729417.6087,22:10:17,718010543744,204244,100,24039,975,47
1784729417.8087,22:10:17,718010575766,204244,100,24039,975,47
1784729418.0087,22:10:18,718010614595,197946,100,24039,915,47
1784729418.2087,22:10:18,718010653274,197946,100,24039,915,47
1784729418.4087,22:10:18,718010685607,197946,100,24039,915,47
1784729418.6087,22:10:18,718010718603,190067,100,24039,1035,47
1784729418.8087,22:10:18,718010754424,190067,100,24039,1035,47
1784729419.0087,22:10:19,718010789721,192964,100,24039,915,47
1784729419.2087,22:10:19,718010826877,192964,100,24039,915,47
1784729419.4087,22:10:19,718010859923,192964,100,24039,915,47
1784729419.6087,22:10:19,718010892848,187785,100,24039,945,47
1784729419.8087,22:10:19,718010928627,187785,100,24039,945,47
1784729420.0087,22:10:20,718010961778,186200,100,24039,960,47
1784729420.2087,22:10:20,718010995048,186200,100,24039,960,47
1784729420.4087,22:10:20,718011031053,186200,100,24039,960,47
1784729420.6087,22:10:20,718011068738,186026,100,24039,960,47
1784729420.8087,22:10:20,718011103558,186026,100,24039,960,47
1784729421.0087,22:10:21,718011141892,193524,100,24039,1035,47
1784729421.2087,22:10:21,718011176401,193524,100,24039,1035,47
1784729421.4087,22:10:21,718011214877,193524,100,24039,1035,47
1784729421.6087,22:10:21,718011245507,201097,100,24039,825,47
1784729421.8087,22:10:21,718011275434,201097,100,24039,825,47
1784729422.0087,22:10:22,718011303387,182644,100,24039,840,46
1784729422.2087,22:10:22,718011336875,182644,100,24039,840,46
1784729422.4087,22:10:22,718011371126,182644,100,24039,840,46
1784729422.6087,22:10:22,718011399619,172244,100,24039,855,46
1784729422.8087,22:10:22,718011424326,172244,100,24039,855,46
1784729423.0087,22:10:23,718011453542,161253,100,24039,600,45
1784729423.2087,22:10:23,718011479379,161253,100,24039,600,45
1784729423.4087,22:10:23,718011505799,161253,100,24039,600,45
1784729423.6087,22:10:23,718011531217,149068,100,24039,735,45
1784729423.8087,22:10:23,718011562690,149068,100,24039,735,45
1784729424.0087,22:10:24,718011591908,152291,100,24039,855,45
1784729424.2087,22:10:24,718011624537,152291,100,24039,855,45
1784729424.4087,22:10:24,718011655865,152291,100,24039,855,45
1784729424.6087,22:10:24,718011686515,162963,100,24039,960,46
1784729424.8087,22:10:24,718011718329,162963,100,24039,960,46
1784729425.0087,22:10:25,718011751380,172026,100,24039,975,46
1784729425.2087,22:10:25,718011784710,172026,100,24039,975,46
1784729425.4087,22:10:25,718011814812,172026,100,24039,975,46
1784729425.6087,22:10:25,718011846604,173582,100,24039,795,46
1784729425.8087,22:10:25,718011877963,173582,100,24039,795,46
1784729426.0087,22:10:26,718011910713,177555,100,24039,825,46
1784729426.2087,22:10:26,718011941862,177555,100,24039,825,46
1784729426.4087,22:10:26,718011974194,177555,100,24039,825,46
1784729426.6087,22:10:26,718011999711,173072,100,24039,705,45
1784729426.8087,22:10:26,718012028031,173072,100,24039,705,45
1784729427.0087,22:10:27,718012054600,162359,100,24039,825,45
1784729427.2087,22:10:27,718012087189,162359,100,24039,825,45
1784729427.4087,22:10:27,718012116956,162359,100,24039,825,45
1784729427.6087,22:10:27,718012148246,158302,100,24039,720,45
1784729427.8087,22:10:27,718012175790,158302,100,24039,720,45
1784729428.0087,22:10:28,718012203190,161322,100,24039,825,45
1784729428.2087,22:10:28,718012235368,161322,100,24039,825,45
1784729428.4087,22:10:28,718012267500,161322,100,24039,825,45
1784729428.6087,22:10:28,718012297659,164091,100,24039,885,45
1784729428.8087,22:10:28,718012328388,164091,100,24039,885,45
1784729429.0087,22:10:29,718012359870,167632,100,24039,900,46
1784729429.2087,22:10:29,718012394668,167632,100,24039,900,46
1784729429.4087,22:10:29,718012429089,167632,100,24039,900,46
1784729429.6087,22:10:29,718012461627,178415,100,24039,810,46
1784729429.8087,22:10:29,718012495398,178415,100,24039,810,46
1784729430.0087,22:10:30,718012527494,183289,100,24039,705,45
1784729430.2087,22:10:30,718012552440,183289,100,24039,705,45
1784729430.4087,22:10:30,718012577089,183289,100,24039,705,45
1784729430.6087,22:10:30,718012605491,165916,100,24039,765,45
1784729430.8087,22:10:30,718012632933,165916,100,24039,765,45
1784729431.0087,22:10:31,718012660420,152387,100,24039,840,45
1784729431.2087,22:10:31,718012692069,152387,100,24039,840,45
1784729431.4087,22:10:31,718012723715,152387,100,24039,840,45
1784729431.6087,22:10:31,718012754741,160379,100,24039,945,46
1784729431.8087,22:10:31,718012786060,160379,100,24039,945,46
1784729432.0087,22:10:32,718012822005,174410,100,24039,1065,46
1784729432.2087,22:10:32,718012856463,174410,100,24039,1065,46
1784729432.4087,22:10:32,718012889448,174410,100,24039,1065,46
1784729432.6087,22:10:32,718012923939,183192,100,24039,1050,47
1784729432.8087,22:10:32,718012959823,183192,100,24039,1050,47
1784729433.0087,22:10:33,718012996504,192897,100,24039,1140,47
1784729433.2087,22:10:33,718013033769,192897,100,24039,1140,47
1784729433.4087,22:10:33,718013071205,192897,100,24039,1140,47
1784729433.6087,22:10:33,718013109228,199638,100,24039,1215,48
1784729433.8087,22:10:33,718013149187,199638,100,24039,1215,48
1784729434.0087,22:10:34,718013196423,215847,100,24039,1305,49
1784729434.2087,22:10:34,718013244117,215847,100,24039,1305,49
1784729434.4087,22:10:34,718013289941,215847,100,24039,1305,49
1784729434.6087,22:10:34,718013331524,239856,100,24039,1110,48
1784729434.8087,22:10:34,718013369704,239856,100,24039,1110,48
1784729435.0087,22:10:35,718013406765,239035,100,24039,810,46
1784729435.2087,22:10:35,718013438567,239035,100,24039,810,46
1784729435.4087,22:10:35,718013465679,239035,100,24039,810,46
1784729435.6087,22:10:35,718013488837,191891,100,24039,330,44
1784729435.8087,22:10:35,718013506855,191891,100,24039,330,44
1784729436.0087,22:10:36,718013524529,135480,100,24039,210,42
1784729436.2087,22:10:36,718013542133,135480,100,24039,210,42
1784729436.4087,22:10:36,718013559864,135480,100,24039,210,42
1784729436.6087,22:10:36,718013578901,100394,100,24039,255,41
1784729436.8087,22:10:36,718013599585,100394,100,24039,255,41
1784729437.0087,22:10:37,718013622003,96974,100,24039,360,42
1784729437.2087,22:10:37,718013645767,96974,100,24039,360,42
1784729437.4087,22:10:37,718013670974,96974,100,24039,360,42
1784729437.6087,22:10:37,718013696920,112288,100,24039,480,43
1784729437.8087,22:10:37,718013723736,112288,100,24039,480,43
1784729438.0087,22:10:38,718013752085,129104,100,24039,585,43
1784729438.2087,22:10:38,718013781038,129104,100,24039,585,43
1784729438.4087,22:10:38,718013810862,129104,100,24039,585,43
1784729438.6087,22:10:38,718013841126,142692,100,24039,630,44
1784729438.8087,22:10:38,718013871478,142692,100,24039,630,44
1784729439.0087,22:10:39,718013901858,152060,100,24039,645,44
1784729439.2087,22:10:39,718013931322,152060,100,24039,645,44
1784729439.4087,22:10:39,718013959565,152060,100,24039,645,44
1784729439.6087,22:10:39,718013988013,152880,100,24039,570,43
1784729439.8087,22:10:39,718014015434,152880,100,24039,570,43
1784729440.0087,22:10:40,718014041298,146200,100,24039,495,43
1784729440.2087,22:10:40,718014067276,146200,100,24039,495,43
1784729440.4087,22:10:40,718014093309,146200,100,24039,495,43
1784729440.6087,22:10:40,718014119339,137782,100,24039,495,43
1784729440.8087,22:10:40,718014145411,137782,100,24039,495,43
1784729441.0087,22:10:41,718014171352,133339,100,24039,495,43
1784729441.2087,22:10:41,718014197383,133339,100,24039,495,43
1784729441.4087,22:10:41,718014223730,133339,100,24039,495,43
1784729441.6087,22:10:41,718014251175,133854,100,24039,540,43
1784729441.8087,22:10:41,718014278881,133854,100,24039,540,43
1784729442.0087,22:10:42,718014306643,137469,100,24039,555,43
1784729442.2087,22:10:42,718014334301,137469,100,24039,555,43
1784729442.4087,22:10:42,718014361907,137469,100,24039,555,43
1784729442.6087,22:10:42,718014389549,141211,100,24039,555,43
1784729442.8087,22:10:42,718014417097,141211,100,24039,555,43
1784729443.0087,22:10:43,718014444807,141749,100,24039,540,43
1784729443.2087,22:10:43,718014472344,141749,100,24039,540,43
1784729443.4087,22:10:43,718014498437,141749,100,24039,540,43
1784729443.6087,22:10:43,718014524516,140034,100,24039,495,43
1784729443.8087,22:10:43,718014550639,140034,100,24039,495,43
1784729444.0087,22:10:44,718014576657,136476,100,24039,495,43
1784729444.2087,22:10:44,718014604984,136476,100,24039,495,43
1784729444.4087,22:10:44,718014633287,136476,100,24039,495,43
1784729444.6087,22:10:44,718014661424,137942,100,24039,465,43
1784729444.8087,22:10:44,718014689665,137942,100,24039,465,43
1784729445.0087,22:10:45,718014717866,142875,100,24039,480,42
1784729445.2087,22:10:45,718014744600,142875,100,24039,480,42
1784729445.4087,22:10:45,718014769362,142875,100,24039,480,42
1784729445.6087,22:10:45,718014792213,139973,100,24039,315,42
1784729445.8087,22:10:45,718014813102,139973,100,24039,315,42
1784729446.0087,22:10:46,718014833126,124210,100,24039,240,41
1784729446.2087,22:10:46,718014852887,124210,100,24039,240,41
1784729446.4087,22:10:46,718014873821,124210,100,24039,240,41
1784729446.6087,22:10:46,718014897066,108986,100,24039,315,41
1784729446.8087,22:10:46,718014921878,108986,100,24039,315,41
1784729447.0087,22:10:47,718014947338,113714,100,24039,375,42
1784729447.2087,22:10:47,718014972890,113714,100,24039,375,42
1784729447.4087,22:10:47,718014999449,113714,100,24039,375,42
1784729447.6087,22:10:47,718015026979,127478,100,24039,435,42
1784729447.8087,22:10:47,718015054190,127478,100,24039,435,42
1784729448.0087,22:10:48,718015081485,136304,100,24039,435,42
1784729448.2087,22:10:48,718015108130,136304,100,24039,435,42
1784729448.4087,22:10:48,718015133449,136304,100,24039,435,42
1784729448.6087,22:10:48,718015158011,137742,100,24039,375,42
1784729448.8087,22:10:48,718015180845,137742,100,24039,375,42
1784729449.0087,22:10:49,718015202055,128141,100,24039,255,41
1784729449.2087,22:10:49,718015223030,128141,100,24039,255,41
1784729449.4087,22:10:49,718015244487,128141,100,24039,255,41
1784729449.6087,22:10:49,718015267148,115502,100,24039,300,41
1784729449.8087,22:10:49,718015290594,115502,100,24039,300,41
1784729450.0087,22:10:50,718015315815,114480,100,24039,360,41
1784729450.2087,22:10:50,718015340901,114480,100,24039,360,41
1784729450.4087,22:10:50,718015365562,114480,100,24039,360,41
1784729450.6087,22:10:50,718015388424,123431,100,24039,300,41
1784729450.8087,22:10:50,718015411139,123431,100,24039,300,41
1784729451.0087,22:10:51,718015433998,123240,100,24039,315,41
1784729451.2087,22:10:51,718015457229,123240,100,24039,315,41
1784729451.4087,22:10:51,718015480335,123240,100,24039,315,41
1784729451.6087,22:10:51,718015501740,118699,100,24039,270,41
1784729451.8087,22:10:51,718015522859,118699,100,24039,270,41
1784729452.0087,22:10:52,718015543890,114460,100,24039,255,40
1784729452.2087,22:10:52,718015564947,114460,100,24039,255,40
1784729452.4087,22:10:52,718015586019,114460,100,24039,255,40
1784729452.6087,22:10:52,718015606973,109824,100,24039,255,40
1784729452.8087,22:10:52,718015629285,109824,100,24039,255,40
1784729453.0087,22:10:53,718015653827,111429,100,24039,375,41
1784729453.2087,22:10:53,718015678928,111429,100,24039,375,41
1784729453.4087,22:10:53,718015703915,111429,100,24039,375,41
1784729453.6087,22:10:53,718015728907,120909,100,24039,375,41
1784729453.8087,22:10:53,718015753861,120909,100,24039,375,41
1784729454.0087,22:10:54,718015778857,128967,100,24039,375,41
1784729454.2087,22:10:54,718015801935,128967,100,24039,375,41
1784729454.4087,22:10:54,718015824521,128967,100,24039,375,41
1784729454.6087,22:10:54,718015847138,125104,100,24039,300,41
1784729454.8087,22:10:54,718015869735,125104,100,24039,300,41
1784729455.0087,22:10:55,718015892397,119593,100,24039,300,41
1784729455.2087,22:10:55,718015915600,119593,100,24039,300,41
1784729455.4087,22:10:55,718015940429,119593,100,24039,300,41
1784729455.6087,22:10:55,718015966430,119947,100,24039,435,41
1784729455.8087,22:10:55,718015992243,119947,100,24039,435,41
1784729456.0087,22:10:56,718016018112,127806,100,24039,435,41
1784729456.2087,22:10:56,718016043044,127806,100,24039,435,41
1784729456.4087,22:10:56,718016066955,127806,100,24039,435,41
1784729456.6087,22:10:56,718016089940,131272,100,24039,345,41
1784729456.8087,22:10:56,718016111963,131272,100,24039,345,41
1784729457.0087,22:10:57,718016134093,123536,100,24039,330,41
1784729457.2087,22:10:57,718016156292,123536,100,24039,330,41
1784729457.4087,22:10:57,718016178385,123536,100,24039,330,41
1784729457.6087,22:10:57,718016200626,116599,100,24039,330,41
1784729457.8087,22:10:57,718016222836,116599,100,24039,330,41
1784729458.0087,22:10:58,718016245010,115308,100,24039,330,41
1784729458.2087,22:10:58,718016267488,115308,100,24039,330,41
1784729458.4087,22:10:58,718016291315,115308,100,24039,330,41
1784729458.6087,22:10:58,718016315323,117461,100,24039,375,41
1784729458.8087,22:10:58,718016341029,117461,100,24039,375,41
1784729459.0087,22:10:59,718016366740,124466,100,24039,420,41
1784729459.2087,22:10:59,718016392034,124466,100,24039,420,41
1784729459.4087,22:10:59,718016417748,124466,100,24039,420,41
1784729459.6087,22:10:59,718016443524,131375,100,24039,435,41
1784729459.8087,22:10:59,718016469286,131375,100,24039,435,41
1784729460.0087,22:11:00,718016495064,133998,100,24039,435,41
1784729460.2087,22:11:00,718016521159,133998,100,24039,435,41
1784729460.4087,22:11:00,718016547348,133998,100,24039,435,41
1784729460.6087,22:11:00,718016571367,135316,100,24039,375,41
1784729460.8087,22:11:00,718016593276,135316,100,24039,375,41
1784729461.0087,22:11:01,718016612702,126965,100,24039,240,40
1784729461.2087,22:11:01,718016632063,126965,100,24039,240,40
1784729461.4087,22:11:01,718016651332,126965,100,24039,240,40
1784729461.6087,22:11:01,718016670522,111228,100,24039,240,40
1784729461.8087,22:11:01,718016689262,111228,100,24039,240,40
1784729462.0087,22:11:02,718016709550,100958,100,24039,300,40
1784729462.2087,22:11:02,718016732080,100958,100,24039,300,40
1784729462.4087,22:11:02,718016755271,100958,100,24039,300,40
1784729462.6087,22:11:02,718016778502,108485,100,24039,360,40
1784729462.8087,22:11:02,718016801688,108485,100,24039,360,40
1784729463.0087,22:11:03,718016824720,118553,100,24039,345,40
1784729463.2087,22:11:03,718016847487,118553,100,24039,345,40
1784729463.4087,22:11:03,718016870642,118553,100,24039,345,40
1784729463.6087,22:11:03,718016893801,121363,100,24039,360,40
1784729463.8087,22:11:03,718016916763,121363,100,24039,360,40
1784729464.0087,22:11:04,718016939878,121128,100,24039,360,40
1784729464.2087,22:11:04,718016962880,121128,100,24039,360,40
1784729464.4087,22:11:04,718016985913,121128,100,24039,360,40
1784729464.6087,22:11:04,718017009202,121448,100,24039,375,40
1784729464.8087,22:11:04,718017032444,121448,100,24039,375,40
1784729465.0087,22:11:05,718017055552,121900,100,24039,360,40
1784729465.2087,22:11:05,718017078558,121900,100,24039,360,40
1784729465.4087,22:11:05,718017102328,121900,100,24039,360,40
1784729465.6087,22:11:05,718017126159,123101,100,24039,315,40
1784729465.8087,22:11:05,718017149723,123101,100,24039,315,40
1784729466.0087,22:11:06,718017173367,124210,100,24039,315,40
1784729466.2087,22:11:06,718017196231,124210,100,24039,315,40
1784729466.4087,22:11:06,718017216935,124210,100,24039,315,40
1784729466.6087,22:11:06,718017236524,119339,100,24039,210,40
1784729466.8087,22:11:06,718017256065,119339,100,24039,210,40
1784729467.0087,22:11:07,718017275584,109525,100,24039,210,40
1784729467.2087,22:11:07,718017295213,109525,100,24039,210,40
1784729467.4087,22:11:07,718017315365,109525,100,24039,210,40
1784729467.6087,22:11:07,718017335769,104529,100,24039,225,40
1784729467.8087,22:11:07,718017358453,104529,100,24039,225,40
1784729468.0087,22:11:08,718017382945,113046,100,24039,345,40
1784729468.2087,22:11:08,718017407521,113046,100,24039,345,40
1784729468.4087,22:11:08,718017431966,113046,100,24039,345,40
1784729468.6087,22:11:08,718017454871,123641,100,24039,300,40
1784729468.8087,22:11:08,718017477643,123641,100,24039,300,40
1784729469.0087,22:11:09,718017498286,123011,100,24039,240,40
1784729469.2087,22:11:09,718017518743,123011,100,24039,240,40
1784729469.4087,22:11:09,718017539262,123011,100,24039,240,40
1784729469.6087,22:11:09,718017559737,113414,100,24039,240,40
1784729469.8087,22:11:09,718017580290,113414,100,24039,240,40
1784729470.0087,22:11:10,718017602204,110424,100,24039,300,40
1784729470.2087,22:11:10,718017626304,110424,100,24039,300,40
1784729470.4087,22:11:10,718017650530,110424,100,24039,300,40
1784729470.6087,22:11:10,718017674862,119563,100,24039,345,40
1784729470.8087,22:11:10,718017697185,119563,100,24039,345,40
1784729471.0087,22:11:11,718017706063,111128,0,24039,210,39
1784729471.2087,22:11:11,718017714736,111128,0,24039,210,39
1784729471.4087,22:11:11,718017725147,111128,0,24039,210,39
1784729471.6087,22:11:11,718017736716,77719,0,24039,2520,38
1784729471.8087,22:11:11,718017748237,77719,0,24039,2520,38
1784729472.0087,22:11:12,718017755868,65143,0,24039,2520,38
1784729472.2087,22:11:12,718017763485,65143,0,24039,2520,38
1784729472.4087,22:11:12,718017771115,65143,0,24039,2520,38
1784729472.6087,22:11:12,718017778740,65143,0,24039,2520,38
1784729472.8087,22:11:12,718017786367,65143,0,24039,2520,38
1784729473.0087,22:11:13,718017793986,61116,0,24039,2520,38
1784729473.2087,22:11:13,718017801597,61116,0,24039,2520,38
1784729473.4087,22:11:13,718017809202,61116,0,24039,2520,38
1784729473.6087,22:11:13,718017816822,61116,0,24039,2520,38
1784729473.8087,22:11:13,718017824446,61116,0,24039,2520,38
1784729474.0087,22:11:14,718017832051,61106,0,24039,2520,38
1784729474.2087,22:11:14,718017839632,61106,0,24039,2520,38
