ts,iso,energy_mj,power_mw,util_gpu,mem_used_mib,sm_clock_mhz,temp_c
1784721272.3489,19:54:32,717395410151,13725,0,24039,210,34
1784721272.5490,19:54:32,717395411628,13725,0,24039,210,34
1784721272.7490,19:54:32,717395413163,13725,0,24039,210,34
1784721272.9490,19:54:32,717395414681,13725,0,24039,210,34
1784721273.1490,19:54:33,717395416982,13603,0,24039,210,34
1784721273.3490,19:54:33,717395418554,13603,0,24039,210,34
1784721273.5490,19:54:33,717395420037,13603,0,24039,210,34
1784721273.7490,19:54:33,717395421499,13603,0,24039,210,34
1784721273.9490,19:54:33,717395422984,13603,0,24039,210,34
1784721274.1490,19:54:34,717395425326,13632,0,24039,210,34
1784721274.3490,19:54:34,717395426872,13632,0,24039,210,34
1784721274.5490,19:54:34,717395428387,13632,0,24039,210,34
1784721274.7490,19:54:34,717395429842,13632,0,24039,210,34
1784721274.9490,19:54:34,717395431375,13632,0,24039,210,34
1784721275.1490,19:54:35,717395433699,13718,0,24039,210,34
1784721275.3490,19:54:35,717395435192,13718,0,24039,210,34
1784721275.5490,19:54:35,717395436654,13718,0,24039,210,34
1784721275.7490,19:54:35,717395438139,13718,0,24039,210,34
1784721275.9490,19:54:35,717395439675,13718,0,24039,210,34
1784721276.1490,19:54:36,717395441986,13712,0,24039,210,34
1784721276.3490,19:54:36,717395443428,13712,0,24039,210,34
1784721276.5490,19:54:36,717395444916,13712,0,24039,210,34
1784721276.7490,19:54:36,717395446400,13712,0,24039,210,34
1784721276.9490,19:54:36,717395447886,13712,0,24039,210,34
1784721277.1490,19:54:37,717395450195,13624,0,24039,210,34
1784721277.3490,19:54:37,717395451636,13624,0,24039,210,34
1784721277.5490,19:54:37,717395453163,13624,0,24039,210,34
1784721277.7490,19:54:37,717395454627,13624,0,24039,210,34
1784721277.9490,19:54:37,717395456060,13624,0,24039,210,34
1784721278.1490,19:54:38,717395458383,13602,0,24039,210,34
1784721278.3490,19:54:38,717395459815,13602,0,24039,210,34
1784721278.5490,19:54:38,717395461246,13602,0,24039,210,34
1784721278.7490,19:54:38,717395462673,13602,0,24039,210,34
1784721278.9490,19:54:38,717395464072,13602,0,24039,210,34
1784721279.1490,19:54:39,717395466346,13485,0,24039,210,34
1784721279.3490,19:54:39,717395467775,13485,0,24039,210,34
1784721279.5490,19:54:39,717395469195,13485,0,24039,210,34
1784721279.7490,19:54:39,717395470666,13485,0,24039,210,34
1784721279.9490,19:54:39,717395472073,13485,0,24039,210,34
1784721280.1490,19:54:40,717395474299,13288,0,24039,210,34
1784721280.3490,19:54:40,717395475732,13288,0,24039,210,34
1784721280.5490,19:54:40,717395477106,13288,0,24039,210,34
1784721280.7490,19:54:40,717395478587,13288,0,24039,210,34
1784721280.9490,19:54:40,717395479982,13288,0,24039,210,34
1784721281.1490,19:54:41,717395482162,13209,0,24039,210,34
1784721281.3490,19:54:41,717395483553,13209,0,24039,210,34
1784721281.5490,19:54:41,717395484939,13209,0,24039,210,34
1784721281.7490,19:54:41,717395486365,13209,0,24039,210,34
1784721281.9490,19:54:41,717395487773,13209,0,24039,210,34
1784721282.1490,19:54:42,717395490012,13146,0,24039,210,34
1784721282.3490,19:54:42,717395491439,13146,0,24039,210,34
1784721282.5490,19:54:42,717395492842,13146,0,24039,210,34
1784721282.7490,19:54:42,717395494180,13146,0,24039,210,34
1784721282.9490,19:54:42,717395495614,13146,0,24039,210,34
1784721283.1490,19:54:43,717395497815,13161,0,24039,210,34
1784721283.3490,19:54:43,717395499248,13161,0,24039,210,34
1784721283.5490,19:54:43,717395500668,13161,0,24039,210,34
1784721283.7490,19:54:43,717395502037,13161,0,24039,210,34
1784721283.9490,19:54:43,717395503442,13161,0,24039,210,34
1784721284.1490,19:54:44,717395505630,13237,0,24039,210,34
1784721284.3490,19:54:44,717395506994,13237,0,24039,210,34
1784721284.5490,19:54:44,717395508414,13237,0,24039,210,34
1784721284.7490,19:54:44,717395509798,13237,0,24039,210,34
1784721284.9490,19:54:44,717395511180,13237,0,24039,210,34
1784721285.1490,19:54:45,717395513379,13179,0,24039,210,34
1784721285.3490,19:54:45,717395514775,13179,0,24039,210,34
1784721285.5490,19:54:45,717395516219,13179,0,24039,210,34
1784721285.7490,19:54:45,717395517592,13179,0,24039,210,34
1784721285.9490,19:54:45,717395518907,13179,0,24039,210,34
1784721286.1490,19:54:46,717395521123,13167,0,24039,210,34
1784721286.3490,19:54:46,717395522477,13167,0,24039,210,34
1784721286.5490,19:54:46,717395523845,13167,0,24039,210,34
1784721286.7490,19:54:46,717395525218,13167,0,24039,210,34
1784721286.9490,19:54:46,717395526578,13167,0,24039,210,34
1784721287.1490,19:54:47,717395528786,13131,0,24039,210,34
1784721287.3490,19:54:47,717395530163,13131,0,24039,210,34
1784721287.5490,19:54:47,717395531450,13131,0,24039,210,34
1784721287.7490,19:54:47,717395532858,13131,0,24039,210,34
1784721287.9490,19:54:47,717395534199,13131,0,24039,210,34
1784721288.1490,19:54:48,717395536351,13053,0,24039,210,34
1784721288.3490,19:54:48,717395537711,13053,0,24039,210,34
1784721288.5490,19:54:48,717395539066,13053,0,24039,210,34
1784721288.7490,19:54:48,717395540514,13053,0,24039,210,34
1784721288.9490,19:54:48,717395541922,13053,0,24039,210,34
1784721289.1490,19:54:49,717395544058,13159,0,24039,210,34
1784721289.3490,19:54:49,717395545556,13159,0,24039,210,34
1784721289.5490,19:54:49,717395546938,13159,0,24039,210,34
1784721289.7490,19:54:49,717395548299,13159,0,24039,210,34
1784721289.9490,19:54:49,717395549662,13159,0,24039,210,34
1784721290.1490,19:54:50,717395551858,13318,0,24039,210,34
1784721290.3490,19:54:50,717395553279,13318,0,24039,210,34
1784721290.5490,19:54:50,717395554659,13318,0,24039,210,34
1784721290.7490,19:54:50,717395555950,13318,0,24039,210,34
1784721290.9490,19:54:50,717395557353,13318,0,24039,210,34
1784721291.1490,19:54:51,717395559520,13341,0,24039,210,34
1784721291.3490,19:54:51,717395560866,13341,0,24039,210,34
1784721291.5490,19:54:51,717395562265,13341,0,24039,210,34
1784721291.7490,19:54:51,717395563655,13341,0,24039,210,34
1784721291.9490,19:54:51,717395565077,13341,0,24039,210,34
1784721292.1490,19:54:52,717395568650,13365,0,24039,210,34
1784721292.3490,19:54:52,717395571271,13365,0,24039,210,34
1784721292.5490,19:54:52,717395573901,13365,0,24039,210,34
1784721292.7490,19:54:52,717395576575,13365,0,24039,210,34
1784721292.9490,19:54:52,717395579221,13365,0,24039,210,34
1784721293.1490,19:54:53,717395581902,13348,0,24039,210,34
1784721293.3490,19:54:53,717395584522,13348,0,24039,210,34
1784721293.5490,19:54:53,717395587187,13348,0,24039,210,34
1784721293.7490,19:54:53,717395589934,13348,0,24039,210,34
1784721293.9490,19:54:53,717395592543,13348,0,24039,210,34
1784721294.1490,19:54:54,717395595217,13319,0,24039,210,34
1784721294.3490,19:54:54,717395597908,13319,0,24039,210,34
1784721294.5490,19:54:54,717395600523,13319,0,24039,210,34
1784721294.7490,19:54:54,717395603181,13319,0,24039,210,34
1784721294.9490,19:54:54,717395605820,13319,0,24039,210,34
1784721295.1490,19:54:55,717395608490,13362,0,24039,210,34
1784721295.3490,19:54:55,717395611234,13362,0,24039,210,34
1784721295.5490,19:54:55,717395613813,13362,0,24039,210,34
1784721295.7490,19:54:55,717395616439,13362,0,24039,210,34
1784721295.9490,19:54:55,717395619098,13362,0,24039,210,34
1784721296.1490,19:54:56,717395621709,13342,0,24039,210,34
1784721296.3490,19:54:56,717395624354,13342,0,24039,210,34
1784721296.5490,19:54:56,717395627080,13342,0,24039,210,34
1784721296.7490,19:54:56,717395629826,13342,0,24039,210,34
1784721296.9490,19:54:56,717395632623,13342,0,24039,210,34
1784721297.1490,19:54:57,717395635300,13473,0,24039,210,34
1784721297.3490,19:54:57,717395638052,13473,0,24039,210,34
1784721297.5490,19:54:57,717395640797,13473,0,24039,210,34
1784721297.7490,19:54:57,717395643486,13473,0,24039,210,34
1784721297.9490,19:54:57,717395646216,13473,0,24039,210,34
1784721298.1490,19:54:58,717395648877,13726,0,24039,210,34
1784721298.3490,19:54:58,717395651534,13726,0,24039,210,34
1784721298.5490,19:54:58,717395654224,13726,0,24039,210,34
1784721298.7490,19:54:58,717395656790,13726,0,24039,210,34
1784721298.9490,19:54:58,717395659439,13726,0,24039,210,34
1784721299.1490,19:54:59,717395662128,13649,0,24039,210,34
1784721299.3489,19:54:59,717395664787,13649,0,24039,210,34
1784721299.5490,19:54:59,717395667535,13649,0,24039,210,34
1784721299.7490,19:54:59,717395670130,13649,0,24039,210,34
1784721299.9490,19:54:59,717395672798,13649,0,24039,210,34
1784721300.1490,19:55:00,717395675417,13526,0,24039,210,34
1784721300.3490,19:55:00,717395677954,13526,0,24039,210,34
1784721300.5490,19:55:00,717395680656,13526,0,24039,210,34
1784721300.7490,19:55:00,717395683240,13526,0,24039,210,34
1784721300.9490,19:55:00,717395685853,13526,0,24039,210,34
1784721301.1490,19:55:01,717395688466,13406,0,24039,210,34
1784721301.3490,19:55:01,717395690997,13406,0,24039,210,34
1784721301.5490,19:55:01,717395693583,13406,0,24039,210,34
1784721301.7490,19:55:01,717395696206,13406,0,24039,210,34
1784721301.9490,19:55:01,717395698727,13406,0,24039,210,34
1784721302.1490,19:55:02,717395701332,13178,0,24039,210,34
1784721302.3490,19:55:02,717395703945,13178,0,24039,210,34
1784721302.5490,19:55:02,717395706590,13178,0,24039,210,34
1784721302.7490,19:55:02,717395709184,13178,0,24039,210,34
1784721302.9490,19:55:02,717395711709,13178,0,24039,210,34
1784721303.1490,19:55:03,717395714296,13190,0,24039,210,34
1784721303.3490,19:55:03,717395716989,13190,0,24039,210,34
1784721303.5490,19:55:03,717395719589,13190,0,24039,210,34
1784721303.7490,19:55:03,717395722292,13190,0,24039,210,34
1784721303.9490,19:55:03,717395724963,13190,0,24039,210,34
1784721304.1490,19:55:04,717395727559,13399,0,24039,210,34
1784721304.3490,19:55:04,717395730290,13399,0,24039,210,34
1784721304.5490,19:55:04,717395732909,13399,0,24039,210,34
1784721304.7490,19:55:04,717395735569,13399,0,24039,210,34
1784721304.9490,19:55:04,717395738253,13399,0,24039,210,34
1784721305.1490,19:55:05,717395740921,13575,0,24039,210,34
1784721305.3490,19:55:05,717395743649,13575,0,24039,210,34
1784721305.5490,19:55:05,717395746353,13575,0,24039,210,34
1784721305.7490,19:55:05,717395749044,13575,0,24039,210,34
1784721305.9490,19:55:05,717395751717,13575,0,24039,210,34
1784721306.1490,19:55:06,717395754315,13739,0,24039,210,34
1784721306.3490,19:55:06,717395756989,13739,0,24039,210,34
1784721306.5490,19:55:06,717395759750,13739,0,24039,210,34
1784721306.7490,19:55:06,717395762431,13739,0,24039,210,34
1784721306.9490,19:55:06,717395765100,13739,0,24039,210,34
1784721307.1490,19:55:07,717395767661,13844,0,24039,210,33
1784721307.3490,19:55:07,717395770273,13844,0,24039,210,33
1784721307.5490,19:55:07,717395772943,13844,0,24039,210,33
1784721307.7490,19:55:07,717395775572,13844,0,24039,210,33
1784721307.9490,19:55:07,717395778258,13844,0,24039,210,33
1784721308.1490,19:55:08,717395780920,13709,0,24039,210,33
1784721308.3490,19:55:08,717395783582,13709,0,24039,210,33
1784721308.5490,19:55:08,717395786351,13709,0,24039,210,33
1784721308.7490,19:55:08,717395788929,13709,0,24039,210,33
1784721308.9490,19:55:08,717395791542,13709,0,24039,210,33
1784721309.1490,19:55:09,717395794177,13714,0,24039,210,33
1784721309.3490,19:55:09,717395796801,13714,0,24039,210,33
1784721309.5490,19:55:09,717395799412,13714,0,24039,210,33
1784721309.7490,19:55:09,717395801978,13714,0,24039,210,33
1784721309.9490,19:55:09,717395804618,13714,0,24039,210,33
1784721310.1490,19:55:10,717395807212,13685,0,24039,210,33
1784721310.3490,19:55:10,717395809746,13685,0,24039,210,33
1784721310.5490,19:55:10,717395812279,13685,0,24039,210,33
1784721310.7490,19:55:10,717395814780,13685,0,24039,210,33
1784721310.9490,19:55:10,717395817350,13685,0,24039,210,33
1784721311.1490,19:55:11,717395819935,13387,0,24039,210,33
1784721311.3490,19:55:11,717395822401,13387,0,24039,210,33
1784721311.5490,19:55:11,717395824960,13387,0,24039,210,33
1784721311.7490,19:55:11,717395827569,13387,0,24039,210,33
1784721311.9490,19:55:11,717395830180,13387,0,24039,210,33
1784721312.1490,19:55:12,717395832852,13255,0,24039,210,33
1784721312.3490,19:55:12,717395835388,13255,0,24039,210,33
1784721312.5490,19:55:12,717395837977,13255,0,24039,210,33
1784721312.7490,19:55:12,717395840562,13255,0,24039,210,33
1784721312.9490,19:55:12,717395843085,13255,0,24039,210,33
1784721313.1490,19:55:13,717395845688,13358,0,24039,210,33
1784721313.3490,19:55:13,717395848283,13358,0,24039,210,33
1784721313.5490,19:55:13,717395850882,13358,0,24039,210,33
1784721313.7489,19:55:13,717395853538,13358,0,24039,210,33
1784721313.9490,19:55:13,717395856080,13358,0,24039,210,33
1784721314.1490,19:55:14,717395858687,13501,0,24039,210,33
1784721314.3490,19:55:14,717395861285,13501,0,24039,210,33
1784721314.5490,19:55:14,717395863851,13501,0,24039,210,33
1784721314.7490,19:55:14,717395866445,13501,0,24039,210,33
1784721314.9490,19:55:14,717395869004,13501,0,24039,210,33
1784721315.1490,19:55:15,717395871598,13553,0,24039,210,33
1784721315.3490,19:55:15,717395874282,13553,0,24039,210,33
1784721315.5490,19:55:15,717395876835,13553,0,24039,210,33
1784721315.7490,19:55:15,717395879522,13553,0,24039,210,33
1784721315.9490,19:55:15,717395882133,13553,0,24039,210,33
1784721316.1490,19:55:16,717395884732,13655,0,24039,210,33
1784721316.3490,19:55:16,717395887403,13655,0,24039,210,33
1784721316.5490,19:55:16,717395890002,13655,0,24039,210,33
1784721316.7490,19:55:16,717395892628,13655,0,24039,210,33
1784721316.9490,19:55:16,717395895299,13655,0,24039,210,33
1784721317.1490,19:55:17,717395897871,13777,0,24039,210,33
1784721317.3490,19:55:17,717395900529,13777,0,24039,210,33
1784721317.5490,19:55:17,717395903179,13777,0,24039,210,33
1784721317.7490,19:55:17,717395905792,13777,0,24039,210,33
1784721317.9490,19:55:17,717395908413,13777,0,24039,210,33
1784721318.1490,19:55:18,717395910965,13825,0,24039,210,33
1784721318.3490,19:55:18,717395913543,13825,0,24039,210,33
1784721318.5490,19:55:18,717395916181,13825,0,24039,210,33
1784721318.7490,19:55:18,717395942652,13825,0,24039,210,33
1784721318.9490,19:55:18,717395995130,13825,0,24039,2700,33
1784721319.1490,19:55:19,717396051734,84160,0,24039,2700,42
1784721319.3490,19:55:19,717396107987,84160,0,24039,2700,42
1784721319.5490,19:55:19,717396164388,150188,100,24039,2700,45
1784721319.7490,19:55:19,717396220765,150188,100,24039,2700,45
1784721319.9490,19:55:19,717396277100,150188,100,24039,2700,45
1784721320.1490,19:55:20,717396333546,294973,100,24039,2700,46
1784721320.3490,19:55:20,717396390565,294973,100,24039,2700,46
1784721320.5490,19:55:20,717396447136,296210,100,24039,2700,47
1784721320.7490,19:55:20,717396503713,296210,100,24039,2700,47
1784721320.9490,19:55:20,717396560232,296210,100,24039,2700,47
1784721321.1490,19:55:21,717396616559,296992,100,24039,2700,47
1784721321.3490,19:55:21,717396672927,296992,100,24039,2700,47
1784721321.5490,19:55:21,717396729552,297077,100,24039,2700,47
1784721321.7490,19:55:21,717396786228,297077,100,24039,2700,47
1784721321.9490,19:55:21,717396842758,297077,100,24039,2700,47
1784721322.1490,19:55:22,717396899175,297220,100,24039,2700,48
1784721322.3490,19:55:22,717396955629,297220,100,24039,2700,48
1784721322.5490,19:55:22,717397012407,297538,100,24039,2700,48
1784721322.7490,19:55:22,717397068785,297538,100,24039,2700,48
1784721322.9490,19:55:22,717397125072,297538,100,24039,2700,48
1784721323.1490,19:55:23,717397181388,297699,100,24039,2685,48
1784721323.3490,19:55:23,717397237733,297699,100,24039,2685,48
1784721323.5490,19:55:23,717397294084,297644,100,24039,2685,48
1784721323.7490,19:55:23,717397350424,297644,100,24039,2685,48
1784721323.9490,19:55:23,717397406744,297644,100,24039,2685,48
1784721324.1490,19:55:24,717397463061,297411,100,24039,2685,48
1784721324.3490,19:55:24,717397519377,297411,100,24039,2685,48
1784721324.5490,19:55:24,717397575722,297687,100,24039,2685,49
1784721324.7490,19:55:24,717397632228,297687,100,24039,2685,49
1784721324.9490,19:55:24,717397688524,297687,100,24039,2685,49
1784721325.1490,19:55:25,717397744811,298163,100,24039,2685,49
1784721325.3490,19:55:25,717397801213,298163,100,24039,2685,49
1784721325.5490,19:55:25,717397857789,298651,100,24039,2685,49
1784721325.7490,19:55:25,717397914082,298651,100,24039,2685,49
1784721325.9490,19:55:25,717397970384,298651,100,24039,2685,49
1784721326.1490,19:55:26,717398026515,298927,100,24039,2685,49
1784721326.3490,19:55:26,717398082944,298927,100,24039,2685,49
1784721326.5490,19:55:26,717398139444,299278,100,24039,2685,49
1784721326.7490,19:55:26,717398195685,299278,100,24039,2685,49
1784721326.9490,19:55:26,717398251927,299278,100,24039,2685,49
1784721327.1490,19:55:27,717398308256,299011,100,24039,2685,49
1784721327.3490,19:55:27,717398364357,299011,100,24039,2685,49
1784721327.5490,19:55:27,717398420608,299317,100,24039,2685,49
1784721327.7490,19:55:27,717398476912,299317,100,24039,2685,49
1784721327.9490,19:55:27,717398533032,299317,100,24039,2685,49
1784721328.1490,19:55:28,717398589391,299331,100,24039,2685,50
1784721328.3490,19:55:28,717398645405,299331,100,24039,2685,50
1784721328.5490,19:55:28,717398701496,299530,100,24039,2685,50
1784721328.7490,19:55:28,717398757629,299530,100,24039,2685,50
1784721328.9490,19:55:28,717398813661,299530,100,24039,2685,50
1784721329.1490,19:55:29,717398869490,299921,100,24039,2685,50
1784721329.3490,19:55:29,717398925214,299921,100,24039,2685,50
1784721329.5490,19:55:29,717398981010,299297,100,24039,2685,50
1784721329.7490,19:55:29,717399036773,299297,100,24039,2685,50
1784721329.9490,19:55:29,717399092715,299297,100,24039,2685,50
1784721330.1490,19:55:30,717399148689,299250,100,24039,2685,50
1784721330.3490,19:55:30,717399204647,299250,100,24039,2685,50
1784721330.5490,19:55:30,717399260567,299625,100,24039,2685,50
1784721330.7490,19:55:30,717399316451,299625,100,24039,2685,50
1784721330.9490,19:55:30,717399372483,299625,100,24039,2685,50
1784721331.1490,19:55:31,717399428223,300216,100,24039,2685,50
1784721331.3490,19:55:31,717399483896,300216,100,24039,2685,50
1784721331.5490,19:55:31,717399539590,299655,100,24039,2685,50
1784721331.7490,19:55:31,717399595403,299655,100,24039,2685,50
1784721331.9490,19:55:31,717399651496,299655,100,24039,2685,50
1784721332.1490,19:55:32,717399707028,299836,100,24039,2685,50
1784721332.3490,19:55:32,717399762600,299836,100,24039,2685,50
1784721332.5490,19:55:32,717399818723,299907,100,24039,2685,50
1784721332.7490,19:55:32,717399874386,299907,100,24039,2685,50
1784721332.9490,19:55:32,717399929347,299907,100,24039,2685,50
1784721333.1490,19:55:33,717399983309,299386,100,24039,2655,50
1784721333.3490,19:55:33,717400035444,299386,100,24039,2655,50
1784721333.5490,19:55:33,717400086045,292303,100,24039,2565,49
1784721333.7490,19:55:33,717400135126,292303,100,24039,2565,49
1784721333.9490,19:55:33,717400182868,292303,100,24039,2565,49
1784721334.1490,19:55:34,717400229606,275817,100,24039,2460,48
1784721334.3490,19:55:34,717400274422,275817,100,24039,2460,48
1784721334.5490,19:55:34,717400317421,256340,100,24039,2250,47
1784721334.7490,19:55:34,717400359486,256340,100,24039,2250,47
1784721334.9490,19:55:34,717400398441,256340,100,24039,2250,47
1784721335.1490,19:55:35,717400433159,235061,100,24039,945,46
1784721335.3490,19:55:35,717400465565,235061,100,24039,945,46
1784721335.5490,19:55:35,717400493197,201215,100,24039,510,44
1784721335.7490,19:55:35,717400520412,201215,100,24039,510,44
1784721335.9490,19:55:35,717400547270,201215,100,24039,510,44
1784721336.1490,19:55:36,717400574387,164911,100,24039,510,43
1784721336.3490,19:55:36,717400603357,164911,100,24039,510,43
1784721336.5490,19:55:36,717400634281,150984,100,24039,675,44
1784721336.7490,19:55:36,717400666595,150984,100,24039,675,44
1784721336.9490,19:55:36,717400699433,150984,100,24039,675,44
1784721337.1490,19:55:37,717400732209,163235,100,24039,780,44
1784721337.3490,19:55:37,717400763465,163235,100,24039,780,44
1784721337.5490,19:55:37,717400793101,172692,100,24039,600,44
1784721337.7490,19:55:37,717400822122,172692,100,24039,600,44
1784721337.9490,19:55:37,717400851106,172692,100,24039,600,44
1784721338.1490,19:55:38,717400881667,166117,100,24039,615,43
1784721338.3490,19:55:38,717400912817,166117,100,24039,615,43
1784721338.5490,19:55:38,717400943598,162835,100,24039,675,44
1784721338.7490,19:55:38,717400974604,162835,100,24039,675,44
1784721338.9490,19:55:38,717401005766,162835,100,24039,675,44
1784721339.1490,19:55:39,717401036889,167462,100,24039,690,44
1784721339.3490,19:55:39,717401067483,167462,100,24039,690,44
1784721339.5490,19:55:39,717401096833,168146,100,24039,585,44
1784721339.7490,19:55:39,717401124279,168146,100,24039,585,44
1784721339.9490,19:55:39,717401151268,168146,100,24039,585,44
1784721340.1490,19:55:40,717401178048,160035,100,24039,480,43
1784721340.3490,19:55:40,717401205082,160035,100,24039,480,43
1784721340.5490,19:55:40,717401232013,150172,100,24039,495,43
1784721340.7490,19:55:40,717401258948,150172,100,24039,495,43
1784721340.9490,19:55:40,717401286705,150172,100,24039,495,43
1784721341.1490,19:55:41,717401316153,147882,100,24039,570,43
1784721341.3490,19:55:41,717401346718,147882,100,24039,570,43
1784721341.5490,19:55:41,717401377488,156244,100,24039,660,43
1784721341.7490,19:55:41,717401407733,156244,100,24039,660,43
1784721341.9490,19:55:41,717401436362,156244,100,24039,660,43
1784721342.1490,19:55:42,717401463996,163074,100,24039,525,43
1784721342.3490,19:55:42,717401490888,163074,100,24039,525,43
1784721342.5490,19:55:42,717401516933,156610,100,24039,465,43
1784721342.7490,19:55:42,717401542813,156610,100,24039,465,43
1784721342.9490,19:55:42,717401567161,156610,100,24039,465,43
1784721343.1490,19:55:43,717401591511,144691,100,24039,345,42
1784721343.3490,19:55:43,717401615971,144691,100,24039,345,42
1784721343.5490,19:55:43,717401641805,138129,100,24039,390,42
1784721343.7490,19:55:43,717401667633,138129,100,24039,390,42
1784721343.9490,19:55:43,717401693540,138129,100,24039,390,42
1784721344.1490,19:55:44,717401719489,138650,100,24039,390,42
1784721344.3490,19:55:44,717401745169,138650,100,24039,390,42
1784721344.5490,19:55:44,717401769445,141418,100,24039,345,42
1784721344.7490,19:55:44,717401793722,141418,100,24039,345,42
1784721344.9490,19:55:44,717401818021,141418,100,24039,345,42
1784721345.1490,19:55:45,717401842290,137615,100,24039,345,42
1784721345.3490,19:55:45,717401866520,137615,100,24039,345,42
1784721345.5490,19:55:45,717401892046,134300,100,24039,390,42
1784721345.7490,19:55:45,717401917816,134300,100,24039,390,42
1784721345.9490,19:55:45,717401943512,134300,100,24039,390,42
1784721346.1490,19:55:46,717401970296,138239,100,24039,405,42
1784721346.3490,19:55:46,717401996525,138239,100,24039,405,42
1784721346.5490,19:55:46,717402020870,143069,100,24039,240,42
1784721346.7490,19:55:46,717402043902,143069,100,24039,240,42
1784721346.9490,19:55:46,717402066837,143069,100,24039,240,42
1784721347.1490,19:55:47,717402089756,137343,100,24039,210,42
1784721347.3490,19:55:47,717402112640,137343,100,24039,210,42
1784721347.5490,19:55:47,717402135534,128752,100,24039,210,42
1784721347.7490,19:55:47,717402158377,128752,100,24039,210,42
1784721347.9490,19:55:47,717402181285,128752,100,24039,210,42
1784721348.1490,19:55:48,717402204052,127020,100,24039,210,41
1784721348.3490,19:55:48,717402226905,127020,100,24039,210,41
1784721348.5490,19:55:48,717402249768,127020,100,24039,210,41
1784721348.7490,19:55:48,717402274334,127020,100,24039,210,41
1784721348.9490,19:55:48,717402299021,127020,100,24039,210,41
1784721349.1490,19:55:49,717402323674,126783,100,24039,210,41
1784721349.3490,19:55:49,717402348386,126783,100,24039,210,41
1784721349.5490,19:55:49,717402373102,126601,100,24039,210,41
1784721349.7490,19:55:49,717402397819,126601,100,24039,210,41
1784721349.9490,19:55:49,717402422443,126601,100,24039,210,41
1784721350.1490,19:55:50,717402447217,126613,100,24039,210,41
1784721350.3490,19:55:50,717402472000,126613,100,24039,210,41
1784721350.5490,19:55:50,717402496761,126789,100,24039,210,41
1784721350.7490,19:55:50,717402521476,126789,100,24039,210,41
1784721350.9490,19:55:50,717402546279,126789,100,24039,210,41
1784721351.1490,19:55:51,717402570982,126866,100,24039,210,41
1784721351.3490,19:55:51,717402595766,126866,100,24039,210,41
1784721351.5490,19:55:51,717402620518,126916,100,24039,210,41
1784721351.7490,19:55:51,717402645195,126916,100,24039,210,41
1784721351.9490,19:55:51,717402669926,126916,100,24039,210,41
1784721352.1490,19:55:52,717402694633,126821,100,24039,210,41
1784721352.3490,19:55:52,717402719336,126821,100,24039,210,41
1784721352.5490,19:55:52,717402744057,126718,100,24039,210,41
1784721352.7490,19:55:52,717402768740,126718,100,24039,210,41
1784721352.9490,19:55:52,717402793428,126718,100,24039,210,41
1784721353.1490,19:55:53,717402818110,126739,100,24039,210,41
1784721353.3490,19:55:53,717402836583,126739,100,24039,210,41
1784721353.5490,19:55:53,717402848724,114938,0,24039,2520,40
1784721353.7490,19:55:53,717402860945,114938,0,24039,2520,40
1784721353.9490,19:55:53,717402873131,114938,0,24039,2520,40
1784721354.1490,19:55:54,717402885313,85822,0,24039,2520,40
1784721354.3490,19:55:54,717402897443,85822,0,24039,2520,40
1784721354.5490,19:55:54,717402908207,68298,0,24039,2520,40
1784721354.7490,19:55:54,717402918973,68298,0,24039,2520,40
1784721354.9490,19:55:54,717402929751,68298,0,24039,2520,40
1784721355.1490,19:55:55,717402940628,68298,0,24039,2520,40
1784721355.3490,19:55:55,717402951432,68298,0,24039,2520,40
1784721355.5490,19:55:55,717402962186,61783,0,24039,2520,39
1784721355.7490,19:55:55,717402972909,61783,0,24039,2520,39
1784721355.9490,19:55:55,717402983632,61783,0,24039,2520,39
1784721356.1490,19:55:56,717402994309,61783,0,24039,2520,39
1784721356.3490,19:55:56,717403005040,61783,0,24039,2520,39
1784721356.5490,19:55:56,717403015721,61598,0,24039,2520,39
1784721356.7490,19:55:56,717403026471,61598,0,24039,2520,39
1784721356.9490,19:55:56,717403037243,61598,0,24039,2520,39
1784721357.1490,19:55:57,717403047979,61598,0,24039,2520,39
1784721357.3490,19:55:57,717403058723,61598,0,24039,2520,39
1784721357.5490,19:55:57,717403069453,61577,0,24039,2520,39
1784721357.7490,19:55:57,717403080135,61577,0,24039,2520,39
1784721357.9490,19:55:57,717403090812,61577,0,24039,2520,39
1784721358.1490,19:55:58,717403101511,61577,0,24039,2520,39
1784721358.3490,19:55:58,717403112285,61577,0,24039,2520,39
1784721358.5490,19:55:58,717403123002,61693,0,24039,2520,39
1784721358.7490,19:55:58,717403133680,61693,0,24039,2520,39
1784721358.9490,19:55:58,717403144389,61693,0,24039,2520,39
1784721359.1490,19:55:59,717403155054,61693,0,24039,2520,39
1784721359.3490,19:55:59,717403165765,61693,0,24039,2520,39
1784721359.5490,19:55:59,717403176404,61728,0,24039,2520,39
1784721359.7490,19:55:59,717403187006,61728,0,24039,2520,39
1784721359.9490,19:55:59,717403197663,61728,0,24039,2520,39
1784721360.1490,19:56:00,717403208343,61728,0,24039,2520,39
1784721360.3490,19:56:00,717403218972,61728,0,24039,2520,39
1784721360.5490,19:56:00,717403229583,61656,0,24039,2520,39
1784721360.7490,19:56:00,717403240197,61656,0,24039,2520,39
1784721360.9490,19:56:00,717403250806,61656,0,24039,2520,39
1784721361.1490,19:56:01,717403261435,61656,0,24039,2520,39
1784721361.3490,19:56:01,717403272019,61656,0,24039,2520,39
1784721361.5490,19:56:01,717403282573,61554,0,24039,2520,39
1784721361.7490,19:56:01,717403293106,61554,0,24039,2520,39
1784721361.9490,19:56:01,717403303644,61554,0,24039,2520,39
1784721362.1490,19:56:02,717403314186,61554,0,24039,2520,39
1784721362.3490,19:56:02,717403324682,61554,0,24039,2520,39
1784721362.5490,19:56:02,717403335241,61388,0,24039,2520,39
1784721362.7490,19:56:02,717403345743,61388,0,24039,2520,39
1784721362.9490,19:56:02,717403356237,61388,0,24039,2520,39
1784721363.1490,19:56:03,717403366734,61388,0,24039,2520,39
1784721363.3490,19:56:03,717403377236,61388,0,24039,2520,39
1784721363.5490,19:56:03,717403387695,61220,0,24039,2520,38
1784721363.7490,19:56:03,717403398216,61220,0,24039,2520,38
1784721363.9490,19:56:03,717403408728,61220,0,24039,2520,38
1784721364.1490,19:56:04,717403419269,61220,0,24039,2520,38
1784721364.3490,19:56:04,717403429744,61220,0,24039,2520,38
1784721364.5490,19:56:04,717403440220,61248,0,24039,2520,38
1784721364.7490,19:56:04,717403450640,61248,0,24039,2520,38
1784721364.9490,19:56:04,717403461023,61248,0,24039,2520,38
1784721365.1490,19:56:05,717403471506,61248,0,24039,2520,38
1784721365.3490,19:56:05,717403481969,61248,0,24039,2520,38
1784721365.5490,19:56:05,717403492425,61198,0,24039,2520,38
1784721365.7490,19:56:05,717403502938,61198,0,24039,2520,38
1784721365.9490,19:56:05,717403513503,61198,0,24039,2520,38
1784721366.1490,19:56:06,717403524061,61198,0,24039,2520,38
1784721366.3490,19:56:06,717403534656,61198,0,24039,2520,38
1784721366.5490,19:56:06,717403545180,61404,0,24039,2520,38
1784721366.7490,19:56:06,717403555706,61404,0,24039,2520,38
1784721366.9490,19:56:06,717403566270,61404,0,24039,2520,38
1784721367.1490,19:56:07,717403576747,61404,0,24039,2520,38
1784721367.3490,19:56:07,717403587223,61404,0,24039,2520,38
1784721367.5490,19:56:07,717403597600,61784,0,24039,2520,38
1784721367.7490,19:56:07,717403607992,61784,0,24039,2520,38
1784721367.9490,19:56:07,717403618431,61784,0,24039,2520,38
1784721368.1490,19:56:08,717403628806,61784,0,24039,2520,38
1784721368.3490,19:56:08,717403639201,61784,0,24039,2520,38
1784721368.5490,19:56:08,717403649579,61571,0,24039,2520,38
1784721368.7490,19:56:08,717403659948,61571,0,24039,2520,38
1784721368.9490,19:56:08,717403670563,61571,0,24039,2520,38
1784721369.1490,19:56:09,717403720459,61289,0,24039,2520,38
1784721369.3490,19:56:09,717403777027,61289,0,24039,2520,38
1784721369.5490,19:56:09,717403834170,154656,100,24039,2700,47
1784721369.7490,19:56:09,717403890805,154656,100,24039,2700,47
1784721369.9490,19:56:09,717403947459,154656,100,24039,2700,47
1784721370.1490,19:56:10,717404004264,196482,100,24039,2685,48
1784721370.3490,19:56:10,717404060901,196482,100,24039,2685,48
1784721370.5490,19:56:10,717404118254,297557,100,24039,2685,49
1784721370.7490,19:56:10,717404175389,297557,100,24039,2685,49
1784721370.9490,19:56:10,717404232307,297557,100,24039,2685,49
1784721371.1490,19:56:11,717404289397,298490,100,24039,2685,49
1784721371.3490,19:56:11,717404346241,298490,100,24039,2685,49
1784721371.5490,19:56:11,717404403143,299211,100,24039,2685,49
1784721371.7490,19:56:11,717404460241,299211,100,24039,2685,49
1784721371.9490,19:56:11,717404517056,299211,100,24039,2685,49
1784721372.1490,19:56:12,717404574066,299108,100,24039,2685,49
1784721372.3490,19:56:12,717404631037,299108,100,24039,2685,49
1784721372.5490,19:56:12,717404687880,299332,100,24039,2685,49
1784721372.7490,19:56:12,717404743578,299332,100,24039,2685,49
1784721372.9490,19:56:12,717404796351,299332,100,24039,2685,49
1784721373.1490,19:56:13,717404845587,294255,100,24039,2565,49
1784721373.3490,19:56:13,717404892892,294255,100,24039,2565,49
1784721373.5490,19:56:13,717404937627,272449,100,24039,2205,47
1784721373.7490,19:56:13,717404980100,272449,100,24039,2205,47
1784721373.9490,19:56:13,717405018461,272449,100,24039,2205,47
1784721374.1490,19:56:14,717405051871,237575,100,24039,930,45
1784721374.3490,19:56:14,717405079550,237575,100,24039,930,45
1784721374.5490,19:56:14,717405103061,190708,100,24039,330,43
1784721374.7490,19:56:14,717405126002,190708,100,24039,330,43
1784721374.9490,19:56:14,717405149676,190708,100,24039,330,43
1784721375.1490,19:56:15,717405175230,143598,100,24039,390,42
1784721375.3490,19:56:15,717405202445,143598,100,24039,390,42
1784721375.5490,19:56:15,717405231350,132081,100,24039,555,42
1784721375.7490,19:56:15,717405262094,132081,100,24039,555,42
1784721375.9490,19:56:15,717405294052,132081,100,24039,555,42
1784721376.1490,19:56:16,717405325943,150681,100,24039,660,43
1784721376.3490,19:56:16,717405357883,150681,100,24039,660,43
1784721376.5490,19:56:16,717405390050,165069,100,24039,675,43
1784721376.7490,19:56:16,717405422230,165069,100,24039,675,43
1784721376.9490,19:56:16,717405454219,165069,100,24039,675,43
1784721377.1490,19:56:17,717405484239,169540,100,24039,585,43
1784721377.3490,19:56:17,717405514579,169540,100,24039,585,43
1784721377.5490,19:56:17,717405544867,165558,100,24039,600,43
1784721377.7490,19:56:17,717405575263,165558,100,24039,600,43
1784721377.9490,19:56:17,717405605449,165558,100,24039,600,43
1784721378.1490,19:56:18,717405635905,161228,100,24039,600,43
1784721378.3490,19:56:18,717405666168,161228,100,24039,600,43
1784721378.5490,19:56:18,717405696112,160924,100,24039,600,43
1784721378.7490,19:56:18,717405726239,160924,100,24039,600,43
1784721378.9490,19:56:18,717405754828,160924,100,24039,600,43
1784721379.1490,19:56:19,717405783072,158919,100,24039,525,43
1784721379.3490,19:56:19,717405809692,158919,100,24039,525,43
1784721379.5490,19:56:19,717405836189,151390,100,24039,465,42
1784721379.7490,19:56:19,717405862507,151390,100,24039,465,42
1784721379.9490,19:56:19,717405888580,151390,100,24039,465,42
1784721380.1490,19:56:20,717405914526,143383,100,24039,450,42
1784721380.3490,19:56:20,717405940751,143383,100,24039,450,42
1784721380.5490,19:56:20,717405967129,139997,100,24039,465,42
1784721380.7490,19:56:20,717405993404,139997,100,24039,465,42
1784721380.9490,19:56:20,717406019604,139997,100,24039,465,42
1784721381.1490,19:56:21,717406045653,140096,100,24039,450,42
1784721381.3490,19:56:21,717406071405,140096,100,24039,450,42
1784721381.5490,19:56:21,717406097514,139958,100,24039,450,42
1784721381.7490,19:56:21,717406124446,139958,100,24039,450,42
1784721381.9490,19:56:21,717406152130,139958,100,24039,450,42
1784721382.1490,19:56:22,717406180052,141870,100,24039,525,42
1784721382.3490,19:56:22,717406208088,141870,100,24039,525,42
1784721382.5490,19:56:22,717406236024,146875,100,24039,525,42
1784721382.7490,19:56:22,717406263611,146875,100,24039,525,42
1784721382.9490,19:56:22,717406290848,146875,100,24039,525,42
1784721383.1490,19:56:23,717406315849,148862,100,24039,465,42
1784721383.3490,19:56:23,717406339866,148862,100,24039,465,42
1784721383.5490,19:56:23,717406363720,140310,100,24039,390,42
1784721383.7490,19:56:23,717406387691,140310,100,24039,390,42
1784721383.9490,19:56:23,717406411437,140310,100,24039,390,42
1784721384.1490,19:56:24,717406435158,130594,100,24039,390,42
1784721384.3490,19:56:24,717406459107,130594,100,24039,390,42
1784721384.5490,19:56:24,717406482975,128323,100,24039,390,42
1784721384.7490,19:56:24,717406506847,128323,100,24039,390,42
1784721384.9490,19:56:24,717406530769,128323,100,24039,390,42
1784721385.1490,19:56:25,717406554691,128740,100,24039,390,42
1784721385.3490,19:56:25,717406578346,128740,100,24039,390,42
1784721385.5490,19:56:25,717406602271,128596,100,24039,390,42
1784721385.7490,19:56:25,717406626121,128596,100,24039,390,42
1784721385.9490,19:56:25,717406649871,128596,100,24039,390,42
1784721386.1490,19:56:26,717406673325,128699,100,24039,375,42
1784721386.3490,19:56:26,717406697017,128699,100,24039,375,42
1784721386.5490,19:56:26,717406720659,128241,100,24039,390,42
1784721386.7490,19:56:26,717406744482,128241,100,24039,390,42
1784721386.9490,19:56:26,717406768222,128241,100,24039,390,42
1784721387.1490,19:56:27,717406791749,127939,100,24039,390,42
1784721387.3490,19:56:27,717406815663,127939,100,24039,390,42
1784721387.5490,19:56:27,717406839366,128331,100,24039,390,42
1784721387.7490,19:56:27,717406862875,128331,100,24039,390,42
1784721387.9490,19:56:27,717406886584,128331,100,24039,390,42
1784721388.1490,19:56:28,717406909832,128073,100,24039,375,42
1784721388.3490,19:56:28,717406933424,128073,100,24039,375,42
1784721388.5490,19:56:28,717406957096,127795,100,24039,390,42
1784721388.7490,19:56:28,717406980798,127795,100,24039,390,42
1784721388.9490,19:56:28,717407005163,127795,100,24039,390,42
1784721389.1490,19:56:29,717407030264,129001,100,24039,435,42
1784721389.3490,19:56:29,717407055401,129001,100,24039,435,42
1784721389.5490,19:56:29,717407080535,133175,100,24039,435,42
1784721389.7490,19:56:29,717407104138,133175,100,24039,435,42
1784721389.9490,19:56:29,717407127269,133175,100,24039,435,42
1784721390.1490,19:56:30,717407150600,133286,100,24039,375,41
1784721390.3490,19:56:30,717407173816,133286,100,24039,375,41
1784721390.5490,19:56:30,717407197024,128769,100,24039,375,41
1784721390.7490,19:56:30,717407219729,128769,100,24039,375,41
1784721390.9490,19:56:30,717407243955,128769,100,24039,375,41
1784721391.1490,19:56:31,717407268924,127439,100,24039,435,42
1784721391.3490,19:56:31,717407293628,127439,100,24039,435,42
1784721391.5490,19:56:31,717407318565,131560,100,24039,435,42
1784721391.7490,19:56:31,717407343441,131560,100,24039,435,42
1784721391.9490,19:56:31,717407368396,131560,100,24039,435,42
1784721392.1490,19:56:32,717407393404,136137,100,24039,435,42
1784721392.3490,19:56:32,717407418433,136137,100,24039,435,42
1784721392.5490,19:56:32,717407443312,136600,100,24039,435,42
1784721392.7490,19:56:32,717407468177,136600,100,24039,435,42
1784721392.9490,19:56:32,717407493116,136600,100,24039,435,42
1784721393.1490,19:56:33,717407517401,136728,100,24039,435,42
1784721393.3490,19:56:33,717407539933,136728,100,24039,435,42
1784721393.5490,19:56:33,717407561057,131704,100,24039,315,41
1784721393.7490,19:56:33,717407582124,131704,100,24039,315,41
1784721393.9490,19:56:33,717407603254,131704,100,24039,315,41
1784721394.1490,19:56:34,717407624577,122294,100,24039,315,41
1784721394.3490,19:56:34,717407647304,122294,100,24039,315,41
1784721394.5490,19:56:34,717407670426,118739,100,24039,375,41
1784721394.7490,19:56:34,717407694846,118739,100,24039,375,41
1784721394.9490,19:56:34,717407718905,118739,100,24039,375,41
1784721395.1490,19:56:35,717407743446,126337,100,24039,435,42
1784721395.3490,19:56:35,717407767775,126337,100,24039,435,42
1784721395.5490,19:56:35,717407792173,132840,100,24039,420,42
1784721395.7490,19:56:35,717407816335,132840,100,24039,420,42
1784721395.9490,19:56:35,717407840650,132840,100,24039,420,42
1784721396.1490,19:56:36,717407865018,133806,100,24039,420,42
1784721396.3490,19:56:36,717407889349,133806,100,24039,420,42
1784721396.5490,19:56:36,717407913711,134175,100,24039,420,42
1784721396.7490,19:56:36,717407937715,134175,100,24039,420,42
1784721396.9490,19:56:36,717407962399,134175,100,24039,420,42
1784721397.1490,19:56:37,717407984930,134444,100,24039,360,42
1784721397.3490,19:56:37,717408007236,134444,100,24039,360,42
1784721397.5490,19:56:37,717408029601,129687,100,24039,360,41
1784721397.7490,19:56:37,717408051933,129687,100,24039,360,41
1784721397.9490,19:56:37,717408074234,129687,100,24039,360,41
1784721398.1490,19:56:38,717408096636,125058,100,24039,360,41
1784721398.3490,19:56:38,717408119206,125058,100,24039,360,41
1784721398.5490,19:56:38,717408141522,124260,100,24039,360,41
1784721398.7490,19:56:38,717408163909,124260,100,24039,360,41
1784721398.9490,19:56:38,717408186161,124260,100,24039,360,41
1784721399.1490,19:56:39,717408208425,124247,100,24039,360,41
1784721399.3490,19:56:39,717408233396,124247,100,24039,360,41
1784721399.5490,19:56:39,717408259300,125477,100,24039,405,41
1784721399.7490,19:56:39,717408285176,125477,100,24039,405,41
1784721399.9490,19:56:39,717408310764,125477,100,24039,420,41
1784721400.1490,19:56:40,717408336396,129208,100,24039,420,42
1784721400.3490,19:56:40,717408362137,129208,100,24039,420,42
1784721400.5490,19:56:40,717408387947,132025,100,24039,405,42
1784721400.7490,19:56:40,717408413732,132025,100,24039,405,42
1784721400.9490,19:56:40,717408439543,132025,100,24039,405,42
1784721401.1490,19:56:41,717408465313,132343,100,24039,405,42
1784721401.3490,19:56:41,717408491544,132343,100,24039,405,42
1784721401.5490,19:56:41,717408517656,132932,100,24039,420,42
1784721401.7490,19:56:41,717408542981,132932,100,24039,420,42
1784721401.9490,19:56:41,717408566128,132932,100,24039,420,42
1784721402.1490,19:56:42,717408589289,129949,100,24039,330,41
1784721402.3490,19:56:42,717408612656,129949,100,24039,330,41
1784721402.5490,19:56:42,717408637650,124538,100,24039,390,41
1784721402.7490,19:56:42,717408662851,124538,100,24039,390,41
1784721402.9490,19:56:42,717408689763,124538,100,24039,390,41
1784721403.1490,19:56:43,717408716891,126208,100,24039,450,42
1784721403.3490,19:56:43,717408744001,126208,100,24039,450,42
1784721403.5490,19:56:43,717408770878,135302,100,24039,450,42
1784721403.7490,19:56:43,717408797899,135302,100,24039,450,42
1784721403.9490,19:56:43,717408823147,135302,100,24039,450,42
1784721404.1490,19:56:44,717408848273,136863,100,24039,390,42
1784721404.3490,19:56:44,717408873461,136863,100,24039,390,42
1784721404.5490,19:56:44,717408898637,132215,100,24039,390,41
1784721404.7490,19:56:44,717408923691,132215,100,24039,390,41
1784721404.9490,19:56:44,717408948919,132215,100,24039,390,41
1784721405.1490,19:56:45,717408974203,128905,100,24039,390,41
1784721405.3490,19:56:45,717408999233,128905,100,24039,390,41
1784721405.5490,19:56:45,717409024045,128817,100,24039,390,41
1784721405.7490,19:56:45,717409049249,128817,100,24039,390,41
1784721405.9490,19:56:45,717409074468,128817,100,24039,390,41
1784721406.1490,19:56:46,717409099502,128632,100,24039,390,41
1784721406.3490,19:56:46,717409124659,128632,100,24039,390,41
1784721406.5490,19:56:46,717409149771,128476,100,24039,390,41
1784721406.7490,19:56:46,717409174787,128476,100,24039,390,41
1784721406.9490,19:56:46,717409199551,128476,100,24039,390,41
1784721407.1490,19:56:47,717409224705,128216,100,24039,390,41
1784721407.3490,19:56:47,717409249945,128216,100,24039,390,41
1784721407.5490,19:56:47,717409275163,128546,100,24039,390,41
1784721407.7490,19:56:47,717409301167,128546,100,24039,390,41
1784721407.9490,19:56:47,717409328458,128546,100,24039,390,41
1784721408.1490,19:56:48,717409355573,131973,100,24039,450,42
1784721408.3490,19:56:48,717409382559,131973,100,24039,450,42
1784721408.5490,19:56:48,717409409529,136250,100,24039,450,42
1784721408.7490,19:56:48,717409435361,136250,100,24039,450,42
1784721408.9490,19:56:48,717409459263,136250,100,24039,450,42
1784721409.1490,19:56:49,717409481923,134563,100,24039,315,41
1784721409.3490,19:56:49,717409503658,134563,100,24039,315,41
1784721409.5490,19:56:49,717409524174,122183,100,24039,270,41
1784721409.7490,19:56:49,717409546716,122183,100,24039,270,41
1784721409.9490,19:56:49,717409570736,122183,100,24039,270,41
1784721410.1490,19:56:50,717409594736,114848,100,24039,360,41
1784721410.3490,19:56:50,717409618653,114848,100,24039,360,41
1784721410.5490,19:56:50,717409642682,118453,100,24039,360,41
1784721410.7490,19:56:50,717409666640,118453,100,24039,360,41
1784721410.9490,19:56:50,717409690790,118453,100,24039,360,41
1784721411.1490,19:56:51,717409714849,123084,100,24039,360,41
1784721411.3490,19:56:51,717409738924,123084,100,24039,360,41
1784721411.5490,19:56:51,717409762979,123471,100,24039,360,41
1784721411.7490,19:56:51,717409786996,123471,100,24039,360,41
1784721411.9490,19:56:51,717409811007,123471,100,24039,360,41
1784721412.1490,19:56:52,717409835469,123525,100,24039,375,41
1784721412.3490,19:56:52,717409859646,123525,100,24039,375,41
1784721412.5490,19:56:52,717409883602,123887,100,24039,360,41
1784721412.7490,19:56:52,717409907796,123887,100,24039,360,41
1784721412.9490,19:56:52,717409932175,123887,100,24039,360,41
1784721413.1490,19:56:53,717409956365,124412,100,24039,375,41
1784721413.3490,19:56:53,717409980335,124412,100,24039,375,41
1784721413.5490,19:56:53,717410004279,124044,100,24039,360,41
1784721413.7490,19:56:53,717410028296,124044,100,24039,360,41
1784721413.9490,19:56:53,717410052230,124044,100,24039,360,41
1784721414.1490,19:56:54,717410075919,123854,100,24039,360,41
1784721414.3490,19:56:54,717410099796,123854,100,24039,360,41
1784721414.5490,19:56:54,717410123728,123258,100,24039,360,41
1784721414.7490,19:56:54,717410147513,123258,100,24039,360,41
1784721414.9490,19:56:54,717410171425,123258,100,24039,360,41
1784721415.1490,19:56:55,717410194020,123040,100,24039,360,41
1784721415.3490,19:56:55,717410216960,123040,100,24039,360,41
1784721415.5490,19:56:55,717410240862,121193,100,24039,360,41
1784721415.7490,19:56:55,717410264296,121193,100,24039,360,41
1784721415.9490,19:56:55,717410288083,121193,100,24039,360,41
1784721416.1490,19:56:56,717410311740,120749,100,24039,360,41
1784721416.3490,19:56:56,717410335548,120749,100,24039,360,41
1784721416.5490,19:56:56,717410359221,122552,100,24039,360,41
1784721416.7490,19:56:56,717410382952,122552,100,24039,360,41
1784721416.9490,19:56:56,717410406787,122552,100,24039,360,41
1784721417.1490,19:56:57,717410430253,122821,100,24039,345,41
1784721417.3490,19:56:57,717410453985,122821,100,24039,345,41
1784721417.5490,19:56:57,717410477649,122768,100,24039,360,41
1784721417.7490,19:56:57,717410502152,122768,100,24039,360,41
1784721417.9490,19:56:57,717410527776,122768,100,24039,360,41
1784721418.1490,19:56:58,717410553460,125423,100,24039,420,41
1784721418.3490,19:56:58,717410578569,125423,100,24039,420,41
1784721418.5490,19:56:58,717410603858,129646,100,24039,405,41
1784721418.7490,19:56:58,717410629054,129646,100,24039,405,41
1784721418.9490,19:56:58,717410653759,129646,100,24039,405,41
1784721419.1490,19:56:59,717410677013,131169,100,24039,330,41
1784721419.3490,19:56:59,717410700126,131169,100,24039,330,41
1784721419.5490,19:56:59,717410723250,125953,100,24039,345,41
1784721419.7490,19:56:59,717410746345,125953,100,24039,345,41
1784721419.9490,19:56:59,717410769439,125953,100,24039,345,41
1784721420.1490,19:57:00,717410792577,120929,100,24039,345,41
1784721420.3490,19:57:00,717410815394,120929,100,24039,345,41
1784721420.5490,19:57:00,717410838541,120063,100,24039,345,41
1784721420.7490,19:57:00,717410863543,120063,100,24039,345,41
1784721420.9490,19:57:00,717410888699,120063,100,24039,345,41
1784721421.1490,19:57:01,717410913782,124087,100,24039,405,41
1784721421.3490,19:57:01,717410938861,124087,100,24039,405,41
1784721421.5490,19:57:01,717410963884,129297,100,24039,405,41
1784721421.7490,19:57:01,717410988489,129297,100,24039,405,41
1784721421.9490,19:57:01,717411013420,129297,100,24039,405,41
1784721422.1490,19:57:02,717411037804,130465,100,24039,375,42
1784721422.3490,19:57:02,717411062529,130465,100,24039,375,42
1784721422.5490,19:57:02,717411087281,129334,100,24039,405,41
1784721422.7490,19:57:02,717411111752,129334,100,24039,405,41
1784721422.9490,19:57:02,717411136701,129334,100,24039,405,41
1784721423.1490,19:57:03,717411161500,129267,100,24039,405,41
1784721423.3490,19:57:03,717411186072,129267,100,24039,405,41
1784721423.5490,19:57:03,717411211070,129588,100,24039,405,41
1784721423.7490,19:57:03,717411235775,129588,100,24039,405,41
1784721423.9490,19:57:03,717411260240,129588,100,24039,405,41
1784721424.1490,19:57:04,717411284739,129516,100,24039,390,41
1784721424.3490,19:57:04,717411309515,129516,100,24039,390,41
1784721424.5490,19:57:04,717411332590,129177,100,24039,315,41
1784721424.7490,19:57:04,717411354531,129177,100,24039,315,41
1784721424.9490,19:57:04,717411376397,129177,100,24039,315,41
1784721425.1490,19:57:05,717411398765,122648,100,24039,315,41
1784721425.3490,19:57:05,717411422623,122648,100,24039,315,41
1784721425.5490,19:57:05,717411446478,119790,100,24039,375,41
1784721425.7490,19:57:05,717411470775,119790,100,24039,375,41
1784721425.9490,19:57:05,717411496280,119790,100,24039,375,41
1784721426.1490,19:57:06,717411521923,125917,100,24039,420,42
1784721426.3490,19:57:06,717411547732,125917,100,24039,420,42
1784721426.5490,19:57:06,717411572639,132488,100,24039,375,42
1784721426.7490,19:57:06,717411595727,132488,100,24039,375,42
1784721426.9490,19:57:06,717411617095,132488,100,24039,375,42
1784721427.1490,19:57:07,717411638451,128213,100,24039,300,41
1784721427.3490,19:57:07,717411659764,128213,100,24039,300,41
1784721427.5490,19:57:07,717411680942,117709,100,24039,315,41
1784721427.7490,19:57:07,717411702670,117709,100,24039,315,41
1784721427.9490,19:57:07,717411725824,117709,100,24039,315,41
1784721428.1490,19:57:08,717411749157,114894,100,24039,360,41
1784721428.3490,19:57:08,717411772439,114894,100,24039,360,41
1784721428.5490,19:57:08,717411795788,119710,100,24039,360,41
1784721428.7490,19:57:08,717411820546,119710,100,24039,360,41
1784721428.9490,19:57:08,717411845391,119710,100,24039,360,41
1784721429.1490,19:57:09,717411870193,126584,100,24039,405,41
1784721429.3490,19:57:09,717411894909,126584,100,24039,405,41
1784721429.5490,19:57:09,717411917441,129168,100,24039,330,41
1784721429.7490,19:57:09,717411937745,129168,100,24039,330,41
1784721429.9490,19:57:09,717411958068,129168,100,24039,330,41
1784721430.1490,19:57:10,717411978045,120807,100,24039,270,41
1784721430.3490,19:57:10,717411998149,120807,100,24039,270,41
1784721430.5490,19:57:10,717412018319,109642,100,24039,270,41
1784721430.7490,19:57:10,717412039469,109642,100,24039,270,41
1784721430.9490,19:57:10,717412062595,109642,100,24039,270,41
1784721431.1490,19:57:11,717412087112,111213,100,24039,420,41
1784721431.3490,19:57:11,717412112931,111213,100,24039,420,41
1784721431.5490,19:57:11,717412138781,123949,100,24039,450,42
1784721431.7490,19:57:11,717412164297,123949,100,24039,450,42
1784721431.9490,19:57:11,717412190030,123949,100,24039,450,42
1784721432.1490,19:57:12,717412215557,135157,100,24039,435,42
1784721432.3490,19:57:12,717412241095,135157,100,24039,435,42
1784721432.5490,19:57:12,717412265101,136070,100,24039,375,41
1784721432.7490,19:57:12,717412287635,136070,100,24039,375,41
1784721432.9490,19:57:12,717412309321,136070,100,24039,375,41
1784721433.1490,19:57:13,717412331394,128081,100,24039,330,41
1784721433.3490,19:57:13,717412352422,128081,100,24039,330,41
1784721433.5490,19:57:13,717412373177,117975,100,24039,330,41
1784721433.7490,19:57:13,717412395065,117975,100,24039,330,41
1784721433.9490,19:57:13,717412417069,117975,100,24039,330,41
1784721434.1490,19:57:14,717412439050,115690,100,24039,330,41
1784721434.3490,19:57:14,717412460961,115690,100,24039,330,41
1784721434.5490,19:57:14,717412482422,116589,100,24039,315,41
1784721434.7490,19:57:14,717412503784,116589,100,24039,315,41
1784721434.9490,19:57:14,717412525675,116589,100,24039,315,41
1784721435.1490,19:57:15,717412547655,116941,100,24039,330,41
1784721435.3490,19:57:15,717412569594,116941,100,24039,330,41
1784721435.5490,19:57:15,717412591522,117020,100,24039,330,41
1784721435.7490,19:57:15,717412613476,117020,100,24039,330,41
1784721435.9490,19:57:15,717412635150,117020,100,24039,330,41
1784721436.1490,19:57:16,717412657030,117707,100,24039,330,41
1784721436.3490,19:57:16,717412679065,117707,100,24039,330,41
1784721436.5490,19:57:16,717412702427,118661,100,24039,375,41
1784721436.7490,19:57:16,717412725673,118661,100,24039,375,41
1784721436.9490,19:57:16,717412749478,118661,100,24039,375,41
1784721437.1490,19:57:17,717412773065,122967,100,24039,375,41
1784721437.3490,19:57:17,717412796456,122967,100,24039,375,41
1784721437.5490,19:57:17,717412821562,127509,100,24039,435,41
1784721437.7490,19:57:17,717412846933,127509,100,24039,435,41
1784721437.9490,19:57:17,717412872519,127509,100,24039,435,41
1784721438.1490,19:57:18,717412898156,132574,100,24039,435,42
1784721438.3490,19:57:18,717412922027,132574,100,24039,435,42
1784721438.5490,19:57:18,717412945809,135064,100,24039,390,41
1784721438.7490,19:57:18,717412969554,135064,100,24039,390,41
1784721438.9490,19:57:18,717412991883,135064,100,24039,390,41
1784721439.1490,19:57:19,717413013665,129872,100,24039,330,41
1784721439.3490,19:57:19,717413035466,129872,100,24039,330,41
1784721439.5490,19:57:19,717413057348,122463,100,24039,330,41
1784721439.7490,19:57:19,717413079153,122463,100,24039,330,41
1784721439.9490,19:57:19,717413100948,122463,100,24039,330,41
1784721440.1490,19:57:20,717413122787,118476,100,24039,330,41
1784721440.3490,19:57:20,717413144548,118476,100,24039,330,41
1784721440.5490,19:57:20,717413167198,118726,100,24039,375,41
1784721440.7490,19:57:20,717413190741,118726,100,24039,375,41
1784721440.9490,19:57:20,717413214716,118726,100,24039,375,41
1784721441.1490,19:57:21,717413239797,123427,100,24039,450,42
1784721441.3490,19:57:21,717413263901,123427,100,24039,450,42
1784721441.5490,19:57:21,717413287231,129878,100,24039,390,41
1784721441.7490,19:57:21,717413310307,129878,100,24039,390,41
1784721441.9490,19:57:21,717413333914,129878,100,24039,390,41
1784721442.1490,19:57:22,717413357128,130119,100,24039,390,41
1784721442.3490,19:57:22,717413380263,130119,100,24039,390,41
1784721442.5490,19:57:22,717413403411,126734,100,24039,375,41
1784721442.7490,19:57:22,717413426281,126734,100,24039,375,41
1784721442.9490,19:57:22,717413449264,126734,100,24039,375,41
1784721443.1490,19:57:23,717413472466,126147,100,24039,375,41
1784721443.3490,19:57:23,717413496312,126147,100,24039,375,41
1784721443.5490,19:57:23,717413520975,127703,100,24039,420,41
1784721443.7490,19:57:23,717413545945,127703,100,24039,420,41
1784721443.9490,19:57:23,717413570976,127703,100,24039,420,41
1784721444.1490,19:57:24,717413595412,132587,100,24039,435,42
1784721444.3490,19:57:24,717413618077,132587,100,24039,435,42
1784721444.5490,19:57:24,717413638943,131648,100,24039,300,41
1784721444.7490,19:57:24,717413659658,131648,100,24039,300,41
1784721444.9490,19:57:24,717413680348,131648,100,24039,300,41
1784721445.1490,19:57:25,717413701070,121363,100,24039,300,41
1784721445.3490,19:57:25,717413723536,121363,100,24039,300,41
1784721445.5490,19:57:25,717413746213,116607,100,24039,360,41
1784721445.7490,19:57:25,717413768740,116607,100,24039,360,41
1784721445.9490,19:57:25,717413791252,116607,100,24039,360,41
1784721446.1490,19:57:26,717413813650,121180,100,24039,360,41
1784721446.3490,19:57:26,717413836153,121180,100,24039,360,41
1784721446.5490,19:57:26,717413858666,123836,100,24039,360,41
1784721446.7490,19:57:26,717413881234,123836,100,24039,360,41
1784721446.9490,19:57:26,717413903697,123836,100,24039,360,41
1784721447.1490,19:57:27,717413926184,123842,100,24039,360,41
1784721447.3490,19:57:27,717413948647,123842,100,24039,360,41
1784721447.5490,19:57:27,717413972184,124553,100,24039,405,41
1784721447.7490,19:57:27,717413996462,124553,100,24039,405,41
1784721447.9490,19:57:27,717414020614,124553,100,24039,405,41
1784721448.1490,19:57:28,717414044550,128542,100,24039,405,41
1784721448.3490,19:57:28,717414068562,128542,100,24039,405,41
1784721448.5490,19:57:28,717414092657,132450,100,24039,405,41
1784721448.7490,19:57:28,717414115649,132450,100,24039,405,41
1784721448.9490,19:57:28,717414136744,132450,100,24039,405,41
1784721449.1490,19:57:29,717414157292,128634,100,24039,300,41
1784721449.3490,19:57:29,717414177798,128634,100,24039,300,41
1784721449.5490,19:57:29,717414199197,120088,100,24039,345,41
1784721449.7490,19:57:29,717414222072,120088,100,24039,345,41
1784721449.9490,19:57:29,717414245772,120088,100,24039,345,41
1784721450.1490,19:57:30,717414269640,120064,100,24039,405,41
1784721450.3490,19:57:30,717414293493,120064,100,24039,405,41
1784721450.5490,19:57:30,717414317339,128719,100,24039,405,41
1784721450.7490,19:57:30,717414343157,128719,100,24039,405,41
1784721450.9490,19:57:30,717414368721,128719,100,24039,390,41
1784721451.1490,19:57:31,717414394321,132273,100,24039,390,41
1784721451.3490,19:57:31,717414419845,132273,100,24039,390,41
1784721451.5490,19:57:31,717414445272,131554,100,24039,390,41
1784721451.7490,19:57:31,717414470735,131554,100,24039,390,41
1784721451.9490,19:57:31,717414496609,131554,100,24039,390,41
1784721452.1490,19:57:32,717414521843,131099,100,24039,405,41
1784721452.3490,19:57:32,717414545462,131099,100,24039,405,41
1784721452.5490,19:57:32,717414568930,128139,100,24039,345,41
1784721452.7490,19:57:32,717414592360,128139,100,24039,345,41
1784721452.9490,19:57:32,717414615793,128139,100,24039,345,41
1784721453.1490,19:57:33,717414639178,123225,100,24039,345,41
1784721453.3490,19:57:33,717414662829,123225,100,24039,345,41
1784721453.5490,19:57:33,717414686365,120499,100,24039,345,41
1784721453.7490,19:57:33,717414709765,120499,100,24039,345,41
1784721453.9490,19:57:33,717414733414,120499,100,24039,345,41
1784721454.1490,19:57:34,717414757033,120625,100,24039,345,41
1784721454.3490,19:57:34,717414780833,120625,100,24039,345,41
1784721454.5490,19:57:34,717414804534,121187,100,24039,345,41
1784721454.7490,19:57:34,717414828252,121187,100,24039,345,41
1784721454.9490,19:57:34,717414851984,121187,100,24039,345,41
1784721455.1490,19:57:35,717414875385,121810,100,24039,330,41
1784721455.3490,19:57:35,717414898890,121810,100,24039,330,41
1784721455.5490,19:57:35,717414922483,121164,100,24039,345,41
1784721455.7490,19:57:35,717414947485,121164,100,24039,345,41
1784721455.9490,19:57:35,717414973179,121164,100,24039,345,41
1784721456.1490,19:57:36,717414998842,124177,100,24039,405,41
1784721456.3490,19:57:36,717415022816,124177,100,24039,405,41
1784721456.5490,19:57:36,717415045979,126332,100,24039,345,41
1784721456.7490,19:57:36,717415069416,126332,100,24039,345,41
1784721456.9490,19:57:36,717415092785,126332,100,24039,345,41
1784721457.1490,19:57:37,717415116063,123603,100,24039,345,41
1784721457.3490,19:57:37,717415139366,123603,100,24039,345,41
1784721457.5490,19:57:37,717415163115,119845,100,24039,345,41
1784721457.7490,19:57:37,717415186687,119845,100,24039,345,41
1784721457.9490,19:57:37,717415210221,119845,100,24039,345,41
1784721458.1490,19:57:38,717415233623,120349,100,24039,345,41
1784721458.3491,19:57:38,717415257006,120349,100,24039,345,41
1784721458.5490,19:57:38,717415281234,120672,100,24039,405,41
1784721458.7490,19:57:38,717415306403,120672,100,24039,405,41
1784721458.9490,19:57:38,717415331578,120672,100,24039,405,41
1784721459.1490,19:57:39,717415355814,124448,100,24039,390,41
1784721459.3490,19:57:39,717415378983,124448,100,24039,390,41
1784721459.5490,19:57:39,717415402124,124584,100,24039,345,41
1784721459.7490,19:57:39,717415425366,124584,100,24039,345,41
1784721459.9490,19:57:39,717415448438,124584,100,24039,345,41
1784721460.1490,19:57:40,717415471225,120704,100,24039,330,41
1784721460.3490,19:57:40,717415494508,120704,100,24039,330,41
1784721460.5490,19:57:40,717415519668,119305,100,24039,420,41
1784721460.7490,19:57:40,717415546351,119305,100,24039,420,41
1784721460.9490,19:57:40,717415572707,119305,100,24039,420,41
1784721461.1490,19:57:41,717415599385,126807,100,24039,435,42
1784721461.3490,19:57:41,717415626049,126807,100,24039,435,42
1784721461.5490,19:57:41,717415653147,135513,100,24039,435,42
1784721461.7490,19:57:41,717415679917,135513,100,24039,435,42
1784721461.9490,19:57:41,717415706551,135513,100,24039,435,42
1784721462.1490,19:57:42,717415733039,137331,100,24039,435,42
1784721462.3490,19:57:42,717415757720,137331,100,24039,435,42
1784721462.5490,19:57:42,717415782301,134196,100,24039,360,41
1784721462.7490,19:57:42,717415806690,134196,100,24039,360,41
1784721462.9490,19:57:42,717415831401,134196,100,24039,360,41
1784721463.1490,19:57:43,717415855588,128762,100,24039,375,41
1784721463.3490,19:57:43,717415879857,128762,100,24039,375,41
1784721463.5490,19:57:43,717415904146,125350,100,24039,360,41
1784721463.7490,19:57:43,717415928334,125350,100,24039,360,41
1784721463.9490,19:57:43,717415952642,125350,100,24039,360,41
1784721464.1490,19:57:44,717415977314,124947,100,24039,375,41
1784721464.3490,19:57:44,717416001890,124947,100,24039,375,41
1784721464.5490,19:57:44,717416026141,125518,100,24039,360,41
1784721464.7490,19:57:44,717416050412,125518,100,24039,360,41
1784721464.9490,19:57:44,717416074611,125518,100,24039,360,41
1784721465.1490,19:57:45,717416098799,125646,100,24039,360,41
1784721465.3490,19:57:45,717416123048,125646,100,24039,360,41
1784721465.5490,19:57:45,717416147180,124812,100,24039,360,41
1784721465.7490,19:57:45,717416171547,124812,100,24039,360,41
1784721465.9490,19:57:45,717416195937,124812,100,24039,360,41
1784721466.1490,19:57:46,717416220238,125064,100,24039,360,41
1784721466.3490,19:57:46,717416244797,125064,100,24039,360,41
1784721466.5490,19:57:46,717416269394,125757,100,24039,375,41
1784721466.7490,19:57:46,717416293780,125757,100,24039,375,41
1784721466.9490,19:57:46,717416318158,125757,100,24039,375,41
1784721467.1490,19:57:47,717416342421,125944,100,24039,375,41
1784721467.3490,19:57:47,717416366841,125944,100,24039,375,41
1784721467.5490,19:57:47,717416389863,125713,100,24039,315,41
1784721467.7490,19:57:47,717416412045,125713,100,24039,315,41
1784721467.9490,19:57:47,717416433490,125713,100,24039,315,41
1784721468.1490,19:57:48,717416455570,119822,100,24039,315,41
1784721468.3490,19:57:48,717416477624,119822,100,24039,315,41
1784721468.5490,19:57:48,717416499445,114656,100,24039,300,41
1784721468.7490,19:57:48,717416521388,114656,100,24039,300,41
1784721468.9490,19:57:48,717416543833,114656,100,24039,300,41
1784721469.1490,19:57:49,717416567478,114288,100,24039,360,41
1784721469.3490,19:57:49,717416591263,114288,100,24039,360,41
1784721469.5490,19:57:49,717416614830,118528,100,24039,360,41
1784721469.7490,19:57:49,717416638352,118528,100,24039,360,41
1784721469.9490,19:57:49,717416662426,118528,100,24039,360,41
1784721470.1490,19:57:50,717416688277,122976,100,24039,420,41
1784721470.3490,19:57:50,717416713843,122976,100,24039,420,41
1784721470.5490,19:57:50,717416739431,128002,100,24039,420,41
1784721470.7490,19:57:50,717416765080,128002,100,24039,420,41
1784721470.9490,19:57:50,717416788955,128002,100,24039,420,41
1784721471.1490,19:57:51,717416812728,131114,100,24039,360,41
1784721471.3490,19:57:51,717416836293,131114,100,24039,360,41
1784721471.5490,19:57:51,717416861577,127715,100,24039,405,41
1784721471.7490,19:57:51,717416886939,127715,100,24039,405,41
1784721471.9490,19:57:51,717416912369,127715,100,24039,405,41
1784721472.1490,19:57:52,717416937702,128262,100,24039,405,42
1784721472.3490,19:57:52,717416961101,128262,100,24039,405,42
1784721472.5490,19:57:52,717416984467,129483,100,24039,345,41
1784721472.7490,19:57:52,717417007785,129483,100,24039,345,41
1784721472.9490,19:57:52,717417030983,129483,100,24039,345,41
1784721473.1490,19:57:53,717417054171,124620,100,24039,345,41
1784721473.3490,19:57:53,717417077135,124620,100,24039,345,41
1784721473.5490,19:57:53,717417100197,121252,100,24039,345,41
1784721473.7490,19:57:53,717417123341,121252,100,24039,345,41
1784721473.9490,19:57:53,717417146468,121252,100,24039,345,41
1784721474.1490,19:57:54,717417169644,120933,100,24039,345,41
1784721474.3490,19:57:54,717417192778,120933,100,24039,345,41
1784721474.5490,19:57:54,717417215788,121048,100,24039,345,41
1784721474.7490,19:57:54,717417239477,121048,100,24039,345,41
1784721474.9490,19:57:54,717417264222,121048,100,24039,345,41
1784721475.1490,19:57:55,717417289051,123310,100,24039,405,41
1784721475.3490,19:57:55,717417313715,123310,100,24039,405,41
1784721475.5490,19:57:55,717417338414,127313,100,24039,390,41
1784721475.7490,19:57:55,717417363100,127313,100,24039,390,41
1784721475.9490,19:57:55,717417387730,127313,100,24039,390,41
1784721476.1490,19:57:56,717417412349,129864,100,24039,390,41
1784721476.3490,19:57:56,717417437047,129864,100,24039,390,41
1784721476.5490,19:57:56,717417461807,129806,100,24039,390,41
1784721476.7490,19:57:56,717417486510,129806,100,24039,390,41
1784721476.9490,19:57:56,717417510975,129806,100,24039,390,41
1784721477.1490,19:57:57,717417535675,129674,100,24039,390,41
1784721477.3490,19:57:57,717417560219,129674,100,24039,390,41
1784721477.5490,19:57:57,717417584806,129685,100,24039,405,41
1784721477.7490,19:57:57,717417609123,129685,100,24039,405,41
1784721477.9490,19:57:57,717417634027,129685,100,24039,405,41
1784721478.1490,19:57:58,717417658921,129658,100,24039,405,41
1784721478.3490,19:57:58,717417683517,129658,100,24039,405,41
1784721478.5490,19:57:58,717417708347,130323,100,24039,405,41
1784721478.7490,19:57:58,717417733245,130323,100,24039,405,41
1784721478.9490,19:57:58,717417758149,130323,100,24039,405,41
1784721479.1490,19:57:59,717417782790,131196,100,24039,405,41
1784721479.3490,19:57:59,717417807471,131196,100,24039,405,41
1784721479.5490,19:57:59,717417830407,130152,100,24039,345,41
1784721479.7490,19:57:59,717417853289,130152,100,24039,345,41
1784721479.9490,19:57:59,717417876163,130152,100,24039,345,41
1784721480.1490,19:58:00,717417899065,125452,100,24039,345,41
1784721480.3490,19:58:00,717417921925,125452,100,24039,345,41
1784721480.5490,19:58:00,717417944816,121389,100,24039,345,41
1784721480.7490,19:58:00,717417967537,121389,100,24039,345,41
1784721480.9490,19:58:00,717417990605,121389,100,24039,345,41
1784721481.1490,19:58:01,717418013372,121435,100,24039,345,41
1784721481.3490,19:58:01,717418036088,121435,100,24039,345,41
1784721481.5490,19:58:01,717418059275,121578,100,24039,360,41
1784721481.7490,19:58:01,717418082116,121578,100,24039,360,41
1784721481.9490,19:58:01,717418104973,121578,100,24039,360,41
1784721482.1490,19:58:02,717418127831,121770,100,24039,345,41
1784721482.3490,19:58:02,717418150683,121770,100,24039,345,41
1784721482.5490,19:58:02,717418173629,122042,100,24039,345,41
1784721482.7490,19:58:02,717418196426,122042,100,24039,345,41
1784721482.9490,19:58:02,717418219206,122042,100,24039,345,41
1784721483.1490,19:58:03,717418241972,121734,100,24039,345,41
1784721483.3490,19:58:03,717418265777,121734,100,24039,345,41
1784721483.5490,19:58:03,717418290534,123624,100,24039,405,41
1784721483.7490,19:58:03,717418315076,123624,100,24039,405,41
1784721483.9490,19:58:03,717418339505,123624,100,24039,405,41
1784721484.1490,19:58:04,717418363869,127875,100,24039,405,41
1784721484.3490,19:58:04,717418388437,127875,100,24039,405,41
1784721484.5490,19:58:04,717418413002,131194,100,24039,405,41
1784721484.7490,19:58:04,717418436706,131194,100,24039,405,41
1784721484.9490,19:58:04,717418459286,131194,100,24039,405,41
1784721485.1490,19:58:05,717418481793,128435,100,24039,345,41
1784721485.3490,19:58:05,717418504248,128435,100,24039,345,41
1784721485.5490,19:58:05,717418526897,123997,100,24039,345,41
1784721485.7490,19:58:05,717418549524,123997,100,24039,345,41
1784721485.9490,19:58:05,717418572268,123997,100,24039,345,41
1784721486.1490,19:58:06,717418594456,121186,100,24039,345,41
1784721486.3490,19:58:06,717418617150,121186,100,24039,345,41
1784721486.5490,19:58:06,717418639582,121198,100,24039,345,41
1784721486.7490,19:58:06,717418661988,121198,100,24039,345,41
1784721486.9490,19:58:06,717418684376,121198,100,24039,345,41
1784721487.1490,19:58:07,717418706631,120624,100,24039,330,41
1784721487.3490,19:58:07,717418729086,120624,100,24039,330,41
1784721487.5490,19:58:07,717418751213,120163,100,24039,360,41
1784721487.7490,19:58:07,717418775082,120163,100,24039,360,41
1784721487.9490,19:58:07,717418798963,120163,100,24039,360,41
1784721488.1490,19:58:08,717418822927,123120,100,24039,390,41
1784721488.3490,19:58:08,717418846893,123120,100,24039,390,41
1784721488.5490,19:58:08,717418868879,126262,100,24039,330,41
1784721488.7490,19:58:08,717418890758,126262,100,24039,330,41
1784721488.9490,19:58:08,717418912538,126262,100,24039,330,41
1784721489.1490,19:58:09,717418934327,123072,100,24039,330,41
1784721489.3490,19:58:09,717418956100,123072,100,24039,330,41
1784721489.5490,19:58:09,717418977903,117912,100,24039,330,41
1784721489.7490,19:58:09,717418999909,117912,100,24039,330,41
1784721489.9490,19:58:09,717419022034,117912,100,24039,330,41
1784721490.1490,19:58:10,717419044174,118285,100,24039,345,41
1784721490.3490,19:58:10,717419066200,118285,100,24039,345,41
1784721490.5490,19:58:10,717419089394,119372,100,24039,390,41
1784721490.7490,19:58:10,717419113016,119372,100,24039,390,41
1784721490.9490,19:58:10,717419136695,119372,100,24039,390,41
1784721491.1490,19:58:11,717419160366,123733,100,24039,390,41
1784721491.3490,19:58:11,717419184111,123733,100,24039,390,41
1784721491.5490,19:58:11,717419207815,127934,100,24039,390,41
1784721491.7490,19:58:11,717419231543,127934,100,24039,390,41
1784721491.9490,19:58:11,717419255337,127934,100,24039,390,41
1784721492.1490,19:58:12,717419279103,128709,100,24039,390,41
1784721492.3490,19:58:12,717419302746,128709,100,24039,390,41
1784721492.5490,19:58:12,717419325518,128826,100,24039,330,41
1784721492.7490,19:58:12,717419347316,128826,100,24039,330,41
1784721492.9490,19:58:12,717419368893,128826,100,24039,330,41
1784721493.1490,19:58:13,717419390791,124010,100,24039,330,41
1784721493.3490,19:58:13,717419413013,124010,100,24039,330,41
1784721493.5490,19:58:13,717419436630,120751,100,24039,390,41
1784721493.7490,19:58:13,717419460227,120751,100,24039,390,41
1784721493.9490,19:58:13,717419483585,120751,100,24039,390,41
1784721494.1490,19:58:14,717419507176,124494,100,24039,390,41
1784721494.3490,19:58:14,717419532315,124494,100,24039,390,41
1784721494.5490,19:58:14,717419557606,130927,100,24039,450,42
1784721494.7490,19:58:14,717419582833,130927,100,24039,450,42
1784721494.9490,19:58:14,717419608170,130927,100,24039,450,42
1784721495.1490,19:58:15,717419633493,135508,100,24039,450,42
1784721495.3490,19:58:15,717419658381,135508,100,24039,450,42
1784721495.5490,19:58:15,717419681637,136746,100,24039,390,41
1784721495.7490,19:58:15,717419704768,136746,100,24039,390,41
1784721495.9490,19:58:15,717419728075,136746,100,24039,390,41
1784721496.1490,19:58:16,717419749157,131778,100,24039,315,41
1784721496.3490,19:58:16,717419770144,131778,100,24039,315,41
1784721496.5490,19:58:16,717419791148,121695,100,24039,315,41
1784721496.7490,19:58:16,717419812103,121695,100,24039,315,41
1784721496.9490,19:58:16,717419833059,121695,100,24039,315,41
1784721497.1490,19:58:17,717419854040,116149,100,24039,315,41
1784721497.3490,19:58:17,717419875049,116149,100,24039,315,41
1784721497.5490,19:58:17,717419894181,114463,100,24039,240,41
1784721497.7490,19:58:17,717419914182,114463,100,24039,240,41
1784721497.9490,19:58:17,717419935129,114463,100,24039,240,41
1784721498.1490,19:58:18,717419957327,112267,100,24039,360,41
1784721498.3490,19:58:18,717419980171,112267,100,24039,360,41
1784721498.5490,19:58:18,717420003002,116451,100,24039,375,41
1784721498.7490,19:58:18,717420025765,116451,100,24039,375,41
1784721498.9490,19:58:18,717420048635,116451,100,24039,375,41
1784721499.1490,19:58:19,717420072280,124319,100,24039,405,41
1784721499.3490,19:58:19,717420096507,124319,100,24039,405,41
1784721499.5490,19:58:19,717420120847,128519,100,24039,435,42
1784721499.7490,19:58:19,717420144961,128519,100,24039,435,42
1784721499.9490,19:58:19,717420169498,128519,100,24039,435,42
1784721500.1490,19:58:20,717420193066,132631,100,24039,375,42
1784721500.3490,19:58:20,717420214637,132631,100,24039,375,42
1784721500.5490,19:58:20,717420235198,128497,100,24039,315,41
1784721500.7490,19:58:20,717420255806,128497,100,24039,315,41
1784721500.9490,19:58:20,717420276588,128497,100,24039,315,41
1784721501.1490,19:58:21,717420297444,119735,100,24039,315,41
1784721501.3490,19:58:21,717420318243,119735,100,24039,315,41
1784721501.5490,19:58:21,717420338434,114730,100,24039,330,41
1784721501.7490,19:58:21,717420359313,114730,100,24039,330,41
1784721501.9490,19:58:21,717420380151,114730,100,24039,330,41
1784721502.1490,19:58:22,717420400917,114964,100,24039,315,41
1784721502.3490,19:58:22,717420421277,114964,100,24039,315,41
1784721502.5490,19:58:22,717420441882,114240,100,24039,315,41
1784721502.7490,19:58:22,717420462672,114240,100,24039,315,41
1784721502.9490,19:58:22,717420485430,114240,100,24039,360,41
1784721503.1490,19:58:23,717420509902,114942,100,24039,360,41
1784721503.3490,19:58:23,717420535851,114942,100,24039,360,41
1784721503.5490,19:58:23,717420561903,122356,100,24039,420,41
1784721503.7490,19:58:23,717420587983,122356,100,24039,420,41
1784721503.9490,19:58:23,717420614089,122356,100,24039,420,41
1784721504.1490,19:58:24,717420640079,130982,100,24039,420,41
1784721504.3490,19:58:24,717420664062,130982,100,24039,420,41
1784721504.5490,19:58:24,717420688190,130664,100,24039,360,41
1784721504.7490,19:58:24,717420711666,130664,100,24039,360,41
1784721504.9490,19:58:24,717420735368,130664,100,24039,360,41
1784721505.1490,19:58:25,717420758984,125181,100,24039,345,41
1784721505.3490,19:58:25,717420782531,125181,100,24039,345,41
1784721505.5490,19:58:25,717420805995,121660,100,24039,360,41
1784721505.7490,19:58:25,717420829489,121660,100,24039,360,41
1784721505.9490,19:58:25,717420854936,121660,100,24039,360,41
1784721506.1490,19:58:26,717420880622,122605,100,24039,405,41
1784721506.3490,19:58:26,717420906181,122605,100,24039,405,41
1784721506.5490,19:58:26,717420931881,127336,100,24039,405,41
1784721506.7490,19:58:26,717420957500,127336,100,24039,405,41
1784721506.9490,19:58:26,717420983192,127336,100,24039,405,41
1784721507.1490,19:58:27,717421006304,131450,100,24039,315,41
1784721507.3490,19:58:27,717421028853,131450,100,24039,315,41
1784721507.5490,19:58:27,717421051426,124757,100,24039,315,41
1784721507.7490,19:58:27,717421075127,124757,100,24039,315,41
1784721507.9490,19:58:27,717421099548,124757,100,24039,315,41
1784721508.1490,19:58:28,717421125075,120427,100,24039,420,41
1784721508.3490,19:58:28,717421151619,120427,100,24039,420,41
1784721508.5490,19:58:28,717421178143,127030,100,24039,435,42
1784721508.7490,19:58:28,717421204648,127030,100,24039,435,42
1784721508.9490,19:58:28,717421231202,127030,100,24039,435,42
1784721509.1490,19:58:29,717421256487,134336,100,24039,375,42
1784721509.3490,19:58:29,717421281043,134336,100,24039,375,42
1784721509.5490,19:58:29,717421304699,132102,100,24039,315,41
1784721509.7490,19:58:29,717421327313,132102,100,24039,315,41
1784721509.9490,19:58:29,717421349881,132102,100,24039,315,41
1784721510.1490,19:58:30,717421372486,122957,100,24039,315,41
1784721510.3490,19:58:30,717421395082,122957,100,24039,315,41
1784721510.5490,19:58:30,717421417727,116865,100,24039,315,41
1784721510.7490,19:58:30,717421440324,116865,100,24039,315,41
1784721510.9490,19:58:30,717421462638,116865,100,24039,315,41
1784721511.1490,19:58:31,717421485206,115754,100,24039,315,41
1784721511.3490,19:58:31,717421507637,115754,100,24039,315,41
1784721511.5490,19:58:31,717421530523,115631,100,24039,360,41
1784721511.7490,19:58:31,717421554726,115631,100,24039,360,41
1784721511.9490,19:58:31,717421578924,115631,100,24039,360,41
1784721512.1490,19:58:32,717421603134,118897,100,24039,360,41
1784721512.3490,19:58:32,717421627685,118897,100,24039,360,41
1784721512.5490,19:58:32,717421652073,123484,100,24039,360,41
1784721512.7490,19:58:32,717421676352,123484,100,24039,360,41
1784721512.9490,19:58:32,717421700497,123484,100,24039,360,41
1784721513.1490,19:58:33,717421724723,124721,100,24039,360,41
1784721513.3490,19:58:33,717421750808,124721,100,24039,360,41
1784721513.5490,19:58:33,717421777071,127268,100,24039,420,41
1784721513.7490,19:58:33,717421801381,127268,100,24039,420,41
1784721513.9490,19:58:33,717421825598,127268,100,24039,420,41
1784721514.1490,19:58:34,717421849819,128008,100,24039,360,41
1784721514.3490,19:58:34,717421873889,128008,100,24039,360,41
1784721514.5490,19:58:34,717421898100,125885,100,24039,375,41
1784721514.7490,19:58:34,717421922729,125885,100,24039,375,41
1784721514.9490,19:58:34,717421946915,125885,100,24039,375,41
1784721515.1490,19:58:35,717421971245,124397,100,24039,360,41
1784721515.3490,19:58:35,717421995426,124397,100,24039,360,41
1784721515.5490,19:58:35,717422019445,124626,100,24039,360,41
1784721515.7490,19:58:35,717422043577,124626,100,24039,360,41
1784721515.9490,19:58:35,717422065918,124626,100,24039,360,41
1784721516.1490,19:58:36,717422087468,122409,100,24039,285,41
1784721516.3490,19:58:36,717422109931,122409,100,24039,285,41
1784721516.5490,19:58:36,717422133444,117738,100,24039,345,41
1784721516.7490,19:58:36,717422156984,117738,100,24039,345,41
1784721516.9490,19:58:36,717422180742,117738,100,24039,345,41
1784721517.1490,19:58:37,717422204208,117419,100,24039,345,41
1784721517.3490,19:58:37,717422227734,117419,100,24039,345,41
1784721517.5490,19:58:37,717422251096,120988,100,24039,360,41
1784721517.7490,19:58:37,717422274607,120988,100,24039,360,41
1784721517.9490,19:58:37,717422298020,120988,100,24039,360,41
1784721518.1490,19:58:38,717422321538,120989,100,24039,345,41
1784721518.3490,19:58:38,717422345121,120989,100,24039,345,41
1784721518.5490,19:58:38,717422368659,121167,100,24039,345,41
1784721518.7490,19:58:38,717422392112,121167,100,24039,345,41
1784721518.9490,19:58:38,717422416181,121167,100,24039,345,41
1784721519.1490,19:58:39,717422441819,121893,100,24039,390,41
1784721519.3490,19:58:39,717422468690,121893,100,24039,390,41
1784721519.5490,19:58:39,717422496218,129017,100,24039,465,42
1784721519.7490,19:58:39,717422523309,129017,100,24039,465,42
1784721519.9490,19:58:39,717422549878,129017,100,24039,465,42
1784721520.1490,19:58:40,717422575452,137247,100,24039,405,42
1784721520.3490,19:58:40,717422600953,137247,100,24039,405,42
1784721520.5490,19:58:40,717422626075,136320,100,24039,360,41
1784721520.7490,19:58:40,717422649482,136320,100,24039,360,41
1784721520.9490,19:58:40,717422672890,136320,100,24039,360,41
1784721521.1490,19:58:41,717422696361,128025,100,24039,345,41
1784721521.3490,19:58:41,717422719518,128025,100,24039,345,41
1784721521.5490,19:58:41,717422742998,122663,100,24039,345,41
1784721521.7490,19:58:41,717422766377,122663,100,24039,345,41
1784721521.9490,19:58:41,717422789814,122663,100,24039,345,41
1784721522.1490,19:58:42,717422814634,121310,100,24039,390,41
1784721522.3490,19:58:42,717422839987,121310,100,24039,390,41
1784721522.5490,19:58:42,717422865177,125764,100,24039,390,41
1784721522.7490,19:58:42,717422888223,125764,100,24039,390,41
1784721522.9490,19:58:42,717422911107,125764,100,24039,390,41
1784721523.1490,19:58:43,717422933969,125783,100,24039,330,41
1784721523.3490,19:58:43,717422956748,125783,100,24039,330,41
1784721523.5490,19:58:43,717422980726,121391,100,24039,390,41
1784721523.7490,19:58:43,717423005399,121391,100,24039,390,41
1784721523.9490,19:58:43,717423029845,121391,100,24039,390,41
1784721524.1490,19:58:44,717423053961,123262,100,24039,390,41
1784721524.3490,19:58:44,717423078692,123262,100,24039,390,41
1784721524.5490,19:58:44,717423103356,127340,100,24039,390,41
1784721524.7490,19:58:44,717423127882,127340,100,24039,390,41
1784721524.9490,19:58:44,717423152138,127340,100,24039,390,41
1784721525.1490,19:58:45,717423176767,127805,100,24039,390,41
1784721525.3490,19:58:45,717423201353,127805,100,24039,390,41
1784721525.5490,19:58:45,717423226017,128320,100,24039,390,41
1784721525.7490,19:58:45,717423250651,128320,100,24039,390,41
1784721525.9490,19:58:45,717423275239,128320,100,24039,390,41
1784721526.1490,19:58:46,717423298668,128814,100,24039,360,41
1784721526.3490,19:58:46,717423321389,128814,100,24039,360,41
1784721526.5490,19:58:46,717423344257,125143,100,24039,330,41
1784721526.7490,19:58:46,717423367583,125143,100,24039,330,41
1784721526.9490,19:58:46,717423392122,125143,100,24039,330,41
1784721527.1490,19:58:47,717423416276,123075,100,24039,390,41
1784721527.3490,19:58:47,717423440329,123075,100,24039,390,41
1784721527.5490,19:58:47,717423464602,125013,100,24039,390,41
1784721527.7490,19:58:47,717423488834,125013,100,24039,390,41
1784721527.9490,19:58:47,717423513257,125013,100,24039,390,41
1784721528.1490,19:58:48,717423537658,127361,100,24039,390,41
1784721528.3490,19:58:48,717423561986,127361,100,24039,390,41
1784721528.5490,19:58:48,717423586347,127816,100,24039,390,41
1784721528.7490,19:58:48,717423610718,127816,100,24039,390,41
1784721528.9490,19:58:48,717423635104,127816,100,24039,390,41
1784721529.1490,19:58:49,717423659456,128205,100,24039,390,41
1784721529.3490,19:58:49,717423683563,128205,100,24039,390,41
1784721529.5490,19:58:49,717423707854,127990,100,24039,390,41
1784721529.7490,19:58:49,717423732178,127990,100,24039,390,41
1784721529.9490,19:58:49,717423756493,127990,100,24039,390,41
1784721530.1490,19:58:50,717423780858,127969,100,24039,390,41
1784721530.3490,19:58:50,717423805308,127969,100,24039,390,41
1784721530.5490,19:58:50,717423829361,128409,100,24039,315,41
1784721530.7490,19:58:50,717423850861,128409,100,24039,315,41
1784721530.9490,19:58:50,717423872282,128409,100,24039,315,41
1784721531.1490,19:58:51,717423894071,122710,100,24039,315,41
1784721531.3490,19:58:51,717423915865,122710,100,24039,315,41
1784721531.5490,19:58:51,717423937614,116548,100,24039,315,41
1784721531.7490,19:58:51,717423959486,116548,100,24039,315,41
1784721531.9490,19:58:51,717423981206,116548,100,24039,315,41
1784721532.1490,19:58:52,717424002900,115168,100,24039,315,41
1784721532.3490,19:58:52,717424024557,115168,100,24039,315,41
1784721532.5490,19:58:52,717424046211,115225,100,24039,315,41
1784721532.7490,19:58:52,717424069040,115225,100,24039,315,41
1784721532.9490,19:58:52,717424092186,115225,100,24039,315,41
1784721533.1490,19:58:53,717424115196,117586,100,24039,375,41
1784721533.3490,19:58:53,717424139640,117586,100,24039,375,41
1784721533.5490,19:58:53,717424164820,123329,100,24039,435,41
1784721533.7490,19:58:53,717424190349,123329,100,24039,435,41
1784721533.9490,19:58:53,717424215523,123329,100,24039,435,41
1784721534.1490,19:58:54,717424240409,130419,100,24039,390,42
1784721534.3490,19:58:54,717424265170,130419,100,24039,390,42
1784721534.5490,19:58:54,717424290037,133384,100,24039,405,41
1784721534.7490,19:58:54,717424315072,133384,100,24039,405,41
1784721534.9490,19:58:54,717424339986,133384,100,24039,405,41
1784721535.1490,19:58:55,717424364926,132662,100,24039,405,41
1784721535.3490,19:58:55,717424389964,132662,100,24039,405,41
1784721535.5490,19:58:55,717424414847,132977,100,24039,405,42
1784721535.7490,19:58:55,717424439668,132977,100,24039,405,42
1784721535.9490,19:58:55,717424464534,132977,100,24039,405,42
1784721536.1490,19:58:56,717424489406,132840,100,24039,405,42
1784721536.3490,19:58:56,717424513867,132840,100,24039,405,42
1784721536.5490,19:58:56,717424536568,131115,100,24039,345,41
1784721536.7490,19:58:56,717424559503,131115,100,24039,345,41
1784721536.9490,19:58:56,717424582668,131115,100,24039,345,41
1784721537.1490,19:58:57,717424605622,126730,100,24039,360,41
1784721537.3490,19:58:57,717424628725,126730,100,24039,360,41
1784721537.5490,19:58:57,717424651307,122813,100,24039,345,41
1784721537.7490,19:58:57,717424674055,122813,100,24039,345,41
1784721537.9490,19:58:57,717424696773,122813,100,24039,345,41
1784721538.1490,19:58:58,717424719864,122564,100,24039,360,41
1784721538.3490,19:58:58,717424742933,122564,100,24039,360,41
1784721538.5490,19:58:58,717424765930,122870,100,24039,300,41
1784721538.7490,19:58:58,717424786737,122870,100,24039,300,41
1784721538.9490,19:58:58,717424804893,122870,100,24039,300,41
1784721539.1490,19:58:59,717424822871,114084,100,24039,210,40
1784721539.3490,19:58:59,717424840823,114084,100,24039,210,40
1784721539.5490,19:58:59,717424860222,103158,100,24039,255,40
1784721539.7490,19:58:59,717424880923,103158,100,24039,255,40
1784721539.9490,19:58:59,717424904413,103158,100,24039,255,40
1784721540.1490,19:59:00,717424929204,109351,100,24039,435,41
1784721540.3490,19:59:00,717424956027,109351,100,24039,435,41
1784721540.5490,19:59:00,717424982915,129813,100,24039,495,42
1784721540.7490,19:59:00,717425010117,129813,100,24039,495,42
1784721540.9490,19:59:00,717425037343,129813,100,24039,495,42
1784721541.1490,19:59:01,717425062989,143045,100,24039,435,42
1784721541.3490,19:59:01,717425086930,143045,100,24039,435,42
1784721541.5490,19:59:01,717425108575,136456,100,24039,300,41
1784721541.7490,19:59:01,717425127967,136456,100,24039,300,41
1784721541.9490,19:59:01,717425146459,136456,100,24039,300,41
1784721542.1490,19:59:02,717425164897,116014,100,24039,225,40
1784721542.3490,19:59:02,717425184365,116014,100,24039,225,40
1784721542.5490,19:59:02,717425205657,105850,100,24039,330,41
1784721542.7490,19:59:02,717425229092,105850,100,24039,330,41
1784721542.9490,19:59:02,717425252972,105850,100,24039,330,41
1784721543.1490,19:59:03,717425277081,116604,100,24039,405,41
1784721543.3490,19:59:03,717425301127,116604,100,24039,405,41
1784721543.5490,19:59:03,717425325408,128532,100,24039,405,41
1784721543.7490,19:59:03,717425349503,128532,100,24039,405,41
1784721543.9490,19:59:03,717425373632,128532,100,24039,405,41
1784721544.1490,19:59:04,717425397781,130714,100,24039,405,41
1784721544.3490,19:59:04,717425421820,130714,100,24039,405,41
1784721544.5490,19:59:04,717425445876,130773,100,24039,405,41
1784721544.7490,19:59:04,717425470036,130773,100,24039,405,41
1784721544.9490,19:59:04,717425494148,130773,100,24039,405,41
1784721545.1490,19:59:05,717425517515,130930,100,24039,405,41
1784721545.3490,19:59:05,717425539614,130930,100,24039,405,41
1784721545.5490,19:59:05,717425561559,126338,100,24039,345,41
1784721545.7490,19:59:05,717425583745,126338,100,24039,345,41
1784721545.9490,19:59:05,717425605814,126338,100,24039,345,41
1784721546.1490,19:59:06,717425627423,121237,100,24039,330,41
1784721546.3490,19:59:06,717425649100,121237,100,24039,330,41
1784721546.5490,19:59:06,717425670653,119042,100,24039,330,41
1784721546.7490,19:59:06,717425692506,119042,100,24039,330,41
1784721546.9490,19:59:06,717425716386,119042,100,24039,330,41
1784721547.1490,19:59:07,717425741586,122228,100,24039,450,41
1784721547.3490,19:59:07,717425767016,122228,100,24039,450,41
1784721547.5490,19:59:07,717425792851,132003,100,24039,465,42
1784721547.7490,19:59:07,717425818393,132003,100,24039,465,42
1784721547.9490,19:59:07,717425841811,132003,100,24039,465,42
1784721548.1490,19:59:08,717425878029,135942,100,24039,390,41
1784721548.3490,19:59:08,717425903619,135942,100,24039,390,41
1784721548.5490,19:59:08,717425929170,131243,100,24039,375,41
1784721548.7490,19:59:08,717425954611,131243,100,24039,375,41
1784721548.9490,19:59:08,717425979651,131243,100,24039,375,41
1784721549.1490,19:59:09,717426004987,127412,100,24039,375,41
1784721549.3490,19:59:09,717426030531,127412,100,24039,375,41
1784721549.5490,19:59:09,717426055504,126923,100,24039,375,41
1784721549.7490,19:59:09,717426080111,126923,100,24039,375,41
1784721549.9490,19:59:09,717426105625,126923,100,24039,375,41
1784721550.1490,19:59:10,717426131150,126348,100,24039,390,41
1784721550.3490,19:59:10,717426156301,126348,100,24039,390,41
1784721550.5490,19:59:10,717426181485,126260,100,24039,375,41
1784721550.7490,19:59:10,717426205062,126260,100,24039,375,41
1784721550.9490,19:59:10,717426228479,126260,100,24039,375,41
1784721551.1490,19:59:11,717426251478,123434,100,24039,315,41
1784721551.3490,19:59:11,717426274490,123434,100,24039,315,41
1784721551.5490,19:59:11,717426297397,118252,100,24039,315,41
1784721551.7490,19:59:11,717426320580,118252,100,24039,315,41
1784721551.9490,19:59:11,717426344086,118252,100,24039,315,41
1784721552.1490,19:59:12,717426368863,116308,100,24039,330,41
1784721552.3490,19:59:12,717426394343,116308,100,24039,330,41
1784721552.5490,19:59:12,717426419796,121257,100,24039,390,41
1784721552.7490,19:59:12,717426444710,121257,100,24039,390,41
1784721552.9490,19:59:12,717426469678,121257,100,24039,390,41
1784721553.1490,19:59:13,717426492976,125752,100,24039,375,41
1784721553.3490,19:59:13,717426515861,125752,100,24039,375,41
1784721553.5490,19:59:13,717426538735,121655,100,24039,315,41
1784721553.7490,19:59:13,717426561626,121655,100,24039,315,41
1784721553.9490,19:59:13,717426585582,121655,100,24039,315,41
1784721554.1490,19:59:14,717426611284,117588,100,24039,360,41
1784721554.3490,19:59:14,717426638130,117588,100,24039,360,41
1784721554.5490,19:59:14,717426664725,124396,100,24039,435,42
1784721554.7490,19:59:14,717426691592,124396,100,24039,435,42
1784721554.9490,19:59:14,717426718484,124396,100,24039,435,42
1784721555.1490,19:59:15,717426744832,133191,100,24039,435,42
1784721555.3490,19:59:15,717426771149,133191,100,24039,435,42
1784721555.5490,19:59:15,717426797742,134201,100,24039,420,42
1784721555.7490,19:59:15,717426824003,134201,100,24039,420,42
1784721555.9490,19:59:15,717426850034,134201,100,24039,435,42
1784721556.1490,19:59:16,717426876286,134162,100,24039,435,42
1784721556.3490,19:59:16,717426900963,134162,100,24039,435,42
1784721556.5490,19:59:16,717426924452,132118,100,24039,345,41
1784721556.7490,19:59:16,717426947612,132118,100,24039,345,41
1784721556.9490,19:59:16,717426971017,132118,100,24039,345,41
1784721557.1490,19:59:17,717426994279,125536,100,24039,345,41
1784721557.3490,19:59:17,717427017561,125536,100,24039,345,41
1784721557.5490,19:59:17,717427040939,120102,100,24039,345,41
1784721557.7490,19:59:17,717427064378,120102,100,24039,345,41
1784721557.9490,19:59:17,717427087486,120102,100,24039,345,41
1784721558.1490,19:59:18,717427110710,120093,100,24039,345,41
1784721558.3490,19:59:18,717427134140,120093,100,24039,345,41
1784721558.5490,19:59:18,717427157575,120392,100,24039,345,41
1784721558.7490,19:59:18,717427181104,120392,100,24039,345,41
1784721558.9490,19:59:18,717427204644,120392,100,24039,345,41
1784721559.1490,19:59:19,717427228197,120548,100,24039,345,41
1784721559.3490,19:59:19,717427251777,120548,100,24039,345,41
1784721559.5490,19:59:19,717427276888,122095,100,24039,390,41
1784721559.7490,19:59:19,717427302063,122095,100,24039,390,41
1784721559.9490,19:59:19,717427327434,122095,100,24039,390,41
1784721560.1490,19:59:20,717427352989,126103,100,24039,405,41
1784721560.3490,19:59:20,717427377093,126103,100,24039,405,41
1784721560.5490,19:59:20,717427399168,127720,100,24039,300,41
1784721560.7490,19:59:20,717427420956,127720,100,24039,300,41
1784721560.9490,19:59:20,717427442398,127720,100,24039,300,41
1784721561.1490,19:59:21,717427463943,119408,100,24039,285,41
1784721561.3490,19:59:21,717427486820,119408,100,24039,285,41
1784721561.5490,19:59:21,717427511561,114212,100,24039,390,41
1784721561.7490,19:59:21,717427536982,114212,100,24039,390,41
1784721561.9490,19:59:21,717427562321,114212,100,24039,390,41
1784721562.1490,19:59:22,717427587709,122426,100,24039,405,41
1784721562.3490,19:59:22,717427612751,122426,100,24039,405,41
1784721562.5490,19:59:22,717427637760,129627,100,24039,390,41
1784721562.7490,19:59:22,717427662791,129627,100,24039,390,41
1784721562.9490,19:59:22,717427688035,129627,100,24039,390,41
1784721563.1490,19:59:23,717427712158,129504,100,24039,390,41
1784721563.3490,19:59:23,717427734108,129504,100,24039,390,41
1784721563.5491,19:59:23,717427756029,123332,100,24039,315,41
1784721563.7490,19:59:23,717427779944,123332,100,24039,315,41
1784721563.9490,19:59:23,717427804924,123332,100,24039,315,41
1784721564.1490,19:59:24,717427829828,121306,100,24039,390,41
1784721564.3490,19:59:24,717427854705,121306,100,24039,390,41
1784721564.5490,19:59:24,717427879378,124768,100,24039,390,41
1784721564.7491,19:59:24,717427904274,124768,100,24039,390,41
1784721564.9490,19:59:24,717427929205,124768,100,24039,390,41
1784721565.1490,19:59:25,717427954172,128084,100,24039,390,41
1784721565.3490,19:59:25,717427979183,128084,100,24039,390,41
1784721565.5490,19:59:25,717428004058,128211,100,24039,390,41
1784721565.7490,19:59:25,717428028843,128211,100,24039,390,41
1784721565.9490,19:59:25,717428053790,128211,100,24039,390,41
1784721566.1490,19:59:26,717428078802,128274,100,24039,390,41
1784721566.3490,19:59:26,717428103093,128274,100,24039,390,41
1784721566.5490,19:59:26,717428126138,126828,100,24039,330,41
1784721566.7490,19:59:26,717428148989,126828,100,24039,330,41
1784721566.9490,19:59:26,717428171794,126828,100,24039,330,41
1784721567.1490,19:59:27,717428194516,122056,100,24039,330,41
1784721567.3490,19:59:27,717428217725,122056,100,24039,330,41
1784721567.5490,19:59:27,717428242566,119021,100,24039,390,41
1784721567.7490,19:59:27,717428269505,119021,100,24039,390,41
1784721567.9490,19:59:27,717428296240,119021,100,24039,390,41
1784721568.1490,19:59:28,717428321049,127377,100,24039,405,42
1784721568.3490,19:59:28,717428345358,127377,100,24039,405,42
1784721568.5491,19:59:28,717428370121,131077,100,24039,390,41
1784721568.7490,19:59:28,717428394815,131077,100,24039,390,41
1784721568.9490,19:59:28,717428419485,131077,100,24039,390,41
1784721569.1490,19:59:29,717428444311,127860,100,24039,390,41
1784721569.3490,19:59:29,717428468972,127860,100,24039,390,41
1784721569.5490,19:59:29,717428491614,126457,100,24039,315,41
1784721569.7490,19:59:29,717428513909,126457,100,24039,315,41
1784721569.9490,19:59:29,717428536272,126457,100,24039,315,41
1784721570.1490,19:59:30,717428558570,121036,100,24039,315,41
1784721570.3490,19:59:30,717428580892,121036,100,24039,315,41
1784721570.5490,19:59:30,717428603265,115430,100,24039,315,41
1784721570.7490,19:59:30,717428626720,115430,100,24039,315,41
1784721570.9490,19:59:30,717428651185,115430,100,24039,315,41
1784721571.1490,19:59:31,717428675938,118281,100,24039,390,41
1784721571.3490,19:59:31,717428700310,118281,100,24039,390,41
1784721571.5490,19:59:31,717428724614,123327,100,24039,375,41
1784721571.7490,19:59:31,717428748844,123327,100,24039,375,41
1784721571.9490,19:59:31,717428773078,123327,100,24039,375,41
1784721572.1490,19:59:32,717428797322,126051,100,24039,390,41
1784721572.3490,19:59:32,717428821679,126051,100,24039,390,41
1784721572.5490,19:59:32,717428845929,125699,100,24039,375,41
1784721572.7490,19:59:32,717428870154,125699,100,24039,375,41
1784721572.9490,19:59:32,717428894359,125699,100,24039,375,41
1784721573.1490,19:59:33,717428918774,125524,100,24039,375,41
1784721573.3491,19:59:33,717428943188,125524,100,24039,375,41
1784721573.5490,19:59:33,717428967606,125861,100,24039,375,41
1784721573.7490,19:59:33,717428991899,125861,100,24039,375,41
1784721573.9490,19:59:33,717429016173,125861,100,24039,375,41
1784721574.1490,19:59:34,717429040432,126224,100,24039,375,41
1784721574.3490,19:59:34,717429065060,126224,100,24039,375,41
1784721574.5490,19:59:34,717429091040,127262,100,24039,435,41
1784721574.7490,19:59:34,717429116870,127262,100,24039,435,41
1784721574.9490,19:59:34,717429140812,127262,100,24039,435,41
1784721575.1490,19:59:35,717429163077,129035,100,24039,330,41
1784721575.3490,19:59:35,717429185322,129035,100,24039,330,41
1784721575.5490,19:59:35,717429207456,124077,100,24039,315,41
1784721575.7490,19:59:35,717429229680,124077,100,24039,315,41
1784721575.9490,19:59:35,717429251883,124077,100,24039,315,41
1784721576.1490,19:59:36,717429273884,116170,100,24039,315,41
1784721576.3490,19:59:36,717429296051,116170,100,24039,315,41
1784721576.5490,19:59:36,717429318207,115256,100,24039,315,41
1784721576.7490,19:59:36,717429341896,115256,100,24039,315,41
1784721576.9490,19:59:36,717429366092,115256,100,24039,315,41
1784721577.1491,19:59:37,717429390171,118742,100,24039,375,41
1784721577.3491,19:59:37,717429413534,118742,100,24039,375,41
1784721577.5490,19:59:37,717429437618,123068,100,24039,375,41
1784721577.7490,19:59:37,717429462595,123068,100,24039,375,41
1784721577.9490,19:59:37,717429488223,123068,100,24039,375,41
1784721578.1490,19:59:38,717429514196,127694,100,24039,435,41
1784721578.3490,19:59:38,717429539266,127694,100,24039,435,41
1784721578.5490,19:59:38,717429565195,131984,100,24039,435,42
1784721578.7490,19:59:38,717429591156,131984,100,24039,435,42
1784721578.9490,19:59:38,717429615201,131984,100,24039,435,42
1784721579.1490,19:59:39,717429637586,133194,100,24039,375,41
1784721579.3490,19:59:39,717429658931,133194,100,24039,375,41
1784721579.5490,19:59:39,717429680466,124324,100,24039,300,41
1784721579.7490,19:59:39,717429702889,124324,100,24039,300,41
1784721579.9490,19:59:39,717429727395,124324,100,24039,300,41
1784721580.1490,19:59:40,717429753673,118480,100,24039,420,41
1784721580.3490,19:59:40,717429780612,118480,100,24039,420,41
1784721580.5490,19:59:40,717429807827,129182,100,24039,480,42
1784721580.7490,19:59:40,717429833813,129182,100,24039,480,42
1784721580.9490,19:59:40,717429857654,129182,100,24039,480,42
1784721581.1490,19:59:41,717429879393,136532,100,24039,345,41
1784721581.3490,19:59:41,717429899966,136532,100,24039,345,41
1784721581.5490,19:59:41,717429920732,123984,100,24039,285,41
1784721581.7490,19:59:41,717429941553,123984,100,24039,285,41
1784721581.9490,19:59:41,717429962404,123984,100,24039,285,41
1784721582.1490,19:59:42,717429983923,111141,100,24039,285,41
1784721582.3490,19:59:42,717430006212,111141,100,24039,285,41
1784721582.5491,19:59:42,717430029331,112655,100,24039,345,41
1784721582.7490,19:59:42,717430054111,112655,100,24039,345,41
1784721582.9490,19:59:42,717430080450,112655,100,24039,345,41
1784721583.1491,19:59:43,717430106967,123290,100,24039,465,42
1784721583.3490,19:59:43,717430133520,123290,100,24039,465,42
1784721583.5490,19:59:43,717430159975,135060,100,24039,465,42
1784721583.7490,19:59:43,717430186023,135060,100,24039,465,42
1784721583.9490,19:59:43,717430210082,135060,100,24039,465,42
1784721584.1490,19:59:44,717430232908,137367,100,24039,345,42
1784721584.3490,19:59:44,717430254247,137367,100,24039,345,42
1784721584.5490,19:59:44,717430275451,126326,100,24039,300,41
1784721584.7490,19:59:44,717430296654,126326,100,24039,300,41
1784721584.9490,19:59:44,717430319696,126326,100,24039,300,41
1784721585.1490,19:59:45,717430342891,117210,100,24039,360,41
1784721585.3490,19:59:45,717430366086,117210,100,24039,360,41
1784721585.5490,19:59:45,717430389198,118929,100,24039,360,41
1784721585.7490,19:59:45,717430413779,118929,100,24039,360,41
1784721585.9490,19:59:45,717430438477,118929,100,24039,360,41
1784721586.1490,19:59:46,717430460916,125686,100,24039,345,41
1784721586.3490,19:59:46,717430483033,125686,100,24039,345,41
1784721586.5490,19:59:46,717430505237,123571,100,24039,330,41
1784721586.7490,19:59:46,717430527417,123571,100,24039,330,41
1784721586.9491,19:59:46,717430549572,123571,100,24039,330,41
1784721587.1490,19:59:47,717430571836,119253,100,24039,330,41
1784721587.3490,19:59:47,717430593959,119253,100,24039,330,41
1784721587.5490,19:59:47,717430616181,117964,100,24039,345,41
1784721587.7490,19:59:47,717430638587,117964,100,24039,345,41
1784721587.9490,19:59:47,717430660336,117964,100,24039,345,41
1784721588.1490,19:59:48,717430683761,118043,100,24039,330,41
1784721588.3490,19:59:48,717430708678,118043,100,24039,330,41
1784721588.5490,19:59:48,717430735526,124126,100,24039,495,42
1784721588.7490,19:59:48,717430762953,124126,100,24039,495,42
1784721588.9490,19:59:48,717430790536,124126,100,24039,495,42
1784721589.1490,19:59:49,717430817054,137290,100,24039,510,42
1784721589.3490,19:59:49,717430842743,137290,100,24039,510,42
1784721589.5491,19:59:49,717430868221,142639,100,24039,435,42
1784721589.7490,19:59:49,717430893683,142639,100,24039,435,42
1784721589.9490,19:59:49,717430918093,142639,100,24039,435,42
1784721590.1490,19:59:50,717430941238,137435,100,24039,360,42
1784721590.3490,19:59:50,717430963973,137435,100,24039,360,42
1784721590.5490,19:59:50,717430986611,129064,100,24039,345,41
1784721590.7490,19:59:50,717431009270,129064,100,24039,345,41
1784721590.9490,19:59:50,717431032028,129064,100,24039,345,41
1784721591.1490,19:59:51,717431055105,122379,100,24039,360,41
1784721591.3490,19:59:51,717431078073,122379,100,24039,360,41
1784721591.5490,19:59:51,717431101070,122551,100,24039,360,41
1784721591.7490,19:59:51,717431123683,122551,100,24039,360,41
1784721591.9490,19:59:51,717431146273,122551,100,24039,360,41
1784721592.1490,19:59:52,717431168881,122834,100,24039,345,41
1784721592.3490,19:59:52,717431191854,122834,100,24039,345,41
1784721592.5490,19:59:52,717431214848,122450,100,24039,360,41
1784721592.7490,19:59:52,717431237784,122450,100,24039,360,41
1784721592.9490,19:59:52,717431260749,122450,100,24039,360,41
1784721593.1490,19:59:53,717431283615,122815,100,24039,360,41
1784721593.3490,19:59:53,717431306242,122815,100,24039,360,41
1784721593.5490,19:59:53,717431330833,123747,100,24039,420,41
1784721593.7490,19:59:53,717431355594,123747,100,24039,420,41
1784721593.9490,19:59:53,717431380256,123747,100,24039,420,41
1784721594.1490,19:59:54,717431404719,128269,100,24039,420,42
1784721594.3490,19:59:54,717431429076,128269,100,24039,420,42
1784721594.5490,19:59:54,717431453575,132572,100,24039,405,41
1784721594.7490,19:59:54,717431477997,132572,100,24039,405,41
1784721594.9490,19:59:54,717431502415,132572,100,24039,405,41
1784721595.1490,19:59:55,717431526636,132045,100,24039,405,42
1784721595.3491,19:59:55,717431551238,132045,100,24039,405,42
1784721595.5490,19:59:55,717431575729,132034,100,24039,405,42
1784721595.7491,19:59:55,717431598329,132034,100,24039,405,42
1784721595.9490,19:59:55,717431618467,132034,100,24039,405,42
1784721596.1491,19:59:56,717431637982,126314,100,24039,255,41
1784721596.3490,19:59:56,717431657521,126314,100,24039,255,41
1784721596.5490,19:59:56,717431677031,114401,100,24039,255,41
1784721596.7490,19:59:56,717431697593,114401,100,24039,255,41
1784721596.9491,19:59:56,717431719927,114401,100,24039,255,41
1784721597.1490,19:59:57,717431744138,109576,100,24039,375,41
1784721597.3490,19:59:57,717431768683,109576,100,24039,375,41
1784721597.5490,19:59:57,717431793497,121915,100,24039,420,41
1784721597.7490,19:59:57,717431818367,121915,100,24039,420,41
1784721597.9491,19:59:57,717431843029,121915,100,24039,420,41
1784721598.1490,19:59:58,717431866980,133022,100,24039,420,42
1784721598.3490,19:59:58,717431888925,133022,100,24039,420,42
1784721598.5491,19:59:58,717431909816,129388,100,24039,300,41
1784721598.7491,19:59:58,717431930414,129388,100,24039,300,41
1784721598.9491,19:59:58,717431951279,129388,100,24039,300,41
1784721599.1491,19:59:59,717431971979,119330,100,24039,300,41
1784721599.3490,19:59:59,717431992803,119330,100,24039,300,41
1784721599.5490,19:59:59,717432013770,113062,100,24039,285,41
1784721599.7490,19:59:59,717432036084,113062,100,24039,285,41
1784721599.9491,19:59:59,717432058258,113062,100,24039,285,41
1784721600.1490,20:00:00,717432080074,116386,100,24039,345,41
1784721600.3490,20:00:00,717432099621,116386,100,24039,345,41
1784721600.5490,20:00:00,717432119899,115963,100,24039,285,41
1784721600.7490,20:00:00,717432141442,115963,100,24039,285,41
1784721600.9490,20:00:00,717432163556,115963,100,24039,285,41
1784721601.1490,20:00:01,717432187119,115705,100,24039,390,41
1784721601.3490,20:00:01,717432210699,115705,100,24039,390,41
1784721601.5490,20:00:01,717432234278,122446,100,24039,390,41
1784721601.7490,20:00:01,717432257866,122446,100,24039,390,41
1784721601.9490,20:00:01,717432279645,122446,100,24039,390,41
1784721602.1491,20:00:02,717432301325,126751,100,24039,330,41
1784721602.3490,20:00:02,717432322982,126751,100,24039,330,41
1784721602.5490,20:00:02,717432344632,122726,100,24039,330,41
1784721602.7490,20:00:02,717432366275,122726,100,24039,330,41
1784721602.9490,20:00:02,717432387934,122726,100,24039,330,41
1784721603.1490,20:00:03,717432409380,118981,100,24039,315,41
1784721603.3490,20:00:03,717432430941,118981,100,24039,315,41
1784721603.5490,20:00:03,717432452478,118559,100,24039,330,41
1784721603.7490,20:00:03,717432474076,118559,100,24039,330,41
1784721603.9490,20:00:03,717432495806,118559,100,24039,330,41
1784721604.1490,20:00:04,717432517163,118691,100,24039,330,41
1784721604.3490,20:00:04,717432538358,118691,100,24039,330,41
1784721604.5490,20:00:04,717432559875,118203,100,24039,330,41
1784721604.7490,20:00:04,717432581367,118203,100,24039,330,41
1784721604.9490,20:00:04,717432602996,118203,100,24039,330,41
1784721605.1490,20:00:05,717432624534,118095,100,24039,330,41
1784721605.3490,20:00:05,717432646981,118095,100,24039,330,41
1784721605.5490,20:00:05,717432670429,120722,100,24039,390,41
1784721605.7490,20:00:05,717432694720,120722,100,24039,390,41
1784721605.9491,20:00:05,717432719782,120722,100,24039,390,41
1784721606.1490,20:00:06,717432745041,128353,100,24039,450,42
1784721606.3490,20:00:06,717432770272,128353,100,24039,450,42
1784721606.5490,20:00:06,717432794101,136432,100,24039,375,42
1784721606.7490,20:00:06,717432817070,136432,100,24039,375,42
1784721606.9490,20:00:06,717432839463,136432,100,24039,375,42
1784721607.1490,20:00:07,717432862027,133074,100,24039,375,41
1784721607.3490,20:00:07,717432884884,133074,100,24039,375,41
1784721607.5491,20:00:07,717432907355,126670,100,24039,360,41
1784721607.7491,20:00:07,717432929818,126670,100,24039,360,41
1784721607.9491,20:00:07,717432951746,126670,100,24039,360,41
1784721608.1490,20:00:08,717432974583,124422,100,24039,375,41
1784721608.3491,20:00:08,717432997452,124422,100,24039,375,41
1784721608.5490,20:00:08,717433019753,124989,100,24039,375,41
1784721608.7490,20:00:08,717433042465,124989,100,24039,375,41
1784721608.9491,20:00:08,717433065188,124989,100,24039,360,41
1784721609.1490,20:00:09,717433089551,125697,100,24039,360,41
1784721609.3490,20:00:09,717433113583,125697,100,24039,360,41
1784721609.5490,20:00:09,717433138112,125162,100,24039,360,41
1784721609.7490,20:00:09,717433162542,125162,100,24039,360,41
1784721609.9490,20:00:09,717433187132,125162,100,24039,360,41
1784721610.1491,20:00:10,717433211790,125100,100,24039,375,41
1784721610.3491,20:00:10,717433234244,125100,100,24039,375,41
1784721610.5490,20:00:10,717433256428,122640,100,24039,300,41
1784721610.7490,20:00:10,717433278615,122640,100,24039,300,41
1784721610.9490,20:00:10,717433300934,122640,100,24039,300,41
1784721611.1490,20:00:11,717433323627,117361,100,24039,315,41
1784721611.3490,20:00:11,717433346226,117361,100,24039,315,41
1784721611.5490,20:00:11,717433368856,115044,100,24039,315,41
1784721611.7490,20:00:11,717433391591,115044,100,24039,315,41
1784721611.9490,20:00:11,717433414188,115044,100,24039,315,41
1784721612.1491,20:00:12,717433436836,116183,100,24039,315,41
1784721612.3491,20:00:12,717433459399,116183,100,24039,315,41
1784721612.5490,20:00:12,717433482844,116412,100,24039,360,41
1784721612.7490,20:00:12,717433508488,116412,100,24039,360,41
1784721612.9490,20:00:12,717433534726,116412,100,24039,360,41
1784721613.1490,20:00:13,717433560967,123091,100,24039,420,41
1784721613.3490,20:00:13,717433586916,123091,100,24039,420,41
1784721613.5490,20:00:13,717433611898,131007,100,24039,360,42
1784721613.7491,20:00:13,717433636397,131007,100,24039,360,42
1784721613.9490,20:00:13,717433660905,131007,100,24039,360,42
1784721614.1491,20:00:14,717433683835,129883,100,24039,360,41
1784721614.3491,20:00:14,717433706008,129883,100,24039,360,41
1784721614.5491,20:00:14,717433728105,121173,100,24039,300,41
1784721614.7491,20:00:14,717433750216,121173,100,24039,300,41
1784721614.9490,20:00:14,717433772389,121173,100,24039,300,41
1784721615.1491,20:00:15,717433795060,115092,100,24039,300,41
1784721615.3491,20:00:15,717433819176,115092,100,24039,300,41
1784721615.5491,20:00:15,717433844772,117616,100,24039,405,41
1784721615.7490,20:00:15,717433870434,117616,100,24039,405,41
1784721615.9490,20:00:15,717433896211,117616,100,24039,405,41
1784721616.1491,20:00:16,717433921687,126084,100,24039,405,41
1784721616.3491,20:00:16,717433947484,126084,100,24039,405,41
1784721616.5491,20:00:16,717433973166,131956,100,24039,405,41
1784721616.7491,20:00:16,717433998829,131956,100,24039,405,41
1784721616.9491,20:00:16,717434024224,131956,100,24039,405,41
1784721617.1491,20:00:17,717434048203,131766,100,24039,360,41
1784721617.3490,20:00:17,717434071848,131766,100,24039,360,41
1784721617.5490,20:00:17,717434095455,127390,100,24039,345,41
1784721617.7491,20:00:17,717434119123,127390,100,24039,345,41
1784721617.9490,20:00:17,717434142710,127390,100,24039,345,41
1784721618.1490,20:00:18,717434166365,122760,100,24039,345,41
1784721618.3490,20:00:18,717434189811,122760,100,24039,345,41
1784721618.5490,20:00:18,717434211071,120643,100,24039,285,41
1784721618.7490,20:00:18,717434233441,120643,100,24039,285,41
1784721618.9491,20:00:18,717434256465,120643,100,24039,285,41
1784721619.1491,20:00:19,717434279632,117727,100,24039,345,41
1784721619.3491,20:00:19,717434304488,117727,100,24039,345,41
1784721619.5490,20:00:19,717434329612,119616,100,24039,390,41
1784721619.7490,20:00:19,717434354379,119616,100,24039,390,41
1784721619.9491,20:00:19,717434379040,119616,100,24039,390,41
1784721620.1491,20:00:20,717434403943,125861,100,24039,390,41
1784721620.3490,20:00:20,717434427180,125861,100,24039,390,41
1784721620.5490,20:00:20,717434449951,126140,100,24039,315,41
1784721620.7490,20:00:20,717434472754,126140,100,24039,315,41
1784721620.9491,20:00:20,717434495155,126140,100,24039,315,41
1784721621.1490,20:00:21,717434517511,120999,100,24039,315,41
1784721621.3491,20:00:21,717434541048,120999,100,24039,315,41
1784721621.5490,20:00:21,717434565371,118846,100,24039,375,41
1784721621.7491,20:00:21,717434590703,118846,100,24039,375,41
1784721621.9490,20:00:21,717434616684,118846,100,24039,375,41
1784721622.1490,20:00:22,717434642991,125345,100,24039,435,41
1784721622.3490,20:00:22,717434669297,125345,100,24039,435,41
1784721622.5491,20:00:22,717434695671,133620,100,24039,435,42
1784721622.7490,20:00:22,717434720826,133620,100,24039,435,42
1784721622.9491,20:00:22,717434745161,133620,100,24039,435,42
1784721623.1491,20:00:23,717434769439,133642,100,24039,375,41
1784721623.3491,20:00:23,717434792712,133642,100,24039,375,41
1784721623.5490,20:00:23,717434815015,127130,100,24039,315,41
1784721623.7491,20:00:23,717434837143,127130,100,24039,315,41
1784721623.9491,20:00:23,717434858852,127130,100,24039,315,41
1784721624.1491,20:00:24,717434880580,119012,100,24039,300,41
1784721624.3490,20:00:24,717434903293,119012,100,24039,300,41
1784721624.5491,20:00:24,717434927229,116153,100,24039,375,41
1784721624.7491,20:00:24,717434951281,116153,100,24039,375,41
1784721624.9491,20:00:24,717434975285,116153,100,24039,375,41
1784721625.1491,20:00:25,717434999312,120806,100,24039,375,41
1784721625.3491,20:00:25,717435023310,120806,100,24039,375,41
1784721625.5491,20:00:25,717435047266,125272,100,24039,375,41
1784721625.7491,20:00:25,717435071201,125272,100,24039,375,41
1784721625.9491,20:00:25,717435095127,125272,100,24039,375,41
1784721626.1490,20:00:26,717435119041,125189,100,24039,375,41
1784721626.3491,20:00:26,717435142959,125189,100,24039,375,41
1784721626.5490,20:00:26,717435168334,125804,100,24039,435,41
1784721626.7490,20:00:26,717435193754,125804,100,24039,435,41
1784721626.9491,20:00:26,717435219242,125804,100,24039,435,41
1784721627.1491,20:00:27,717435244676,129604,100,24039,420,42
1784721627.3491,20:00:27,717435268391,129604,100,24039,420,42
1784721627.5491,20:00:27,717435290415,129832,100,24039,315,41
1784721627.7491,20:00:27,717435312246,129832,100,24039,315,41
1784721627.9491,20:00:27,717435333884,129832,100,24039,315,41
1784721628.1491,20:00:28,717435355719,121362,100,24039,300,41
1784721628.3491,20:00:28,717435377729,121362,100,24039,300,41
1784721628.5491,20:00:28,717435399718,114890,100,24039,315,41
1784721628.7491,20:00:28,717435422840,114890,100,24039,315,41
1784721628.9490,20:00:28,717435446580,114890,100,24039,315,41
1784721629.1491,20:00:29,717435470082,118126,100,24039,375,41
1784721629.3491,20:00:29,717435493509,118126,100,24039,375,41
1784721629.5491,20:00:29,717435517054,122180,100,24039,360,41
1784721629.7491,20:00:29,717435540727,122180,100,24039,360,41
1784721629.9491,20:00:29,717435564226,122180,100,24039,360,41
1784721630.1491,20:00:30,717435587649,124312,100,24039,360,41
1784721630.3490,20:00:30,717435611374,124312,100,24039,360,41
1784721630.5491,20:00:30,717435635186,124527,100,24039,375,41
1784721630.7491,20:00:30,717435658854,124527,100,24039,375,41
1784721630.9491,20:00:30,717435681047,124527,100,24039,375,41
1784721631.1491,20:00:31,717435702520,123309,100,24039,300,41
1784721631.3491,20:00:31,717435724424,123309,100,24039,300,41
1784721631.5491,20:00:31,717435748165,119521,100,24039,390,41
1784721631.7491,20:00:31,717435772883,119521,100,24039,390,41
1784721631.9491,20:00:31,717435797774,119521,100,24039,390,41
1784721632.1491,20:00:32,717435822714,122495,100,24039,405,41
1784721632.3490,20:00:32,717435847538,122495,100,24039,405,41
1784721632.5491,20:00:32,717435872265,130203,100,24039,405,41
1784721632.7491,20:00:32,717435896354,130203,100,24039,405,41
1784721632.9490,20:00:32,717435919166,130203,100,24039,405,41
1784721633.1491,20:00:33,717435942014,128860,100,24039,345,41
1784721633.3491,20:00:33,717435964907,128860,100,24039,345,41
1784721633.5491,20:00:33,717435987719,124153,100,24039,345,41
1784721633.7491,20:00:33,717436010466,124153,100,24039,345,41
1784721633.9491,20:00:33,717436033205,124153,100,24039,345,41
1784721634.1491,20:00:34,717436055998,121107,100,24039,345,41
1784721634.3491,20:00:34,717436078783,121107,100,24039,345,41
1784721634.5491,20:00:34,717436101594,120961,100,24039,345,41
1784721634.7491,20:00:34,717436125858,120961,100,24039,345,41
1784721634.9491,20:00:34,717436150440,120961,100,24039,345,41
1784721635.1491,20:00:35,717436175240,124454,100,24039,405,41
1784721635.3491,20:00:35,717436200020,124454,100,24039,405,41
1784721635.5491,20:00:35,717436224253,129228,100,24039,390,41
1784721635.7491,20:00:35,717436248033,129228,100,24039,390,41
1784721635.9491,20:00:35,717436272331,129228,100,24039,390,41
1784721636.1491,20:00:36,717436296566,130162,100,24039,390,41
1784721636.3491,20:00:36,717436320790,130162,100,24039,390,41
1784721636.5491,20:00:36,717436343241,128394,100,24039,330,41
1784721636.7491,20:00:36,717436365834,128394,100,24039,330,41
1784721636.9491,20:00:36,717436388497,128394,100,24039,330,41
1784721637.1491,20:00:37,717436411175,124826,100,24039,345,41
1784721637.3491,20:00:37,717436433527,124826,100,24039,345,41
1784721637.5491,20:00:37,717436455732,120467,100,24039,330,41
1784721637.7491,20:00:37,717436477804,120467,100,24039,330,41
1784721637.9491,20:00:37,717436500338,120467,100,24039,330,41
1784721638.1491,20:00:38,717436522971,119898,100,24039,345,41
1784721638.3491,20:00:38,717436545570,119898,100,24039,345,41
1784721638.5491,20:00:38,717436568163,120091,100,24039,345,41
1784721638.7491,20:00:38,717436590703,120091,100,24039,345,41
1784721638.9491,20:00:38,717436613096,120091,100,24039,345,41
1784721639.1491,20:00:39,717436635565,120971,100,24039,345,41
1784721639.3491,20:00:39,717436658100,120971,100,24039,345,41
1784721639.5491,20:00:39,717436680602,120944,100,24039,345,41
1784721639.7491,20:00:39,717436703755,120944,100,24039,345,41
1784721639.9491,20:00:39,717436727666,120944,100,24039,345,41
1784721640.1491,20:00:40,717436751787,122885,100,24039,405,41
1784721640.3491,20:00:40,717436775383,122885,100,24039,405,41
1784721640.5491,20:00:40,717436799484,126403,100,24039,390,41
1784721640.7491,20:00:40,717436822649,126403,100,24039,390,41
1784721640.9491,20:00:40,717436844722,126403,100,24039,390,41
1784721641.1491,20:00:41,717436866817,126384,100,24039,330,41
1784721641.3491,20:00:41,717436888781,126384,100,24039,330,41
1784721641.5491,20:00:41,717436910612,121696,100,24039,330,41
1784721641.7491,20:00:41,717436932529,121696,100,24039,330,41
1784721641.9491,20:00:41,717436954558,121696,100,24039,330,41
1784721642.1491,20:00:42,717436976536,118483,100,24039,330,41
1784721642.3491,20:00:42,717436998617,118483,100,24039,330,41
1784721642.5491,20:00:42,717437022438,119628,100,24039,390,41
1784721642.7497,20:00:42,717437046490,119628,100,24039,390,41
1784721642.9491,20:00:42,717437071813,119628,100,24039,390,41
1784721643.1491,20:00:43,717437097486,126281,100,24039,450,42
1784721643.3491,20:00:43,717437123187,126281,100,24039,450,42
1784721643.5491,20:00:43,717437148575,135342,100,24039,465,42
1784721643.7491,20:00:43,717437172718,135342,100,24039,465,42
1784721643.9491,20:00:43,717437196839,135342,100,24039,465,42
1784721644.1491,20:00:44,717437220872,135678,100,24039,405,42
1784721644.3491,20:00:44,717437245020,135678,100,24039,405,42
1784721644.5491,20:00:44,717437269149,131970,100,24039,405,41
1784721644.7491,20:00:44,717437291306,131970,100,24039,405,41
1784721644.9491,20:00:44,717437311176,131970,100,24039,405,41
1784721645.1491,20:00:45,717437330636,124692,100,24039,255,41
1784721645.3490,20:00:45,717437349955,124692,100,24039,255,41
1784721645.5491,20:00:45,717437369302,113144,100,24039,255,41
1784721645.7491,20:00:45,717437390038,113144,100,24039,255,41
1784721645.9491,20:00:45,717437411303,113144,100,24039,255,41
1784721646.1491,20:00:46,717437432557,108611,100,24039,330,41
1784721646.3491,20:00:46,717437453829,108611,100,24039,330,41
1784721646.5491,20:00:46,717437475097,113335,100,24039,315,41
1784721646.7491,20:00:46,717437497499,113335,100,24039,315,41
1784721646.9491,20:00:46,717437520759,113335,100,24039,315,41
1784721647.1491,20:00:47,717437543928,118855,100,24039,375,41
1784721647.3491,20:00:47,717437566976,118855,100,24039,375,41
1784721647.5491,20:00:47,717437590137,123765,100,24039,375,41
1784721647.7491,20:00:47,717437613253,123765,100,24039,375,41
1784721647.9491,20:00:47,717437635149,123765,100,24039,375,41
1784721648.1491,20:00:48,717437655882,125184,100,24039,300,41
1784721648.3491,20:00:48,717437676582,125184,100,24039,300,41
1784721648.5491,20:00:48,717437698070,119231,100,24039,345,41
1784721648.7491,20:00:48,717437720709,119231,100,24039,345,41
1784721648.9491,20:00:48,717437743475,119231,100,24039,345,41
1784721649.1491,20:00:49,717437766000,118265,100,24039,360,41
1784721649.3491,20:00:49,717437788694,118265,100,24039,360,41
1784721649.5491,20:00:49,717437811561,122923,100,24039,375,41
1784721649.7491,20:00:49,717437833922,122923,100,24039,375,41
1784721649.9491,20:00:49,717437856483,122923,100,24039,375,41
1784721650.1491,20:00:50,717437880814,123953,100,24039,405,41
1784721650.3491,20:00:50,717437906066,123953,100,24039,405,41
1784721650.5491,20:00:50,717437929440,128957,100,24039,405,41
1784721650.7491,20:00:50,717437951392,128957,100,24039,405,41
1784721650.9491,20:00:50,717437973101,128957,100,24039,405,41
1784721651.1491,20:00:51,717437995033,127821,100,24039,345,41
1784721651.3491,20:00:51,717438016667,127821,100,24039,345,41
1784721651.5491,20:00:51,717438038168,121235,100,24039,330,41
1784721651.7491,20:00:51,717438059691,121235,100,24039,330,41
1784721651.9491,20:00:51,717438080955,121235,100,24039,330,41
1784721652.1491,20:00:52,717438102581,118732,100,24039,330,41
1784721652.3491,20:00:52,717438124322,118732,100,24039,330,41
1784721652.5491,20:00:52,717438146045,118642,100,24039,345,41
1784721652.7490,20:00:52,717438167726,118642,100,24039,345,41
1784721652.9491,20:00:52,717438189201,118642,100,24039,345,41
1784721653.1491,20:00:53,717438210662,119203,100,24039,330,41
1784721653.3491,20:00:53,717438232407,119203,100,24039,330,41
1784721653.5491,20:00:53,717438254081,119267,100,24039,330,41
1784721653.7491,20:00:53,717438275533,119267,100,24039,330,41
1784721653.9491,20:00:53,717438296842,119267,100,24039,330,41
1784721654.1491,20:00:54,717438319272,118744,100,24039,360,41
1784721654.3491,20:00:54,717438342178,118744,100,24039,360,41
1784721654.5491,20:00:54,717438365375,121923,100,24039,390,41
1784721654.7491,20:00:54,717438388473,121923,100,24039,390,41
1784721654.9491,20:00:54,717438411700,121923,100,24039,390,41
1784721655.1491,20:00:55,717438434874,126307,100,24039,390,41
1784721655.3491,20:00:55,717438457846,126307,100,24039,390,41
1784721655.5491,20:00:55,717438481153,128423,100,24039,390,41
1784721655.7491,20:00:55,717438504374,128423,100,24039,390,41
1784721655.9491,20:00:55,717438527756,128423,100,24039,390,41
1784721656.1491,20:00:56,717438551097,128894,100,24039,390,41
1784721656.3491,20:00:56,717438575247,128894,100,24039,390,41
1784721656.5491,20:00:56,717438602312,131143,100,24039,450,42
1784721656.7491,20:00:56,717438628468,131143,100,24039,450,42
1784721656.9491,20:00:56,717438651683,131143,100,24039,450,42
1784721657.1491,20:00:57,717438673279,130890,100,24039,285,41
1784721657.3491,20:00:57,717438695269,130890,100,24039,285,41
1784721657.5491,20:00:57,717438717265,121998,100,24039,300,41
1784721657.7491,20:00:57,717438739317,121998,100,24039,300,41
1784721657.9491,20:00:57,717438761390,121998,100,24039,300,41
1784721658.1491,20:00:58,717438783371,112467,100,24039,300,41
1784721658.3491,20:00:58,717438805794,112467,100,24039,300,41
1784721658.5491,20:00:58,717438829420,114185,100,24039,345,41
1784721658.7491,20:00:58,717438853570,114185,100,24039,345,41
1784721658.9491,20:00:58,717438879381,114185,100,24039,345,41
1784721659.1491,20:00:59,717438906813,120665,100,24039,465,42
1784721659.3491,20:00:59,717438934415,120665,100,24039,465,42
1784721659.5491,20:00:59,717438961983,133045,100,24039,465,42
1784721659.7491,20:00:59,717438989501,133045,100,24039,465,42
1784721659.9491,20:00:59,717439016854,133045,100,24039,465,42
1784721660.1491,20:01:00,717439042152,140365,100,24039,405,42
1784721660.3491,20:01:00,717439064717,140365,100,24039,405,42
1784721660.5491,20:01:00,717439084900,130567,100,24039,240,41
1784721660.7491,20:01:00,717439104897,130567,100,24039,240,41
1784721660.9491,20:01:00,717439124940,130567,100,24039,240,41
1784721661.1491,20:01:01,717439146405,113035,100,24039,270,41
1784721661.3491,20:01:01,717439168220,113035,100,24039,270,41
1784721661.5491,20:01:01,717439190090,106862,100,24039,285,41
1784721661.7491,20:01:01,717439211989,106862,100,24039,285,41
1784721661.9491,20:01:01,717439234033,106862,100,24039,285,41
1784721662.1491,20:01:02,717439255950,111117,100,24039,285,41
1784721662.3491,20:01:02,717439277942,111117,100,24039,285,41
1784721662.5491,20:01:02,717439301444,113100,100,24039,345,41
1784721662.7491,20:01:02,717439325596,113100,100,24039,345,41
1784721662.9491,20:01:02,717439349674,113100,100,24039,345,41
1784721663.1491,20:01:03,717439371798,118240,100,24039,360,41
1784721663.3491,20:01:03,717439391469,118240,100,24039,360,41
1784721663.5491,20:01:03,717439417962,118171,100,24039,465,41
1784721663.7491,20:01:03,717439446500,118171,100,24039,465,41
1784721663.9491,20:01:03,717439476380,118171,100,24039,465,41
1784721664.1491,20:01:04,717439504430,129694,100,24039,540,42
1784721664.3491,20:01:04,717439532814,129694,100,24039,540,42
1784721664.5491,20:01:04,717439559048,144266,100,24039,390,42
1784721664.7491,20:01:04,717439584353,144266,100,24039,390,42
1784721664.9491,20:01:04,717439608624,144266,100,24039,390,42
1784721665.1491,20:01:05,717439630844,136855,100,24039,330,41
1784721665.3491,20:01:05,717439651402,136855,100,24039,330,41
1784721665.5491,20:01:05,717439672038,119933,100,24039,255,41
1784721665.7491,20:01:05,717439692571,119933,100,24039,255,41
1784721665.9491,20:01:05,717439713684,119933,100,24039,255,41
1784721666.1491,20:01:06,717439736270,108773,100,24039,315,41
1784721666.3491,20:01:06,717439759562,108773,100,24039,315,41
1784721666.5491,20:01:06,717439784673,112530,100,24039,405,41
1784721666.7491,20:01:06,717439810644,112530,100,24039,405,41
1784721666.9491,20:01:06,717439835327,112530,100,24039,405,41
1784721667.1491,20:01:07,717439858560,123636,100,24039,360,41
1784721667.3491,20:01:07,717439884599,123636,100,24039,360,41
1784721667.5491,20:01:07,717439912633,129720,100,24039,480,42
1784721667.7491,20:01:07,717439940736,129720,100,24039,480,42
1784721667.9491,20:01:07,717439968307,129720,100,24039,480,42
1784721668.1491,20:01:08,717439996173,135608,100,24039,480,42
1784721668.3491,20:01:08,717440022708,135608,100,24039,480,42
1784721668.5491,20:01:08,717440047359,140094,100,24039,375,41
1784721668.7491,20:01:08,717440071902,140094,100,24039,375,41
1784721668.9491,20:01:08,717440094054,140094,100,24039,375,41
1784721669.1491,20:01:09,717440114155,129558,100,24039,240,41
1784721669.3491,20:01:09,717440134013,129558,100,24039,240,41
1784721669.5491,20:01:09,717440153855,112769,100,24039,240,40
1784721669.7491,20:01:09,717440173586,112769,100,24039,240,40
1784721669.9491,20:01:09,717440194978,112769,100,24039,240,40
1784721670.1491,20:01:10,717440218552,104176,100,24039,345,41
1784721670.3491,20:01:10,717440242437,104176,100,24039,345,41
1784721670.5491,20:01:10,717440266349,112574,100,24039,360,41
1784721670.7491,20:01:10,717440290171,112574,100,24039,360,41
1784721670.9491,20:01:10,717440315232,112574,100,24039,360,41
1784721671.1491,20:01:11,717440340732,122727,100,24039,405,41
1784721671.3491,20:01:11,717440366465,122727,100,24039,405,41
1784721671.5491,20:01:11,717440391673,128043,100,24039,405,41
1784721671.7491,20:01:11,717440415835,128043,100,24039,405,41
1784721671.9491,20:01:11,717440440320,128043,100,24039,405,41
1784721672.1491,20:01:12,717440466187,128986,100,24039,375,41
1784721672.3491,20:01:12,717440493622,128986,100,24039,375,41
1784721672.5491,20:01:12,717440521087,132218,100,24039,465,42
1784721672.7491,20:01:12,717440548602,132218,100,24039,465,42
1784721672.9491,20:01:12,717440574540,132218,100,24039,465,42
1784721673.1491,20:01:13,717440598347,137068,100,24039,390,42
1784721673.3491,20:01:13,717440621222,137068,100,24039,390,42
1784721673.5491,20:01:13,717440644143,130377,100,24039,330,41
1784721673.7491,20:01:13,717440666997,130377,100,24039,330,41
1784721673.9491,20:01:13,717440689781,130377,100,24039,330,41
1784721674.1491,20:01:14,717440711751,119826,100,24039,330,41
1784721674.3491,20:01:14,717440732533,119826,100,24039,330,41
1784721674.5491,20:01:14,717440753699,114286,100,24039,300,41
1784721674.7491,20:01:14,717440775724,114286,100,24039,300,41
1784721674.9491,20:01:14,717440797523,114286,100,24039,300,41
1784721675.1490,20:01:15,717440821729,112086,100,24039,375,41
1784721675.3491,20:01:15,717440846339,112086,100,24039,375,41
1784721675.5491,20:01:15,717440872564,119658,100,24039,435,41
1784721675.7491,20:01:15,717440898698,119658,100,24039,435,41
1784721675.9490,20:01:15,717440924794,119658,100,24039,435,41
1784721676.1491,20:01:16,717440950726,131076,100,24039,435,42
1784721676.3491,20:01:16,717440975008,131076,100,24039,435,42
1784721676.5491,20:01:16,717440999173,132906,100,24039,375,41
1784721676.7491,20:01:16,717441023016,132906,100,24039,375,41
1784721676.9491,20:01:16,717441046796,132906,100,24039,375,41
1784721677.1491,20:01:17,717441066547,127571,100,24039,375,41
1784721677.3491,20:01:17,717441084532,127571,100,24039,375,41
1784721677.5491,20:01:17,717441110026,115250,100,24039,435,41
1784721677.7491,20:01:17,717441137605,115250,100,24039,435,41
1784721677.9491,20:01:17,717441165462,115250,100,24039,435,41
1784721678.1491,20:01:18,717441193362,123381,100,24039,495,42
1784721678.3491,20:01:18,717441220502,123381,100,24039,495,42
1784721678.5491,20:01:18,717441248296,141997,100,24039,495,42
1784721678.7491,20:01:18,717441276184,141997,100,24039,495,42
1784721678.9491,20:01:18,717441302008,141997,100,24039,495,42
1784721679.1491,20:01:19,717441325778,142785,100,24039,360,42
1784721679.3491,20:01:19,717441349489,142785,100,24039,360,42
1784721679.5491,20:01:19,717441372282,133511,100,24039,315,41
1784721679.7491,20:01:19,717441394398,133511,100,24039,315,41
1784721679.9491,20:01:19,717441414626,133511,100,24039,315,41
1784721680.1491,20:01:20,717441432690,119190,100,24039,270,41
1784721680.3491,20:01:20,717441457118,119190,100,24039,270,41
1784721680.5491,20:01:20,717441484108,115181,100,24039,480,42
1784721680.7491,20:01:20,717441511674,115181,100,24039,480,42
1784721680.9491,20:01:20,717441539435,115181,100,24039,480,42
1784721681.1491,20:01:21,717441566532,127621,100,24039,450,42
1784721681.3491,20:01:21,717441594090,127621,100,24039,450,42
1784721681.5491,20:01:21,717441621689,143592,100,24039,480,42
1784721681.7491,20:01:21,717441649192,143592,100,24039,480,42
1784721681.9491,20:01:21,717441675782,143592,100,24039,480,42
1784721682.1491,20:01:22,717441700587,143290,100,24039,420,42
1784721682.3491,20:01:22,717441722730,143290,100,24039,420,42
1784721682.5491,20:01:22,717441743757,132855,100,24039,285,41
1784721682.7491,20:01:22,717441764793,132855,100,24039,285,41
1784721682.9491,20:01:22,717441786504,132855,100,24039,285,41
1784721683.1491,20:01:23,717441809613,118093,100,24039,345,41
1784721683.3491,20:01:23,717441832839,118093,100,24039,345,41
1784721683.5491,20:01:23,717441856093,116487,100,24039,345,41
1784721683.7491,20:01:23,717441879263,116487,100,24039,345,41
1784721683.9491,20:01:23,717441902368,116487,100,24039,345,41
1784721684.1491,20:01:24,717441925485,121649,100,24039,345,41
1784721684.3491,20:01:24,717441948610,121649,100,24039,345,41
1784721684.5491,20:01:24,717441971720,121911,100,24039,345,41
1784721684.7491,20:01:24,717441994828,121911,100,24039,345,41
1784721684.9491,20:01:24,717442016964,121911,100,24039,345,41
1784721685.1491,20:01:25,717442037000,120758,100,24039,330,41
1784721685.3491,20:01:25,717442061711,120758,100,24039,330,41
1784721685.5491,20:01:25,717442086768,120519,100,24039,405,41
1784721685.7491,20:01:25,717442111873,120519,100,24039,405,41
1784721685.9491,20:01:25,717442136615,120519,100,24039,405,41
1784721686.1491,20:01:26,717442161505,125146,100,24039,405,41
1784721686.3491,20:01:26,717442186150,125146,100,24039,405,41
1784721686.5491,20:01:26,717442210279,131147,100,24039,390,41
1784721686.7491,20:01:26,717442232844,131147,100,24039,390,41
1784721686.9491,20:01:26,717442255103,131147,100,24039,390,41
1784721687.1491,20:01:27,717442272489,125713,100,24039,285,41
1784721687.3491,20:01:27,717442293346,125713,100,24039,285,41
1784721687.5491,20:01:27,717442319048,115517,100,24039,435,41
1784721687.7491,20:01:27,717442345514,115517,100,24039,435,41
1784721687.9491,20:01:27,717442373484,115517,100,24039,435,41
1784721688.1491,20:01:28,717442398416,125026,100,24039,510,42
1784721688.3491,20:01:28,717442421854,125026,100,24039,510,42
1784721688.5491,20:01:28,717442447964,136524,100,24039,495,42
1784721688.7491,20:01:28,717442477414,136524,100,24039,495,42
1784721688.9491,20:01:28,717442507014,136524,100,24039,495,42
1784721689.1491,20:01:29,717442532097,142230,100,24039,450,43
1784721689.3491,20:01:29,717442559705,142230,100,24039,450,43
1784721689.5491,20:01:29,717442585064,145495,100,24039,390,42
1784721689.7491,20:01:29,717442608207,145495,100,24039,390,42
1784721689.9491,20:01:29,717442630327,145495,100,24039,390,42
1784721690.1491,20:01:30,717442652272,133044,100,24039,315,41
1784721690.3491,20:01:30,717442674555,133044,100,24039,315,41
1784721690.5491,20:01:30,717442696824,122085,100,24039,330,41
1784721690.7491,20:01:30,717442719020,122085,100,24039,330,41
1784721690.9491,20:01:30,717442741179,122085,100,24039,330,41
1784721691.1491,20:01:31,717442763365,118357,100,24039,330,41
1784721691.3491,20:01:31,717442785241,118357,100,24039,330,41
1784721691.5491,20:01:31,717442807795,118085,100,24039,375,41
1784721691.7491,20:01:31,717442831719,118085,100,24039,375,41
1784721691.9491,20:01:31,717442855898,118085,100,24039,375,41
1784721692.1491,20:01:32,717442879630,122251,100,24039,390,41
1784721692.3491,20:01:32,717442903534,122251,100,24039,390,41
1784721692.5491,20:01:32,717442927744,126827,100,24039,390,41
1784721692.7491,20:01:32,717442951422,126827,100,24039,390,41
1784721692.9491,20:01:32,717442973366,126827,100,24039,390,41
1784721693.1491,20:01:33,717442995186,126223,100,24039,315,41
1784721693.3491,20:01:33,717443017000,126223,100,24039,315,41
1784721693.5491,20:01:33,717443038872,121243,100,24039,315,41
1784721693.7491,20:01:33,717443060555,121243,100,24039,315,41
1784721693.9491,20:01:33,717443082233,121243,100,24039,315,41
1784721694.1491,20:01:34,717443103904,116941,100,24039,315,41
1784721694.3491,20:01:34,717443125538,116941,100,24039,315,41
1784721694.5491,20:01:34,717443146892,116384,100,24039,315,41
1784721694.7491,20:01:34,717443169987,116384,100,24039,315,41
1784721694.9491,20:01:34,717443194845,116384,100,24039,315,41
1784721695.1491,20:01:35,717443220180,120961,100,24039,435,41
1784721695.3491,20:01:35,717443245645,120961,100,24039,435,41
1784721695.5491,20:01:35,717443271122,130254,100,24039,435,42
1784721695.7491,20:01:35,717443296574,130254,100,24039,435,42
1784721695.9491,20:01:35,717443322052,130254,100,24039,435,42
1784721696.1491,20:01:36,717443346064,136813,100,24039,375,42
1784721696.3491,20:01:36,717443367986,136813,100,24039,375,42
1784721696.5491,20:01:36,717443389057,130087,100,24039,300,41
1784721696.7491,20:01:36,717443410401,130087,100,24039,300,41
1784721696.9491,20:01:36,717443431845,130087,100,24039,300,41
1784721697.1491,20:01:37,717443450920,120226,100,24039,315,41
1784721697.3491,20:01:37,717443468219,120226,100,24039,315,41
1784721697.5491,20:01:37,717443491818,109958,100,24039,420,41
1784721697.7491,20:01:37,717443517476,109958,100,24039,420,41
1784721697.9491,20:01:37,717443544043,109958,100,24039,420,41
1784721698.1491,20:01:38,717443564718,121346,100,24039,420,42
1784721698.3491,20:01:38,717443586399,121346,100,24039,420,42
1784721698.5491,20:01:38,717443615194,130438,100,24039,600,42
1784721698.7491,20:01:38,717443645593,130438,100,24039,600,42
1784721698.9491,20:01:38,717443675054,130438,100,24039,600,42
1784721699.1491,20:01:39,717443701792,142109,100,24039,525,42
1784721699.3491,20:01:39,717443726334,142109,100,24039,525,42
1784721699.5491,20:01:39,717443749074,149555,100,24039,330,41
1784721699.7491,20:01:39,717443769791,149555,100,24039,330,41
1784721699.9491,20:01:39,717443787739,149555,100,24039,330,41
1784721700.1491,20:01:40,717443803599,125406,100,24039,225,41
1784721700.3491,20:01:40,717443824380,125406,100,24039,225,41
1784721700.5491,20:01:40,717443847740,108644,100,24039,405,41
1784721700.7491,20:01:40,717443872143,108644,100,24039,405,41
1784721700.9491,20:01:40,717443897166,108644,100,24039,405,41
1784721701.1491,20:01:41,717443923727,116955,100,24039,480,42
1784721701.3491,20:01:41,717443951994,116955,100,24039,480,42
1784721701.5491,20:01:41,717443980213,140664,100,24039,555,42
1784721701.7491,20:01:41,717444008081,140664,100,24039,555,42
1784721701.9491,20:01:41,717444034213,140664,100,24039,555,42
1784721702.1491,20:01:42,717444058501,148532,100,24039,405,42
1784721702.3491,20:01:42,717444081208,148532,100,24039,405,42
1784721702.5491,20:01:42,717444101487,137739,100,24039,285,41
1784721702.7491,20:01:42,717444121833,137739,100,24039,285,41
1784721702.9491,20:01:42,717444142476,137739,100,24039,285,41
1784721703.1491,20:01:43,717444163169,120091,100,24039,300,41
1784721703.3491,20:01:43,717444183680,120091,100,24039,300,41
1784721703.5491,20:01:43,717444205764,113091,100,24039,345,41
1784721703.7491,20:01:43,717444228002,113091,100,24039,345,41
1784721703.9491,20:01:43,717444250440,113091,100,24039,345,41
1784721704.1491,20:01:44,717444272764,118043,100,24039,345,41
1784721704.3491,20:01:44,717444294928,118043,100,24039,345,41
1784721704.5491,20:01:44,717444316940,122010,100,24039,360,41
1784721704.7491,20:01:44,717444338014,122010,100,24039,360,41
1784721704.9491,20:01:44,717444361530,122010,100,24039,360,41
1784721705.1491,20:01:45,717444387045,121889,100,24039,450,41
1784721705.3491,20:01:45,717444411671,121889,100,24039,450,41
1784721705.5491,20:01:45,717444435599,128562,100,24039,405,42
1784721705.7491,20:01:45,717444459536,128562,100,24039,405,42
1784721705.9491,20:01:45,717444483500,128562,100,24039,405,42
1784721706.1491,20:01:46,717444507559,133983,100,24039,420,42
1784721706.3491,20:01:46,717444531401,133983,100,24039,420,42
1784721706.5491,20:01:46,717444555243,131788,100,24039,405,42
1784721706.7491,20:01:46,717444579093,131788,100,24039,405,42
1784721706.9491,20:01:46,717444602586,131788,100,24039,405,42
1784721707.1491,20:01:47,717444626531,131245,100,24039,420,42
1784721707.3491,20:01:47,717444650407,131245,100,24039,420,42
1784721707.5491,20:01:47,717444674128,131230,100,24039,405,42
1784721707.7491,20:01:47,717444695957,131230,100,24039,405,42
1784721707.9491,20:01:47,717444714994,131230,100,24039,405,42
1784721708.1491,20:01:48,717444738548,124963,100,24039,405,41
1784721708.3491,20:01:48,717444762528,124963,100,24039,405,41
1784721708.5491,20:01:48,717444788154,125684,100,24039,480,42
1784721708.7491,20:01:48,717444813285,125684,100,24039,480,42
1784721708.9491,20:01:48,717444837448,125684,100,24039,480,42
1784721709.1491,20:01:49,717444863211,133418,100,24039,480,42
1784721709.3491,20:01:49,717444888431,133418,100,24039,480,42
1784721709.5491,20:01:49,717444912472,139068,100,24039,420,42
1784721709.7491,20:01:49,717444936333,139068,100,24039,420,42
1784721709.9491,20:01:49,717444959146,139068,100,24039,420,42
1784721710.1491,20:01:50,717444981350,135151,100,24039,375,41
1784721710.3491,20:01:50,717445001817,135151,100,24039,375,41
1784721710.5491,20:01:50,717445022146,124368,100,24039,300,41
1784721710.7491,20:01:50,717445044087,124368,100,24039,300,41
1784721710.9491,20:01:50,717445064294,124368,100,24039,300,41
1784721711.1491,20:01:51,717445086254,115791,100,24039,300,41
1784721711.3491,20:01:51,717445108272,115791,100,24039,300,41
1784721711.5491,20:01:51,717445130169,112783,100,24039,300,41
1784721711.7491,20:01:51,717445152119,112783,100,24039,300,41
1784721711.9491,20:01:51,717445175614,112783,100,24039,300,41
1784721712.1491,20:01:52,717445193562,114108,100,24039,315,41
1784721712.3491,20:01:52,717445212173,114108,100,24039,315,41
1784721712.5491,20:01:52,717445260006,118387,100,24039,2520,45
1784721712.7491,20:01:52,717445315480,118387,100,24039,2520,45
1784721712.9491,20:01:52,717445372195,118387,100,24039,2520,45
1784721713.1491,20:01:53,717445425859,197150,100,24039,1485,50
1784721713.3491,20:01:53,717445481818,197150,100,24039,1485,50
1784721713.5491,20:01:53,717445521495,272557,100,24039,1230,46
1784721713.7491,20:01:53,717445557972,272557,100,24039,1230,46
1784721713.9491,20:01:53,717445589025,272557,100,24039,1230,46
1784721714.1491,20:01:54,717445613933,230278,100,24039,360,43
1784721714.3491,20:01:54,717445634118,230278,100,24039,360,43
1784721714.5491,20:01:54,717445653168,151802,100,24039,210,41
1784721714.7491,20:01:54,717445672081,151802,100,24039,210,41
1784721714.9491,20:01:54,717445691018,151802,100,24039,210,41
1784721715.1491,20:01:55,717445709868,108368,100,24039,210,41
1784721715.3491,20:01:55,717445728756,108368,100,24039,210,41
1784721715.5491,20:01:55,717445747684,97188,100,24039,210,41
1784721715.7491,20:01:55,717445766553,97188,100,24039,210,41
1784721715.9491,20:01:55,717445786108,97188,100,24039,210,41
1784721716.1491,20:01:56,717445807484,97653,100,24039,255,41
1784721716.3491,20:01:56,717445830287,97653,100,24039,255,41
1784721716.5491,20:01:56,717445853880,105555,100,24039,375,41
1784721716.7491,20:01:56,717445878554,105555,100,24039,375,41
1784721716.9491,20:01:56,717445903116,105555,100,24039,375,41
1784721717.1491,20:01:57,717445927804,118729,100,24039,375,41
1784721717.3491,20:01:57,717445951166,118729,100,24039,375,41
1784721717.5491,20:01:57,717445974554,123115,100,24039,420,41
1784721717.7491,20:01:57,717446001441,123115,100,24039,420,41
1784721717.9491,20:01:57,717446029578,123115,100,24039,420,41
1784721718.1491,20:01:58,717446058127,129684,100,24039,495,42
1784721718.3491,20:01:58,717446086308,129684,100,24039,495,42
1784721718.5491,20:01:58,717446112871,138736,100,24039,435,42
1784721718.7491,20:01:58,717446139322,138736,100,24039,435,42
1784721718.9491,20:01:58,717446165699,138736,100,24039,435,42
1784721719.1491,20:01:59,717446189735,140088,100,24039,360,42
1784721719.3491,20:01:59,717446211787,140088,100,24039,360,42
1784721719.5491,20:01:59,717446233831,127216,100,24039,285,41
1784721719.7491,20:01:59,717446255365,127216,100,24039,285,41
1784721719.9491,20:01:59,717446278736,127216,100,24039,285,41
1784721720.1491,20:02:00,717446302412,117804,100,24039,345,41
1784721720.3491,20:02:00,717446325520,117804,100,24039,345,41
1784721720.5491,20:02:00,717446346518,116138,100,24039,255,41
1784721720.7491,20:02:00,717446367078,116138,100,24039,255,41
1784721720.9491,20:02:00,717446387744,116138,100,24039,255,41
1784721721.1491,20:02:01,717446409612,112646,100,24039,300,41
1784721721.3491,20:02:01,717446427760,112646,100,24039,300,41
1784721721.5491,20:02:01,717446470853,113134,100,24039,2520,44
1784721721.7491,20:02:01,717446528167,113134,100,24039,2520,44
1784721721.9491,20:02:01,717446582297,113134,100,24039,2520,44
1784721722.1491,20:02:02,717446640013,193776,100,24039,2535,48
1784721722.3491,20:02:02,717446684782,193776,100,24039,2535,48
1784721722.5491,20:02:02,717446725545,260737,100,24039,1050,45
1784721722.7491,20:02:02,717446756968,260737,100,24039,1050,45
1784721722.9491,20:02:02,717446780196,260737,100,24039,1050,45
1784721723.1491,20:02:03,717446803046,208212,100,24039,270,43
1784721723.3491,20:02:03,717446822655,208212,100,24039,270,43
1784721723.5491,20:02:03,717446841740,136498,100,24039,210,41
1784721723.7491,20:02:03,717446860700,136498,100,24039,210,41
1784721723.9491,20:02:03,717446879745,136498,100,24039,210,41
1784721724.1491,20:02:04,717446898804,104024,100,24039,210,41
1784721724.3491,20:02:04,717446917880,104024,100,24039,210,41
1784721724.5491,20:02:04,717446936842,97862,100,24039,210,41
1784721724.7491,20:02:04,717446955885,97862,100,24039,210,41
1784721724.9491,20:02:04,717446975017,97862,100,24039,210,41
1784721725.1491,20:02:05,717446994367,97895,100,24039,210,41
1784721725.3491,20:02:05,717447015063,97895,100,24039,210,41
1784721725.5491,20:02:05,717447037668,101381,100,24039,345,41
1784721725.7491,20:02:05,717447061984,101381,100,24039,345,41
1784721725.9491,20:02:05,717447086513,101381,100,24039,345,41
1784721726.1491,20:02:06,717447111219,113539,100,24039,375,41
1784721726.3491,20:02:06,717447135113,113539,100,24039,375,41
1784721726.5491,20:02:06,717447157250,122895,100,24039,300,41
1784721726.7491,20:02:06,717447179347,122895,100,24039,300,41
1784721726.9491,20:02:06,717447199127,122895,100,24039,300,41
1784721727.1491,20:02:07,717447215991,117044,100,24039,225,41
1784721727.3491,20:02:07,717447238295,117044,100,24039,225,41
1784721727.5491,20:02:07,717447263938,109031,100,24039,420,41
1784721727.7491,20:02:07,717447290679,109031,100,24039,420,41
1784721727.9491,20:02:07,717447317593,109031,100,24039,420,41
1784721728.1491,20:02:08,717447339266,119856,100,24039,390,42
1784721728.3491,20:02:08,717447361170,119856,100,24039,390,42
1784721728.5491,20:02:08,717447391524,129781,100,24039,615,42
1784721728.7491,20:02:08,717447423054,129781,100,24039,615,42
1784721728.9491,20:02:08,717447453248,129781,100,24039,615,42
1784721729.1491,20:02:09,717447481045,140443,100,24039,465,42
1784721729.3490,20:02:09,717447506518,140443,100,24039,465,42
1784721729.5491,20:02:09,717447530273,148180,100,24039,345,42
1784721729.7491,20:02:09,717447551949,148180,100,24039,345,42
1784721729.9491,20:02:09,717447571390,148180,100,24039,345,42
1784721730.1491,20:02:10,717447589067,125153,100,24039,210,41
1784721730.3491,20:02:10,717447607810,125153,100,24039,210,41
1784721730.5491,20:02:10,717447626455,104124,100,24039,210,41
1784721730.7491,20:02:10,717447645164,104124,100,24039,210,41
1784721730.9491,20:02:10,717447664777,104124,100,24039,210,41
1784721731.1491,20:02:11,717447704267,97077,100,24039,2085,41
1784721731.3491,20:02:11,717447757498,97077,100,24039,2085,41
1784721731.5491,20:02:11,717447808164,167908,100,24039,2490,47
1784721731.7491,20:02:11,717447856022,167908,100,24039,2490,47
1784721731.9491,20:02:11,717447900638,167908,100,24039,2490,47
1784721732.1491,20:02:12,717447942423,234656,100,24039,1740,46
1784721732.3491,20:02:12,717447979460,234656,100,24039,1740,46
1784721732.5491,20:02:12,717448010839,226334,100,24039,510,44
1784721732.7491,20:02:12,717448035752,226334,100,24039,510,44
1784721732.9491,20:02:12,717448055879,226334,100,24039,510,44
1784721733.1491,20:02:13,717448074469,167345,100,24039,210,41
1784721733.3491,20:02:13,717448092898,167345,100,24039,210,41
1784721733.5491,20:02:13,717448111378,116072,100,24039,210,41
1784721733.7491,20:02:13,717448129880,116072,100,24039,210,41
1784721733.9491,20:02:13,717448148189,116072,100,24039,210,41
1784721734.1491,20:02:14,717448166545,96391,100,24039,210,41
1784721734.3491,20:02:14,717448185009,96391,100,24039,210,41
1784721734.5491,20:02:14,717448203428,96150,100,24039,210,41
1784721734.7491,20:02:14,717448221839,96150,100,24039,210,41
1784721734.9491,20:02:14,717448240264,96150,100,24039,210,41
1784721735.1491,20:02:15,717448258605,96123,100,24039,210,40
1784721735.3491,20:02:15,717448276952,96123,100,24039,210,40
1784721735.5491,20:02:15,717448295275,96136,100,24039,210,40
1784721735.7491,20:02:15,717448313595,96136,100,24039,210,40
1784721735.9491,20:02:15,717448331752,96136,100,24039,210,40
1784721736.1491,20:02:16,717448350122,95975,100,24039,210,40
1784721736.3491,20:02:16,717448369627,95975,100,24039,210,40
1784721736.5491,20:02:16,717448391080,98571,100,24039,315,41
1784721736.7491,20:02:16,717448413056,98571,100,24039,315,41
1784721736.9491,20:02:16,717448436913,98571,100,24039,315,41
1784721737.1491,20:02:17,717448462259,109417,100,24039,420,41
1784721737.3491,20:02:17,717448489403,109417,100,24039,420,41
1784721737.5491,20:02:17,717448516711,127760,100,24039,480,42
1784721737.7491,20:02:17,717448544254,127760,100,24039,480,42
1784721737.9491,20:02:17,717448572016,127760,100,24039,480,42
1784721738.1491,20:02:18,717448597694,140810,100,24039,420,42
1784721738.3491,20:02:18,717448621072,140810,100,24039,420,42
1784721738.5491,20:02:18,717448642193,136080,100,24039,285,41
1784721738.7491,20:02:18,717448661045,136080,100,24039,285,41
1784721738.9491,20:02:18,717448680319,136080,100,24039,285,41
1784721739.1491,20:02:19,717448701329,116770,100,24039,300,41
1784721739.3491,20:02:19,717448723538,116770,100,24039,300,41
1784721739.5491,20:02:19,717448745634,108882,100,24039,330,41
1784721739.7491,20:02:19,717448767810,108882,100,24039,330,41
1784721739.9491,20:02:19,717448790819,108882,100,24039,330,41
1784721740.1491,20:02:20,717448813060,115714,100,24039,330,41
1784721740.3491,20:02:20,717448836899,115714,100,24039,330,41
1784721740.5491,20:02:20,717448861023,120608,100,24039,390,41
1784721740.7491,20:02:20,717448885074,120608,100,24039,390,41
1784721740.9491,20:02:20,717448909111,120608,100,24039,390,41
1784721741.1491,20:02:21,717448933209,125082,100,24039,390,41
1784721741.3491,20:02:21,717448957168,125082,100,24039,390,41
1784721741.5491,20:02:21,717448979885,127201,100,24039,300,41
1784721741.7491,20:02:21,717448999837,127201,100,24039,300,41
1784721741.9491,20:02:21,717449018364,127201,100,24039,300,41
1784721742.1491,20:02:22,717449036841,116841,100,24039,225,40
1784721742.3491,20:02:22,717449055491,116841,100,24039,225,40
1784721742.5491,20:02:22,717449075963,104602,100,24039,330,41
1784721742.7491,20:02:22,717449098404,104602,100,24039,330,41
1784721742.9491,20:02:22,717449122284,104602,100,24039,330,41
1784721743.1491,20:02:23,717449146390,109479,100,24039,390,41
1784721743.3491,20:02:23,717449170472,109479,100,24039,390,41
1784721743.5491,20:02:23,717449193937,122846,100,24039,315,41
1784721743.7491,20:02:23,717449215430,122846,100,24039,315,41
1784721743.9491,20:02:23,717449236890,122846,100,24039,315,41
1784721744.1491,20:02:24,717449258535,122410,100,24039,330,41
1784721744.3491,20:02:24,717449280386,122410,100,24039,330,41
1784721744.5491,20:02:24,717449301670,116634,100,24039,315,41
1784721744.7491,20:02:24,717449322826,116634,100,24039,315,41
1784721744.9491,20:02:24,717449340232,116634,100,24039,315,41
1784721745.1491,20:02:25,717449358619,110314,100,24039,375,41
1784721745.3491,20:02:25,717449384000,110314,100,24039,375,41
1784721745.5491,20:02:25,717449412353,114242,100,24039,555,42
1784721745.7491,20:02:25,717449442448,114242,100,24039,555,42
1784721745.9491,20:02:25,717449472982,114242,100,24039,555,42
1784721746.1491,20:02:26,717449500875,137801,100,24039,510,42
1784721746.3491,20:02:26,717449526441,137801,100,24039,510,42
1784721746.5491,20:02:26,717449549616,149854,100,24039,360,41
1784721746.7491,20:02:26,717449572410,149854,100,24039,360,41
1784721746.9491,20:02:26,717449595239,149854,100,24039,360,41
1784721747.1491,20:02:27,717449618070,133568,100,24039,360,41
1784721747.3491,20:02:27,717449640977,133568,100,24039,360,41
1784721747.5491,20:02:27,717449663826,122483,100,24039,360,41
1784721747.7491,20:02:27,717449686580,122483,100,24039,360,41
1784721747.9491,20:02:27,717449709314,122483,100,24039,360,41
1784721748.1491,20:02:28,717449732148,122281,100,24039,360,41
1784721748.3491,20:02:28,717449754910,122281,100,24039,360,41
1784721748.5491,20:02:28,717449778047,122497,100,24039,375,41
1784721748.7491,20:02:28,717449800910,122497,100,24039,375,41
1784721748.9491,20:02:28,717449823593,122497,100,24039,375,41
1784721749.1491,20:02:29,717449846189,122704,100,24039,360,41
1784721749.3491,20:02:29,717449864008,122704,100,24039,360,41
1784721749.5491,20:02:29,717449881582,114876,100,24039,360,41
1784721749.7491,20:02:29,717449903512,114876,100,24039,360,41
1784721749.9491,20:02:29,717449930484,114876,100,24039,360,41
1784721750.1491,20:02:30,717449958765,115954,100,24039,555,42
1784721750.3491,20:02:30,717449986124,115954,100,24039,555,42
1784721750.5491,20:02:30,717450010937,132816,100,24039,375,42
1784721750.7491,20:02:30,717450034044,132816,100,24039,375,42
1784721750.9491,20:02:30,717450056571,132816,100,24039,375,42
1784721751.1491,20:02:31,717450077280,137120,100,24039,315,41
1784721751.3491,20:02:31,717450097954,137120,100,24039,315,41
1784721751.5491,20:02:31,717450118861,119874,100,24039,315,41
1784721751.7491,20:02:31,717450136619,119874,100,24039,315,41
1784721751.9491,20:02:31,717450158833,119874,100,24039,315,41
1784721752.1491,20:02:32,717450206699,111603,100,24039,2520,44
1784721752.3491,20:02:32,717450260771,111603,100,24039,2520,44
1784721752.5491,20:02:32,717450314544,187192,100,24039,2595,48
1784721752.7491,20:02:32,717450358924,187192,100,24039,2595,48
1784721752.9491,20:02:32,717450395856,187192,100,24039,2595,48
1784721753.1491,20:02:33,717450425842,251766,100,24039,645,45
1784721753.3491,20:02:33,717450447673,251766,100,24039,645,45
1784721753.5491,20:02:33,717450462847,194233,100,24039,225,42
1784721753.7491,20:02:33,717450480321,194233,100,24039,225,42
1784721753.9491,20:02:33,717450498295,194233,100,24039,225,42
1784721754.1491,20:02:34,717450516302,116154,100,24039,210,41
1784721754.3491,20:02:34,717450534165,116154,100,24039,210,41
1784721754.5491,20:02:34,717450551964,94190,100,24039,210,41
1784721754.7491,20:02:34,717450569712,94190,100,24039,210,41
1784721754.9491,20:02:34,717450588791,94190,100,24039,210,41
1784721755.1491,20:02:35,717450608115,98333,100,24039,255,41
1784721755.3491,20:02:35,717450627540,98333,100,24039,255,41
1784721755.5491,20:02:35,717450648187,102429,100,24039,315,41
1784721755.7491,20:02:35,717450669671,102429,100,24039,315,41
1784721755.9491,20:02:35,717450692277,102429,100,24039,315,41
1784721756.1491,20:02:36,717450715533,112233,100,24039,375,41
1784721756.3491,20:02:36,717450738781,112233,100,24039,375,41
1784721756.5491,20:02:36,717450761064,121929,100,24039,375,41
1784721756.7491,20:02:36,717450778458,121929,100,24039,375,41
1784721756.9491,20:02:36,717450796499,121929,100,24039,375,41
1784721757.1491,20:02:37,717450833546,114989,100,24039,1665,41
1784721757.3491,20:02:37,717450891037,114989,100,24039,1665,41
1784721757.5491,20:02:37,717450945025,184227,100,24039,2640,49
1784721757.7491,20:02:37,717450996055,184227,100,24039,2640,49
1784721757.9491,20:02:37,717451043355,184227,100,24039,2640,49
1784721758.1491,20:02:38,717451091051,261045,100,24039,2460,48
1784721758.3491,20:02:38,717451131265,261045,100,24039,2460,48
1784721758.5491,20:02:38,717451171656,258722,100,24039,735,47
1784721758.7491,20:02:38,717451204553,258722,100,24039,735,47
1784721758.9491,20:02:38,717451232103,258722,100,24039,735,47
1784721759.1491,20:02:39,717451254011,209467,100,24039,405,43
1784721759.3491,20:02:39,717451271788,209467,100,24039,405,43
1784721759.5491,20:02:39,717451289151,148696,100,24039,210,41
1784721759.7491,20:02:39,717451307383,148696,100,24039,210,41
1784721759.9491,20:02:39,717451324803,148696,100,24039,210,41
1784721760.1491,20:02:40,717451342251,104341,100,24039,210,41
1784721760.3491,20:02:40,717451359696,104341,100,24039,210,41
1784721760.5491,20:02:40,717451376983,95804,100,24039,210,41
1784721760.7491,20:02:40,717451394310,95804,100,24039,210,41
1784721760.9491,20:02:40,717451411746,95804,100,24039,210,41
1784721761.1491,20:02:41,717451429180,95785,100,24039,210,41
1784721761.3491,20:02:41,717451447630,95785,100,24039,210,41
1784721761.5491,20:02:41,717451468105,98302,100,24039,330,41
1784721761.7491,20:02:41,717451490428,98302,100,24039,330,41
1784721761.9491,20:02:41,717451513053,98302,100,24039,330,41
1784721762.1491,20:02:42,717451535285,110414,100,24039,360,41
1784721762.3491,20:02:42,717451557468,110414,100,24039,360,41
1784721762.5491,20:02:42,717451579581,121296,100,24039,360,41
1784721762.7491,20:02:42,717451602174,121296,100,24039,360,41
1784721762.9491,20:02:42,717451622847,121296,100,24039,360,41
1784721763.1491,20:02:43,717451643403,121384,100,24039,315,41
1784721763.3491,20:02:43,717451662010,121384,100,24039,315,41
1784721763.5491,20:02:43,717451680222,113963,100,24039,240,41
1784721763.7491,20:02:43,717451698447,113963,100,24039,240,41
1784721763.9491,20:02:43,717451716319,113963,100,24039,240,41
1784721764.1491,20:02:44,717451734386,104204,100,24039,240,41
1784721764.3491,20:02:44,717451753624,104204,100,24039,240,41
1784721764.5491,20:02:44,717451774732,102783,100,24039,360,41
1784721764.7491,20:02:44,717451796718,102783,100,24039,360,41
1784721764.9491,20:02:44,717451819573,102783,100,24039,360,41
1784721765.1491,20:02:45,717451843155,113285,100,24039,405,41
1784721765.3491,20:02:45,717451865291,113285,100,24039,405,41
1784721765.5491,20:02:45,717451886374,123324,100,24039,330,41
1784721765.7491,20:02:45,717451909311,123324,100,24039,330,41
1784721765.9491,20:02:45,717451931882,123324,100,24039,330,41
1784721766.1491,20:02:46,717451954411,121454,100,24039,315,41
1784721766.3491,20:02:46,717451977208,121454,100,24039,315,41
1784721766.5491,20:02:46,717452000121,116631,100,24039,330,41
1784721766.7491,20:02:46,717452023031,116631,100,24039,330,41
1784721766.9491,20:02:46,717452045858,116631,100,24039,330,41
1784721767.1491,20:02:47,717452068686,116912,100,24039,330,41
1784721767.3491,20:02:47,717452091609,116912,100,24039,330,41
1784721767.5491,20:02:47,717452114208,117441,100,24039,285,41
1784721767.7491,20:02:47,717452133086,117441,100,24039,285,41
1784721767.9491,20:02:47,717452155196,117441,100,24039,285,41
1784721768.1491,20:02:48,717452180102,112550,100,24039,375,41
1784721768.3491,20:02:48,717452206641,112550,100,24039,375,41
1784721768.5491,20:02:48,717452233316,119751,100,24039,450,42
1784721768.7491,20:02:48,717452259359,119751,100,24039,450,42
1784721768.9491,20:02:48,717452282543,119751,100,24039,450,42
1784721769.1491,20:02:49,717452300743,129532,100,24039,270,41
1784721769.3491,20:02:49,717452316431,129532,100,24039,270,41
1784721769.5491,20:02:49,717452337346,109982,100,24039,2130,41
1784721769.7491,20:02:49,717452387570,109982,100,24039,2130,41
1784721769.9491,20:02:49,717452444368,109982,100,24039,2130,41
1784721770.1491,20:02:50,717452502268,163993,100,24039,2685,48
1784721770.3491,20:02:50,717452554554,163993,100,24039,2685,48
1784721770.5491,20:02:50,717452599277,246912,100,24039,1935,46
1784721770.7491,20:02:50,717452641749,246912,100,24039,1935,46
1784721770.9491,20:02:50,717452683994,246912,100,24039,1935,46
1784721771.1491,20:02:51,717452724555,252056,100,24039,1200,45
1784721771.3491,20:02:51,717452759817,252056,100,24039,1200,45
1784721771.5491,20:02:51,717452788141,201966,100,24039,465,43
1784721771.7491,20:02:51,717452810200,201966,100,24039,465,43
1784721771.9491,20:02:51,717452830431,201966,100,24039,465,43
1784721772.1491,20:02:52,717452849464,156811,100,24039,210,41
1784721772.3491,20:02:52,717452868559,156811,100,24039,210,41
1784721772.5491,20:02:52,717452887696,110785,100,24039,210,41
1784721772.7491,20:02:52,717452906772,110785,100,24039,210,41
1784721772.9491,20:02:52,717452925782,110785,100,24039,210,41
1784721773.1491,20:02:53,717452944759,97927,100,24039,210,41
1784721773.3491,20:02:53,717452963599,97927,100,24039,210,41
1784721773.5491,20:02:53,717452982505,97569,100,24039,210,41
1784721773.7491,20:02:53,717453001409,97569,100,24039,210,41
1784721773.9491,20:02:53,717453020209,97569,100,24039,210,41
1784721774.1491,20:02:54,717453039098,97003,100,24039,210,41
1784721774.3491,20:02:54,717453058086,97003,100,24039,210,41
1784721774.5491,20:02:54,717453076924,96964,100,24039,210,40
1784721774.7491,20:02:54,717453095760,96964,100,24039,210,40
1784721774.9491,20:02:54,717453114602,96964,100,24039,210,40
1784721775.1491,20:02:55,717453133900,96925,100,24039,210,40
1784721775.3491,20:02:55,717453154653,96925,100,24039,210,40
1784721775.5491,20:02:55,717453174707,100038,100,24039,210,41
1784721775.7491,20:02:55,717453191118,100038,100,24039,210,41
1784721775.9491,20:02:55,717453211809,100038,100,24039,210,41
1784721776.1491,20:02:56,717453236901,99601,100,24039,375,41
1784721776.3491,20:02:56,717453263246,99601,100,24039,375,41
1784721776.5491,20:02:56,717453282802,110137,100,24039,375,42
1784721776.7491,20:02:56,717453311625,110137,100,24039,375,42
1784721776.9491,20:02:56,717453367027,110137,100,24039,375,42
1784721777.1491,20:02:57,717453423960,156352,100,24039,2685,48
1784721777.3491,20:02:57,717453477841,156352,100,24039,2685,48
1784721777.5491,20:02:57,717453528711,224815,100,24039,2400,48
1784721777.7491,20:02:57,717453576821,224815,100,24039,2400,48
1784721777.9491,20:02:57,717453621879,224815,100,24039,2400,48
1784721778.1491,20:02:58,717453663771,262927,100,24039,1485,46
1784721778.3491,20:02:58,717453700717,262927,100,24039,1485,46
1784721778.5491,20:02:58,717453732701,222067,100,24039,450,44
1784721778.7491,20:02:58,717453758642,222067,100,24039,450,44
1784721778.9491,20:02:58,717453778114,222067,100,24039,450,44
1784721779.1491,20:02:59,717453797205,165534,100,24039,210,41
1784721779.3491,20:02:59,717453816201,165534,100,24039,210,41
1784721779.5491,20:02:59,717453835227,115997,100,24039,210,41
1784721779.7491,20:02:59,717453854150,115997,100,24039,210,41
1784721779.9491,20:02:59,717453873105,115997,100,24039,210,41
1784721780.1491,20:03:00,717453891909,97664,100,24039,210,41
1784721780.3491,20:03:00,717453910678,97664,100,24039,210,41
1784721780.5491,20:03:00,717453929560,97138,100,24039,210,41
1784721780.7491,20:03:00,717453948376,97138,100,24039,210,41
1784721780.9491,20:03:00,717453967196,97138,100,24039,210,41
1784721781.1491,20:03:01,717453985972,96896,100,24039,210,41
1784721781.3491,20:03:01,717454004723,96896,100,24039,210,41
1784721781.5491,20:03:01,717454023404,96696,100,24039,210,41
1784721781.7491,20:03:01,717454042250,96696,100,24039,210,41
1784721781.9491,20:03:01,717454061032,96696,100,24039,210,41
1784721782.1491,20:03:02,717454079866,96795,100,24039,210,40
1784721782.3491,20:03:02,717454098844,96795,100,24039,210,40
1784721782.5491,20:03:02,717454118161,97581,100,24039,240,40
1784721782.7491,20:03:02,717454139065,97581,100,24039,240,40
1784721782.9491,20:03:02,717454162291,97581,100,24039,240,40
1784721783.1491,20:03:03,717454186389,106488,100,24039,360,41
1784721783.3491,20:03:03,717454210536,106488,100,24039,360,41
1784721783.5491,20:03:03,717454234633,118720,100,24039,345,41
1784721783.7491,20:03:03,717454258557,118720,100,24039,345,41
1784721783.9491,20:03:03,717454282996,118720,100,24039,345,41
1784721784.1491,20:03:04,717454306595,124963,100,24039,375,41
1784721784.3491,20:03:04,717454328239,124963,100,24039,375,41
1784721784.5491,20:03:04,717454348328,118198,100,24039,240,41
1784721784.7491,20:03:04,717454368289,118198,100,24039,240,41
1784721784.9491,20:03:04,717454388682,118198,100,24039,240,41
1784721785.1491,20:03:05,717454410566,109716,100,24039,300,41
1784721785.3491,20:03:05,717454432513,109716,100,24039,300,41
1784721785.5491,20:03:05,717454450961,106080,100,24039,285,41
1784721785.7491,20:03:05,717454470984,106080,100,24039,285,41
1784721785.9491,20:03:05,717454496965,106080,100,24039,285,41
1784721786.1491,20:03:06,717454524762,115459,100,24039,480,42
1784721786.3491,20:03:06,717454552606,115459,100,24039,480,42
1784721786.5491,20:03:06,717454580257,130365,100,24039,420,42
1784721786.7491,20:03:06,717454605787,130365,100,24039,420,42
1784721786.9491,20:03:06,717454628458,130365,100,24039,420,42
1784721787.1491,20:03:07,717454648867,133496,100,24039,255,41
1784721787.3491,20:03:07,717454669315,133496,100,24039,255,41
1784721787.5491,20:03:07,717454689763,116240,100,24039,255,41
1784721787.7491,20:03:07,717454709820,116240,100,24039,255,41
1784721787.9491,20:03:07,717454729987,116240,100,24039,255,41
1784721788.1491,20:03:08,717454750545,105881,100,24039,255,41
1784721788.3491,20:03:08,717454771248,105881,100,24039,255,41
1784721788.5491,20:03:08,717454791965,106595,100,24039,270,41
1784721788.7491,20:03:08,717454812588,106595,100,24039,270,41
1784721788.9491,20:03:08,717454834578,106595,100,24039,270,41
1784721789.1491,20:03:09,717454858571,110479,100,24039,375,41
1784721789.3491,20:03:09,717454883299,110479,100,24039,375,41
1784721789.5491,20:03:09,717454907739,119919,100,24039,390,41
1784721789.7491,20:03:09,717454931026,119919,100,24039,390,41
1784721789.9491,20:03:09,717454953513,119919,100,24039,390,41
1784721790.1491,20:03:10,717454975954,123666,100,24039,330,41
1784721790.3491,20:03:10,717454998325,123666,100,24039,330,41
1784721790.5491,20:03:10,717455020775,119014,100,24039,330,41
1784721790.7491,20:03:10,717455043005,119014,100,24039,330,41
1784721790.9491,20:03:10,717455064100,119014,100,24039,330,41
1784721791.1491,20:03:11,717455083927,114634,100,24039,255,41
1784721791.3491,20:03:11,717455103787,114634,100,24039,255,41
1784721791.5491,20:03:11,717455123735,108677,100,24039,240,41
1784721791.7491,20:03:11,717455143212,108677,100,24039,240,41
1784721791.9491,20:03:11,717455163822,108677,100,24039,240,41
1784721792.1491,20:03:12,717455186041,105435,100,24039,300,41
1784721792.3491,20:03:12,717455208211,105435,100,24039,300,41
1784721792.5491,20:03:12,717455227103,108238,100,24039,390,42
1784721792.7491,20:03:12,717455260321,108238,100,24039,390,42
1784721792.9491,20:03:12,717455316260,108238,100,24039,390,42
1784721793.1491,20:03:13,717455371343,172440,100,24039,2685,48
1784721793.3491,20:03:13,717455420521,172440,100,24039,2685,48
1784721793.5491,20:03:13,717455455749,227834,100,24039,960,45
1784721793.7491,20:03:13,717455487566,227834,100,24039,960,45
1784721793.9491,20:03:13,717455514889,227834,100,24039,960,45
1784721794.1491,20:03:14,717455536311,200175,100,24039,330,42
1784721794.3491,20:03:14,717455554647,200175,100,24039,330,42
1784721794.5491,20:03:14,717455572957,127773,100,24039,210,41
1784721794.7491,20:03:14,717455591181,127773,100,24039,210,41
1784721794.9491,20:03:14,717455609380,127773,100,24039,210,41
1784721795.1491,20:03:15,717455627612,99267,100,24039,210,41
1784721795.3491,20:03:15,717455645783,99267,100,24039,210,41
1784721795.5491,20:03:15,717455665047,97267,100,24039,270,41
1784721795.7491,20:03:15,717455686188,97267,100,24039,270,41
1784721795.9491,20:03:15,717455709270,97267,100,24039,270,41
1784721796.1491,20:03:16,717455734315,108214,100,24039,420,41
1784721796.3491,20:03:16,717455759496,108214,100,24039,420,41
1784721796.5491,20:03:16,717455784672,124616,100,24039,420,42
1784721796.7491,20:03:16,717455809871,124616,100,24039,420,42
1784721796.9491,20:03:16,717455832769,124616,100,24039,420,42
1784721797.1491,20:03:17,717455855460,129843,100,24039,345,41
1784721797.3491,20:03:17,717455876011,129843,100,24039,345,41
1784721797.5491,20:03:17,717455895779,119211,100,24039,255,41
1784721797.7491,20:03:17,717455915855,119211,100,24039,255,41
1784721797.9491,20:03:17,717455935876,119211,100,24039,255,41
1784721798.1491,20:03:18,717455955744,109076,100,24039,255,41
1784721798.3491,20:03:18,717455975527,109076,100,24039,255,41
1784721798.5491,20:03:18,717455996394,106823,100,24039,315,41
1784721798.7491,20:03:18,717456018356,106823,100,24039,315,41
1784721798.9491,20:03:18,717456040552,106823,100,24039,315,41
1784721799.1491,20:03:19,717456063269,111872,100,24039,360,41
1784721799.3491,20:03:19,717456081229,111872,100,24039,360,41
1784721799.5491,20:03:19,717456104208,114633,100,24039,420,41
1784721799.7491,20:03:19,717456130155,114633,100,24039,420,41
1784721799.9491,20:03:19,717456157089,114633,100,24039,420,41
1784721800.1491,20:03:20,717456184363,126114,100,24039,495,42
1784721800.3491,20:03:20,717456210781,126114,100,24039,495,42
1784721800.5491,20:03:20,717456236104,140152,100,24039,420,42
1784721800.7491,20:03:20,717456261224,140152,100,24039,420,42
1784721800.9491,20:03:20,717456286344,140152,100,24039,420,42
1784721801.1491,20:03:21,717456309828,137576,100,24039,420,42
1784721801.3491,20:03:21,717456330642,137576,100,24039,420,42
1784721801.5491,20:03:21,717456354035,126761,100,24039,405,41
1784721801.7491,20:03:21,717456378951,126761,100,24039,405,41
1784721801.9491,20:03:21,717456403815,126761,100,24039,405,41
1784721802.1491,20:03:22,717456428627,126401,100,24039,420,42
1784721802.3491,20:03:22,717456452823,126401,100,24039,420,42
1784721802.5491,20:03:22,717456473147,127682,100,24039,375,42
1784721802.7491,20:03:22,717456495423,127682,100,24039,375,42
1784721802.9491,20:03:22,717456521996,127682,100,24039,375,42
1784721803.1491,20:03:23,717456550158,129028,100,24039,540,42
1784721803.3491,20:03:23,717456578585,129028,100,24039,540,42
1784721803.5491,20:03:23,717456599131,132065,100,24039,360,42
1784721803.7491,20:03:23,717456620340,132065,100,24039,360,42
1784721803.9491,20:03:23,717456645864,132065,100,24039,360,42
1784721804.1491,20:03:24,717456671770,133336,100,24039,450,42
1784721804.3491,20:03:24,717456697406,133336,100,24039,450,42
1784721804.5491,20:03:24,717456720901,128336,100,24039,375,42
1784721804.7491,20:03:24,717456736616,128336,100,24039,375,42
1784721804.9491,20:03:24,717456752669,128336,100,24039,375,42
1784721805.1491,20:03:25,717456773650,113278,100,24039,345,41
1784721805.3491,20:03:25,717456819215,113278,100,24039,345,41
1784721805.5491,20:03:25,717456873636,161946,100,24039,2685,48
1784721805.7491,20:03:25,717456926698,161946,100,24039,2685,48
1784721805.9491,20:03:25,717456979753,161946,100,24039,2685,48
1784721806.1491,20:03:26,717457036944,254995,100,24039,2130,56
1784721806.3491,20:03:26,717457089796,254995,100,24039,2130,56
1784721806.5491,20:03:26,717457137199,287588,100,24039,2400,48
1784721806.7491,20:03:26,717457180966,287588,100,24039,2400,48
1784721806.9491,20:03:26,717457221767,287588,100,24039,2400,48
1784721807.1491,20:03:27,717457258786,256463,100,24039,1035,46
1784721807.3491,20:03:27,717457291392,256463,100,24039,1035,46
1784721807.5491,20:03:27,717457318025,201258,100,24039,405,43
1784721807.7491,20:03:27,717457339030,201258,100,24039,405,43
1784721807.9491,20:03:27,717457357146,201258,100,24039,405,43
1784721808.1491,20:03:28,717457375060,142339,100,24039,210,41
1784721808.3491,20:03:28,717457392845,142339,100,24039,210,41
1784721808.5491,20:03:28,717457410669,103294,100,24039,210,41
1784721808.7491,20:03:28,717457428378,103294,100,24039,210,41
1784721808.9491,20:03:28,717457446166,103294,100,24039,210,41
1784721809.1491,20:03:29,717457463893,96565,100,24039,210,41
1784721809.3491,20:03:29,717457481596,96565,100,24039,210,41
1784721809.5491,20:03:29,717457499290,96028,100,24039,210,41
1784721809.7491,20:03:29,717457514107,96028,100,24039,210,41
1784721809.9491,20:03:29,717457538598,96028,100,24039,210,41
1784721810.1491,20:03:30,717457594529,115191,100,24039,2520,44
1784721810.3491,20:03:30,717457646742,115191,100,24039,2520,44
1784721810.5491,20:03:30,717457697927,205332,100,24039,2535,48
1784721810.7491,20:03:30,717457741952,205332,100,24039,2535,48
1784721810.9491,20:03:30,717457777995,205332,100,24039,2535,48
1784721811.1491,20:03:31,717457808094,251721,100,24039,660,45
1784721811.3491,20:03:31,717457832913,251721,100,24039,660,45
1784721811.5491,20:03:31,717457852171,177693,100,24039,210,42
1784721811.7491,20:03:31,717457869923,177693,100,24039,210,42
1784721811.9491,20:03:31,717457887538,177693,100,24039,210,42
1784721812.1491,20:03:32,717457905153,116698,100,24039,210,41
1784721812.3491,20:03:32,717457922783,116698,100,24039,210,41
1784721812.5491,20:03:32,717457940523,97077,100,24039,210,41
1784721812.7491,20:03:32,717457958110,97077,100,24039,210,41
1784721812.9491,20:03:32,717457975741,97077,100,24039,210,41
1784721813.1491,20:03:33,717458002956,96409,100,24039,210,41
1784721813.3491,20:03:33,717458012559,96409,100,24039,210,41
1784721813.5491,20:03:33,717458039712,96349,100,24039,210,41
1784721813.7491,20:03:33,717458058926,96349,100,24039,210,41
1784721813.9491,20:03:33,717458078185,96349,100,24039,210,41
1784721814.1491,20:03:34,717458097555,96373,100,24039,210,41
1784721814.3491,20:03:34,717458117420,96373,100,24039,210,41
1784721814.5491,20:03:34,717458137715,97251,100,24039,225,41
1784721814.7491,20:03:34,717458160075,97251,100,24039,225,41
1784721814.9491,20:03:34,717458182485,97251,100,24039,225,41
1784721815.1491,20:03:35,717458203442,103824,100,24039,300,41
1784721815.3491,20:03:35,717458220276,103824,100,24039,300,41
1784721815.5491,20:03:35,717458240321,101790,100,24039,285,41
1784721815.7491,20:03:35,717458266600,101790,100,24039,285,41
1784721815.9491,20:03:35,717458293062,101790,100,24039,285,41
1784721816.1491,20:03:36,717458319589,111044,100,24039,420,42
1784721816.3491,20:03:36,717458345688,111044,100,24039,420,42
1784721816.5491,20:03:36,717458368874,126489,100,24039,405,42
1784721816.7491,20:03:36,717458388558,126489,100,24039,405,42
1784721816.9491,20:03:36,717458412095,126489,100,24039,405,42
1784721817.1491,20:03:37,717458439770,120739,100,24039,480,42
1784721817.3491,20:03:37,717458465047,120739,100,24039,480,42
1784721817.5491,20:03:37,717458496576,123160,100,24039,615,42
1784721817.7491,20:03:37,717458527130,123160,100,24039,615,42
1784721817.9491,20:03:37,717458554981,123160,100,24039,615,42
1784721818.1491,20:03:38,717458580616,142729,100,24039,450,42
1784721818.3491,20:03:38,717458604054,142729,100,24039,450,42
1784721818.5491,20:03:38,717458626892,137402,100,24039,315,41
1784721818.7491,20:03:38,717458649711,137402,100,24039,315,41
1784721818.9491,20:03:38,717458670637,137402,100,24039,315,41
1784721819.1491,20:03:39,717458689941,118095,100,24039,225,41
1784721819.3491,20:03:39,717458709031,118095,100,24039,225,41
1784721819.5491,20:03:39,717458728083,104756,100,24039,210,40
1784721819.7491,20:03:39,717458747229,104756,100,24039,210,40
1784721819.9491,20:03:39,717458767225,104756,100,24039,210,40
1784721820.1491,20:03:40,717458789251,97790,100,24039,270,40
1784721820.3491,20:03:40,717458813152,97790,100,24039,270,40
1784721820.5491,20:03:40,717458838124,107253,100,24039,390,41
1784721820.7491,20:03:40,717458864059,107253,100,24039,390,41
1784721820.9491,20:03:40,717458890726,107253,100,24039,390,41
1784721821.1491,20:03:41,717458918136,123271,100,24039,450,42
1784721821.3491,20:03:41,717458944166,123271,100,24039,450,42
1784721821.5491,20:03:41,717458968980,132293,100,24039,390,42
1784721821.7491,20:03:41,717458993814,132293,100,24039,390,42
1784721821.9491,20:03:41,717459017789,132293,100,24039,390,42
1784721822.1491,20:03:42,717459039220,130249,100,24039,330,41
1784721822.3491,20:03:42,717459058869,130249,100,24039,330,41
1784721822.5491,20:03:42,717459078567,116231,100,24039,240,41
1784721822.7491,20:03:42,717459098696,116231,100,24039,240,41
1784721822.9491,20:03:42,717459120342,116231,100,24039,240,41
1784721823.1491,20:03:43,717459142203,106670,100,24039,300,41
1784721823.3491,20:03:43,717459165818,106670,100,24039,300,41
1784721823.5491,20:03:43,717459189509,111156,100,24039,360,41
1784721823.7491,20:03:43,717459213244,111156,100,24039,360,41
1784721823.9491,20:03:43,717459236897,111156,100,24039,360,41
1784721824.1491,20:03:44,717459260608,119054,100,24039,360,41
1784721824.3491,20:03:44,717459284321,119054,100,24039,360,41
1784721824.5491,20:03:44,717459308016,121791,100,24039,360,41
1784721824.7491,20:03:44,717459331776,121791,100,24039,360,41
1784721824.9491,20:03:44,717459355489,121791,100,24039,360,41
1784721825.1491,20:03:45,717459379216,121815,100,24039,360,41
1784721825.3491,20:03:45,717459402874,121815,100,24039,360,41
1784721825.5491,20:03:45,717459426405,121755,100,24039,345,41
1784721825.7491,20:03:45,717459449817,121755,100,24039,345,41
1784721825.9491,20:03:45,717459473330,121755,100,24039,345,41
1784721826.1491,20:03:46,717459497085,121103,100,24039,360,41
1784721826.3491,20:03:46,717459520927,121103,100,24039,360,41
1784721826.5491,20:03:46,717459544744,121320,100,24039,360,41
1784721826.7491,20:03:46,717459568475,121320,100,24039,360,41
1784721826.9491,20:03:46,717459592304,121320,100,24039,360,41
1784721827.1491,20:03:47,717459616053,122225,100,24039,360,41
1784721827.3491,20:03:47,717459639831,122225,100,24039,360,41
1784721827.5491,20:03:47,717459663594,122140,100,24039,360,41
1784721827.7491,20:03:47,717459687330,122140,100,24039,360,41
1784721827.9491,20:03:47,717459711166,122140,100,24039,360,41
1784721828.1491,20:03:48,717459735458,122130,100,24039,360,41
1784721828.3491,20:03:48,717459759747,122130,100,24039,360,41
1784721828.5491,20:03:48,717459784111,123428,100,24039,315,41
1784721828.7491,20:03:48,717459808631,123428,100,24039,315,41
1784721828.9491,20:03:48,717459833010,123428,100,24039,315,41
1784721829.1491,20:03:49,717459857396,124969,100,24039,315,41
1784721829.3491,20:03:49,717459880551,124969,100,24039,315,41
1784721829.5491,20:03:49,717459902494,123003,100,24039,255,41
1784721829.7491,20:03:49,717459924001,123003,100,24039,255,41
1784721829.9491,20:03:49,717459945413,123003,100,24039,255,41
1784721830.1491,20:03:50,717459966821,116364,100,24039,240,41
1784721830.3491,20:03:50,717459988290,116364,100,24039,240,41
1784721830.5491,20:03:50,717460009689,110562,100,24039,240,41
1784721830.7491,20:03:50,717460031080,110562,100,24039,240,41
1784721830.9491,20:03:50,717460052796,110562,100,24039,240,41
1784721831.1491,20:03:51,717460076400,110350,100,24039,300,41
1784721831.3491,20:03:51,717460100111,110350,100,24039,300,41
1784721831.5491,20:03:51,717460123821,115653,100,24039,300,41
1784721831.7491,20:03:51,717460147392,115653,100,24039,300,41
1784721831.9491,20:03:51,717460170960,115653,100,24039,300,41
1784721832.1491,20:03:52,717460194472,120784,100,24039,300,41
1784721832.3491,20:03:52,717460218484,120784,100,24039,300,41
1784721832.5491,20:03:52,717460242532,121915,100,24039,315,41
1784721832.7491,20:03:52,717460266714,121915,100,24039,315,41
1784721832.9491,20:03:52,717460290786,121915,100,24039,315,41
1784721833.1491,20:03:53,717460314768,122996,100,24039,315,41
1784721833.3491,20:03:53,717460338856,122996,100,24039,315,41
1784721833.5491,20:03:53,717460364455,124618,100,24039,225,41
1784721833.7491,20:03:53,717460388882,124618,100,24039,225,41
1784721833.9491,20:03:53,717460413293,124618,100,24039,225,41
1784721834.1491,20:03:54,717460437681,125609,100,24039,210,41
1784721834.3491,20:03:54,717460462092,125609,100,24039,210,41
1784721834.5491,20:03:54,717460486490,126443,100,24039,210,41
1784721834.7491,20:03:54,717460510893,126443,100,24039,210,41
1784721834.9491,20:03:54,717460535346,126443,100,24039,210,41
1784721835.1491,20:03:55,717460558298,125376,100,24039,210,41
1784721835.3491,20:03:55,717460567390,125376,100,24039,210,41
1784721835.5491,20:03:55,717460576345,101697,0,24039,210,39
1784721835.7491,20:03:55,717460586759,101697,0,24039,210,39
1784721835.9491,20:03:55,717460598756,101697,0,24039,210,39
1784721836.1491,20:03:56,717460610592,69910,0,24039,2520,39
1784721836.3491,20:03:56,717460622261,69910,0,24039,2520,39
1784721836.5491,20:03:56,717460633899,64052,0,24039,2520,39
1784721836.7491,20:03:56,717460645551,64052,0,24039,2520,39
1784721836.9491,20:03:56,717460657176,64052,0,24039,2520,39
1784721837.1491,20:03:57,717460668810,64052,0,24039,2520,39
1784721837.3491,20:03:57,717460680390,64052,0,24039,2520,39
1784721837.5491,20:03:57,717460691977,60784,0,24039,2520,39
1784721837.7491,20:03:57,717460703528,60784,0,24039,2520,39
1784721837.9491,20:03:57,717460715155,60784,0,24039,2520,39
1784721838.1491,20:03:58,717460726742,60784,0,24039,2520,39
1784721838.3491,20:03:58,717460738298,60784,0,24039,2520,39
1784721838.5491,20:03:58,717460749867,60666,0,24039,2520,39
1784721838.7491,20:03:58,717460761414,60666,0,24039,2520,39
1784721838.9491,20:03:58,717460773041,60666,0,24039,2520,39
1784721839.1491,20:03:59,717460784593,60666,0,24039,2520,39
1784721839.3491,20:03:59,717460796125,60666,0,24039,2520,39
1784721839.5491,20:03:59,717460807665,60582,0,24039,2520,39
1784721839.7491,20:03:59,717460819180,60582,0,24039,2520,39
1784721839.9491,20:03:59,717460830731,60582,0,24039,2520,39
1784721840.1491,20:04:00,717460842294,60582,0,24039,2520,39
1784721840.3491,20:04:00,717460853798,60582,0,24039,2520,39
1784721840.5491,20:04:00,717460865314,60553,0,24039,2520,39
1784721840.7491,20:04:00,717460876772,60553,0,24039,2520,39
1784721840.9491,20:04:00,717460888270,60553,0,24039,2520,39
1784721841.1491,20:04:01,717460899780,60553,0,24039,2520,39
1784721841.3491,20:04:01,717460911251,60553,0,24039,2520,39
1784721841.5491,20:04:01,717460922699,60511,0,24039,2520,39
1784721841.7491,20:04:01,717460934201,60511,0,24039,2520,39
1784721841.9491,20:04:01,717460945664,60511,0,24039,2520,39
1784721842.1491,20:04:02,717460957181,60511,0,24039,2520,39
1784721842.3491,20:04:02,717460968679,60511,0,24039,2520,39
1784721842.5491,20:04:02,717460980223,60473,0,24039,2520,39
1784721842.7491,20:04:02,717460991729,60473,0,24039,2520,39
1784721842.9491,20:04:02,717461003097,60473,0,24039,2520,39
1784721843.1491,20:04:03,717461014566,60473,0,24039,2520,39
1784721843.3491,20:04:03,717461026042,60473,0,24039,2520,39
1784721843.5491,20:04:03,717461037497,60521,0,24039,2520,39
1784721843.7491,20:04:03,717461048988,60521,0,24039,2520,39
1784721843.9491,20:04:03,717461060503,60521,0,24039,2520,39
1784721844.1491,20:04:04,717461072023,60521,0,24039,2520,39
1784721844.3491,20:04:04,717461083528,60521,0,24039,2520,39
1784721844.5491,20:04:04,717461095002,60662,0,24039,2520,39
1784721844.7491,20:04:04,717461106517,60662,0,24039,2520,39
1784721844.9491,20:04:04,717461117997,60662,0,24039,2520,39
1784721845.1491,20:04:05,717461129499,60662,0,24039,2520,39
1784721845.3491,20:04:05,717461140918,60662,0,24039,2520,39
1784721845.5491,20:04:05,717461152293,60823,0,24039,2520,39
1784721845.7491,20:04:05,717461163658,60823,0,24039,2520,39
1784721845.9491,20:04:05,717461175026,60823,0,24039,2520,39
1784721846.1491,20:04:06,717461186406,60823,0,24039,2520,39
1784721846.3491,20:04:06,717461197831,60823,0,24039,2520,39
1784721846.5491,20:04:06,717461209269,60680,0,24039,2520,38
1784721846.7491,20:04:06,717461220622,60680,0,24039,2520,38
1784721846.9491,20:04:06,717461232036,60680,0,24039,2520,38
1784721847.1491,20:04:07,717461243395,60680,0,24039,2520,38
1784721847.3491,20:04:07,717461254825,60680,0,24039,2520,38
1784721847.5491,20:04:07,717461266190,60509,0,24039,2520,38
1784721847.7491,20:04:07,717461277515,60509,0,24039,2520,38
1784721847.9491,20:04:07,717461288887,60509,0,24039,2520,38
1784721848.1491,20:04:08,717461300237,60509,0,24039,2520,38
1784721848.3491,20:04:08,717461311534,60509,0,24039,2520,38
1784721848.5491,20:04:08,717461322867,60544,0,24039,2520,38
1784721848.7491,20:04:08,717461334228,60544,0,24039,2520,38
1784721848.9491,20:04:08,717461345574,60544,0,24039,2520,38
1784721849.1491,20:04:09,717461356927,60544,0,24039,2520,38
1784721849.3491,20:04:09,717461368217,60544,0,24039,2520,38
1784721849.5491,20:04:09,717461379567,60535,0,24039,2520,38
1784721849.7491,20:04:09,717461390931,60535,0,24039,2520,38
1784721849.9491,20:04:09,717461402178,60535,0,24039,2520,38
1784721850.1491,20:04:10,717461413504,60535,0,24039,2520,38
1784721850.3491,20:04:10,717461424768,60535,0,24039,2520,38
1784721850.5491,20:04:10,717461441499,60516,0,24039,2520,38
1784721850.7491,20:04:10,717461526146,60516,0,24039,2520,38
1784721850.9491,20:04:10,717461599655,60516,0,24039,2520,38
1784721851.1491,20:04:11,717461658551,140638,0,24039,2685,53
1784721851.3491,20:04:11,717461723258,140638,0,24039,2685,53
1784721851.5491,20:04:11,717461782503,265080,100,24039,2685,50
1784721851.7491,20:04:11,717461849659,265080,100,24039,2685,50
1784721851.9491,20:04:11,717461908325,265080,100,24039,2685,50
1784721852.1491,20:04:12,717461969579,328779,100,24039,2685,50
1784721852.3491,20:04:12,717462029846,328779,100,24039,2685,50
1784721852.5491,20:04:12,717462103422,334035,100,24039,2640,50
1784721852.7491,20:04:12,717462173538,334035,100,24039,2640,50
1784721852.9491,20:04:12,717462232907,334035,100,24039,2640,50
1784721853.1491,20:04:13,717462297352,338015,100,24039,2685,51
1784721853.3491,20:04:13,717462356385,338015,100,24039,2685,51
1784721853.5491,20:04:13,717462419692,345338,100,24039,2685,53
1784721853.7491,20:04:13,717462478415,345338,100,24039,2685,53
1784721853.9491,20:04:13,717462536105,345338,100,24039,2685,53
1784721854.1491,20:04:14,717462593467,323291,100,24039,2640,50
1784721854.3491,20:04:14,717462649114,323291,100,24039,2640,50
1784721854.5491,20:04:14,717462706131,311218,100,24039,2565,49
1784721854.7491,20:04:14,717462763214,311218,100,24039,2565,49
1784721854.9491,20:04:14,717462819855,311218,100,24039,2565,49
1784721855.1491,20:04:15,717462863118,300924,100,24039,1425,53
1784721855.3491,20:04:15,717462897445,300924,100,24039,1425,53
1784721855.5491,20:04:15,717462925386,251727,100,24039,690,46
1784721855.7491,20:04:15,717462958973,251727,100,24039,690,46
1784721855.9491,20:04:15,717462993133,251727,100,24039,690,46
1784721856.1491,20:04:16,717463026813,194563,100,24039,720,44
1784721856.3491,20:04:16,717463060296,194563,100,24039,720,44
1784721856.5491,20:04:16,717463091733,174031,100,24039,705,44
1784721856.7491,20:04:16,717463114911,174031,100,24039,705,44
1784721856.9491,20:04:16,717463143375,174031,100,24039,705,44
1784721857.1491,20:04:17,717463172781,163243,100,24039,585,43
1784721857.3491,20:04:17,717463194629,163243,100,24039,585,43
1784721857.5491,20:04:17,717463220019,141538,100,24039,510,44
1784721857.7491,20:04:17,717463273902,141538,100,24039,510,44
1784721857.9491,20:04:17,717463342294,141538,100,24039,510,44
1784721858.1491,20:04:18,717463394925,206826,100,24039,2685,51
1784721858.3491,20:04:18,717463446482,206826,100,24039,2685,51
1784721858.5491,20:04:18,717463496992,269971,100,24039,2430,49
1784721858.7491,20:04:18,717463544115,269971,100,24039,2430,49
1784721858.9491,20:04:18,717463588163,269971,100,24039,2430,49
1784721859.1491,20:04:19,717463629226,267793,100,24039,1785,47
1784721859.3491,20:04:19,717463674199,267793,100,24039,1785,47
1784721859.5491,20:04:19,717463715934,247084,100,24039,1035,48
1784721859.7491,20:04:19,717463756934,247084,100,24039,1035,48
1784721859.9491,20:04:19,717463796414,247084,100,24039,1035,48
1784721860.1491,20:04:20,717463826235,227218,100,24039,945,46
1784721860.3491,20:04:20,717463848475,227218,100,24039,945,46
1784721860.5491,20:04:20,717463869123,182627,100,24039,435,44
1784721860.7491,20:04:20,717463895460,182627,100,24039,435,44
1784721860.9491,20:04:20,717463922244,182627,100,24039,435,44
1784721861.1491,20:04:21,717463947737,142584,100,24039,495,43
1784721861.3491,20:04:21,717463966426,142584,100,24039,495,43
1784721861.5491,20:04:21,717463987166,124915,100,24039,360,43
1784721861.7491,20:04:21,717464012640,124915,100,24039,360,43
1784721861.9491,20:04:21,717464039813,124915,100,24039,360,43
1784721862.1491,20:04:22,717464067798,128812,100,24039,540,43
1784721862.3491,20:04:22,717464096134,128812,100,24039,540,43
1784721862.5491,20:04:22,717464124125,141322,100,24039,540,43
1784721862.7491,20:04:22,717464152091,141322,100,24039,540,43
1784721862.9491,20:04:22,717464178930,141322,100,24039,540,43
1784721863.1491,20:04:23,717464203329,150498,100,24039,450,43
1784721863.3491,20:04:23,717464225758,150498,100,24039,450,43
1784721863.5491,20:04:23,717464247161,138161,100,24039,330,42
1784721863.7491,20:04:23,717464268623,138161,100,24039,330,42
1784721863.9491,20:04:23,717464290496,138161,100,24039,330,42
1784721864.1491,20:04:24,717464312814,122698,100,24039,345,42
1784721864.3491,20:04:24,717464336181,122698,100,24039,345,42
1784721864.5491,20:04:24,717464359562,120495,100,24039,390,42
1784721864.7491,20:04:24,717464383288,120495,100,24039,390,42
1784721864.9491,20:04:24,717464408215,120495,100,24039,390,42
1784721865.1491,20:04:25,717464433004,127035,100,24039,450,42
1784721865.3491,20:04:25,717464456463,127035,100,24039,450,42
1784721865.5491,20:04:25,717464479890,130398,100,24039,390,42
1784721865.7491,20:04:25,717464503273,130398,100,24039,390,42
1784721865.9491,20:04:25,717464525203,130398,100,24039,390,42
1784721866.1491,20:04:26,717464547157,127968,100,24039,345,42
1784721866.3491,20:04:26,717464569128,127968,100,24039,345,42
1784721866.5491,20:04:26,717464590748,122124,100,24039,330,42
1784721866.7491,20:04:26,717464612503,122124,100,24039,330,42
1784721866.9491,20:04:26,717464634354,122124,100,24039,330,42
1784721867.1491,20:04:27,717464657687,119036,100,24039,390,42
1784721867.3491,20:04:27,717464682396,119036,100,24039,390,42
1784721867.5491,20:04:27,717464707616,124958,100,24039,450,42
1784721867.7491,20:04:27,717464732835,124958,100,24039,450,42
1784721867.9491,20:04:27,717464757919,124958,100,24039,450,42
1784721868.1491,20:04:28,717464783152,133642,100,24039,450,42
1784721868.3491,20:04:28,717464808429,133642,100,24039,450,42
1784721868.5491,20:04:28,717464831879,137028,100,24039,390,42
1784721868.7491,20:04:28,717464855191,137028,100,24039,390,42
1784721868.9491,20:04:28,717464878836,137028,100,24039,390,42
1784721869.1491,20:04:29,717464902458,132759,100,24039,405,42
1784721869.3491,20:04:29,717464926005,132759,100,24039,405,42
1784721869.5491,20:04:29,717464949880,128936,100,24039,420,42
1784721869.7491,20:04:29,717464973706,128936,100,24039,420,42
1784721869.9491,20:04:29,717464997411,128936,100,24039,420,42
1784721870.1491,20:04:30,717465020979,130008,100,24039,405,42
1784721870.3491,20:04:30,717465044545,130008,100,24039,405,42
1784721870.5491,20:04:30,717465068103,130106,100,24039,405,42
1784721870.7491,20:04:30,717465091614,130106,100,24039,405,42
1784721870.9491,20:04:30,717465113767,130106,100,24039,405,42
1784721871.1491,20:04:31,717465135148,128174,100,24039,330,42
1784721871.3491,20:04:31,717465156427,128174,100,24039,330,42
1784721871.5491,20:04:31,717465177731,122579,100,24039,330,41
1784721871.7491,20:04:31,717465199079,122579,100,24039,330,41
1784721871.9491,20:04:31,717465220379,122579,100,24039,330,41
1784721872.1491,20:04:32,717465241622,117426,100,24039,330,41
1784721872.3491,20:04:32,717465262851,117426,100,24039,330,41
1784721872.5491,20:04:32,717465284194,117315,100,24039,330,41
1784721872.7491,20:04:32,717465305487,117315,100,24039,330,41
1784721872.9491,20:04:32,717465326686,117315,100,24039,330,41
1784721873.1491,20:04:33,717465347951,117323,100,24039,330,41
1784721873.3491,20:04:33,717465369187,117323,100,24039,330,41
1784721873.5491,20:04:33,717465391097,117364,100,24039,330,41
1784721873.7491,20:04:33,717465413081,117364,100,24039,330,41
1784721873.9491,20:04:33,717465435047,117364,100,24039,330,41
1784721874.1491,20:04:34,717465456420,119445,100,24039,300,41
1784721874.3491,20:04:34,717465475695,119445,100,24039,300,41
1784721874.5491,20:04:34,717465495125,116778,100,24039,225,41
1784721874.7491,20:04:34,717465514001,116778,100,24039,225,41
1784721874.9491,20:04:34,717465534787,116778,100,24039,225,41
1784721875.1491,20:04:35,717465555770,111431,100,24039,270,41
1784721875.3491,20:04:35,717465578522,111431,100,24039,270,41
1784721875.5491,20:04:35,717465601537,115340,100,24039,330,41
1784721875.7491,20:04:35,717465624478,115340,100,24039,330,41
1784721875.9491,20:04:35,717465647545,115340,100,24039,330,41
1784721876.1491,20:04:36,717465670610,124463,100,24039,330,41
1784721876.3491,20:04:36,717465694861,124463,100,24039,330,41
1784721876.5491,20:04:36,717465718230,129053,100,24039,225,41
1784721876.7491,20:04:36,717465741058,129053,100,24039,225,41
1784721876.9491,20:04:36,717465763892,129053,100,24039,225,41
1784721877.1491,20:04:37,717465788579,129057,100,24039,210,41
1784721877.3491,20:04:37,717465813191,129057,100,24039,210,41
1784721877.5491,20:04:37,717465837817,127249,100,24039,210,41
1784721877.7491,20:04:37,717465862352,127249,100,24039,210,41
1784721877.9491,20:04:37,717465886970,127249,100,24039,210,41
1784721878.1491,20:04:38,717465911578,126311,100,24039,210,41
1784721878.3491,20:04:38,717465936157,126311,100,24039,210,41
1784721878.5491,20:04:38,717465960740,126241,100,24039,210,41
1784721878.7491,20:04:38,717465985308,126241,100,24039,210,41
1784721878.9491,20:04:38,717466009779,126241,100,24039,210,41
1784721879.1491,20:04:39,717466034392,126064,100,24039,210,41
1784721879.3491,20:04:39,717466058947,126064,100,24039,210,41
1784721879.5491,20:04:39,717466083505,125944,100,24039,210,41
1784721879.7491,20:04:39,717466108039,125944,100,24039,210,41
1784721879.9491,20:04:39,717466132691,125944,100,24039,210,41
1784721880.1491,20:04:40,717466157377,126022,100,24039,210,41
1784721880.3491,20:04:40,717466173093,126022,100,24039,210,41
1784721880.5491,20:04:40,717466182421,109998,0,24039,855,40
1784721880.7491,20:04:40,717466192773,109998,0,24039,855,40
1784721880.9491,20:04:40,717466204837,109998,0,24039,855,40
1784721881.1491,20:04:41,717466216864,78022,0,24039,2520,39
1784721881.3491,20:04:41,717466228901,78022,0,24039,2520,39
1784721881.5491,20:04:41,717466239739,66240,0,24039,2520,39
1784721881.7491,20:04:41,717466250464,66240,0,24039,2520,39
1784721881.9491,20:04:41,717466261156,66240,0,24039,2520,39
1784721882.1491,20:04:42,717466271873,66240,0,24039,2520,39
1784721882.3491,20:04:42,717466282585,66240,0,24039,2520,39
1784721882.5491,20:04:42,717466293275,61253,0,24039,2520,39
1784721882.7491,20:04:42,717466303923,61253,0,24039,2520,39
1784721882.9491,20:04:42,717466314574,61253,0,24039,2520,39
1784721883.1491,20:04:43,717466325272,61253,0,24039,2520,39
1784721883.3491,20:04:43,717466335964,61253,0,24039,2520,39
1784721883.5491,20:04:43,717466346586,61045,0,24039,2520,39
1784721883.7491,20:04:43,717466357304,61045,0,24039,2520,39
1784721883.9491,20:04:43,717466367950,61045,0,24039,2520,39
1784721884.1491,20:04:44,717466378640,61045,0,24039,2520,39
1784721884.3491,20:04:44,717466389316,61045,0,24039,2520,39
1784721884.5491,20:04:44,717466399872,60932,0,24039,2520,39
1784721884.7491,20:04:44,717466410496,60932,0,24039,2520,39
1784721884.9491,20:04:44,717466421068,60932,0,24039,2520,39
1784721885.1491,20:04:45,717466431666,60932,0,24039,2520,39
1784721885.3491,20:04:45,717466442313,60932,0,24039,2520,39
1784721885.5491,20:04:45,717466452889,60842,0,24039,2520,39
1784721885.7491,20:04:45,717466463484,60842,0,24039,2520,39
1784721885.9491,20:04:45,717466474116,60842,0,24039,2520,39
1784721886.1491,20:04:46,717466484692,60842,0,24039,2520,39
1784721886.3491,20:04:46,717466495368,60842,0,24039,2520,39
1784721886.5491,20:04:46,717466506020,60808,0,24039,2520,39
1784721886.7491,20:04:46,717466516662,60808,0,24039,2520,39
1784721886.9491,20:04:46,717466527340,60808,0,24039,2520,39
1784721887.1491,20:04:47,717466537978,60808,0,24039,2520,39
1784721887.3491,20:04:47,717466548617,60808,0,24039,2520,39
1784721887.5491,20:04:47,717466559198,61107,0,24039,2520,39
1784721887.7491,20:04:47,717466569726,61107,0,24039,2520,39
1784721887.9491,20:04:47,717466580315,61107,0,24039,2520,39
1784721888.1491,20:04:48,717466590841,61107,0,24039,2520,39
1784721888.3491,20:04:48,717466601406,61107,0,24039,2520,39
1784721888.5491,20:04:48,717466611940,61089,0,24039,2520,39
1784721888.7491,20:04:48,717466622462,61089,0,24039,2520,39
1784721888.9491,20:04:48,717466632972,61089,0,24039,2520,39
1784721889.1491,20:04:49,717466643573,61089,0,24039,2520,39
1784721889.3491,20:04:49,717466654113,61089,0,24039,2520,39
1784721889.5491,20:04:49,717466664685,60881,0,24039,2520,39
1784721889.7491,20:04:49,717466675175,60881,0,24039,2520,39
1784721889.9491,20:04:49,717466685616,60881,0,24039,2520,39
1784721890.1491,20:04:50,717466696126,60881,0,24039,2520,39
1784721890.3491,20:04:50,717466706573,60881,0,24039,2520,39
1784721890.5491,20:04:50,717466717031,60849,0,24039,2520,39
1784721890.7491,20:04:50,717466727492,60849,0,24039,2520,39
1784721890.9491,20:04:50,717466737924,60849,0,24039,2520,39
1784721891.1491,20:04:51,717466748389,60849,0,24039,2520,39
1784721891.3491,20:04:51,717466758812,60849,0,24039,2520,39
1784721891.5491,20:04:51,717466769169,60700,0,24039,2520,39
1784721891.7491,20:04:51,717466779590,60700,0,24039,2520,39
1784721891.9491,20:04:51,717466789995,60700,0,24039,2520,39
1784721892.1491,20:04:52,717466800412,60700,0,24039,2520,39
1784721892.3491,20:04:52,717466810839,60700,0,24039,2520,39
1784721892.5491,20:04:52,717466821179,60487,0,24039,2520,38
1784721892.7493,20:04:52,717466831592,60487,0,24039,2520,38
1784721892.9491,20:04:52,717466841948,60487,0,24039,2520,38
1784721893.1491,20:04:53,717466852356,60487,0,24039,2520,38
1784721893.3491,20:04:53,717466862822,60487,0,24039,2520,38
1784721893.5491,20:04:53,717466873165,60440,0,24039,2520,38
1784721893.7491,20:04:53,717466883546,60440,0,24039,2520,38
1784721893.9491,20:04:53,717466893999,60440,0,24039,2520,38
1784721894.1491,20:04:54,717466904402,60440,0,24039,2520,38
1784721894.3491,20:04:54,717466914838,60440,0,24039,2520,38
1784721894.5491,20:04:54,717466925151,60598,0,24039,2520,38
1784721894.7491,20:04:54,717466935446,60598,0,24039,2520,38
1784721894.9491,20:04:54,717466945784,60598,0,24039,2520,38
1784721895.1491,20:04:55,717466956196,60598,0,24039,2520,38
1784721895.3491,20:04:55,717466966635,60598,0,24039,2520,38
1784721895.5491,20:04:55,717466977013,60624,0,24039,2520,38
1784721895.7491,20:04:55,717466987360,60624,0,24039,2520,38
1784721895.9491,20:04:55,717467019644,60624,0,24039,2520,38
1784721896.1491,20:04:56,717467075375,73708,0,24039,2520,43
1784721896.3491,20:04:56,717467133942,73708,0,24039,2520,43
1784721896.5491,20:04:56,717467193817,171765,100,24039,2685,49
1784721896.7491,20:04:56,717467253846,171765,100,24039,2685,49
1784721896.9491,20:04:56,717467313438,171765,100,24039,2685,49
1784721897.1491,20:04:57,717467373520,304297,100,24039,2685,50
1784721897.3491,20:04:57,717467433451,304297,100,24039,2685,50
1784721897.5491,20:04:57,717467493737,312263,100,24039,2685,50
1784721897.7491,20:04:57,717467554097,312263,100,24039,2685,50
1784721897.9491,20:04:57,717467614381,312263,100,24039,2685,50
1784721898.1491,20:04:58,717467674483,313284,100,24039,2685,50
1784721898.3491,20:04:58,717467734550,313284,100,24039,2685,50
1784721898.5491,20:04:58,717467792974,313016,100,24039,2640,50
1784721898.7491,20:04:58,717467849773,313016,100,24039,2640,50
1784721898.9491,20:04:58,717467904894,313016,100,24039,2640,50
1784721899.1491,20:04:59,717467957066,303787,100,24039,2475,49
1784721899.3491,20:04:59,717468006574,303787,100,24039,2475,49
1784721899.5491,20:04:59,717468052333,279816,100,24039,2235,47
1784721899.7491,20:04:59,717468095330,279816,100,24039,2235,47
1784721899.9491,20:04:59,717468133438,279816,100,24039,2235,47
1784721900.1491,20:05:00,717468165614,242221,100,24039,690,45
1784721900.3491,20:05:00,717468193392,242221,100,24039,690,45
1784721900.5491,20:05:00,717468219191,188986,100,24039,435,43
1784721900.7491,20:05:00,717468244724,188986,100,24039,435,43
1784721900.9491,20:05:00,717468270405,188986,100,24039,435,43
1784721901.1491,20:05:01,717468296160,147497,100,24039,435,42
1784721901.3491,20:05:01,717468323427,147497,100,24039,435,42
1784721901.5491,20:05:01,717468350946,136931,100,24039,495,42
1784721901.7491,20:05:01,717468379598,136931,100,24039,495,42
1784721901.9491,20:05:01,717468409976,136931,100,24039,495,42
1784721902.1491,20:05:02,717468442065,145238,100,24039,660,43
1784721902.3491,20:05:02,717468474684,145238,100,24039,660,43
1784721902.5491,20:05:02,717468507456,159844,100,24039,675,43
1784721902.7491,20:05:02,717468539797,159844,100,24039,675,43
1784721902.9491,20:05:02,717468572627,159844,100,24039,675,43
1784721903.1491,20:05:03,717468604309,169800,100,24039,690,43
1784721903.3491,20:05:03,717468633822,169800,100,24039,690,43
1784721903.5491,20:05:03,717468661846,165420,100,24039,495,43
1784721903.7491,20:05:03,717468688796,165420,100,24039,495,43
1784721903.9491,20:05:03,717468716223,165420,100,24039,495,43
1784721904.1491,20:05:04,717468743530,152777,100,24039,495,43
1784721904.3491,20:05:04,717468771592,152777,100,24039,495,43
1784721904.5491,20:05:04,717468800765,145625,100,24039,570,43
1784721904.7491,20:05:04,717468830701,145625,100,24039,570,43
1784721904.9491,20:05:04,717468859780,145625,100,24039,570,43
1784721905.1491,20:05:05,717468888428,150517,100,24039,555,43
1784721905.3491,20:05:05,717468916559,150517,100,24039,555,43
1784721905.5491,20:05:05,717468945041,152308,100,24039,540,43
1784721905.7491,20:05:05,717468973623,152308,100,24039,540,43
1784721905.9491,20:05:05,717469002187,152308,100,24039,540,43
1784721906.1491,20:05:06,717469030849,150097,100,24039,540,43
1784721906.3491,20:05:06,717469058960,150097,100,24039,540,43
1784721906.5491,20:05:06,717469087289,150029,100,24039,540,43
1784721906.7491,20:05:06,717469115943,150029,100,24039,540,43
1784721906.9491,20:05:06,717469144282,150029,100,24039,540,43
1784721907.1491,20:05:07,717469172340,149917,100,24039,540,43
1784721907.3491,20:05:07,717469197665,149917,100,24039,540,43
1784721907.5491,20:05:07,717469221785,144649,100,24039,390,42
1784721907.7491,20:05:07,717469245564,144649,100,24039,390,42
1784721907.9491,20:05:07,717469269187,144649,100,24039,390,42
1784721908.1491,20:05:08,717469292801,133556,100,24039,375,42
1784721908.3491,20:05:08,717469315105,133556,100,24039,375,42
1784721908.5491,20:05:08,717469338884,124424,100,24039,390,42
1784721908.7491,20:05:08,717469364365,124424,100,24039,390,42
1784721908.9491,20:05:08,717469391472,124424,100,24039,390,42
1784721909.1491,20:05:09,717469418755,129426,100,24039,495,42
1784721909.3491,20:05:09,717469445234,129426,100,24039,495,42
1784721909.5491,20:05:09,717469467401,135335,100,24039,405,42
1784721909.7491,20:05:09,717469495958,135335,100,24039,405,42
1784721909.9491,20:05:09,717469526372,135335,100,24039,405,42
1784721910.1491,20:05:10,717469549102,143230,100,24039,555,43
1784721910.3491,20:05:10,717469572544,143230,100,24039,555,43
1784721910.5491,20:05:10,717469604429,138654,100,24039,690,43
1784721910.7491,20:05:10,717469637962,138654,100,24039,690,43
1784721910.9491,20:05:10,717469672023,138654,100,24039,690,43
1784721911.1491,20:05:11,717469696832,156081,100,24039,630,44
1784721911.3491,20:05:11,717469727719,156081,100,24039,630,44
1784721911.5491,20:05:11,717469754365,164120,100,24039,615,44
1784721911.7491,20:05:11,717469780634,164120,100,24039,615,44
1784721911.9491,20:05:11,717469814472,164120,100,24039,615,44
1784721912.1491,20:05:12,717469849483,154692,100,24039,840,44
1784721912.3491,20:05:12,717469883509,154692,100,24039,840,44
1784721912.5491,20:05:12,717469913408,166994,100,24039,510,43
1784721912.7491,20:05:12,717469940270,166994,100,24039,510,43
1784721912.9491,20:05:12,717469965021,166994,100,24039,510,43
1784721913.1491,20:05:13,717469987920,162902,100,24039,405,42
1784721913.3491,20:05:13,717470009750,162902,100,24039,405,42
1784721913.5491,20:05:13,717470031850,133418,100,24039,345,42
1784721913.7491,20:05:13,717470054357,133418,100,24039,345,42
1784721913.9491,20:05:13,717470075636,133418,100,24039,345,42
1784721914.1491,20:05:14,717470099491,119019,100,24039,375,42
1784721914.3491,20:05:14,717470124669,119019,100,24039,375,42
1784721914.5491,20:05:14,717470147525,123831,100,24039,420,42
1784721914.7491,20:05:14,717470167388,123831,100,24039,420,42
1784721914.9491,20:05:14,717470189812,123831,100,24039,420,42
1784721915.1491,20:05:15,717470218905,122683,100,24039,555,42
1784721915.3491,20:05:15,717470246205,122683,100,24039,555,42
1784721915.5491,20:05:15,717470276273,133511,100,24039,615,43
1784721915.7491,20:05:15,717470306834,133511,100,24039,615,43
1784721915.9491,20:05:15,717470336749,133511,100,24039,615,43
1784721916.1491,20:05:16,717470365856,155442,100,24039,570,43
1784721916.3491,20:05:16,717470392081,155442,100,24039,570,43
1784721916.5491,20:05:16,717470413864,153196,100,24039,510,43
1784721916.7491,20:05:16,717470437655,153196,100,24039,510,43
1784721916.9491,20:05:16,717470464139,153196,100,24039,510,43
1784721917.1491,20:05:17,717470517703,140167,100,24039,2520,45
1784721917.3491,20:05:17,717470578311,140167,100,24039,2520,45
1784721917.5491,20:05:17,717470634555,208109,100,24039,2685,50
1784721917.7491,20:05:17,717470682795,208109,100,24039,2685,50
1784721917.9491,20:05:17,717470719341,208109,100,24039,2685,50
1784721918.1491,20:05:18,717470750441,264757,100,24039,735,46
1784721918.3491,20:05:18,717470777519,264757,100,24039,735,46
1784721918.5491,20:05:18,717470804059,209953,100,24039,480,43
1784721918.7491,20:05:18,717470821574,209953,100,24039,480,43
1784721918.9491,20:05:18,717470836058,209953,100,24039,480,43
1784721919.1491,20:05:19,717470854524,129402,100,24039,225,41
1784721919.3491,20:05:19,717470874378,129402,100,24039,225,41
1784721919.5491,20:05:19,717470894107,105056,100,24039,315,42
1784721919.7491,20:05:19,717470916722,105056,100,24039,315,42
1784721919.9491,20:05:19,717470935893,105056,100,24039,315,42
1784721920.1491,20:05:20,717470977856,105290,100,24039,390,42
1784721920.3491,20:05:20,717471035188,105290,100,24039,390,42
1784721920.5491,20:05:20,717471091915,187971,100,24039,2655,50
1784721920.7491,20:05:20,717471145913,187971,100,24039,2655,50
1784721920.9491,20:05:20,717471196541,187971,100,24039,2655,50
1784721921.1491,20:05:21,717471247972,268064,100,24039,1230,52
1784721921.3491,20:05:21,717471303417,268064,100,24039,1230,52
1784721921.5491,20:05:21,717471356121,291731,100,24039,2550,49
1784721921.7491,20:05:21,717471406126,291731,100,24039,2550,49
1784721921.9491,20:05:21,717471451088,291731,100,24039,2550,49
1784721922.1491,20:05:22,717471489325,277154,100,24039,975,49
1784721922.3491,20:05:22,717471526200,277154,100,24039,975,49
1784721922.5491,20:05:22,717471554954,237971,100,24039,510,45
1784721922.7491,20:05:22,717471580128,237971,100,24039,510,45
1784721922.9491,20:05:22,717471596669,237971,100,24039,510,45
1784721923.1491,20:05:23,717471613578,162561,100,24039,210,42
1784721923.3491,20:05:23,717471631106,162561,100,24039,210,42
1784721923.5491,20:05:23,717471648612,112864,100,24039,210,42
1784721923.7491,20:05:23,717471665973,112864,100,24039,210,42
1784721923.9491,20:05:23,717471682289,112864,100,24039,210,42
1784721924.1491,20:05:24,717471698546,92427,100,24039,210,41
1784721924.3491,20:05:24,717471716029,92427,100,24039,210,41
1784721924.5491,20:05:24,717471733379,92742,100,24039,210,41
1784721924.7491,20:05:24,717471750663,92742,100,24039,210,41
1784721924.9491,20:05:24,717471768008,92742,100,24039,210,41
1784721925.1491,20:05:25,717471786983,92770,100,24039,255,41
1784721925.3491,20:05:25,717471805964,92770,100,24039,255,41
1784721925.5491,20:05:25,717471825184,99024,100,24039,270,41
1784721925.7491,20:05:25,717471844218,99024,100,24039,270,41
1784721925.9491,20:05:25,717471863192,99024,100,24039,270,41
1784721926.1491,20:05:26,717471882276,103549,100,24039,255,41
1784721926.3491,20:05:26,717471901342,103549,100,24039,255,41
1784721926.5491,20:05:26,717471920387,104550,100,24039,255,41
1784721926.7491,20:05:26,717471940976,104550,100,24039,255,41
1784721926.9491,20:05:26,717471962179,104550,100,24039,255,41
1784721927.1491,20:05:27,717471984758,108049,100,24039,375,42
1784721927.3491,20:05:27,717472007494,108049,100,24039,375,42
1784721927.5491,20:05:27,717472030231,117373,100,24039,375,42
1784721927.7491,20:05:27,717472050779,117373,100,24039,375,42
1784721927.9491,20:05:27,717472073352,117373,100,24039,375,42
1784721928.1491,20:05:28,717472095989,121811,100,24039,375,42
1784721928.3491,20:05:28,717472118262,121811,100,24039,375,42
1784721928.5491,20:05:28,717472140807,122317,100,24039,375,42
1784721928.7491,20:05:28,717472162227,122317,100,24039,375,42
1784721928.9491,20:05:28,717472181756,122317,100,24039,375,42
1784721929.1491,20:05:29,717472203266,120129,100,24039,315,41
1784721929.3491,20:05:29,717472219645,120129,100,24039,315,41
1784721929.5491,20:05:29,717472236941,109271,100,24039,270,41
1784721929.7491,20:05:29,717472258141,109271,100,24039,270,41
1784721929.9491,20:05:29,717472277411,109271,100,24039,270,41
1784721930.1491,20:05:30,717472301497,105320,100,24039,375,42
1784721930.3491,20:05:30,717472326281,105320,100,24039,375,42
1784721930.5491,20:05:30,717472350636,118616,100,24039,480,42
1784721930.7491,20:05:30,717472376265,118616,100,24039,480,42
1784721930.9491,20:05:30,717472401534,118616,100,24039,480,42
1784721931.1491,20:05:31,717472425774,134108,100,24039,435,42
1784721931.3491,20:05:31,717472448838,134108,100,24039,435,42
1784721931.5491,20:05:31,717472469871,134487,100,24039,300,42
1784721931.7491,20:05:31,717472489698,134487,100,24039,300,42
1784721931.9491,20:05:31,717472507068,134487,100,24039,300,42
1784721932.1491,20:05:32,717472528430,118789,100,24039,345,41
1784721932.3491,20:05:32,717472550115,118789,100,24039,345,41
1784721932.5491,20:05:32,717472573428,113864,100,24039,405,42
1784721932.7491,20:05:32,717472598304,113864,100,24039,405,42
1784721932.9491,20:05:32,717472623031,113864,100,24039,405,42
1784721933.1491,20:05:33,717472647735,126562,100,24039,450,42
1784721933.3491,20:05:33,717472674428,126562,100,24039,450,42
1784721933.5491,20:05:33,717472699099,134996,100,24039,390,42
1784721933.7491,20:05:33,717472721858,134996,100,24039,390,42
1784721933.9491,20:05:33,717472744589,134996,100,24039,390,42
1784721934.1491,20:05:34,717472767426,127366,100,24039,330,41
1784721934.3491,20:05:34,717472787503,127366,100,24039,330,41
1784721934.5491,20:05:34,717472805496,113081,100,24039,270,41
1784721934.7491,20:05:34,717472829280,113081,100,24039,270,41
1784721934.9491,20:05:34,717472855165,113081,100,24039,270,41
1784721935.1491,20:05:35,717472876978,113787,100,24039,420,42
1784721935.3491,20:05:35,717472902040,113787,100,24039,420,42
1784721935.5491,20:05:35,717472925649,118882,100,24039,450,43
1784721935.7491,20:05:35,717472980899,118882,100,24039,450,43
1784721935.9491,20:05:35,717473054971,118882,100,24039,450,43
1784721936.1491,20:05:36,717473113763,197402,100,24039,2685,56
1784721936.3491,20:05:36,717473168134,197402,100,24039,2685,56
1784721936.5491,20:05:36,717473218275,270861,100,24039,1080,50
1784721936.7491,20:05:36,717473253363,270861,100,24039,1080,50
1784721936.9491,20:05:36,717473285086,270861,100,24039,1080,50
1784721937.1491,20:05:37,717473310109,242235,100,24039,555,44
1784721937.3491,20:05:37,717473326135,242235,100,24039,555,44
1784721937.5491,20:05:37,717473341300,153473,100,24039,210,42
1784721937.7491,20:05:37,717473357890,153473,100,24039,210,42
1784721937.9491,20:05:37,717473379006,153473,100,24039,210,42
1784721938.1491,20:05:38,717473401245,101385,100,24039,315,41
1784721938.3491,20:05:38,717473424300,101385,100,24039,315,41
1784721938.5491,20:05:38,717473448285,102969,100,24039,375,42
1784721938.7491,20:05:38,717473472653,102969,100,24039,375,42
1784721938.9491,20:05:38,717473497031,102969,100,24039,375,42
1784721939.1491,20:05:39,717473521329,120458,100,24039,375,42
1784721939.3491,20:05:39,717473545614,120458,100,24039,375,42
1784721939.5491,20:05:39,717473569297,124254,100,24039,390,42
1784721939.7491,20:05:39,717473592807,124254,100,24039,390,42
1784721939.9491,20:05:39,717473616272,124254,100,24039,390,42
1784721940.1491,20:05:40,717473640552,122565,100,24039,390,42
1784721940.3491,20:05:40,717473664648,122565,100,24039,390,42
1784721940.5491,20:05:40,717473688816,122252,100,24039,375,42
1784721940.7491,20:05:40,717473712944,122252,100,24039,375,42
1784721940.9491,20:05:40,717473736969,122252,100,24039,375,42
1784721941.1491,20:05:41,717473761075,123729,100,24039,375,42
1784721941.3491,20:05:41,717473785201,123729,100,24039,375,42
1784721941.5491,20:05:41,717473809388,123646,100,24039,375,42
1784721941.7491,20:05:41,717473833634,123646,100,24039,375,42
1784721941.9491,20:05:41,717473857817,123646,100,24039,375,42
1784721942.1491,20:05:42,717473882017,123897,100,24039,375,42
1784721942.3491,20:05:42,717473906180,123897,100,24039,375,42
1784721942.5491,20:05:42,717473930367,123976,100,24039,375,42
1784721942.7491,20:05:42,717473954534,123976,100,24039,375,42
1784721942.9491,20:05:42,717473978158,123976,100,24039,375,42
1784721943.1491,20:05:43,717474001260,123301,100,24039,345,42
1784721943.3491,20:05:43,717474025464,123301,100,24039,345,42
1784721943.5491,20:05:43,717474049444,122162,100,24039,375,42
1784721943.7491,20:05:43,717474073657,122162,100,24039,375,42
1784721943.9491,20:05:43,717474097531,122162,100,24039,375,42
1784721944.1491,20:05:44,717474121737,122063,100,24039,375,42
1784721944.3491,20:05:44,717474146016,122063,100,24039,375,42
1784721944.5491,20:05:44,717474170224,123685,100,24039,375,42
1784721944.7491,20:05:44,717474194423,123685,100,24039,375,42
1784721944.9491,20:05:44,717474217353,123685,100,24039,375,42
1784721945.1491,20:05:45,717474241470,122953,100,24039,375,42
1784721945.3491,20:05:45,717474265684,122953,100,24039,375,42
1784721945.5491,20:05:45,717474289946,122961,100,24039,375,42
1784721945.7491,20:05:45,717474314151,122961,100,24039,375,42
1784721945.9491,20:05:45,717474338314,122961,100,24039,375,42
1784721946.1491,20:05:46,717474362505,123071,100,24039,375,42
1784721946.3491,20:05:46,717474386702,123071,100,24039,375,42
1784721946.5491,20:05:46,717474410842,124174,100,24039,375,42
1784721946.7491,20:05:46,717474434916,124174,100,24039,375,42
1784721946.9491,20:05:46,717474459118,124174,100,24039,375,42
1784721947.1491,20:05:47,717474483416,124064,100,24039,375,42
1784721947.3491,20:05:47,717474505059,124064,100,24039,375,42
1784721947.5491,20:05:47,717474527563,121301,100,24039,360,42
1784721947.7491,20:05:47,717474550331,121301,100,24039,360,42
1784721947.9491,20:05:47,717474575069,121301,100,24039,360,42
1784721948.1491,20:05:48,717474601513,119638,100,24039,420,42
1784721948.3491,20:05:48,717474629356,119638,100,24039,420,42
1784721948.5491,20:05:48,717474657147,129340,100,24039,480,42
1784721948.7491,20:05:48,717474684019,129340,100,24039,480,42
1784721948.9491,20:05:48,717474711432,129340,100,24039,480,42
1784721949.1491,20:05:49,717474736244,139588,100,24039,480,42
1784721949.3491,20:05:49,717474755951,139588,100,24039,480,42
1784721949.5491,20:05:49,717474775914,127762,100,24039,420,42
1784721949.7491,20:05:49,717474803036,127762,100,24039,420,42
1784721949.9491,20:05:49,717474832035,127762,100,24039,420,42
1784721950.1491,20:05:50,717474862976,126378,100,24039,600,43
1784721950.3491,20:05:50,717474885330,126378,100,24039,600,43
1784721950.5491,20:05:50,717474907286,132228,100,24039,525,43
1784721950.7491,20:05:50,717474937284,132228,100,24039,525,43
1784721950.9491,20:05:50,717474966383,132228,100,24039,525,43
1784721951.1491,20:05:51,717475001938,140060,100,24039,810,43
1784721951.3491,20:05:51,717475037793,140060,100,24039,810,43
1784721951.5491,20:05:51,717475065848,155763,100,24039,615,43
1784721951.7491,20:05:51,717475094861,155763,100,24039,615,43
1784721951.9491,20:05:51,717475121300,155763,100,24039,615,43
1784721952.1491,20:05:52,717475145208,160620,100,24039,375,42
1784721952.3491,20:05:52,717475169014,160620,100,24039,375,42
1784721952.5491,20:05:52,717475190442,133328,100,24039,285,41
1784721952.7491,20:05:52,717475211058,133328,100,24039,285,41
1784721952.9491,20:05:52,717475227312,133328,100,24039,285,41
1784721953.1491,20:05:53,717475244325,112100,100,24039,315,41
1784721953.3491,20:05:53,717475299069,112100,100,24039,315,41
1784721953.5491,20:05:53,717475352769,146170,100,24039,2700,48
1784721953.7491,20:05:53,717475410261,146170,100,24039,2700,48
1784721953.9491,20:05:53,717475465492,146170,100,24039,2700,48
1784721954.1491,20:05:54,717475519973,233486,100,24039,2505,49
1784721954.3491,20:05:54,717475573175,233486,100,24039,2505,49
1784721954.5491,20:05:54,717475623843,285772,100,24039,2370,48
1784721954.7491,20:05:54,717475670916,285772,100,24039,2370,48
1784721954.9491,20:05:54,717475714165,285772,100,24039,2370,48
1784721955.1491,20:05:55,717475755082,260896,100,24039,960,47
1784721955.3491,20:05:55,717475792997,260896,100,24039,960,47
1784721955.5491,20:05:55,717475831379,226286,100,24039,900,46
1784721955.7491,20:05:55,717475865753,226286,100,24039,900,46
1784721955.9491,20:05:55,717475892889,226286,100,24039,900,46
1784721956.1491,20:05:56,717475914754,188309,100,24039,390,43
1784721956.3491,20:05:56,717475931839,188309,100,24039,390,43
1784721956.5491,20:05:56,717475949487,139502,100,24039,210,41
1784721956.7491,20:05:56,717475967462,139502,100,24039,210,41
1784721956.9491,20:05:56,717475985535,139502,100,24039,210,41
1784721957.1491,20:05:57,717476002393,99376,100,24039,210,41
1784721957.3491,20:05:57,717476020401,99376,100,24039,210,41
1784721957.5491,20:05:57,717476036973,92048,100,24039,210,41
1784721957.7491,20:05:57,717476054950,92048,100,24039,210,41
1784721957.9491,20:05:57,717476073145,92048,100,24039,210,41
1784721958.1491,20:05:58,717476092500,91991,100,24039,240,41
1784721958.3491,20:05:58,717476113664,91991,100,24039,240,41
1784721958.5491,20:05:58,717476136665,99970,100,24039,360,42
1784721958.7491,20:05:58,717476159890,99970,100,24039,360,42
1784721958.9491,20:05:58,717476183059,99970,100,24039,360,42
1784721959.1491,20:05:59,717476206153,113575,100,24039,375,42
1784721959.3491,20:05:59,717476229145,113575,100,24039,375,42
1784721959.5491,20:05:59,717476252532,121114,100,24039,375,42
1784721959.7491,20:05:59,717476275642,121114,100,24039,375,42
1784721959.9491,20:05:59,717476297075,121114,100,24039,375,42
1784721960.1491,20:06:00,717476316216,119642,100,24039,240,41
1784721960.3491,20:06:00,717476335023,119642,100,24039,240,41
1784721960.5491,20:06:00,717476350003,107809,100,24039,225,41
1784721960.7491,20:06:00,717476365819,107809,100,24039,225,41
1784721960.9491,20:06:00,717476417621,107809,100,24039,225,41
1784721961.1491,20:06:01,717476476772,125766,100,24039,2700,48
1784721961.3491,20:06:01,717476533452,125766,100,24039,2700,48
1784721961.5491,20:06:01,717476586881,216230,100,24039,2535,49
1784721961.7491,20:06:01,717476641697,216230,100,24039,2535,49
1784721961.9491,20:06:01,717476688158,216230,100,24039,2535,49
1784721962.1491,20:06:02,717476727407,285619,100,24039,2010,47
1784721962.3491,20:06:02,717476760509,285619,100,24039,2010,47
1784721962.5491,20:06:02,717476787592,229885,100,24039,420,44
1784721962.7491,20:06:02,717476808958,229885,100,24039,420,44
1784721962.9491,20:06:02,717476827439,229885,100,24039,420,44
1784721963.1491,20:06:03,717476845390,154929,100,24039,210,41
1784721963.3491,20:06:03,717476863318,154929,100,24039,210,41
1784721963.5491,20:06:03,717476881152,106914,100,24039,210,41
1784721963.7491,20:06:03,717476899088,106914,100,24039,210,41
1784721963.9491,20:06:03,717476916970,106914,100,24039,210,41
1784721964.1491,20:06:04,717476934847,94673,100,24039,210,41
1784721964.3491,20:06:04,717476952758,94673,100,24039,210,41
1784721964.5491,20:06:04,717476970883,94618,100,24039,225,41
1784721964.7491,20:06:04,717476988586,94618,100,24039,225,41
1784721964.9491,20:06:04,717477009799,94618,100,24039,225,41
1784721965.1491,20:06:05,717477032816,98095,100,24039,360,41
1784721965.3491,20:06:05,717477055696,98095,100,24039,360,41
1784721965.5491,20:06:05,717477073810,107703,100,24039,315,42
1784721965.7491,20:06:05,717477097009,107703,100,24039,315,42
1784721965.9491,20:06:05,717477123804,107703,100,24039,315,42
1784721966.1491,20:06:06,717477151588,120603,100,24039,525,42
1784721966.3491,20:06:06,717477174008,120603,100,24039,525,42
1784721966.5491,20:06:06,717477202110,127812,100,24039,555,43
1784721966.7491,20:06:06,717477231807,127812,100,24039,555,43
1784721966.9491,20:06:06,717477258212,127812,100,24039,555,43
1784721967.1491,20:06:07,717477284425,142983,100,24039,480,43
1784721967.3491,20:06:07,717477309943,142983,100,24039,480,43
1784721967.5491,20:06:07,717477333693,143098,100,24039,390,42
1784721967.7491,20:06:07,717477355474,143098,100,24039,390,42
1784721967.9491,20:06:07,717477375519,143098,100,24039,390,42
1784721968.1492,20:06:08,717477392839,125210,100,24039,210,41
1784721968.3491,20:06:08,717477409829,125210,100,24039,210,41
1784721968.5491,20:06:08,717477428996,105718,100,24039,255,41
1784721968.7491,20:06:08,717477447844,105718,100,24039,255,41
1784721968.9491,20:06:08,717477465601,105718,100,24039,255,41
1784721969.1491,20:06:09,717477516056,97439,100,24039,2505,43
1784721969.3491,20:06:09,717477574437,97439,100,24039,2505,43
1784721969.5491,20:06:09,717477634213,188154,100,24039,2610,49
1784721969.7491,20:06:09,717477675629,188154,100,24039,2610,49
1784721969.9491,20:06:09,717477713681,188154,100,24039,2610,49
1784721970.1491,20:06:10,717477745507,249326,100,24039,735,45
1784721970.3491,20:06:10,717477771680,249326,100,24039,735,45
1784721970.5491,20:06:10,717477792140,200374,100,24039,225,42
1784721970.7491,20:06:10,717477810037,200374,100,24039,225,42
1784721970.9491,20:06:10,717477827592,200374,100,24039,225,42
1784721971.1491,20:06:11,717477845199,128358,100,24039,210,41
1784721971.3491,20:06:11,717477862720,128358,100,24039,210,41
1784721971.5491,20:06:11,717477880224,97098,100,24039,210,41
1784721971.7491,20:06:11,717477897811,97098,100,24039,210,41
1784721971.9491,20:06:11,717477915327,97098,100,24039,210,41
1784721972.1491,20:06:12,717477931286,94166,100,24039,210,41
1784721972.3491,20:06:12,717477945508,94166,100,24039,210,41
1784721972.5491,20:06:12,717477980676,89425,100,24039,2490,46
1784721972.7491,20:06:12,717478034506,89425,100,24039,2490,46
1784721972.9491,20:06:12,717478094710,89425,100,24039,2490,46
1784721973.1491,20:06:13,717478146592,183528,100,24039,2580,49
1784721973.3491,20:06:13,717478197391,183528,100,24039,2580,49
1784721973.5491,20:06:13,717478240879,266988,100,24039,1800,47
1784721973.7491,20:06:13,717478282267,266988,100,24039,1800,47
1784721973.9491,20:06:13,717478319464,266988,100,24039,1800,47
1784721974.1491,20:06:14,717478355794,249059,100,24039,840,46
1784721974.3491,20:06:14,717478384944,249059,100,24039,840,46
1784721974.5491,20:06:14,717478409244,196474,100,24039,300,43
1784721974.7491,20:06:14,717478429067,196474,100,24039,300,43
1784721974.9491,20:06:14,717478446897,196474,100,24039,300,43
1784721975.1491,20:06:15,717478464746,139088,100,24039,210,41
1784721975.3491,20:06:15,717478482546,139088,100,24039,210,41
1784721975.5491,20:06:15,717478500122,104391,100,24039,210,41
1784721975.7491,20:06:15,717478517810,104391,100,24039,210,41
1784721975.9491,20:06:15,717478535419,104391,100,24039,210,41
1784721976.1491,20:06:16,717478552985,95724,100,24039,210,41
1784721976.3492,20:06:16,717478570551,95724,100,24039,210,41
1784721976.5491,20:06:16,717478588097,95247,100,24039,210,41
1784721976.7491,20:06:16,717478606952,95247,100,24039,210,41
1784721976.9491,20:06:16,717478626229,95247,100,24039,210,41
1784721977.1491,20:06:17,717478645471,98004,100,24039,255,41
1784721977.3491,20:06:17,717478663741,98004,100,24039,255,41
1784721977.5491,20:06:17,717478678918,99104,100,24039,240,41
1784721977.7491,20:06:17,717478742769,99104,100,24039,240,41
1784721977.9491,20:06:17,717478799714,99104,100,24039,240,41
1784721978.1491,20:06:18,717478849569,181020,100,24039,2415,50
1784721978.3491,20:06:18,717478893969,181020,100,24039,2415,50
1784721978.5491,20:06:18,717478935269,250062,100,24039,1365,46
1784721978.7491,20:06:18,717478972348,250062,100,24039,1365,46
1784721978.9491,20:06:18,717479004527,250062,100,24039,1365,46
1784721979.1491,20:06:19,717479033377,231180,100,24039,555,44
1784721979.3491,20:06:19,717479057026,231180,100,24039,555,44
1784721979.5491,20:06:19,717479075830,170452,100,24039,210,42
1784721979.7491,20:06:19,717479093315,170452,100,24039,210,42
1784721979.9491,20:06:19,717479110717,170452,100,24039,210,42
1784721980.1491,20:06:20,717479128098,120177,100,24039,210,41
1784721980.3491,20:06:20,717479145452,120177,100,24039,210,41
1784721980.5491,20:06:20,717479162764,96151,100,24039,210,41
1784721980.7491,20:06:20,717479180065,96151,100,24039,210,41
1784721980.9491,20:06:20,717479197378,96151,100,24039,210,41
1784721981.1491,20:06:21,717479214670,94691,100,24039,210,41
1784721981.3491,20:06:21,717479232007,94691,100,24039,210,41
1784721981.5491,20:06:21,717479249761,94691,100,24039,240,41
1784721981.7491,20:06:21,717479268900,94691,100,24039,240,41
1784721981.9491,20:06:21,717479289614,94691,100,24039,240,41
1784721982.1491,20:06:22,717479310313,100416,100,24039,315,41
1784721982.3491,20:06:22,717479331021,100416,100,24039,315,41
1784721982.5491,20:06:22,717479351727,108956,100,24039,315,41
1784721982.7491,20:06:22,717479372188,108956,100,24039,315,41
1784721982.9491,20:06:22,717479392829,108956,100,24039,315,41
1784721983.1491,20:06:23,717479413358,113204,100,24039,315,41
1784721983.3492,20:06:23,717479429741,113204,100,24039,315,41
1784721983.5491,20:06:23,717479448971,106992,100,24039,330,41
1784721983.7491,20:06:23,717479471493,106992,100,24039,330,41
1784721983.9491,20:06:23,717479495391,106992,100,24039,330,41
1784721984.1491,20:06:24,717479519425,112474,100,24039,420,42
1784721984.3491,20:06:24,717479537817,112474,100,24039,420,42
1784721984.5491,20:06:24,717479558744,116996,100,24039,405,42
1784721984.7491,20:06:24,717479584291,116996,100,24039,405,42
1784721984.9491,20:06:24,717479609563,116996,100,24039,405,42
1784721985.1491,20:06:25,717479635241,126120,100,24039,480,42
1784721985.3491,20:06:25,717479661117,126120,100,24039,480,42
1784721985.5492,20:06:25,717479685333,135706,100,24039,420,42
1784721985.7491,20:06:25,717479707745,135706,100,24039,420,42
1784721985.9492,20:06:25,717479728194,135706,100,24039,420,42
1784721986.1491,20:06:26,717479746206,131303,100,24039,225,41
1784721986.3491,20:06:26,717479763740,131303,100,24039,225,41
1784721986.5491,20:06:26,717479782208,111753,100,24039,255,41
1784721986.7491,20:06:26,717479799070,111753,100,24039,255,41
1784721986.9491,20:06:26,717479818664,111753,100,24039,255,41
1784721987.1491,20:06:27,717479841036,100943,100,24039,375,41
1784721987.3491,20:06:27,717479864982,100943,100,24039,375,41
1784721987.5491,20:06:27,717479890425,114501,100,24039,495,42
1784721987.7491,20:06:27,717479916803,114501,100,24039,495,42
1784721987.9491,20:06:27,717479943250,114501,100,24039,495,42
1784721988.1492,20:06:28,717479969452,135998,100,24039,495,42
1784721988.3491,20:06:28,717479994533,135998,100,24039,495,42
1784721988.5491,20:06:28,717480017192,142226,100,24039,360,42
1784721988.7491,20:06:28,717480036147,142226,100,24039,360,42
1784721988.9491,20:06:28,717480052562,142226,100,24039,360,42
1784721989.1491,20:06:29,717480069587,123343,100,24039,315,42
1784721989.3491,20:06:29,717480105370,123343,100,24039,315,42
1784721989.5491,20:06:29,717480160739,136650,100,24039,2700,47
1784721989.7491,20:06:29,717480220107,136650,100,24039,2700,47
1784721989.9491,20:06:29,717480277033,136650,100,24039,2700,47
1784721990.1491,20:06:30,717480331049,222272,100,24039,2550,49
1784721990.3491,20:06:30,717480391671,222272,100,24039,2550,49
1784721990.5492,20:06:30,717480451994,297052,100,24039,1950,53
1784721990.7491,20:06:30,717480507262,297052,100,24039,1950,53
1784721990.9491,20:06:30,717480559809,297052,100,24039,1950,53
1784721991.1491,20:06:31,717480612919,289696,100,24039,2385,48
1784721991.3491,20:06:31,717480651861,289696,100,24039,2385,48
1784721991.5491,20:06:31,717480687359,257979,100,24039,630,45
1784721991.7491,20:06:31,717480711372,257979,100,24039,630,45
1784721991.9491,20:06:31,717480734778,257979,100,24039,630,45
1784721992.1491,20:06:32,717480754158,185240,100,24039,225,42
1784721992.3491,20:06:32,717480770412,185240,100,24039,225,42
1784721992.5491,20:06:32,717480786817,117696,100,24039,210,41
1784721992.7491,20:06:32,717480805702,117696,100,24039,210,41
1784721992.9491,20:06:32,717480824596,117696,100,24039,210,41
1784721993.1491,20:06:33,717480841889,94992,100,24039,210,41
1784721993.3491,20:06:33,717480857202,94992,100,24039,210,41
1784721993.5491,20:06:33,717480872778,88379,100,24039,210,41
1784721993.7491,20:06:33,717480888298,88379,100,24039,210,41
1784721993.9491,20:06:33,717480907661,88379,100,24039,210,41
1784721994.1491,20:06:34,717480929716,86587,100,24039,300,41
1784721994.3491,20:06:34,717480948731,86587,100,24039,300,41
1784721994.5491,20:06:34,717480965639,93441,100,24039,255,41
1784721994.7491,20:06:34,717480986462,93441,100,24039,255,41
1784721994.9491,20:06:34,717481005729,93441,100,24039,255,41
1784721995.1491,20:06:35,717481063565,100983,100,24039,2265,44
1784721995.3491,20:06:35,717481130328,100983,100,24039,2265,44
1784721995.5491,20:06:35,717481191266,200218,100,24039,2685,51
1784721995.7491,20:06:35,717481249912,200218,100,24039,2685,51
1784721995.9491,20:06:35,717481304655,200218,100,24039,2685,51
1784721996.1491,20:06:36,717481353901,289393,100,24039,2325,49
1784721996.3491,20:06:36,717481399647,289393,100,24039,2325,49
1784721996.5491,20:06:36,717481441291,270200,100,24039,1050,46
1784721996.7491,20:06:36,717481477403,270200,100,24039,1050,46
1784721996.9491,20:06:36,717481508409,270200,100,24039,1050,46
1784721997.1491,20:06:37,717481532271,214519,100,24039,510,44
1784721997.3491,20:06:37,717481552388,214519,100,24039,510,44
1784721997.5491,20:06:37,717481570923,150658,100,24039,210,42
1784721997.7491,20:06:37,717481589355,150658,100,24039,210,42
1784721997.9491,20:06:37,717481607715,150658,100,24039,210,42
1784721998.1491,20:06:38,717481625901,105505,100,24039,210,41
1784721998.3491,20:06:38,717481644287,105505,100,24039,210,41
1784721998.5491,20:06:38,717481662690,94450,100,24039,210,41
1784721998.7491,20:06:38,717481681061,94450,100,24039,210,41
1784721998.9491,20:06:38,717481699443,94450,100,24039,210,41
1784721999.1491,20:06:39,717481717761,94302,100,24039,210,41
1784721999.3491,20:06:39,717481736102,94302,100,24039,210,41
1784721999.5491,20:06:39,717481754462,94351,100,24039,210,41
1784721999.7491,20:06:39,717481771600,94351,100,24039,210,41
1784721999.9491,20:06:39,717481789764,94351,100,24039,210,41
1784722000.1492,20:06:40,717481808293,92875,100,24039,210,41
1784722000.3491,20:06:40,717481828299,92875,100,24039,210,41
1784722000.5491,20:06:40,717481850169,96179,100,24039,330,41
1784722000.7491,20:06:40,717481873838,96179,100,24039,330,41
1784722000.9491,20:06:40,717481899087,96179,100,24039,330,41
1784722001.1491,20:06:41,717481924444,110803,100,24039,405,42
1784722001.3491,20:06:41,717481949833,110803,100,24039,405,42
1784722001.5491,20:06:41,717481975046,125386,100,24039,405,42
1784722001.7491,20:06:41,717481997471,125386,100,24039,405,42
1784722001.9491,20:06:41,717482016614,125386,100,24039,405,42
1784722002.1491,20:06:42,717482038488,121363,100,24039,315,41
1784722002.3492,20:06:42,717482060036,121363,100,24039,315,41
1784722002.5491,20:06:42,717482082084,113000,100,24039,315,41
1784722002.7491,20:06:42,717482104060,113000,100,24039,315,41
1784722002.9491,20:06:42,717482126044,113000,100,24039,315,41
1784722003.1491,20:06:43,717482148016,111775,100,24039,315,41
1784722003.3491,20:06:43,717482170017,111775,100,24039,315,41
1784722003.5491,20:06:43,717482191784,112991,100,24039,315,41
1784722003.7492,20:06:43,717482213670,112991,100,24039,315,41
1784722003.9491,20:06:43,717482235639,112991,100,24039,315,41
1784722004.1491,20:06:44,717482257535,112668,100,24039,315,41
1784722004.3491,20:06:44,717482279500,112668,100,24039,315,41
1784722004.5492,20:06:44,717482302525,112977,100,24039,360,41
1784722004.7491,20:06:44,717482326073,112977,100,24039,360,41
1784722004.9491,20:06:44,717482349806,112977,100,24039,360,41
1784722005.1491,20:06:45,717482373412,117127,100,24039,360,41
1784722005.3491,20:06:45,717482396758,117127,100,24039,360,41
1784722005.5491,20:06:45,717482415192,118227,100,24039,300,42
1784722005.7491,20:06:45,717482464388,118227,100,24039,300,42
1784722005.9491,20:06:45,717482531497,118227,100,24039,300,42
1784722006.1491,20:06:46,717482588586,180911,100,24039,2685,51
1784722006.3491,20:06:46,717482642953,180911,100,24039,2685,51
1784722006.5492,20:06:46,717482692320,252523,100,24039,2130,47
1784722006.7491,20:06:46,717482729110,252523,100,24039,2130,47
1784722006.9491,20:06:46,717482767269,252523,100,24039,2130,47
1784722007.1491,20:06:47,717482799492,259649,100,24039,735,45
1784722007.3491,20:06:47,717482825891,259649,100,24039,735,45
1784722007.5491,20:06:47,717482847743,183452,100,24039,210,42
1784722007.7491,20:06:47,717482865819,183452,100,24039,210,42
1784722007.9491,20:06:47,717482884213,183452,100,24039,210,42
1784722008.1491,20:06:48,717482902600,127654,100,24039,210,41
1784722008.3491,20:06:48,717482921071,127654,100,24039,210,41
1784722008.5491,20:06:48,717482939398,98400,100,24039,210,41
1784722008.7491,20:06:48,717482957726,98400,100,24039,210,41
1784722008.9492,20:06:48,717482976081,98400,100,24039,210,41
1784722009.1491,20:06:49,717482994136,95123,100,24039,210,41
1784722009.3491,20:06:49,717483012371,95123,100,24039,210,41
1784722009.5491,20:06:49,717483030603,94607,100,24039,210,41
1784722009.7491,20:06:49,717483048838,94607,100,24039,210,41
1784722009.9491,20:06:49,717483066235,94607,100,24039,210,41
1784722010.1491,20:06:50,717483081145,93552,100,24039,225,41
1784722010.3492,20:06:50,717483097281,93552,100,24039,225,41
1784722010.5491,20:06:50,717483151400,104743,100,24039,2700,46
1784722010.7491,20:06:50,717483234939,104743,100,24039,2700,46
1784722010.9491,20:06:50,717483292114,104743,100,24039,2700,46
1784722011.1491,20:06:51,717483338979,221996,100,24039,2070,49
1784722011.3492,20:06:51,717483381609,221996,100,24039,2070,49
1784722011.5491,20:06:51,717483418650,287238,100,24039,945,45
1784722011.7491,20:06:51,717483451608,287238,100,24039,945,45
1784722011.9491,20:06:51,717483478688,287238,100,24039,945,45
1784722012.1491,20:06:52,717483499257,204686,100,24039,240,43
1784722012.3491,20:06:52,717483517625,204686,100,24039,240,43
1784722012.5492,20:06:52,717483535874,136964,100,24039,210,41
1784722012.7491,20:06:52,717483554188,136964,100,24039,210,41
1784722012.9491,20:06:52,717483572420,136964,100,24039,210,41
1784722013.1492,20:06:53,717483590768,100822,100,24039,210,41
1784722013.3492,20:06:53,717483607554,100822,100,24039,210,41
1784722013.5492,20:06:53,717483624875,93072,100,24039,210,41
1784722013.7491,20:06:53,717483642634,93072,100,24039,210,41
1784722013.9491,20:06:53,717483660401,93072,100,24039,210,41
1784722014.1491,20:06:54,717483679074,92245,100,24039,225,41
1784722014.3492,20:06:54,717483696036,92245,100,24039,225,41
1784722014.5491,20:06:54,717483730247,93663,100,24039,2520,44
1784722014.7491,20:06:54,717483786344,93663,100,24039,2520,44
1784722014.9491,20:06:54,717483843390,93663,100,24039,2520,44
1784722015.1492,20:06:55,717483899054,184467,100,24039,2610,49
1784722015.3492,20:06:55,717483948026,184467,100,24039,2610,49
1784722015.5491,20:06:55,717483994169,263688,100,24039,2205,47
1784722015.7491,20:06:55,717484039652,263688,100,24039,2205,47
1784722015.9491,20:06:55,717484075823,263688,100,24039,2205,47
1784722016.1492,20:06:56,717484115057,248162,100,24039,960,46
1784722016.3491,20:06:56,717484148897,248162,100,24039,960,46
1784722016.5491,20:06:56,717484175360,204434,100,24039,375,44
1784722016.7491,20:06:56,717484197776,204434,100,24039,375,44
1784722016.9491,20:06:56,717484216288,204434,100,24039,375,44
1784722017.1491,20:06:57,717484233840,149437,100,24039,210,42
1784722017.3491,20:06:57,717484248922,149437,100,24039,210,42
1784722017.5491,20:06:57,717484264530,103236,100,24039,210,41
1784722017.7491,20:06:57,717484281288,103236,100,24039,210,41
1784722017.9491,20:06:57,717484295948,103236,100,24039,210,41
1784722018.1492,20:06:58,717484310528,85041,100,24039,210,41
1784722018.3492,20:06:58,717484325824,85041,100,24039,210,41
1784722018.5492,20:06:58,717484383463,99867,100,24039,2700,50
1784722018.7492,20:06:58,717484446850,99867,100,24039,2700,50
1784722018.9492,20:06:58,717484499989,99867,100,24039,2700,50
1784722019.1491,20:06:59,717484552614,203555,100,24039,2520,49
1784722019.3491,20:06:59,717484599941,203555,100,24039,2520,49
1784722019.5491,20:06:59,717484638533,280192,100,24039,900,46
1784722019.7491,20:06:59,717484671003,280192,100,24039,900,46
1784722019.9491,20:06:59,717484696354,280192,100,24039,900,46
1784722020.1491,20:07:00,717484717190,213298,100,24039,285,43
1784722020.3491,20:07:00,717484735637,213298,100,24039,285,43
1784722020.5491,20:07:00,717484753706,138381,100,24039,210,41
1784722020.7491,20:07:00,717484771675,138381,100,24039,210,41
1784722020.9491,20:07:00,717484787935,138381,100,24039,210,41
1784722021.1491,20:07:01,717484802458,100127,100,24039,210,41
1784722021.3492,20:07:01,717484816965,100127,100,24039,210,41
1784722021.5491,20:07:01,717484832172,85603,100,24039,255,41
1784722021.7491,20:07:01,717484851377,85603,100,24039,255,41
1784722021.9491,20:07:01,717484874392,85603,100,24039,255,41
1784722022.1491,20:07:02,717484898222,90851,100,24039,390,42
1784722022.3491,20:07:02,717484916778,90851,100,24039,390,42
1784722022.5491,20:07:02,717484940509,107283,100,24039,435,42
1784722022.7491,20:07:02,717484966031,107283,100,24039,435,42
1784722022.9491,20:07:02,717484991182,107283,100,24039,435,42
1784722023.1491,20:07:03,717485012929,124126,100,24039,435,42
1784722023.3491,20:07:03,717485032420,124126,100,24039,435,42
1784722023.5491,20:07:03,717485056477,122471,100,24039,480,42
1784722023.7491,20:07:03,717485083442,122471,100,24039,480,42
1784722023.9491,20:07:03,717485108767,122471,100,24039,480,42
1784722024.1491,20:07:04,717485131564,125770,100,24039,390,42
1784722024.3491,20:07:04,717485149882,125770,100,24039,390,42
1784722024.5491,20:07:04,717485166477,121547,100,24039,330,42
1784722024.7491,20:07:04,717485188674,121547,100,24039,330,42
1784722024.9491,20:07:04,717485213898,121547,100,24039,330,42
1784722025.1492,20:07:05,717485240446,113615,100,24039,480,42
1784722025.3492,20:07:05,717485265633,113615,100,24039,480,42
1784722025.5491,20:07:05,717485290451,124668,100,24039,420,42
1784722025.7491,20:07:05,717485314930,124668,100,24039,420,42
1784722025.9491,20:07:05,717485337766,124668,100,24039,420,42
1784722026.1491,20:07:06,717485360249,132674,100,24039,360,42
1784722026.3491,20:07:06,717485381018,132674,100,24039,360,42
1784722026.5491,20:07:06,717485401365,121813,100,24039,285,41
1784722026.7491,20:07:06,717485421751,121813,100,24039,285,41
1784722026.9491,20:07:06,717485442062,121813,100,24039,285,41
1784722027.1491,20:07:07,717485462431,112474,100,24039,285,41
1784722027.3491,20:07:07,717485484511,112474,100,24039,285,41
1784722027.5492,20:07:07,717485506710,111702,100,24039,345,41
1784722027.7491,20:07:07,717485528966,111702,100,24039,345,41
1784722027.9491,20:07:07,717485551430,111702,100,24039,345,41
1784722028.1491,20:07:08,717485574028,116513,100,24039,360,42
1784722028.3491,20:07:08,717485596357,116513,100,24039,360,42
1784722028.5491,20:07:08,717485618460,119893,100,24039,345,42
1784722028.7491,20:07:08,717485640640,119893,100,24039,345,42
1784722028.9491,20:07:08,717485662790,119893,100,24039,345,42
1784722029.1492,20:07:09,717485684938,119738,100,24039,345,41
1784722029.3491,20:07:09,717485707497,119738,100,24039,345,41
1784722029.5491,20:07:09,717485726535,118521,100,24039,300,42
1784722029.7491,20:07:09,717485744407,118521,100,24039,300,42
1784722029.9491,20:07:09,717485769117,118521,100,24039,300,42
1784722030.1492,20:07:10,717485794679,114854,100,24039,465,42
1784722030.3491,20:07:10,717485816738,114854,100,24039,465,42
1784722030.5491,20:07:10,717485837679,116719,100,24039,510,43
1784722030.7492,20:07:10,717485866713,116719,100,24039,510,43
1784722030.9492,20:07:10,717485894467,116719,100,24039,510,43
1784722031.1491,20:07:11,717485920187,135462,100,24039,555,43
1784722031.3492,20:07:11,717485949843,135462,100,24039,555,43
1784722031.5492,20:07:11,717485982966,147239,100,24039,795,44
1784722031.7492,20:07:11,717486016222,147239,100,24039,795,44
1784722031.9491,20:07:11,717486044953,147239,100,24039,795,44
1784722032.1492,20:07:12,717486069383,160687,100,24039,510,43
1784722032.3492,20:07:12,717486089956,160687,100,24039,510,43
1784722032.5491,20:07:12,717486109020,147751,100,24039,255,41
1784722032.7491,20:07:12,717486127474,147751,100,24039,255,41
1784722032.9491,20:07:12,717486145318,147751,100,24039,255,41
1784722033.1492,20:07:13,717486164773,111685,100,24039,255,41
1784722033.3492,20:07:13,717486185910,111685,100,24039,255,41
1784722033.5492,20:07:13,717486207180,105110,100,24039,330,41
1784722033.7491,20:07:13,717486228396,105110,100,24039,330,41
1784722033.9491,20:07:13,717486248305,105110,100,24039,330,41
1784722034.1492,20:07:14,717486268059,110738,100,24039,315,41
1784722034.3491,20:07:14,717486289310,110738,100,24039,315,41
1784722034.5492,20:07:14,717486310519,112765,100,24039,330,41
1784722034.7492,20:07:14,717486329491,112765,100,24039,330,41
1784722034.9492,20:07:14,717486349747,112765,100,24039,330,41
1784722035.1492,20:07:15,717486402333,111073,100,24039,2520,44
1784722035.3492,20:07:15,717486458079,111073,100,24039,2520,44
1784722035.5491,20:07:15,717486515370,196615,100,24039,2685,50
1784722035.7492,20:07:15,717486569720,196615,100,24039,2685,50
1784722035.9491,20:07:15,717486621424,196615,100,24039,2685,50
1784722036.1491,20:07:16,717486666282,281424,100,24039,2460,49
1784722036.3492,20:07:16,717486702242,281424,100,24039,2460,49
1784722036.5491,20:07:16,717486740186,262067,100,24039,1155,46
1784722036.7492,20:07:16,717486769600,262067,100,24039,1155,46
1784722036.9491,20:07:16,717486793582,262067,100,24039,1155,46
1784722037.1492,20:07:17,717486814487,198131,100,24039,330,43
1784722037.3491,20:07:17,717486829486,198131,100,24039,330,43
1784722037.5492,20:07:17,717486845658,133863,100,24039,210,41
1784722037.7491,20:07:17,717486862709,133863,100,24039,210,41
1784722037.9491,20:07:17,717486879759,133863,100,24039,210,41
1784722038.1492,20:07:18,717486896765,98210,100,24039,210,41
1784722038.3491,20:07:18,717486914409,98210,100,24039,210,41
1784722038.5492,20:07:18,717486933471,94037,100,24039,285,41
1784722038.7491,20:07:18,717486952070,94037,100,24039,285,41
1784722038.9491,20:07:18,717486972536,94037,100,24039,285,41
1784722039.1492,20:07:19,717486994331,101128,100,24039,360,41
1784722039.3491,20:07:19,717487016353,101128,100,24039,360,41
1784722039.5492,20:07:19,717487038244,112760,100,24039,345,42
1784722039.7492,20:07:19,717487059039,112760,100,24039,345,42
1784722039.9491,20:07:19,717487080601,112760,100,24039,345,42
1784722040.1492,20:07:20,717487103259,118586,100,24039,360,42
1784722040.3491,20:07:20,717487126917,118586,100,24039,360,42
1784722040.5492,20:07:20,717487150563,122277,100,24039,405,42
1784722040.7491,20:07:20,717487174192,122277,100,24039,405,42
1784722040.9491,20:07:20,717487196868,122277,100,24039,405,42
1784722041.1492,20:07:21,717487217516,127046,100,24039,345,42
1784722041.3491,20:07:21,717487236615,127046,100,24039,345,42
1784722041.5491,20:07:21,717487255294,119039,100,24039,255,41
1784722041.7492,20:07:21,717487273931,119039,100,24039,255,41
1784722041.9491,20:07:21,717487292894,119039,100,24039,255,41
1784722042.1491,20:07:22,717487312936,106990,100,24039,300,41
1784722042.3491,20:07:22,717487332957,106990,100,24039,300,41
1784722042.5491,20:07:22,717487355263,107645,100,24039,375,41
1784722042.7491,20:07:22,717487376655,107645,100,24039,375,41
1784722042.9491,20:07:22,717487398231,107645,100,24039,375,41
1784722043.1492,20:07:23,717487420238,115439,100,24039,360,41
1784722043.3492,20:07:23,717487441094,115439,100,24039,360,41
1784722043.5492,20:07:23,717487462201,119771,100,24039,360,42
1784722043.7492,20:07:23,717487485445,119771,100,24039,360,42
1784722043.9492,20:07:23,717487510540,119771,100,24039,360,42
1784722044.1491,20:07:24,717487536087,124358,100,24039,480,42
1784722044.3491,20:07:24,717487559402,124358,100,24039,480,42
1784722044.5491,20:07:24,717487582787,130912,100,24039,405,42
1784722044.7492,20:07:24,717487604375,130912,100,24039,405,42
1784722044.9491,20:07:24,717487619418,130912,100,24039,405,42
1784722045.1492,20:07:25,717487634588,121970,100,24039,285,41
1784722045.3491,20:07:25,717487654056,121970,100,24039,285,41
1784722045.5491,20:07:25,717487677311,107029,100,24039,420,42
1784722045.7492,20:07:25,717487701015,107029,100,24039,420,42
1784722045.9492,20:07:25,717487724766,107029,100,24039,420,42
1784722046.1492,20:07:26,717487748490,113891,100,24039,420,42
1784722046.3492,20:07:26,717487771447,113891,100,24039,420,42
1784722046.5492,20:07:26,717487794008,125863,100,24039,450,42
1784722046.7491,20:07:26,717487822256,125863,100,24039,450,42
1784722046.9492,20:07:26,717487850959,125863,100,24039,450,42
1784722047.1491,20:07:27,717487880388,131564,100,24039,540,42
1784722047.3491,20:07:27,717487907895,131564,100,24039,540,42
1784722047.5491,20:07:27,717487933851,139718,100,24039,390,42
1784722047.7491,20:07:27,717487957603,139718,100,24039,390,42
1784722047.9492,20:07:27,717487980186,139718,100,24039,390,42
1784722048.1491,20:07:28,717488002831,133649,100,24039,330,41
1784722048.3492,20:07:28,717488024374,133649,100,24039,330,41
1784722048.5491,20:07:28,717488044277,117061,100,24039,330,41
1784722048.7491,20:07:28,717488067487,117061,100,24039,330,41
1784722048.9491,20:07:28,717488092275,117061,100,24039,330,41
1784722049.1492,20:07:29,717488118261,115116,100,24039,435,42
1784722049.3492,20:07:29,717488144431,115116,100,24039,435,42
1784722049.5492,20:07:29,717488169234,124246,100,24039,345,42
1784722049.7492,20:07:29,717488192042,124246,100,24039,345,42
1784722049.9492,20:07:29,717488213447,124246,100,24039,345,42
1784722050.1492,20:07:30,717488234553,124837,100,24039,285,41
1784722050.3492,20:07:30,717488255995,124837,100,24039,285,41
1784722050.5492,20:07:30,717488279224,114938,100,24039,360,41
1784722050.7492,20:07:30,717488302707,114938,100,24039,360,41
1784722050.9492,20:07:30,717488325809,114938,100,24039,360,41
1784722051.1492,20:07:31,717488345254,114615,100,24039,360,42
1784722051.3492,20:07:31,717488370211,114615,100,24039,360,42
1784722051.5492,20:07:31,717488395456,119722,100,24039,465,42
1784722051.7492,20:07:31,717488420566,119722,100,24039,465,42
1784722051.9492,20:07:31,717488450869,119722,100,24039,465,42
1784722052.1492,20:07:32,717488480250,127570,100,24039,585,43
1784722052.3492,20:07:32,717488509133,127570,100,24039,585,43
1784722052.5492,20:07:32,717488539714,144093,100,24039,585,43
1784722052.7492,20:07:32,717488566078,144093,100,24039,585,43
1784722052.9492,20:07:32,717488589370,144093,100,24039,585,43
1784722053.1492,20:07:33,717488618492,143134,100,24039,540,42
1784722053.3492,20:07:33,717488648621,143134,100,24039,540,42
1784722053.5492,20:07:33,717488676815,143036,100,24039,495,42
1784722053.7492,20:07:33,717488702589,143036,100,24039,495,42
1784722053.9492,20:07:33,717488726567,143036,100,24039,495,42
1784722054.1492,20:07:34,717488750086,139713,100,24039,360,42
1784722054.3492,20:07:34,717488773617,139713,100,24039,360,42
1784722054.5491,20:07:34,717488796855,127155,100,24039,360,41
1784722054.7491,20:07:34,717488820397,127155,100,24039,360,41
1784722054.9492,20:07:34,717488843950,127155,100,24039,360,41
1784722055.1492,20:07:35,717488867257,120465,100,24039,360,41
1784722055.3492,20:07:35,717488890648,120465,100,24039,360,41
1784722055.5492,20:07:35,717488914085,120108,100,24039,360,41
1784722055.7492,20:07:35,717488937693,120108,100,24039,360,41
1784722055.9492,20:07:35,717488961250,120108,100,24039,360,41
1784722056.1492,20:07:36,717488984782,120358,100,24039,360,41
1784722056.3492,20:07:36,717489008351,120358,100,24039,360,41
1784722056.5492,20:07:36,717489032014,120774,100,24039,360,41
1784722056.7492,20:07:36,717489055629,120774,100,24039,360,41
1784722056.9492,20:07:36,717489078711,120774,100,24039,360,41
1784722057.1492,20:07:37,717489101941,120552,100,24039,360,41
1784722057.3492,20:07:37,717489125098,120552,100,24039,360,41
1784722057.5492,20:07:37,717489148039,119642,100,24039,345,41
1784722057.7492,20:07:37,717489170149,119642,100,24039,345,41
1784722057.9491,20:07:37,717489188547,119642,100,24039,345,41
1784722058.1491,20:07:38,717489213158,113223,100,24039,390,41
1784722058.3492,20:07:38,717489237704,113223,100,24039,390,41
1784722058.5492,20:07:38,717489258239,114634,100,24039,435,42
1784722058.7492,20:07:38,717489284130,114634,100,24039,435,42
1784722058.9491,20:07:38,717489313635,114634,100,24039,435,42
1784722059.1492,20:07:39,717489340706,125805,100,24039,510,43
1784722059.3492,20:07:39,717489372966,125805,100,24039,510,43
1784722059.5492,20:07:39,717489403041,140560,100,24039,525,43
1784722059.7492,20:07:39,717489431552,140560,100,24039,525,43
1784722059.9492,20:07:39,717489457500,140560,100,24039,525,43
1784722060.1492,20:07:40,717489481557,147349,100,24039,390,42
1784722060.3491,20:07:40,717489503332,147349,100,24039,390,42
1784722060.5491,20:07:40,717489524848,131343,100,24039,300,41
1784722060.7492,20:07:40,717489546398,131343,100,24039,300,41
1784722060.9492,20:07:40,717489567991,131343,100,24039,300,41
1784722061.1492,20:07:41,717489589581,115088,100,24039,300,41
1784722061.3492,20:07:41,717489611105,115088,100,24039,300,41
1784722061.5491,20:07:41,717489634019,111312,100,24039,360,41
1784722061.7492,20:07:41,717489658959,111312,100,24039,360,41
1784722061.9492,20:07:41,717489684069,111312,100,24039,360,41
1784722062.1492,20:07:42,717489707679,118926,100,24039,405,42
1784722062.3492,20:07:42,717489727419,118926,100,24039,405,42
1784722062.5492,20:07:42,717489753563,121312,100,24039,450,42
1784722062.7492,20:07:42,717489781599,121312,100,24039,450,42
1784722062.9492,20:07:42,717489810548,121312,100,24039,450,42
1784722063.1492,20:07:43,717489839050,130531,100,24039,525,42
1784722063.3492,20:07:43,717489865475,130531,100,24039,525,42
1784722063.5492,20:07:43,717489891981,141757,100,24039,450,42
1784722063.7491,20:07:43,717489918512,141757,100,24039,450,42
1784722063.9492,20:07:43,717489945091,141757,100,24039,450,42
1784722064.1492,20:07:44,717489971698,139446,100,24039,450,42
1784722064.3492,20:07:44,717489998365,139446,100,24039,450,42
1784722064.5492,20:07:44,717490024286,136924,100,24039,450,42
1784722064.7491,20:07:44,717490047324,136924,100,24039,450,42
1784722064.9492,20:07:44,717490065595,136924,100,24039,450,42
1784722065.1492,20:07:45,717490084216,125657,100,24039,360,42
1784722065.3491,20:07:45,717490121962,125657,100,24039,360,42
1784722065.5492,20:07:45,717490173839,142249,100,24039,2460,46
1784722065.7491,20:07:45,717490223220,142249,100,24039,2460,46
1784722065.9491,20:07:45,717490279761,142249,100,24039,2460,46
1784722066.1492,20:07:46,717490333369,246291,100,24039,2295,51
1784722066.3492,20:07:46,717490380350,246291,100,24039,2295,51
1784722066.5492,20:07:46,717490417646,256423,100,24039,735,45
1784722066.7492,20:07:46,717490449756,256423,100,24039,735,45
1784722066.9492,20:07:46,717490475915,256423,100,24039,735,45
1784722067.1492,20:07:47,717490496848,195573,100,24039,315,42
1784722067.3492,20:07:47,717490515299,195573,100,24039,315,42
1784722067.5492,20:07:47,717490533511,126153,100,24039,210,41
1784722067.7492,20:07:47,717490551735,126153,100,24039,210,41
1784722067.9492,20:07:47,717490569964,126153,100,24039,210,41
1784722068.1492,20:07:48,717490588156,97341,100,24039,210,41
1784722068.3492,20:07:48,717490606441,97341,100,24039,210,41
1784722068.5492,20:07:48,717490624717,94844,100,24039,210,41
1784722068.7492,20:07:48,717490642953,94844,100,24039,210,41
1784722068.9492,20:07:48,717490661135,94844,100,24039,210,41
1784722069.1492,20:07:49,717490680387,95435,100,24039,240,41
1784722069.3492,20:07:49,717490701822,95435,100,24039,240,41
1784722069.5492,20:07:49,717490723731,102638,100,24039,330,41
1784722069.7492,20:07:49,717490747027,102638,100,24039,330,41
1784722069.9492,20:07:49,717490770499,102638,100,24039,330,41
1784722070.1492,20:07:50,717490794042,114953,100,24039,360,41
1784722070.3492,20:07:50,717490817130,114953,100,24039,360,41
1784722070.5492,20:07:50,717490837027,117788,100,24039,345,42
1784722070.7492,20:07:50,717490861479,117788,100,24039,345,42
1784722070.9492,20:07:50,717490887779,117788,100,24039,345,42
1784722071.1492,20:07:51,717490914762,124176,100,24039,465,42
1784722071.3492,20:07:51,717490941708,124176,100,24039,465,42
1784722071.5492,20:07:51,717490968477,134810,100,24039,465,42
1784722071.7492,20:07:51,717490988538,134810,100,24039,465,42
1784722071.9492,20:07:51,717491013881,134810,100,24039,465,42
1784722072.1492,20:07:52,717491036809,131513,100,24039,435,42
1784722072.3492,20:07:52,717491060573,131513,100,24039,435,42
1784722072.5492,20:07:52,717491089172,127501,100,24039,555,42
1784722072.7492,20:07:52,717491118573,127501,100,24039,555,42
1784722072.9492,20:07:52,717491147081,127501,100,24039,555,42
1784722073.1492,20:07:53,717491173802,140056,100,24039,435,42
1784722073.3492,20:07:53,717491198630,140056,100,24039,435,42
1784722073.5492,20:07:53,717491222562,141051,100,24039,375,42
1784722073.7492,20:07:53,717491242944,141051,100,24039,375,42
1784722073.9492,20:07:53,717491263641,141051,100,24039,375,42
1784722074.1492,20:07:54,717491287848,122332,100,24039,375,42
1784722074.3492,20:07:54,717491313624,122332,100,24039,375,42
1784722074.5492,20:07:54,717491334312,117695,100,24039,465,42
1784722074.7492,20:07:54,717491357937,117695,100,24039,465,42
1784722074.9492,20:07:54,717491387529,117695,100,24039,465,42
1784722075.1492,20:07:55,717491418075,133043,100,24039,615,43
1784722075.3492,20:07:55,717491447004,133043,100,24039,615,43
1784722075.5492,20:07:55,717491474524,144049,100,24039,450,42
1784722075.7492,20:07:55,717491500201,144049,100,24039,450,42
1784722075.9492,20:07:55,717491525280,144049,100,24039,450,42
1784722076.1492,20:07:56,717491548244,142863,100,24039,360,42
1784722076.3492,20:07:56,717491569708,142863,100,24039,360,42
1784722076.5492,20:07:56,717491591060,124532,100,24039,315,41
1784722076.7492,20:07:56,717491612029,124532,100,24039,315,41
1784722076.9492,20:07:56,717491632800,124532,100,24039,315,41
1784722077.1492,20:07:57,717491653871,113292,100,24039,315,41
1784722077.3492,20:07:57,717491676738,113292,100,24039,315,41
1784722077.5492,20:07:57,717491699742,114927,100,24039,360,41
1784722077.7492,20:07:57,717491722667,114927,100,24039,360,41
1784722077.9492,20:07:57,717491745869,114927,100,24039,360,41
1784722078.1492,20:07:58,717491768723,119979,100,24039,360,41
1784722078.3492,20:07:58,717491791716,119979,100,24039,360,41
1784722078.5492,20:07:58,717491816139,123175,100,24039,420,42
1784722078.7492,20:07:58,717491841185,123175,100,24039,420,42
1784722078.9492,20:07:58,717491867381,123175,100,24039,420,42
1784722079.1492,20:07:59,717491893929,129981,100,24039,465,42
1784722079.3492,20:07:59,717491920214,129981,100,24039,465,42
1784722079.5492,20:07:59,717491944691,135919,100,24039,435,42
1784722079.7492,20:07:59,717491968985,135919,100,24039,435,42
1784722079.9492,20:07:59,717491993053,135919,100,24039,435,42
1784722080.1492,20:08:00,717492017085,132904,100,24039,390,42
1784722080.3492,20:08:00,717492041116,132904,100,24039,390,42
1784722080.5492,20:08:00,717492060101,123746,100,24039,360,42
1784722080.7492,20:08:00,717492078357,123746,100,24039,360,42
1784722080.9492,20:08:00,717492098635,123746,100,24039,360,42
1784722081.1492,20:08:01,717492138423,116665,100,24039,2475,42
1784722081.3492,20:08:01,717492192916,116665,100,24039,2475,42
1784722081.5492,20:08:01,717492251048,195055,100,24039,2640,49
1784722081.7492,20:08:01,717492306180,195055,100,24039,2640,49
1784722081.9492,20:08:01,717492358113,195055,100,24039,2640,49
1784722082.1492,20:08:02,717492406782,277157,100,24039,2355,48
1784722082.3492,20:08:02,717492452782,277157,100,24039,2355,48
1784722082.5492,20:08:02,717492486782,255502,100,24039,675,46
1784722082.7492,20:08:02,717492516266,255502,100,24039,675,46
1784722082.9492,20:08:02,717492540242,255502,100,24039,675,46
1784722083.1492,20:08:03,717492559863,186568,100,24039,210,42
1784722083.3492,20:08:03,717492577433,186568,100,24039,210,42
1784722083.5492,20:08:03,717492594973,121696,100,24039,210,41
1784722083.7492,20:08:03,717492612534,121696,100,24039,210,41
1784722083.9492,20:08:03,717492629986,121696,100,24039,210,41
1784722084.1492,20:08:04,717492647464,95953,100,24039,210,41
1784722084.3492,20:08:04,717492664098,95953,100,24039,210,41
1784722084.5492,20:08:04,717492678616,90082,100,24039,210,41
1784722084.7492,20:08:04,717492693034,90082,100,24039,210,41
1784722084.9492,20:08:04,717492708937,90082,100,24039,210,41
1784722085.1492,20:08:05,717492727784,84948,100,24039,285,41
1784722085.3492,20:08:05,717492785020,84948,100,24039,285,41
1784722085.5492,20:08:05,717492846602,172149,100,24039,2655,50
1784722085.7492,20:08:05,717492907864,172149,100,24039,2655,50
1784722085.9492,20:08:05,717492960908,172149,100,24039,2655,50
1784722086.1492,20:08:06,717493016148,270714,100,24039,2685,49
1784722086.3492,20:08:06,717493074126,270714,100,24039,2685,49
1784722086.5492,20:08:06,717493129540,303522,100,24039,2535,50
1784722086.7492,20:08:06,717493183642,303522,100,24039,2535,50
1784722086.9492,20:08:06,717493231671,303522,100,24039,2535,50
1784722087.1492,20:08:07,717493278278,288960,100,24039,2055,48
1784722087.3492,20:08:07,717493322911,288960,100,24039,2055,48
1784722087.5492,20:08:07,717493365275,258798,100,24039,1455,47
1784722087.7492,20:08:07,717493403022,258798,100,24039,1455,47
1784722087.9492,20:08:07,717493434634,258798,100,24039,1455,47
1784722088.1492,20:08:08,717493464716,214239,100,24039,555,45
1784722088.3492,20:08:08,717493489480,214239,100,24039,555,45
1784722088.5492,20:08:08,717493509456,161426,100,24039,210,42
1784722088.7492,20:08:08,717493527306,161426,100,24039,210,42
1784722088.9492,20:08:08,717493545070,161426,100,24039,210,42
1784722089.1492,20:08:09,717493562861,116870,100,24039,210,42
1784722089.3492,20:08:09,717493580649,116870,100,24039,210,42
1784722089.5492,20:08:09,717493598365,96193,100,24039,210,41
1784722089.7492,20:08:09,717493616029,96193,100,24039,210,41
1784722089.9492,20:08:09,717493633787,96193,100,24039,210,41
1784722090.1492,20:08:10,717493651492,96001,100,24039,210,41
1784722090.3492,20:08:10,717493669182,96001,100,24039,210,41
1784722090.5492,20:08:10,717493686597,95648,100,24039,210,41
1784722090.7492,20:08:10,717493704230,95648,100,24039,210,41
1784722090.9492,20:08:10,717493721857,95648,100,24039,210,41
1784722091.1492,20:08:11,717493736510,94135,100,24039,210,41
1784722091.3492,20:08:11,717493751098,94135,100,24039,210,41
1784722091.5492,20:08:11,717493781005,101568,100,24039,2520,43
1784722091.7492,20:08:11,717493830656,101568,100,24039,2520,43
1784722091.9492,20:08:11,717493878504,101568,100,24039,2520,43
1784722092.1492,20:08:12,717493923394,177412,100,24039,2295,47
1784722092.3492,20:08:12,717493965733,177412,100,24039,2295,47
1784722092.5492,20:08:12,717494002677,240774,100,24039,675,45
1784722092.7492,20:08:12,717494032795,240774,100,24039,675,45
1784722092.9492,20:08:12,717494059900,240774,100,24039,675,45
1784722093.1492,20:08:13,717494081831,190392,100,24039,375,43
1784722093.3492,20:08:13,717494099626,190392,100,24039,375,43
1784722093.5492,20:08:13,717494117355,130746,100,24039,210,41
1784722093.7492,20:08:13,717494135006,130746,100,24039,210,41
1784722093.9492,20:08:13,717494152676,130746,100,24039,210,41
1784722094.1492,20:08:14,717494170258,100613,100,24039,210,41
1784722094.3492,20:08:14,717494187835,100613,100,24039,210,41
1784722094.5492,20:08:14,717494205350,96119,100,24039,210,41
1784722094.7492,20:08:14,717494222888,96119,100,24039,210,41
1784722094.9492,20:08:14,717494240500,96119,100,24039,210,41
1784722095.1492,20:08:15,717494258097,96039,100,24039,210,41
1784722095.3492,20:08:15,717494275599,96039,100,24039,210,41
1784722095.5492,20:08:15,717494302563,95884,100,24039,210,41
1784722095.7492,20:08:15,717494321638,95884,100,24039,210,41
1784722095.9492,20:08:15,717494340388,95884,100,24039,210,41
1784722096.1492,20:08:16,717494359278,95402,100,24039,210,41
1784722096.3492,20:08:16,717494378242,95402,100,24039,210,41
1784722096.5492,20:08:16,717494397002,94836,100,24039,210,41
1784722096.7492,20:08:16,717494415988,94836,100,24039,210,41
1784722096.9492,20:08:16,717494434945,94836,100,24039,210,41
1784722097.1492,20:08:17,717494454031,94632,100,24039,210,41
1784722097.3492,20:08:17,717494474917,94632,100,24039,210,41
1784722097.5492,20:08:17,717494497702,98682,100,24039,315,41
1784722097.7492,20:08:17,717494519895,98682,100,24039,315,41
1784722097.9492,20:08:17,717494537760,98682,100,24039,315,41
1784722098.1492,20:08:18,717494560395,102374,100,24039,285,41
1784722098.3492,20:08:18,717494586860,102374,100,24039,285,41
1784722098.5492,20:08:18,717494614883,114977,100,24039,465,42
1784722098.7492,20:08:18,717494635939,114977,100,24039,465,42
1784722098.9492,20:08:18,717494661110,114977,100,24039,465,42
1784722099.1492,20:08:19,717494689577,120967,100,24039,555,42
1784722099.3492,20:08:19,717494718654,120967,100,24039,555,42
1784722099.5492,20:08:19,717494753481,136470,100,24039,720,43
1784722099.7492,20:08:19,717494786542,136470,100,24039,720,43
1784722099.9492,20:08:19,717494817254,136470,100,24039,720,43
1784722100.1492,20:08:20,717494842777,155929,100,24039,540,43
1784722100.3492,20:08:20,717494864605,155929,100,24039,540,43
1784722100.5492,20:08:20,717494884152,142233,100,24039,210,41
1784722100.7492,20:08:20,717494903077,142233,100,24039,210,41
1784722100.9492,20:08:20,717494922130,142233,100,24039,210,41
1784722101.1492,20:08:21,717494941155,109647,100,24039,210,41
1784722101.3492,20:08:21,717494960176,109647,100,24039,210,41
1784722101.5492,20:08:21,717494979185,96165,100,24039,210,41
1784722101.7492,20:08:21,717494999050,96165,100,24039,210,41
1784722101.9492,20:08:21,717495020812,96165,100,24039,210,41
1784722102.1492,20:08:22,717495044766,99339,100,24039,315,41
1784722102.3492,20:08:22,717495070540,99339,100,24039,315,41
1784722102.5492,20:08:22,717495097218,113824,100,24039,435,42
1784722102.7492,20:08:22,717495124033,113824,100,24039,435,42
1784722102.9492,20:08:22,717495150985,113824,100,24039,435,42
1784722103.1492,20:08:23,717495177560,130223,100,24039,435,42
1784722103.3492,20:08:23,717495202968,130223,100,24039,435,42
1784722103.5492,20:08:23,717495227021,132659,100,24039,345,42
1784722103.7492,20:08:23,717495251065,132659,100,24039,345,42
1784722103.9492,20:08:23,717495274543,132659,100,24039,345,42
1784722104.1492,20:08:24,717495298259,126245,100,24039,360,41
1784722104.3492,20:08:24,717495321542,126245,100,24039,360,41
1784722104.5492,20:08:24,717495344900,121233,100,24039,345,41
1784722104.7492,20:08:24,717495368436,121233,100,24039,345,41
1784722104.9492,20:08:24,717495390600,121233,100,24039,345,41
1784722105.1492,20:08:25,717495413975,119751,100,24039,330,42
1784722105.3492,20:08:25,717495437562,119751,100,24039,330,42
1784722105.5492,20:08:25,717495461068,119619,100,24039,345,41
1784722105.7492,20:08:25,717495484578,119619,100,24039,345,41
1784722105.9492,20:08:25,717495503046,119619,100,24039,345,41
1784722106.1492,20:08:26,717495522388,115257,100,24039,375,42
1784722106.3492,20:08:26,717495547518,115257,100,24039,375,42
1784722106.5492,20:08:26,717495608728,134153,100,24039,2520,44
1784722106.7492,20:08:26,717495667439,134153,100,24039,2520,44
1784722106.9492,20:08:26,717495724783,134153,100,24039,2520,44
1784722107.1492,20:08:27,717495780917,217379,100,24039,2520,51
1784722107.3492,20:08:27,717495835976,217379,100,24039,2520,51
1784722107.5492,20:08:27,717495893462,297504,100,24039,2610,49
1784722107.7492,20:08:27,717495947897,297504,100,24039,2610,49
1784722107.9492,20:08:27,717495999090,297504,100,24039,2610,49
1784722108.1492,20:08:28,717496047529,284513,100,24039,2310,48
1784722108.3492,20:08:28,717496094324,284513,100,24039,2310,48
1784722108.5492,20:08:28,717496136385,261941,100,24039,1245,47
1784722108.7492,20:08:28,717496169843,261941,100,24039,1245,47
1784722108.9492,20:08:28,717496200497,261941,100,24039,1245,47
1784722109.1492,20:08:29,717496226651,212799,100,24039,570,44
1784722109.3492,20:08:29,717496244161,212799,100,24039,570,44
1784722109.5492,20:08:29,717496261709,148625,100,24039,210,42
1784722109.7492,20:08:29,717496279569,148625,100,24039,210,42
1784722109.9492,20:08:29,717496295552,148625,100,24039,210,42
1784722110.1492,20:08:30,717496312983,103061,100,24039,210,41
1784722110.3492,20:08:30,717496331679,103061,100,24039,210,41
1784722110.5492,20:08:30,717496350432,91038,100,24039,210,41
1784722110.7492,20:08:30,717496368978,91038,100,24039,210,41
1784722110.9492,20:08:30,717496386110,91038,100,24039,210,41
1784722111.1492,20:08:31,717496401400,92441,100,24039,210,41
1784722111.3492,20:08:31,717496416848,92441,100,24039,210,41
1784722111.5492,20:08:31,717496450336,88655,100,24039,2160,41
1784722111.7492,20:08:31,717496521080,88655,100,24039,2160,41
1784722111.9492,20:08:31,717496579101,88655,100,24039,2160,41
1784722112.1492,20:08:32,717496633500,202390,100,24039,2595,50
1784722112.3492,20:08:32,717496687425,202390,100,24039,2595,50
1784722112.5492,20:08:32,717496738768,284044,100,24039,2385,49
1784722112.7492,20:08:32,717496791253,284044,100,24039,2385,49
1784722112.9492,20:08:32,717496850105,284044,100,24039,2385,49
1784722113.1492,20:08:33,717496900829,284870,100,24039,2340,51
1784722113.3492,20:08:33,717496938628,284870,100,24039,2340,51
1784722113.5492,20:08:33,717496972537,251716,100,24039,750,45
1784722113.7492,20:08:33,717497001782,251716,100,24039,750,45
1784722113.9492,20:08:33,717497026000,251716,100,24039,750,45
1784722114.1492,20:08:34,717497044728,191119,100,24039,210,43
1784722114.3492,20:08:34,717497063391,191119,100,24039,210,43
1784722114.5492,20:08:34,717497081956,125176,100,24039,210,42
1784722114.7492,20:08:34,717497100545,125176,100,24039,210,42
1784722114.9492,20:08:34,717497119121,125176,100,24039,210,42
1784722115.1492,20:08:35,717497137758,98129,100,24039,210,41
1784722115.3492,20:08:35,717497154885,98129,100,24039,210,41
1784722115.5492,20:08:35,717497170088,92837,100,24039,210,41
1784722115.7492,20:08:35,717497185313,92837,100,24039,210,41
1784722115.9492,20:08:35,717497203614,92837,100,24039,210,41
1784722116.1492,20:08:36,717497222129,88238,100,24039,210,41
1784722116.3492,20:08:36,717497242416,88238,100,24039,210,41
1784722116.5492,20:08:36,717497263214,92071,100,24039,270,41
1784722116.7492,20:08:36,717497284144,92071,100,24039,270,41
1784722116.9492,20:08:36,717497306251,92071,100,24039,270,41
1784722117.1492,20:08:37,717497328609,104844,100,24039,330,41
1784722117.3492,20:08:37,717497351052,104844,100,24039,330,41
1784722117.5492,20:08:37,717497368859,110166,100,24039,315,42
1784722117.7492,20:08:37,717497387112,110166,100,24039,315,42
1784722117.9492,20:08:37,717497410766,110166,100,24039,315,42
1784722118.1492,20:08:38,717497436546,108776,100,24039,435,42
1784722118.3492,20:08:38,717497456989,108776,100,24039,435,42
1784722118.5492,20:08:38,717497484156,111899,100,24039,480,42
1784722118.7492,20:08:38,717497512677,111899,100,24039,480,42
1784722118.9492,20:08:38,717497538870,111899,100,24039,480,42
1784722119.1492,20:08:39,717497564050,132264,100,24039,420,42
1784722119.3492,20:08:39,717497587084,132264,100,24039,420,42
1784722119.5492,20:08:39,717497608625,132062,100,24039,285,42
1784722119.7492,20:08:39,717497628825,132062,100,24039,285,42
1784722119.9492,20:08:39,717497648906,132062,100,24039,285,42
1784722120.1492,20:08:40,717497669058,115392,100,24039,255,41
1784722120.3492,20:08:40,717497689346,115392,100,24039,255,41
1784722120.5492,20:08:40,717497710013,105605,100,24039,270,41
1784722120.7492,20:08:40,717497730677,105605,100,24039,270,41
1784722120.9492,20:08:40,717497751475,105605,100,24039,270,41
1784722121.1492,20:08:41,717497771750,105758,100,24039,270,41
1784722121.3492,20:08:41,717497791932,105758,100,24039,270,41
1784722121.5492,20:08:41,717497812190,106003,100,24039,255,41
1784722121.7492,20:08:41,717497832726,106003,100,24039,255,41
1784722121.9492,20:08:41,717497854981,106003,100,24039,255,41
1784722122.1492,20:08:42,717497877156,107211,100,24039,315,41
1784722122.3492,20:08:42,717497899270,107211,100,24039,315,41
1784722122.5492,20:08:42,717497921441,111526,100,24039,315,41
1784722122.7492,20:08:42,717497943715,111526,100,24039,315,41
1784722122.9492,20:08:42,717497965717,111526,100,24039,315,41
1784722123.1492,20:08:43,717497985036,114782,100,24039,240,41
1784722123.3492,20:08:43,717498004092,114782,100,24039,240,41
1784722123.5492,20:08:43,717498023487,107776,100,24039,240,41
1784722123.7492,20:08:43,717498042965,107776,100,24039,240,41
1784722123.9492,20:08:43,717498062591,107776,100,24039,240,41
1784722124.1491,20:08:44,717498082078,101552,100,24039,240,41
1784722124.3492,20:08:44,717498103034,101552,100,24039,240,41
1784722124.5492,20:08:44,717498126018,104180,100,24039,360,41
1784722124.7492,20:08:44,717498150827,104180,100,24039,360,41
1784722124.9492,20:08:44,717498177559,104180,100,24039,360,41
1784722125.1492,20:08:45,717498204588,118109,100,24039,465,42
1784722125.3492,20:08:45,717498231623,118109,100,24039,465,42
1784722125.5492,20:08:45,717498259496,134917,100,24039,495,42
1784722125.7492,20:08:45,717498285996,134917,100,24039,495,42
1784722125.9492,20:08:45,717498310488,134917,100,24039,495,42
1784722126.1492,20:08:46,717498332486,138621,100,24039,375,42
1784722126.3492,20:08:46,717498354309,138621,100,24039,375,42
1784722126.5492,20:08:46,717498374314,126155,100,24039,240,41
1784722126.7492,20:08:46,717498393344,126155,100,24039,240,41
1784722126.9492,20:08:46,717498412395,126155,100,24039,240,41
1784722127.1492,20:08:47,717498431426,108020,100,24039,225,41
1784722127.3492,20:08:47,717498450326,108020,100,24039,225,41
1784722127.5492,20:08:47,717498470271,100263,100,24039,270,40
1784722127.7492,20:08:47,717498492264,100263,100,24039,270,40
1784722127.9492,20:08:47,717498515629,100263,100,24039,270,40
1784722128.1492,20:08:48,717498538704,107276,100,24039,345,41
1784722128.3492,20:08:48,717498562591,107276,100,24039,345,41
1784722128.5492,20:08:48,717498588379,118821,100,24039,450,41
1784722128.7492,20:08:48,717498615206,118821,100,24039,450,41
1784722128.9492,20:08:48,717498641416,118821,100,24039,450,41
1784722129.1492,20:08:49,717498665715,130936,100,24039,405,42
1784722129.3492,20:08:49,717498687689,130936,100,24039,405,42
1784722129.5492,20:08:49,717498707908,129122,100,24039,285,41
1784722129.7492,20:08:49,717498726190,129122,100,24039,285,41
1784722129.9492,20:08:49,717498744492,129122,100,24039,285,41
1784722130.1492,20:08:50,717498762838,110378,100,24039,210,40
1784722130.3492,20:08:50,717498781382,110378,100,24039,210,40
1784722130.5492,20:08:50,717498801406,98844,100,24039,255,40
1784722130.7492,20:08:50,717498823647,98844,100,24039,255,40
1784722130.9492,20:08:50,717498847922,98844,100,24039,255,40
1784722131.1491,20:08:51,717498872073,107771,100,24039,390,41
1784722131.3492,20:08:51,717498896114,107771,100,24039,390,41
1784722131.5492,20:08:51,717498920214,121391,100,24039,390,41
1784722131.7492,20:08:51,717498944177,121391,100,24039,390,41
1784722131.9492,20:08:51,717498968208,121391,100,24039,390,41
1784722132.1492,20:08:52,717498992195,126675,100,24039,390,41
1784722132.3492,20:08:52,717499016892,126675,100,24039,390,41
1784722132.5492,20:08:52,717499041675,127608,100,24039,345,41
1784722132.7492,20:08:52,717499064797,127608,100,24039,345,41
1784722132.9492,20:08:52,717499087923,127608,100,24039,345,41
1784722133.1492,20:08:53,717499110639,126339,100,24039,300,41
1784722133.3492,20:08:53,717499130635,126339,100,24039,300,41
1784722133.5492,20:08:53,717499150270,118577,100,24039,210,41
1784722133.7492,20:08:53,717499169821,118577,100,24039,210,41
1784722133.9492,20:08:53,717499189349,118577,100,24039,210,41
1784722134.1492,20:08:54,717499210296,108570,100,24039,210,40
1784722134.3492,20:08:54,717499233356,108570,100,24039,210,40
1784722134.5492,20:08:54,717499256971,110117,100,24039,315,41
1784722134.7492,20:08:54,717499281050,110117,100,24039,315,41
1784722134.9492,20:08:54,717499305258,110117,100,24039,315,41
1784722135.1492,20:08:55,717499329140,120978,100,24039,315,41
1784722135.3492,20:08:55,717499353362,120978,100,24039,315,41
1784722135.5492,20:08:55,717499377001,126983,100,24039,315,41
1784722135.7492,20:08:55,717499399313,126983,100,24039,315,41
1784722135.9492,20:08:55,717499420618,126983,100,24039,315,41
1784722136.1492,20:08:56,717499441751,122843,100,24039,255,41
1784722136.3492,20:08:56,717499463328,122843,100,24039,255,41
1784722136.5492,20:08:56,717499484935,116482,100,24039,270,41
1784722136.7492,20:08:56,717499506408,116482,100,24039,270,41
1784722136.9492,20:08:56,717499527900,116482,100,24039,270,41
1784722137.1492,20:08:57,717499549408,113801,100,24039,270,41
1784722137.3492,20:08:57,717499570846,113801,100,24039,270,41
1784722137.5492,20:08:57,717499592311,114256,100,24039,270,41
1784722137.7492,20:08:57,717499612847,114256,100,24039,270,41
1784722137.9492,20:08:57,717499632199,114256,100,24039,270,41
1784722138.1492,20:08:58,717499651531,111366,100,24039,210,40
1784722138.3492,20:08:58,717499670821,111366,100,24039,210,40
1784722138.5492,20:08:58,717499690077,106208,100,24039,210,40
1784722138.7492,20:08:58,717499709292,106208,100,24039,210,40
1784722138.9492,20:08:58,717499728515,106208,100,24039,210,40
1784722139.1492,20:08:59,717499747942,102842,100,24039,210,40
1784722139.3492,20:08:59,717499768617,102842,100,24039,210,40
1784722139.5492,20:08:59,717499779624,99102,0,24039,2520,40
1784722139.7492,20:08:59,717499791070,99102,0,24039,2520,40
1784722139.9492,20:08:59,717499802642,99102,0,24039,2520,40
1784722140.1492,20:09:00,717499814123,80341,0,24039,2520,39
1784722140.3492,20:09:00,717499825573,80341,0,24039,2520,39
1784722140.5492,20:09:00,717499836781,68914,0,24039,2520,39
1784722140.7492,20:09:00,717499847982,68914,0,24039,2520,39
1784722140.9492,20:09:00,717499859194,68914,0,24039,2520,39
1784722141.1492,20:09:01,717499870393,68914,0,24039,2520,39
1784722141.3492,20:09:01,717499881564,68914,0,24039,2520,39
1784722141.5492,20:09:01,717499892759,60877,0,24039,2520,39
1784722141.7492,20:09:01,717499903903,60877,0,24039,2520,39
1784722141.9492,20:09:01,717499915107,60877,0,24039,2520,39
1784722142.1492,20:09:02,717499926388,60877,0,24039,2520,39
1784722142.3492,20:09:02,717499937631,60877,0,24039,2520,39
1784722142.5492,20:09:02,717499948764,60873,0,24039,2520,39
1784722142.7492,20:09:02,717499959896,60873,0,24039,2520,39
1784722142.9492,20:09:02,717499971021,60873,0,24039,2520,39
1784722143.1492,20:09:03,717499982212,60873,0,24039,2520,39
1784722143.3492,20:09:03,717499993374,60873,0,24039,2520,39
1784722143.5492,20:09:03,717500004528,60839,0,24039,2520,39
1784722143.7492,20:09:03,717500015725,60839,0,24039,2520,39
1784722143.9492,20:09:03,717500026827,60839,0,24039,2520,39
1784722144.1492,20:09:04,717500037940,60839,0,24039,2520,39
1784722144.3492,20:09:04,717500049069,60839,0,24039,2520,39
1784722144.5492,20:09:04,717500060154,60811,0,24039,2520,39
1784722144.7492,20:09:04,717500071223,60811,0,24039,2520,39
1784722144.9492,20:09:04,717500082304,60811,0,24039,2520,39
1784722145.1492,20:09:05,717500093381,60811,0,24039,2520,39
1784722145.3492,20:09:05,717500104507,60811,0,24039,2520,39
1784722145.5492,20:09:05,717500115544,60768,0,24039,2520,39
1784722145.7492,20:09:05,717500126630,60768,0,24039,2520,39
1784722145.9492,20:09:05,717500137685,60768,0,24039,2520,39
1784722146.1492,20:09:06,717500148690,60768,0,24039,2520,39
1784722146.3492,20:09:06,717500159778,60768,0,24039,2520,39
1784722146.5492,20:09:06,717500170850,60623,0,24039,2520,39
1784722146.7492,20:09:06,717500181924,60623,0,24039,2520,39
1784722146.9492,20:09:06,717500193007,60623,0,24039,2520,39
1784722147.1492,20:09:07,717500204100,60623,0,24039,2520,39
1784722147.3492,20:09:07,717500215184,60623,0,24039,2520,39
1784722147.5492,20:09:07,717500226244,60718,0,24039,2520,39
1784722147.7492,20:09:07,717500237300,60718,0,24039,2520,39
1784722147.9492,20:09:07,717500248362,60718,0,24039,2520,39
1784722148.1492,20:09:08,717500259356,60718,0,24039,2520,39
1784722148.3492,20:09:08,717500270348,60718,0,24039,2520,39
1784722148.5492,20:09:08,717500281326,60799,0,24039,2520,39
1784722148.7492,20:09:08,717500292328,60799,0,24039,2520,39
1784722148.9492,20:09:08,717500303314,60799,0,24039,2520,39
1784722149.1492,20:09:09,717500314296,60799,0,24039,2520,39
1784722149.3492,20:09:09,717500325272,60799,0,24039,2520,39
1784722149.5492,20:09:09,717500336231,60607,0,24039,2520,38
1784722149.7492,20:09:09,717500347259,60607,0,24039,2520,38
1784722149.9492,20:09:09,717500358214,60607,0,24039,2520,38
1784722150.1492,20:09:10,717500369260,60607,0,24039,2520,38
1784722150.3492,20:09:10,717500380212,60607,0,24039,2520,38
1784722150.5492,20:09:10,717500391261,60559,0,24039,2520,38
1784722150.7492,20:09:10,717500402269,60559,0,24039,2520,38
1784722150.9492,20:09:10,717500413286,60559,0,24039,2520,38
1784722151.1492,20:09:11,717500424351,60559,0,24039,2520,38
1784722151.3492,20:09:11,717500435406,60559,0,24039,2520,38
1784722151.5492,20:09:11,717500446398,60819,0,24039,2520,38
1784722151.7492,20:09:11,717500457439,60819,0,24039,2520,38
1784722151.9492,20:09:11,717500468432,60819,0,24039,2520,38
1784722152.1492,20:09:12,717500479424,60819,0,24039,2520,38
1784722152.3492,20:09:12,717500490396,60819,0,24039,2520,38
1784722152.5492,20:09:12,717500501317,61008,0,24039,2520,38
1784722152.7492,20:09:12,717500512269,61008,0,24039,2520,38
1784722152.9492,20:09:12,717500523220,61008,0,24039,2520,38
1784722153.1492,20:09:13,717500534087,61008,0,24039,2520,38
1784722153.3492,20:09:13,717500545035,61008,0,24039,2520,38
1784722153.5492,20:09:13,717500555920,60852,0,24039,2520,38
1784722153.7492,20:09:13,717500566813,60852,0,24039,2520,38
1784722153.9492,20:09:13,717500577776,60852,0,24039,2520,38
1784722154.1492,20:09:14,717500588627,60852,0,24039,2520,38
1784722154.3492,20:09:14,717500599559,60852,0,24039,2520,38
1784722154.5492,20:09:14,717500637677,60690,23,24039,2520,42
1784722154.7492,20:09:14,717500726345,60690,23,24039,2520,42
1784722154.9492,20:09:14,717500814368,60690,23,24039,2520,42
1784722155.1492,20:09:15,717500901652,175504,23,24039,2565,63
1784722155.3492,20:09:15,717500972339,175504,23,24039,2565,63
1784722155.5492,20:09:15,717501046881,440178,100,24039,2610,53
1784722155.7492,20:09:15,717501106846,440178,100,24039,2610,53
1784722155.9492,20:09:15,717501171335,440178,100,24039,2610,53
1784722156.1492,20:09:16,717501251178,400172,100,24039,2685,58
1784722156.3492,20:09:16,717501312639,400172,100,24039,2685,58
1784722156.5492,20:09:16,717501376516,368784,100,24039,2685,52
1784722156.7492,20:09:16,717501437306,368784,100,24039,2685,52
1784722156.9492,20:09:16,717501509282,368784,100,24039,2685,52
1784722157.1492,20:09:17,717501582098,369998,100,24039,2685,53
1784722157.3492,20:09:17,717501645289,369998,100,24039,2685,53
1784722157.5492,20:09:17,717501708926,365676,100,24039,2685,53
1784722157.7492,20:09:17,717501775481,365676,100,24039,2685,53
1784722157.9492,20:09:17,717501835702,365676,100,24039,2685,53
1784722158.1492,20:09:18,717501894514,360324,100,24039,2655,52
1784722158.3492,20:09:18,717501949659,360324,100,24039,2655,52
1784722158.5492,20:09:18,717502001715,333723,100,24039,2490,50
1784722158.7492,20:09:18,717502051041,333723,100,24039,2490,50
1784722158.9492,20:09:18,717502097425,333723,100,24039,2490,50
1784722159.1492,20:09:19,717502141181,295067,100,24039,2055,48
1784722159.3492,20:09:19,717502182029,295067,100,24039,2055,48
1784722159.5492,20:09:19,717502218313,254210,100,24039,780,46
1784722159.7492,20:09:19,717502248774,254210,100,24039,780,46
1784722159.9492,20:09:19,717502274602,254210,100,24039,780,46
1784722160.1492,20:09:20,717502298795,202923,100,24039,405,43
1784722160.3492,20:09:20,717502319536,202923,100,24039,405,43
1784722160.5492,20:09:20,717502339559,148355,100,24039,270,42
1784722160.7492,20:09:20,717502359573,148355,100,24039,270,42
1784722160.9492,20:09:20,717502380381,148355,100,24039,270,42
1784722161.1492,20:09:21,717502404928,118341,100,24039,330,42
1784722161.3492,20:09:21,717502431235,118341,100,24039,330,42
1784722161.5492,20:09:21,717502459260,121915,100,24039,465,43
1784722161.7492,20:09:21,717502489048,121915,100,24039,465,43
1784722161.9492,20:09:21,717502519637,121915,100,24039,465,43
1784722162.1492,20:09:22,717502550189,140867,100,24039,525,43
1784722162.3492,20:09:22,717502580253,140867,100,24039,525,43
1784722162.5492,20:09:22,717502611141,153364,100,24039,585,43
1784722162.7492,20:09:22,717502640921,153364,100,24039,585,43
1784722162.9492,20:09:22,717502669374,153364,100,24039,585,43
1784722163.1492,20:09:23,717502697770,153842,100,24039,510,43
1784722163.3492,20:09:23,717502726214,153842,100,24039,510,43
1784722163.5492,20:09:23,717502754745,149289,100,24039,510,43
1784722163.7492,20:09:23,717502783056,149289,100,24039,510,43
1784722163.9492,20:09:23,717502811472,149289,100,24039,510,43
1784722164.1492,20:09:24,717502839974,145702,100,24039,510,43
1784722164.3492,20:09:24,717502868480,145702,100,24039,510,43
1784722164.5492,20:09:24,717502897036,145768,100,24039,510,43
1784722164.7492,20:09:24,717502925763,145768,100,24039,510,43
1784722164.9492,20:09:24,717502954222,145768,100,24039,510,43
1784722165.1492,20:09:25,717502980695,146046,100,24039,435,43
1784722165.3492,20:09:25,717503007125,146046,100,24039,435,43
1784722165.5492,20:09:25,717503033516,141354,100,24039,435,42
1784722165.7492,20:09:25,717503059973,141354,100,24039,435,42
1784722165.9492,20:09:25,717503086481,141354,100,24039,435,42
1784722166.1492,20:09:26,717503113002,136282,100,24039,435,42
1784722166.3492,20:09:26,717503139474,136282,100,24039,435,42
1784722166.5492,20:09:26,717503168229,136582,100,24039,540,42
1784722166.7492,20:09:26,717503197495,136582,100,24039,540,42
1784722166.9492,20:09:26,717503226931,136582,100,24039,540,42
1784722167.1492,20:09:27,717503254957,143309,100,24039,495,43
1784722167.3492,20:09:27,717503280879,143309,100,24039,495,43
1784722167.5492,20:09:27,717503304301,142754,100,24039,330,42
1784722167.7492,20:09:27,717503327272,142754,100,24039,330,42
1784722167.9492,20:09:27,717503350477,142754,100,24039,330,42
1784722168.1492,20:09:28,717503373626,128682,100,24039,345,42
1784722168.3492,20:09:28,717503397827,128682,100,24039,345,42
1784722168.5492,20:09:28,717503423211,120949,100,24039,405,42
1784722168.7492,20:09:28,717503448615,120949,100,24039,405,42
1784722168.9492,20:09:28,717503474067,120949,100,24039,405,42
1784722169.1492,20:09:29,717503499423,126177,100,24039,405,42
1784722169.3492,20:09:29,717503524702,126177,100,24039,405,42
1784722169.5492,20:09:29,717503549862,129884,100,24039,405,42
1784722169.7492,20:09:29,717503575363,129884,100,24039,405,42
1784722169.9492,20:09:29,717503600271,129884,100,24039,405,42
1784722170.1492,20:09:30,717503624619,129508,100,24039,405,42
1784722170.3492,20:09:30,717503648037,129508,100,24039,405,42
1784722170.5492,20:09:30,717503671339,125802,100,24039,345,41
1784722170.7492,20:09:30,717503694577,125802,100,24039,345,41
1784722170.9492,20:09:30,717503718004,125802,100,24039,345,41
1784722171.1492,20:09:31,717503741346,121291,100,24039,345,41
1784722171.3492,20:09:31,717503765290,121291,100,24039,345,41
1784722171.5492,20:09:31,717503790205,120899,100,24039,390,42
1784722171.7492,20:09:31,717503815424,120899,100,24039,390,42
1784722171.9492,20:09:31,717503840825,120899,100,24039,390,42
1784722172.1492,20:09:32,717503866298,125399,100,24039,405,42
1784722172.3492,20:09:32,717503891210,125399,100,24039,405,42
1784722172.5492,20:09:32,717503917163,129664,100,24039,345,42
1784722172.7492,20:09:32,717503942809,129664,100,24039,345,42
1784722172.9492,20:09:32,717503968484,129664,100,24039,345,42
1784722173.1492,20:09:33,717503993810,130838,100,24039,345,42
1784722173.3492,20:09:33,717504017511,130838,100,24039,345,42
1784722173.5492,20:09:33,717504041217,128786,100,24039,300,41
1784722173.7492,20:09:33,717504065023,128786,100,24039,300,41
1784722173.9492,20:09:33,717504088872,128786,100,24039,300,41
1784722174.1492,20:09:34,717504112633,124201,100,24039,300,41
1784722174.3492,20:09:34,717504136407,124201,100,24039,300,41
1784722174.5492,20:09:34,717504160196,121969,100,24039,300,41
1784722174.7492,20:09:34,717504183793,121969,100,24039,300,41
1784722174.9492,20:09:34,717504207499,121969,100,24039,300,41
1784722175.1492,20:09:35,717504231196,121894,100,24039,300,41
1784722175.3492,20:09:35,717504254957,121894,100,24039,300,41
1784722175.5492,20:09:35,717504279193,122171,100,24039,315,41
1784722175.7492,20:09:35,717504302934,122171,100,24039,315,41
1784722175.9492,20:09:35,717504326571,122171,100,24039,315,41
1784722176.1492,20:09:36,717504350284,122396,100,24039,300,41
1784722176.3492,20:09:36,717504373988,122396,100,24039,300,41
1784722176.5492,20:09:36,717504395711,121669,100,24039,225,41
1784722176.7492,20:09:36,717504416629,121669,100,24039,225,41
1784722176.9492,20:09:36,717504437453,121669,100,24039,225,41
1784722177.1492,20:09:37,717504458271,114780,100,24039,225,41
1784722177.3492,20:09:37,717504480595,114780,100,24039,225,41
1784722177.5492,20:09:37,717504503443,110503,100,24039,285,41
1784722177.7492,20:09:37,717504527352,110503,100,24039,285,41
1784722177.9492,20:09:37,717504553059,110503,100,24039,285,41
1784722178.1492,20:09:38,717504579740,118342,100,24039,390,41
1784722178.3492,20:09:38,717504606510,118342,100,24039,390,41
1784722178.5492,20:09:38,717504632766,131144,100,24039,345,41
1784722178.7492,20:09:38,717504657949,131144,100,24039,345,41
1784722178.9492,20:09:38,717504681769,131144,100,24039,345,41
1784722179.1492,20:09:39,717504704471,133147,100,24039,285,41
1784722179.3492,20:09:39,717504725932,133147,100,24039,285,41
1784722179.5492,20:09:39,717504745816,121379,100,24039,210,41
1784722179.7492,20:09:39,717504765641,121379,100,24039,210,41
1784722179.9492,20:09:39,717504785457,121379,100,24039,210,41
1784722180.1492,20:09:40,717504805523,108128,100,24039,210,40
1784722180.3492,20:09:40,717504827306,108128,100,24039,210,40
1784722180.5492,20:09:40,717504851644,106735,100,24039,345,41
1784722180.7492,20:09:40,717504878401,106735,100,24039,345,41
1784722180.9492,20:09:40,717504904575,106735,100,24039,345,41
1784722181.1492,20:09:41,717504930568,121776,100,24039,255,41
1784722181.3492,20:09:41,717504954801,121776,100,24039,255,41
1784722181.5492,20:09:41,717504978975,131461,100,24039,210,41
1784722181.7492,20:09:41,717505003015,131461,100,24039,210,41
1784722181.9492,20:09:41,717505018271,131461,100,24039,210,41
1784722182.1492,20:09:42,717505030142,119158,100,24039,2520,40
1784722182.3492,20:09:42,717505041978,119158,100,24039,2520,40
1784722182.5492,20:09:42,717505053817,87587,0,24039,2520,40
1784722182.7492,20:09:42,717505065584,87587,0,24039,2520,40
1784722182.9492,20:09:42,717505077329,87587,0,24039,2520,40
1784722183.1492,20:09:43,717505087680,70078,0,24039,2520,39
1784722183.3492,20:09:43,717505098012,70078,0,24039,2520,39
1784722183.5492,20:09:43,717505108293,70078,0,24039,2520,39
1784722183.7492,20:09:43,717505118580,70078,0,24039,2520,39
1784722183.9492,20:09:43,717505128903,70078,0,24039,2520,39
1784722184.1492,20:09:44,717505139250,60931,0,24039,2520,39
1784722184.3492,20:09:44,717505149501,60931,0,24039,2520,39
1784722184.5492,20:09:44,717505159762,60931,0,24039,2520,39
1784722184.7492,20:09:44,717505169985,60931,0,24039,2520,39
1784722184.9492,20:09:44,717505180277,60931,0,24039,2520,39
1784722185.1492,20:09:45,717505190548,60830,0,24039,2520,39
1784722185.3492,20:09:45,717505200789,60830,0,24039,2520,39
1784722185.5492,20:09:45,717505210992,60830,0,24039,2520,39
1784722185.7492,20:09:45,717505221219,60830,0,24039,2520,39
1784722185.9492,20:09:45,717505231487,60830,0,24039,2520,39
1784722186.1492,20:09:46,717505241712,60700,0,24039,2520,39
1784722186.3492,20:09:46,717505251919,60700,0,24039,2520,39
1784722186.5492,20:09:46,717505262116,60700,0,24039,2520,39
1784722186.7492,20:09:46,717505272407,60700,0,24039,2520,39
1784722186.9492,20:09:46,717505282679,60700,0,24039,2520,39
1784722187.1492,20:09:47,717505292847,60674,0,24039,2520,39
1784722187.3492,20:09:47,717505303027,60674,0,24039,2520,39
1784722187.5492,20:09:47,717505313193,60674,0,24039,2520,39
1784722187.7492,20:09:47,717505323320,60674,0,24039,2520,39
1784722187.9492,20:09:47,717505333519,60674,0,24039,2520,39
1784722188.1492,20:09:48,717505343641,60637,0,24039,2520,39
1784722188.3492,20:09:48,717505353814,60637,0,24039,2520,39
1784722188.5492,20:09:48,717505364007,60637,0,24039,2520,39
1784722188.7492,20:09:48,717505374160,60637,0,24039,2520,39
1784722188.9492,20:09:48,717505384385,60637,0,24039,2520,39
1784722189.1492,20:09:49,717505394567,60541,0,24039,2520,39
1784722189.3492,20:09:49,717505404781,60541,0,24039,2520,39
1784722189.5492,20:09:49,717505414978,60541,0,24039,2520,39
1784722189.7492,20:09:49,717505425113,60541,0,24039,2520,39
1784722189.9492,20:09:49,717505435325,60541,0,24039,2520,39
1784722190.1492,20:09:50,717505445592,60680,0,24039,2520,39
1784722190.3492,20:09:50,717505455800,60680,0,24039,2520,39
1784722190.5492,20:09:50,717505465928,60680,0,24039,2520,39
1784722190.7492,20:09:50,717505475952,60680,0,24039,2520,39
1784722190.9492,20:09:50,717505486070,60680,0,24039,2520,39
1784722191.1492,20:09:51,717505496128,60822,0,24039,2520,39
1784722191.3492,20:09:51,717505506168,60822,0,24039,2520,39
1784722191.5492,20:09:51,717505516270,60822,0,24039,2520,39
1784722191.7492,20:09:51,717505526336,60822,0,24039,2520,39
1784722191.9492,20:09:51,717505536397,60822,0,24039,2520,39
1784722192.1492,20:09:52,717505546403,60585,0,24039,2520,39
1784722192.3492,20:09:52,717505556420,60585,0,24039,2520,39
1784722192.5492,20:09:52,717505566416,60585,0,24039,2520,39
1784722192.7492,20:09:52,717505576378,60585,0,24039,2520,39
1784722192.9492,20:09:52,717505586350,60585,0,24039,2520,39
1784722193.1492,20:09:53,717505596297,60214,0,24039,2520,38
1784722193.3492,20:09:53,717505606261,60214,0,24039,2520,38
1784722193.5492,20:09:53,717505616279,60214,0,24039,2520,38
1784722193.7492,20:09:53,717505626271,60214,0,24039,2520,38
1784722193.9492,20:09:53,717505636261,60214,0,24039,2520,38
1784722194.1492,20:09:54,717505646267,60049,0,24039,2520,38
1784722194.3492,20:09:54,717505656227,60049,0,24039,2520,38
1784722194.5492,20:09:54,717505666200,60049,0,24039,2520,38
1784722194.7492,20:09:54,717505676146,60049,0,24039,2520,38
1784722194.9492,20:09:54,717505686159,60049,0,24039,2520,38
1784722195.1492,20:09:55,717505696145,60101,0,24039,2520,38
1784722195.3492,20:09:55,717505706039,60101,0,24039,2520,38
1784722195.5492,20:09:55,717505716015,60101,0,24039,2520,38
1784722195.7492,20:09:55,717505725951,60101,0,24039,2520,38
1784722195.9492,20:09:55,717505735920,60101,0,24039,2520,38
1784722196.1492,20:09:56,717505745904,60199,0,24039,2520,38
1784722196.3492,20:09:56,717505755895,60199,0,24039,2520,38
1784722196.5492,20:09:56,717505765895,60199,0,24039,2520,38
1784722196.7492,20:09:56,717505775866,60199,0,24039,2520,38
1784722196.9492,20:09:56,717505785851,60199,0,24039,2520,38
1784722197.1492,20:09:57,717505795692,60347,0,24039,2520,38
1784722197.3492,20:09:57,717505805609,60347,0,24039,2520,38
1784722197.5492,20:09:57,717505815533,60347,0,24039,2520,38
1784722197.7492,20:09:57,717505825428,60347,0,24039,2520,38
1784722197.9492,20:09:57,717505876303,60347,0,24039,2520,38
1784722198.1492,20:09:58,717505937611,96245,0,24039,2685,47
1784722198.3492,20:09:58,717505999846,96245,0,24039,2685,47
1784722198.5492,20:09:58,717506062263,165945,100,24039,2685,51
1784722198.7492,20:09:58,717506124557,165945,100,24039,2685,51
1784722198.9492,20:09:58,717506186859,165945,100,24039,2685,51
1784722199.1492,20:09:59,717506249211,332392,100,24039,2685,51
1784722199.3492,20:09:59,717506311845,332392,100,24039,2685,51
1784722199.5492,20:09:59,717506373182,336155,100,24039,2685,52
1784722199.7492,20:09:59,717506435254,336155,100,24039,2685,52
1784722199.9492,20:09:59,717506497553,336155,100,24039,2685,52
1784722200.1492,20:10:00,717506559725,336214,100,24039,2685,52
1784722200.3492,20:10:00,717506631820,336214,100,24039,2685,52
1784722200.5492,20:10:00,717506694655,340880,100,24039,2340,56
1784722200.7492,20:10:00,717506749812,340880,100,24039,2340,56
1784722200.9492,20:10:00,717506810019,340880,100,24039,2340,56
1784722201.1492,20:10:01,717506872194,337383,100,24039,2655,52
1784722201.3492,20:10:01,717506917607,337383,100,24039,2655,52
1784722201.5492,20:10:01,717506958755,303707,100,24039,1170,47
1784722201.7492,20:10:01,717506999296,303707,100,24039,1170,47
1784722201.9492,20:10:01,717507038132,303707,100,24039,1170,47
1784722202.1492,20:10:02,717507067767,252528,100,24039,780,46
1784722202.3492,20:10:02,717507098829,252528,100,24039,780,46
1784722202.5492,20:10:02,717507132199,192176,100,24039,780,45
1784722202.7492,20:10:02,717507169480,192176,100,24039,780,45
1784722202.9492,20:10:02,717507202409,192176,100,24039,780,45
1784722203.1492,20:10:03,717507233491,179951,100,24039,825,45
1784722203.3492,20:10:03,717507279126,179951,100,24039,825,45
1784722203.5492,20:10:03,717507340241,206760,100,24039,2700,51
1784722203.7492,20:10:03,717507406060,206760,100,24039,2700,51
1784722203.9492,20:10:03,717507458662,206760,100,24039,2700,51
1784722204.1492,20:10:04,717507518089,268158,100,24039,2685,51
1784722204.3492,20:10:04,717507568080,268158,100,24039,2685,51
1784722204.5492,20:10:04,717507603205,304874,100,24039,810,47
1784722204.7492,20:10:04,717507633928,304874,100,24039,810,47
1784722204.9492,20:10:04,717507671184,304874,100,24039,810,47
1784722205.1492,20:10:05,717507706308,234395,100,24039,825,46
1784722205.3492,20:10:05,717507736360,234395,100,24039,825,46
1784722205.5492,20:10:05,717507764254,178024,100,24039,585,44
1784722205.7492,20:10:05,717507795624,178024,100,24039,585,44
1784722205.9492,20:10:05,717507826540,178024,100,24039,585,44
1784722206.1492,20:10:06,717507857941,171349,100,24039,600,44
1784722206.3492,20:10:06,717507887753,171349,100,24039,600,44
1784722206.5492,20:10:06,717507909751,159972,100,24039,540,44
1784722206.7492,20:10:06,717507936271,159972,100,24039,540,44
1784722206.9492,20:10:06,717507965801,159972,100,24039,540,44
1784722207.1492,20:10:07,717507996608,153027,100,24039,645,44
1784722207.3492,20:10:07,717508024400,153027,100,24039,645,44
1784722207.5492,20:10:07,717508057079,152448,100,24039,690,44
1784722207.7492,20:10:07,717508085799,152448,100,24039,690,44
1784722207.9492,20:10:07,717508118001,152448,100,24039,690,44
1784722208.1492,20:10:08,717508153029,164726,100,24039,765,45
1784722208.3492,20:10:08,717508185027,164726,100,24039,765,45
1784722208.5492,20:10:08,717508216714,174939,100,24039,585,44
1784722208.7492,20:10:08,717508246551,174939,100,24039,585,44
1784722208.9492,20:10:08,717508272862,174939,100,24039,585,44
1784722209.1492,20:10:09,717508296496,170023,100,24039,420,43
1784722209.3492,20:10:09,717508314296,170023,100,24039,420,43
1784722209.5492,20:10:09,717508334905,136961,100,24039,390,42
1784722209.7492,20:10:09,717508360717,136961,100,24039,390,42
1784722209.9492,20:10:09,717508383293,136961,100,24039,390,42
1784722210.1492,20:10:10,717508409195,122290,100,24039,510,43
1784722210.3492,20:10:10,717508437469,122290,100,24039,510,43
1784722210.5492,20:10:10,717508466742,138513,100,24039,630,44
1784722210.7492,20:10:10,717508496870,138513,100,24039,630,44
1784722210.9492,20:10:10,717508531205,138513,100,24039,630,44
1784722211.1492,20:10:11,717508558536,159176,100,24039,645,44
1784722211.3492,20:10:11,717508585142,159176,100,24039,645,44
1784722211.5492,20:10:11,717508613129,159606,100,24039,630,44
1784722211.7492,20:10:11,717508640706,159606,100,24039,630,44
1784722211.9492,20:10:11,717508666827,159606,100,24039,630,44
1784722212.1492,20:10:12,717508698649,152797,100,24039,720,44
1784722212.3492,20:10:12,717508726292,152797,100,24039,720,44
1784722212.5492,20:10:12,717508758428,157077,100,24039,825,46
1784722212.7492,20:10:12,717508791758,157077,100,24039,825,46
1784722212.9492,20:10:12,717508827174,157077,100,24039,825,46
1784722213.1492,20:10:13,717508865793,175141,100,24039,1095,46
1784722213.3492,20:10:13,717508903094,175141,100,24039,1095,46
1784722213.5492,20:10:13,717508938714,195922,100,24039,660,45
1784722213.7492,20:10:13,717508970165,195922,100,24039,660,45
1784722213.9492,20:10:13,717508995813,195922,100,24039,660,45
1784722214.1492,20:10:14,717509016687,187931,100,24039,330,43
1784722214.3492,20:10:14,717509033533,187931,100,24039,330,43
1784722214.5492,20:10:14,717509051581,139774,100,24039,210,41
1784722214.7492,20:10:14,717509069786,139774,100,24039,210,41
1784722214.9492,20:10:14,717509088007,139774,100,24039,210,41
1784722215.1492,20:10:15,717509106142,104524,100,24039,210,41
1784722215.3492,20:10:15,717509124836,104524,100,24039,210,41
1784722215.5492,20:10:15,717509143089,100298,100,24039,285,41
1784722215.7492,20:10:15,717509164853,100298,100,24039,285,41
1784722215.9492,20:10:15,717509188674,100298,100,24039,285,41
1784722216.1492,20:10:16,717509211067,110479,100,24039,420,42
1784722216.3492,20:10:16,717509234948,110479,100,24039,420,42
1784722216.5492,20:10:16,717509261579,124504,100,24039,465,43
1784722216.7492,20:10:16,717509286794,124504,100,24039,465,43
1784722216.9492,20:10:16,717509314424,124504,100,24039,465,43
1784722217.1492,20:10:17,717509342846,138952,100,24039,525,43
1784722217.3492,20:10:17,717509369751,138952,100,24039,525,43
1784722217.5492,20:10:17,717509394607,148803,100,24039,420,43
1784722217.7492,20:10:17,717509419581,148803,100,24039,420,43
1784722217.9492,20:10:17,717509443436,148803,100,24039,420,43
1784722218.1492,20:10:18,717509461361,143793,100,24039,375,42
1784722218.3492,20:10:18,717509480257,143793,100,24039,375,42
1784722218.5492,20:10:18,717509544468,131575,100,24039,2520,52
1784722218.7492,20:10:18,717509613478,131575,100,24039,2520,52
1784722218.9492,20:10:18,717509678012,131575,100,24039,2520,52
1784722219.1492,20:10:19,717509729049,232665,100,24039,2310,50
1784722219.3492,20:10:19,717509775231,232665,100,24039,2310,50
1784722219.5492,20:10:19,717509819021,297884,100,24039,915,47
1784722219.7492,20:10:19,717509857154,297884,100,24039,915,47
1784722219.9492,20:10:19,717509889553,297884,100,24039,915,47
1784722220.1492,20:10:20,717509916199,228499,100,24039,525,44
1784722220.3492,20:10:20,717509937539,228499,100,24039,525,44
1784722220.5492,20:10:20,717509956547,159191,100,24039,210,42
1784722220.7492,20:10:20,717509975761,159191,100,24039,210,42
1784722220.9492,20:10:20,717509994860,159191,100,24039,210,42
1784722221.1492,20:10:21,717510013954,111745,100,24039,210,41
1784722221.3492,20:10:21,717510033022,111745,100,24039,210,41
1784722221.5492,20:10:21,717510052112,97961,100,24039,210,41
1784722221.7492,20:10:21,717510071137,97961,100,24039,210,41
1784722221.9492,20:10:21,717510090093,97961,100,24039,210,41
1784722222.1492,20:10:22,717510109078,97680,100,24039,210,41
1784722222.3492,20:10:22,717510128367,97680,100,24039,210,41
1784722222.5492,20:10:22,717510148903,98235,100,24039,285,41
1784722222.7492,20:10:22,717510171089,98235,100,24039,285,41
1784722222.9492,20:10:22,717510195533,98235,100,24039,285,41
1784722223.1492,20:10:23,717510221361,107308,100,24039,405,42
1784722223.3492,20:10:23,717510245439,107308,100,24039,405,42
1784722223.5492,20:10:23,717510271143,121228,100,24039,405,42
1784722223.7492,20:10:23,717510297043,121228,100,24039,405,42
1784722223.9492,20:10:23,717510316683,121228,100,24039,405,42
1784722224.1492,20:10:24,717510338929,124318,100,24039,390,42
1784722224.3492,20:10:24,717510366318,124318,100,24039,390,42
1784722224.5492,20:10:24,717510395153,126331,100,24039,495,43
1784722224.7492,20:10:24,717510422140,126331,100,24039,495,43
1784722224.9492,20:10:24,717510447122,126331,100,24039,495,43
1784722225.1492,20:10:25,717510466011,130601,100,24039,345,42
1784722225.3492,20:10:25,717510488113,130601,100,24039,345,42
1784722225.5492,20:10:25,717510515992,126273,100,24039,465,42
1784722225.7492,20:10:25,717510545232,126273,100,24039,465,42
1784722225.9492,20:10:25,717510573206,126273,100,24039,465,42
1784722226.1492,20:10:26,717510601440,129264,100,24039,555,43
1784722226.3492,20:10:26,717510628801,129264,100,24039,555,43
1784722226.5492,20:10:26,717510656455,144109,100,24039,465,43
1784722226.7492,20:10:26,717510681511,144109,100,24039,465,43
1784722226.9492,20:10:26,717510703416,144109,100,24039,465,43
1784722227.1492,20:10:27,717510726467,133576,100,24039,315,42
1784722227.3492,20:10:27,717510749546,133576,100,24039,315,42
1784722227.5492,20:10:27,717510768544,122002,100,24039,315,42
1784722227.7492,20:10:27,717510786266,122002,100,24039,315,42
1784722227.9492,20:10:27,717510832167,122002,100,24039,315,42
1784722228.1492,20:10:28,717510901901,133117,100,24039,2700,49
1784722228.3492,20:10:28,717510965135,133117,100,24039,2700,49
1784722228.5492,20:10:28,717511025090,232739,100,24039,2490,50
1784722228.7492,20:10:28,717511077598,232739,100,24039,2490,50
1784722228.9492,20:10:28,717511132399,232739,100,24039,2490,50
1784722229.1492,20:10:29,717511185122,307533,100,24039,2385,49
1784722229.3492,20:10:29,717511227120,307533,100,24039,2385,49
1784722229.5492,20:10:29,717511264655,263849,100,24039,675,46
1784722229.7492,20:10:29,717511297021,263849,100,24039,675,46
1784722229.9492,20:10:29,717511316535,263849,100,24039,675,46
1784722230.1492,20:10:30,717511333387,197777,100,24039,330,43
1784722230.3492,20:10:30,717511350968,197777,100,24039,330,43
1784722230.5492,20:10:30,717511368783,123884,100,24039,210,41
1784722230.7492,20:10:30,717511387967,123884,100,24039,210,41
1784722230.9492,20:10:30,717511407142,123884,100,24039,210,41
1784722231.1492,20:10:31,717511423104,93340,100,24039,210,41
1784722231.3492,20:10:31,717511444922,93340,100,24039,210,41
1784722231.5492,20:10:31,717511505605,119848,100,24039,2520,49
1784722231.7492,20:10:31,717511573618,119848,100,24039,2520,49
1784722231.9492,20:10:31,717511639547,119848,100,24039,2520,49
1784722232.1492,20:10:32,717511695893,241185,100,24039,2460,51
1784722232.3492,20:10:32,717511765985,241185,100,24039,2460,51
1784722232.5492,20:10:32,717511818505,326432,100,24039,1560,51
1784722232.7492,20:10:32,717511877452,326432,100,24039,1560,51
1784722232.9492,20:10:32,717511939336,326432,100,24039,1560,51
1784722233.1492,20:10:33,717512001549,306480,100,24039,2625,51
1784722233.3492,20:10:33,717512061061,306480,100,24039,2625,51
1784722233.5492,20:10:33,717512117534,302225,100,24039,1335,53
1784722233.7492,20:10:33,717512165071,302225,100,24039,1335,53
1784722233.9492,20:10:33,717512212254,302225,100,24039,1335,53
1784722234.1492,20:10:34,717512251016,284915,100,24039,1125,49
1784722234.3492,20:10:34,717512292634,284915,100,24039,1125,49
1784722234.5492,20:10:34,717512334415,237115,100,24039,870,47
1784722234.7492,20:10:34,717512368291,237115,100,24039,870,47
1784722234.9492,20:10:34,717512398168,237115,100,24039,870,47
1784722235.1492,20:10:35,717512420243,195855,100,24039,480,44
1784722235.3492,20:10:35,717512435707,195855,100,24039,480,44
1784722235.5492,20:10:35,717512453493,142771,100,24039,210,42
1784722235.7492,20:10:35,717512472253,142771,100,24039,210,42
1784722235.9492,20:10:35,717512491379,142771,100,24039,210,42
1784722236.1492,20:10:36,717512508022,101157,100,24039,210,42
1784722236.3492,20:10:36,717512522566,101157,100,24039,210,42
1784722236.5492,20:10:36,717512537150,88246,100,24039,210,42
1784722236.7492,20:10:36,717512552992,88246,100,24039,210,42
1784722236.9492,20:10:36,717512571456,88246,100,24039,210,42
1784722237.1492,20:10:37,717512590734,84082,100,24039,210,41
1784722237.3492,20:10:37,717512609970,84082,100,24039,210,41
1784722237.5492,20:10:37,717512629265,91495,100,24039,210,41
1784722237.7492,20:10:37,717512648547,91495,100,24039,210,41
1784722237.9492,20:10:37,717512667786,91495,100,24039,210,41
1784722238.1492,20:10:38,717512687019,99809,100,24039,210,41
1784722238.3492,20:10:38,717512706222,99809,100,24039,210,41
1784722238.5492,20:10:38,717512725478,99692,100,24039,210,41
1784722238.7492,20:10:38,717512744681,99692,100,24039,210,41
1784722238.9492,20:10:38,717512763731,99692,100,24039,210,41
1784722239.1492,20:10:39,717512779532,99210,100,24039,210,41
1784722239.3492,20:10:39,717512796591,99210,100,24039,210,41
1784722239.5492,20:10:39,717512812020,92204,100,24039,255,41
1784722239.7492,20:10:39,717512836698,92204,100,24039,255,41
1784722239.9492,20:10:39,717512891409,92204,100,24039,255,41
1784722240.1492,20:10:40,717512952802,130905,100,24039,2685,48
1784722240.3492,20:10:40,717513013888,130905,100,24039,2685,48
1784722240.5492,20:10:40,717513076566,237372,100,24039,2625,52
1784722240.7492,20:10:40,717513138601,237372,100,24039,2625,52
1784722240.9492,20:10:40,717513210999,237372,100,24039,2625,52
1784722241.1492,20:10:41,717513277726,331955,100,24039,2520,54
1784722241.3492,20:10:41,717513340899,331955,100,24039,2520,54
1784722241.5492,20:10:41,717513404070,344548,100,24039,2145,55
1784722241.7492,20:10:41,717513457570,344548,100,24039,2145,55
1784722241.9492,20:10:41,717513497045,344548,100,24039,2145,55
1784722242.1492,20:10:42,717513536944,304993,100,24039,990,47
1784722242.3492,20:10:42,717513571168,304993,100,24039,990,47
1784722242.5492,20:10:42,717513601369,232465,100,24039,495,45
1784722242.7492,20:10:42,717513626402,232465,100,24039,495,45
1784722242.9492,20:10:42,717513645293,232465,100,24039,495,45
1784722243.1492,20:10:43,717513664263,160806,100,24039,210,42
1784722243.3492,20:10:43,717513680796,160806,100,24039,210,42
1784722243.5492,20:10:43,717513700109,113584,100,24039,210,42
1784722243.7492,20:10:43,717513718934,113584,100,24039,210,42
1784722243.9492,20:10:43,717513737575,113584,100,24039,210,42
1784722244.1492,20:10:44,717513756913,97336,100,24039,210,42
1784722244.3492,20:10:44,717513776176,97336,100,24039,210,42
1784722244.5492,20:10:44,717513795529,99987,100,24039,210,42
1784722244.7492,20:10:44,717513814722,99987,100,24039,210,42
1784722244.9492,20:10:44,717513833950,99987,100,24039,210,42
1784722245.1492,20:10:45,717513853152,100943,100,24039,210,42
1784722245.3492,20:10:45,717513872229,100943,100,24039,210,42
1784722245.5492,20:10:45,717513891310,100573,100,24039,210,41
1784722245.7492,20:10:45,717513909789,100573,100,24039,210,41
1784722245.9492,20:10:45,717513926808,100573,100,24039,210,41
1784722246.1492,20:10:46,717513945875,97698,100,24039,210,41
1784722246.3492,20:10:46,717513963559,97698,100,24039,210,41
1784722246.5492,20:10:46,717513981371,95193,100,24039,210,41
1784722246.7492,20:10:46,717514000786,95193,100,24039,210,41
1784722246.9492,20:10:46,717514020895,95193,100,24039,210,41
1784722247.1492,20:10:47,717514040297,98765,100,24039,240,41
1784722247.3492,20:10:47,717514056612,98765,100,24039,240,41
1784722247.5492,20:10:47,717514076992,98538,100,24039,270,41
1784722247.7492,20:10:47,717514098952,98538,100,24039,270,41
1784722247.9492,20:10:47,717514122770,98538,100,24039,270,41
1784722248.1492,20:10:48,717514146667,107261,100,24039,345,42
1784722248.3492,20:10:48,717514170173,107261,100,24039,345,42
1784722248.5492,20:10:48,717514191188,118766,100,24039,255,42
1784722248.7492,20:10:48,717514211264,118766,100,24039,255,42
1784722248.9492,20:10:48,717514230446,118766,100,24039,255,42
1784722249.1492,20:10:49,717514249549,114589,100,24039,210,41
1784722249.3492,20:10:49,717514268543,114589,100,24039,210,41
1784722249.5492,20:10:49,717514287491,103522,100,24039,210,41
1784722249.7492,20:10:49,717514306395,103522,100,24039,210,41
1784722249.9492,20:10:49,717514325334,103522,100,24039,210,41
1784722250.1492,20:10:50,717514344253,100422,100,24039,210,41
1784722250.3492,20:10:50,717514363214,100422,100,24039,210,41
1784722250.5492,20:10:50,717514381197,99014,100,24039,210,41
1784722250.7492,20:10:50,717514400882,99014,100,24039,210,41
1784722250.9492,20:10:50,717514422261,99014,100,24039,210,41
1784722251.1492,20:10:51,717514445514,102253,100,24039,315,41
1784722251.3492,20:10:51,717514469265,102253,100,24039,315,41
1784722251.5492,20:10:51,717514493128,113645,100,24039,345,42
1784722251.7492,20:10:51,717514515713,113645,100,24039,345,42
1784722251.9492,20:10:51,717514536866,113645,100,24039,345,42
1784722252.1492,20:10:52,717514556230,121110,100,24039,315,42
1784722252.3492,20:10:52,717514580984,121110,100,24039,315,42
1784722252.5492,20:10:52,717514606357,120370,100,24039,390,42
1784722252.7492,20:10:52,717514625370,120370,100,24039,390,42
1784722252.9492,20:10:52,717514645482,120370,100,24039,390,42
1784722253.1492,20:10:53,717514672931,114502,100,24039,465,42
1784722253.3492,20:10:53,717514698149,114502,100,24039,465,42
1784722253.5492,20:10:53,717514721729,125033,100,24039,600,43
1784722253.7492,20:10:53,717514754074,125033,100,24039,600,43
1784722253.9492,20:10:53,717514784622,125033,100,24039,600,43
1784722254.1492,20:10:54,717514816754,146067,100,24039,630,44
1784722254.3492,20:10:54,717514845960,146067,100,24039,630,44
1784722254.5492,20:10:54,717514870938,157025,100,24039,480,43
1784722254.7492,20:10:54,717514892391,157025,100,24039,480,43
1784722254.9492,20:10:54,717514920650,157025,100,24039,480,43
1784722255.1492,20:10:55,717514948064,146447,100,24039,495,43
1784722255.3492,20:10:55,717514975636,146447,100,24039,495,43
1784722255.5492,20:10:55,717515002156,139030,100,24039,435,43
1784722255.7492,20:10:55,717515027759,139030,100,24039,435,43
1784722255.9492,20:10:55,717515050914,139030,100,24039,435,43
1784722256.1492,20:10:56,717515074407,140243,100,24039,360,42
1784722256.3492,20:10:56,717515094824,140243,100,24039,360,42
1784722256.5492,20:10:56,717515114395,125581,100,24039,210,41
1784722256.7492,20:10:56,717515133145,125581,100,24039,210,41
1784722256.9492,20:10:56,717515151864,125581,100,24039,210,41
1784722257.1492,20:10:57,717515170684,110024,100,24039,210,41
1784722257.3492,20:10:57,717515189425,110024,100,24039,210,41
1784722257.5492,20:10:57,717515204522,99378,100,24039,270,41
1784722257.7492,20:10:57,717515223604,99378,100,24039,270,41
1784722257.9492,20:10:57,717515277577,99378,100,24039,270,41
1784722258.1492,20:10:58,717515346221,133716,100,24039,2520,48
1784722258.3492,20:10:58,717515413742,133716,100,24039,2520,48
1784722258.5492,20:10:58,717515473145,268419,100,24039,2685,52
1784722258.7492,20:10:58,717515529189,268419,100,24039,2685,52
1784722258.9492,20:10:58,717515589119,268419,100,24039,2685,52
1784722259.1492,20:10:59,717515644420,333309,100,24039,2400,50
1784722259.3492,20:10:59,717515685268,333309,100,24039,2400,50
1784722259.5492,20:10:59,717515717945,281554,100,24039,810,46
1784722259.7492,20:10:59,717515749447,281554,100,24039,810,46
1784722259.9492,20:10:59,717515771821,281554,100,24039,810,46
1784722260.1492,20:11:00,717515794337,208834,100,24039,315,44
1784722260.3492,20:11:00,717515814099,208834,100,24039,315,44
1784722260.5492,20:11:00,717515832902,134959,100,24039,210,42
1784722260.7492,20:11:00,717515849244,134959,100,24039,210,42
1784722260.9492,20:11:00,717515863469,134959,100,24039,210,42
1784722261.1492,20:11:01,717515877792,101453,100,24039,210,41
1784722261.3492,20:11:01,717515893003,101453,100,24039,210,41
1784722261.5492,20:11:01,717515934424,93336,100,24039,2520,46
1784722261.7492,20:11:01,717515999480,93336,100,24039,2520,46
1784722261.9492,20:11:01,717516060400,93336,100,24039,2520,46
1784722262.1492,20:11:02,717516107418,200581,100,24039,2325,50
1784722262.3492,20:11:02,717516148074,200581,100,24039,2325,50
1784722262.5492,20:11:02,717516175128,266006,100,24039,660,46
1784722262.7492,20:11:02,717516200674,266006,100,24039,660,46
1784722262.9492,20:11:02,717516226121,266006,100,24039,660,46
1784722263.1492,20:11:03,717516244859,191797,100,24039,345,43
1784722263.3492,20:11:03,717516261815,191797,100,24039,345,43
1784722263.5492,20:11:03,717516278768,119687,100,24039,210,42
1784722263.7492,20:11:03,717516297209,119687,100,24039,210,42
1784722263.9492,20:11:03,717516315597,119687,100,24039,210,42
1784722264.1492,20:11:04,717516334043,99940,100,24039,210,41
1784722264.3492,20:11:04,717516350601,99940,100,24039,210,41
1784722264.5492,20:11:04,717516368541,96228,100,24039,210,41
1784722264.7492,20:11:04,717516384733,96228,100,24039,210,41
1784722264.9492,20:11:04,717516400165,96228,100,24039,210,41
1784722265.1492,20:11:05,717516417235,92798,100,24039,300,42
1784722265.3492,20:11:05,717516439575,92798,100,24039,300,42
1784722265.5492,20:11:05,717516461768,99909,100,24039,465,42
1784722265.7492,20:11:05,717516482821,99909,100,24039,465,42
1784722265.9492,20:11:05,717516506519,99909,100,24039,465,42
1784722266.1492,20:11:06,717516566948,115298,100,24039,2520,49
1784722266.3492,20:11:06,717516641065,115298,100,24039,2520,49
1784722266.5492,20:11:06,717516694174,223617,100,24039,2580,53
1784722266.7492,20:11:06,717516759283,223617,100,24039,2580,53
1784722266.9492,20:11:06,717516818474,223617,100,24039,2580,53
1784722267.1492,20:11:07,717516881813,322548,100,24039,2475,55
1784722267.3492,20:11:07,717516939750,322548,100,24039,2475,55
1784722267.5492,20:11:07,717516989555,320571,100,24039,1155,50
1784722267.7492,20:11:07,717517029442,320571,100,24039,1155,50
1784722267.9492,20:11:07,717517066150,320571,100,24039,1155,50
1784722268.1492,20:11:08,717517097287,274127,100,24039,660,46
1784722268.3492,20:11:08,717517119140,274127,100,24039,660,46
1784722268.5492,20:11:08,717517139076,184438,100,24039,330,43
1784722268.7492,20:11:08,717517158014,184438,100,24039,330,43
1784722268.9492,20:11:08,717517176074,184438,100,24039,330,43
1784722269.1492,20:11:09,717517194098,126788,100,24039,210,42
1784722269.3492,20:11:09,717517212081,126788,100,24039,210,42
1784722269.5492,20:11:09,717517230087,101137,100,24039,210,42
1784722269.7492,20:11:09,717517248176,101137,100,24039,210,42
1784722269.9492,20:11:09,717517263916,101137,100,24039,210,42
1784722270.1492,20:11:10,717517277722,96696,100,24039,210,41
1784722270.3492,20:11:10,717517291513,96696,100,24039,210,41
1784722270.5492,20:11:10,717517305281,86268,100,24039,210,41
1784722270.7492,20:11:10,717517348856,86268,100,24039,210,41
1784722270.9492,20:11:10,717517412465,86268,100,24039,210,41
1784722271.1492,20:11:11,717517472648,157046,100,24039,2550,54
1784722271.3492,20:11:11,717517526975,157046,100,24039,2550,54
1784722271.5492,20:11:11,717517580086,265399,100,24039,2460,50
1784722271.7492,20:11:11,717517631497,265399,100,24039,2460,50
1784722271.9492,20:11:11,717517683211,265399,100,24039,2460,50
1784722272.1492,20:11:12,717517728184,300614,100,24039,2115,49
1784722272.3492,20:11:12,717517769340,300614,100,24039,2115,49
1784722272.5492,20:11:12,717517802570,258591,100,24039,765,46
1784722272.7492,20:11:12,717517835936,258591,100,24039,765,46
1784722272.9492,20:11:12,717517862327,258591,100,24039,765,46
1784722273.1492,20:11:13,717517886384,204760,100,24039,435,44
1784722273.3492,20:11:13,717517905300,204760,100,24039,435,44
1784722273.5492,20:11:13,717517923420,145630,100,24039,210,42
1784722273.7492,20:11:13,717517941557,145630,100,24039,210,42
1784722273.9492,20:11:13,717517957412,145630,100,24039,210,42
1784722274.1492,20:11:14,717517973473,106770,100,24039,210,42
1784722274.3492,20:11:14,717517990793,106770,100,24039,210,42
1784722274.5492,20:11:14,717518008683,94961,100,24039,210,42
1784722274.7492,20:11:14,717518026602,94961,100,24039,210,42
1784722274.9492,20:11:14,717518044424,94961,100,24039,210,42
1784722275.1492,20:11:15,717518062382,96005,100,24039,210,41
1784722275.3492,20:11:15,717518078608,96005,100,24039,210,41
1784722275.5492,20:11:15,717518093093,95905,100,24039,210,41
1784722275.7492,20:11:15,717518110727,95905,100,24039,210,41
1784722275.9492,20:11:15,717518128781,95905,100,24039,210,41
1784722276.1492,20:11:16,717518146741,94261,100,24039,210,41
1784722276.3492,20:11:16,717518166171,94261,100,24039,210,41
1784722276.5492,20:11:16,717518184073,96165,100,24039,210,41
1784722276.7492,20:11:16,717518203472,96165,100,24039,210,41
1784722276.9492,20:11:16,717518222884,96165,100,24039,210,41
1784722277.1492,20:11:17,717518242333,99834,100,24039,210,41
1784722277.3492,20:11:17,717518261725,99834,100,24039,210,41
1784722277.5492,20:11:17,717518281133,99670,100,24039,210,41
1784722277.7492,20:11:17,717518301286,99670,100,24039,210,41
1784722277.9492,20:11:17,717518321844,99670,100,24039,210,41
1784722278.1492,20:11:18,717518343088,101479,100,24039,270,41
1784722278.3492,20:11:18,717518365441,101479,100,24039,270,41
1784722278.5492,20:11:18,717518391174,108944,100,24039,405,42
1784722278.7492,20:11:18,717518417597,108944,100,24039,405,42
1784722278.9492,20:11:18,717518442632,108944,100,24039,405,42
1784722279.1492,20:11:19,717518465471,122376,100,24039,285,42
1784722279.3492,20:11:19,717518487044,122376,100,24039,285,42
1784722279.5492,20:11:19,717518508405,123085,100,24039,255,41
1784722279.7492,20:11:19,717518528904,123085,100,24039,255,41
1784722279.9492,20:11:19,717518547080,123085,100,24039,255,41
1784722280.1492,20:11:20,717518562262,108434,100,24039,210,41
1784722280.3492,20:11:20,717518594235,108434,100,24039,210,41
1784722280.5492,20:11:20,717518654266,131917,100,24039,2400,48
1784722280.7492,20:11:20,717518708387,131917,100,24039,2400,48
1784722280.9492,20:11:20,717518757113,131917,100,24039,2400,48
1784722281.1492,20:11:21,717518796424,207238,100,24039,990,47
1784722281.3492,20:11:21,717518830476,207238,100,24039,990,47
1784722281.5492,20:11:21,717518858404,236911,100,24039,420,44
1784722281.7492,20:11:21,717518878813,236911,100,24039,420,44
1784722281.9492,20:11:21,717518900433,236911,100,24039,420,44
1784722282.1492,20:11:22,717518924553,155325,100,24039,345,43
1784722282.3492,20:11:22,717518945963,155325,100,24039,345,43
1784722282.5492,20:11:22,717518965941,117366,100,24039,225,42
1784722282.7492,20:11:22,717518985914,117366,100,24039,225,42
1784722282.9492,20:11:22,717519005109,117366,100,24039,225,42
1784722283.1492,20:11:23,717519023677,108294,100,24039,210,41
1784722283.3492,20:11:23,717519043170,108294,100,24039,210,41
1784722283.5492,20:11:23,717519062646,99870,100,24039,210,41
1784722283.7492,20:11:23,717519078456,99870,100,24039,210,41
1784722283.9492,20:11:23,717519094509,99870,100,24039,210,41
1784722284.1492,20:11:24,717519115821,92516,100,24039,255,41
1784722284.3492,20:11:24,717519138704,92516,100,24039,255,41
1784722284.5492,20:11:24,717519163910,101042,100,24039,390,42
1784722284.7492,20:11:24,717519190059,101042,100,24039,390,42
1784722284.9492,20:11:24,717519214141,101042,100,24039,390,42
1784722285.1492,20:11:25,717519240141,119459,100,24039,390,42
1784722285.3492,20:11:25,717519265765,119459,100,24039,390,42
1784722285.5492,20:11:25,717519288013,129475,100,24039,300,42
1784722285.7492,20:11:25,717519305445,129475,100,24039,300,42
1784722285.9492,20:11:25,717519326547,129475,100,24039,300,42
1784722286.1492,20:11:26,717519352650,116996,100,24039,405,42
1784722286.3492,20:11:26,717519380174,116996,100,24039,405,42
1784722286.5492,20:11:26,717519406897,120208,100,24039,480,42
1784722286.7492,20:11:26,717519435107,120208,100,24039,480,42
1784722286.9492,20:11:26,717519462192,120208,100,24039,480,42
1784722287.1492,20:11:27,717519489333,137979,100,24039,420,43
1784722287.3492,20:11:27,717519515572,137979,100,24039,420,43
1784722287.5492,20:11:27,717519540243,137797,100,24039,330,42
1784722287.7492,20:11:27,717519562421,137797,100,24039,330,42
1784722287.9492,20:11:27,717519582723,137797,100,24039,330,42
1784722288.1492,20:11:28,717519602106,124108,100,24039,210,41
1784722288.3492,20:11:28,717519621568,124108,100,24039,210,41
1784722288.5492,20:11:28,717519640979,107776,100,24039,210,41
1784722288.7492,20:11:28,717519660223,107776,100,24039,210,41
1784722288.9492,20:11:28,717519677827,107776,100,24039,210,41
1784722289.1492,20:11:29,717519695486,97806,100,24039,300,41
1784722289.3492,20:11:29,717519730597,97806,100,24039,300,41
1784722289.5492,20:11:29,717519800247,133371,100,24039,2700,53
1784722289.7492,20:11:29,717519872324,133371,100,24039,2700,53
1784722289.9492,20:11:29,717519940272,133371,100,24039,2700,53
1784722290.1492,20:11:30,717519997049,269704,100,24039,2400,51
1784722290.3492,20:11:30,717520054584,269704,100,24039,2400,51
1784722290.5492,20:11:30,717520108931,330822,100,24039,2340,49
1784722290.7492,20:11:30,717520161616,330822,100,24039,2340,49
1784722290.9492,20:11:30,717520201139,330822,100,24039,2340,49
1784722291.1492,20:11:31,717520236792,275143,100,24039,930,47
1784722291.3492,20:11:31,717520274459,275143,100,24039,930,47
1784722291.5492,20:11:31,717520304956,219503,100,24039,465,45
1784722291.7492,20:11:31,717520325778,219503,100,24039,465,45
1784722291.9492,20:11:31,717520343597,219503,100,24039,465,45
1784722292.1492,20:11:32,717520362848,149848,100,24039,210,42
1784722292.3492,20:11:32,717520382049,149848,100,24039,210,42
1784722292.5492,20:11:32,717520401331,109007,100,24039,210,41
1784722292.7492,20:11:32,717520420543,109007,100,24039,210,41
1784722292.9492,20:11:32,717520439850,109007,100,24039,210,41
1784722293.1492,20:11:33,717520459167,98951,100,24039,210,41
1784722293.3492,20:11:33,717520477179,98951,100,24039,210,41
1784722293.5492,20:11:33,717520495450,97378,100,24039,210,41
1784722293.7492,20:11:33,717520513811,97378,100,24039,210,41
1784722293.9492,20:11:33,717520535507,97378,100,24039,210,41
1784722294.1492,20:11:34,717520557779,99039,100,24039,285,41
1784722294.3492,20:11:34,717520579802,99039,100,24039,285,41
1784722294.5492,20:11:34,717520602062,107021,100,24039,285,41
1784722294.7492,20:11:34,717520624342,107021,100,24039,285,41
1784722294.9492,20:11:34,717520646460,107021,100,24039,285,41
1784722295.1492,20:11:35,717520667734,114721,100,24039,285,41
1784722295.3492,20:11:35,717520690026,114721,100,24039,285,41
1784722295.5492,20:11:35,717520712374,113923,100,24039,300,42
1784722295.7492,20:11:35,717520733927,113923,100,24039,300,42
1784722295.9492,20:11:35,717520755959,113923,100,24039,300,42
1784722296.1492,20:11:36,717520777941,113498,100,24039,285,41
1784722296.3492,20:11:36,717520799977,113498,100,24039,285,41
1784722296.5492,20:11:36,717520821975,113923,100,24039,300,41
1784722296.7492,20:11:36,717520844382,113923,100,24039,300,41
1784722296.9492,20:11:36,717520866970,113923,100,24039,300,41
1784722297.1492,20:11:37,717520889886,115131,100,24039,300,41
1784722297.3492,20:11:37,717520912371,115131,100,24039,300,41
1784722297.5492,20:11:37,717520936702,117529,100,24039,360,42
1784722297.7492,20:11:37,717520961071,117529,100,24039,360,42
1784722297.9492,20:11:37,717520985450,117529,100,24039,360,42
1784722298.1492,20:11:38,717521009161,122486,100,24039,360,42
1784722298.3492,20:11:38,717521031120,122486,100,24039,360,42
1784722298.5492,20:11:38,717521050370,120456,100,24039,300,41
1784722298.7492,20:11:38,717521072370,120456,100,24039,300,41
1784722298.9492,20:11:38,717521094280,120456,100,24039,300,41
1784722299.1492,20:11:39,717521115289,114198,100,24039,300,41
1784722299.3492,20:11:39,717521136109,114198,100,24039,300,41
1784722299.5492,20:11:39,717521153000,107418,100,24039,315,41
1784722299.7492,20:11:39,717521173715,107418,100,24039,315,41
1784722299.9492,20:11:39,717521238794,107418,100,24039,315,41
1784722300.1492,20:11:40,717521301006,148505,100,24039,2520,50
1784722300.3492,20:11:40,717521361889,148505,100,24039,2520,50
1784722300.5492,20:11:40,717521420075,249375,100,24039,1425,51
1784722300.7492,20:11:40,717521457554,249375,100,24039,1425,51
1784722300.9492,20:11:40,717521487729,249375,100,24039,1425,51
1784722301.1492,20:11:41,717521512967,271101,100,24039,465,45
1784722301.3492,20:11:41,717521539295,271101,100,24039,465,45
1784722301.5492,20:11:41,717521563906,177662,100,24039,375,43
1784722301.7492,20:11:41,717521579276,177662,100,24039,375,43
1784722301.9492,20:11:41,717521594277,177662,100,24039,375,43
1784722302.1492,20:11:42,717521610133,113254,100,24039,270,41
1784722302.3492,20:11:42,717521631759,113254,100,24039,270,41
1784722302.5492,20:11:42,717521649932,96410,100,24039,330,42
1784722302.7492,20:11:42,717521668740,96410,100,24039,330,42
1784722302.9492,20:11:42,717521716379,96410,100,24039,330,42
1784722303.1492,20:11:43,717521781485,125182,100,24039,2700,50
1784722303.3492,20:11:43,717521841313,125182,100,24039,2700,50
1784722303.5492,20:11:43,717521888016,226375,100,24039,930,49
1784722303.7492,20:11:43,717521921779,226375,100,24039,930,49
1784722303.9492,20:11:43,717521954512,226375,100,24039,930,49
1784722304.1492,20:11:44,717521978306,247527,100,24039,390,44
1784722304.3492,20:11:44,717522001450,247527,100,24039,390,44
1784722304.5492,20:11:44,717522022356,162197,100,24039,210,42
1784722304.7492,20:11:44,717522041413,162197,100,24039,210,42
1784722304.9492,20:11:44,717522060429,162197,100,24039,210,42
1784722305.1492,20:11:45,717522079370,116520,100,24039,210,41
1784722305.3492,20:11:45,717522098360,116520,100,24039,210,41
1784722305.5492,20:11:45,717522117315,101483,100,24039,210,41
1784722305.7492,20:11:45,717522136235,101483,100,24039,210,41
1784722305.9492,20:11:45,717522155182,101483,100,24039,210,41
1784722306.1492,20:11:46,717522173792,100004,100,24039,210,41
1784722306.3492,20:11:46,717522191477,100004,100,24039,210,41
1784722306.5492,20:11:46,717522212326,98952,100,24039,300,41
1784722306.7492,20:11:46,717522234444,98952,100,24039,300,41
1784722306.9492,20:11:46,717522259185,98952,100,24039,300,41
1784722307.1492,20:11:47,717522285316,108996,100,24039,405,42
1784722307.3492,20:11:47,717522311390,108996,100,24039,405,42
1784722307.5492,20:11:47,717522337481,127841,100,24039,405,42
1784722307.7492,20:11:47,717522363572,127841,100,24039,405,42
1784722307.9492,20:11:47,717522388912,127841,100,24039,405,42
1784722308.1492,20:11:48,717522409370,136610,100,24039,375,42
1784722308.3492,20:11:48,717522435116,136610,100,24039,375,42
1784722308.5492,20:11:48,717522461164,131686,100,24039,405,42
1784722308.7492,20:11:48,717522486565,131686,100,24039,405,42
1784722308.9492,20:11:48,717522505814,131686,100,24039,405,42
1784722309.1492,20:11:49,717522528346,124192,100,24039,420,42
1784722309.3492,20:11:49,717522556055,124192,100,24039,420,42
1784722309.5492,20:11:49,717522586923,131345,100,24039,585,43
1784722309.7492,20:11:49,717522619188,131345,100,24039,585,43
1784722309.9492,20:11:49,717522644072,131345,100,24039,585,43
1784722310.1492,20:11:50,717522673896,143224,100,24039,525,43
1784722310.3492,20:11:50,717522702300,143224,100,24039,525,43
1784722310.5492,20:11:50,717522728648,154378,100,24039,420,43
1784722310.7492,20:11:50,717522751243,154378,100,24039,420,43
1784722310.9492,20:11:50,717522774339,154378,100,24039,420,43
1784722311.1492,20:11:51,717522794711,138178,100,24039,240,42
1784722311.3492,20:11:51,717522814010,138178,100,24039,240,42
1784722311.5492,20:11:51,717522834410,117340,100,24039,270,41
1784722311.7492,20:11:51,717522854906,117340,100,24039,270,41
1784722311.9492,20:11:51,717522877352,117340,100,24039,270,41
1784722312.1492,20:11:52,717522901391,110703,100,24039,375,42
1784722312.3492,20:11:52,717522925483,110703,100,24039,375,42
1784722312.5492,20:11:52,717522946476,119137,100,24039,435,42
1784722312.7492,20:11:52,717522966456,119137,100,24039,435,42
1784722312.9492,20:11:52,717523009811,119137,100,24039,435,42
1784722313.1492,20:11:53,717523075307,141919,100,24039,2700,49
1784722313.3492,20:11:53,717523135387,141919,100,24039,2700,49
1784722313.5492,20:11:53,717523191124,235182,100,24039,1470,50
1784722313.7492,20:11:53,717523235821,235182,100,24039,1470,50
1784722313.9492,20:11:53,717523270664,235182,100,24039,1470,50
1784722314.1492,20:11:54,717523304135,284644,100,24039,720,45
1784722314.3492,20:11:54,717523331910,284644,100,24039,720,45
1784722314.5492,20:11:54,717523354229,203040,100,24039,210,43
1784722314.7492,20:11:54,717523373039,203040,100,24039,210,43
1784722314.9492,20:11:54,717523390530,203040,100,24039,210,43
1784722315.1492,20:11:55,717523409125,134202,100,24039,210,41
1784722315.3492,20:11:55,717523427702,134202,100,24039,210,41
1784722315.5492,20:11:55,717523446276,102457,100,24039,210,41
1784722315.7492,20:11:55,717523464877,102457,100,24039,210,41
1784722315.9492,20:11:55,717523483413,102457,100,24039,210,41
1784722316.1492,20:11:56,717523501881,98910,100,24039,210,41
1784722316.3492,20:11:56,717523518203,98910,100,24039,210,41
1784722316.5492,20:11:56,717523532411,95079,100,24039,240,41
1784722316.7492,20:11:56,717523552592,95079,100,24039,240,41
1784722316.9492,20:11:56,717523609236,95079,100,24039,240,41
1784722317.1492,20:11:57,717523677113,135066,100,24039,2700,52
1784722317.3492,20:11:57,717523734808,135066,100,24039,2700,52
1784722317.5492,20:11:57,717523781588,240926,100,24039,1500,51
1784722317.7492,20:11:57,717523827771,240926,100,24039,1500,51
1784722317.9492,20:11:57,717523865097,240926,100,24039,1500,51
1784722318.1492,20:11:58,717523897897,283721,100,24039,810,46
1784722318.3492,20:11:58,717523929123,283721,100,24039,810,46
1784722318.5492,20:11:58,717523957505,208579,100,24039,450,44
1784722318.7492,20:11:58,717523975250,208579,100,24039,450,44
1784722318.9492,20:11:58,717523993895,208579,100,24039,450,44
1784722319.1492,20:11:59,717524012889,142770,100,24039,210,42
1784722319.3492,20:11:59,717524031472,142770,100,24039,210,42
1784722319.5492,20:11:59,717524049990,109059,100,24039,210,41
1784722319.7492,20:11:59,717524066745,109059,100,24039,210,41
1784722319.9492,20:11:59,717524084220,109059,100,24039,210,41
1784722320.1492,20:12:00,717524102596,98576,100,24039,210,41
1784722320.3492,20:12:00,717524121780,98576,100,24039,210,41
1784722320.5492,20:12:00,717524141855,98893,100,24039,255,41
1784722320.7492,20:12:00,717524161151,98893,100,24039,255,41
1784722320.9492,20:12:00,717524177756,98893,100,24039,255,41
1784722321.1492,20:12:01,717524193565,100958,100,24039,285,41
1784722321.3492,20:12:01,717524211661,100958,100,24039,285,41
1784722321.5492,20:12:01,717524229828,96829,100,24039,405,42
1784722321.7492,20:12:01,717524266274,96829,100,24039,405,42
1784722321.9492,20:12:01,717524332606,96829,100,24039,405,42
1784722322.1492,20:12:02,717524393205,185534,100,24039,2625,52
1784722322.3492,20:12:02,717524450041,185534,100,24039,2625,52
1784722322.5492,20:12:02,717524504212,281822,100,24039,2475,50
1784722322.7492,20:12:02,717524555189,281822,100,24039,2475,50
1784722322.9492,20:12:02,717524603010,281822,100,24039,2475,50
1784722323.1492,20:12:03,717524648331,290627,100,24039,2220,48
1784722323.3492,20:12:03,717524690783,290627,100,24039,2220,48
1784722323.5492,20:12:03,717524730099,250014,100,24039,735,46
1784722323.7492,20:12:03,717524763033,250014,100,24039,735,46
1784722323.9492,20:12:03,717524790363,250014,100,24039,735,46
1784722324.1492,20:12:04,717524813061,197078,100,24039,375,43
1784722324.3492,20:12:04,717524831328,197078,100,24039,375,43
1784722324.5492,20:12:04,717524849528,137093,100,24039,210,42
1784722324.7492,20:12:04,717524867814,137093,100,24039,210,42
1784722324.9492,20:12:04,717524885888,137093,100,24039,210,42
1784722325.1492,20:12:05,717524904035,103744,100,24039,210,41
1784722325.3492,20:12:05,717524922172,103744,100,24039,210,41
1784722325.5492,20:12:05,717524940262,99237,100,24039,210,41
1784722325.7492,20:12:05,717524958387,99237,100,24039,210,41
1784722325.9492,20:12:05,717524976571,99237,100,24039,210,41
1784722326.1492,20:12:06,717524994829,99211,100,24039,210,41
1784722326.3492,20:12:06,717525013028,99211,100,24039,210,41
1784722326.5492,20:12:06,717525030484,98802,100,24039,210,41
1784722326.7492,20:12:06,717525047899,98802,100,24039,210,41
1784722326.9492,20:12:06,717525065291,98802,100,24039,210,41
1784722327.1492,20:12:07,717525082722,96970,100,24039,210,41
1784722327.3492,20:12:07,717525100144,96970,100,24039,210,41
1784722327.5492,20:12:07,717525117510,95424,100,24039,210,41
1784722327.7492,20:12:07,717525136001,95424,100,24039,210,41
1784722327.9492,20:12:07,717525156362,95424,100,24039,210,41
1784722328.1492,20:12:08,717525177291,101517,100,24039,315,41
1784722328.3492,20:12:08,717525198419,101517,100,24039,315,41
1784722328.5492,20:12:08,717525219328,110531,100,24039,315,41
1784722328.7492,20:12:08,717525240706,110531,100,24039,315,41
1784722328.9492,20:12:08,717525261762,110531,100,24039,315,41
1784722329.1492,20:12:09,717525282660,115706,100,24039,315,41
1784722329.3492,20:12:09,717525303987,115706,100,24039,315,41
1784722329.5492,20:12:09,717525325233,116255,100,24039,315,41
1784722329.7492,20:12:09,717525346119,116255,100,24039,315,41
1784722329.9492,20:12:09,717525367421,116255,100,24039,315,41
1784722330.1492,20:12:10,717525388706,116433,100,24039,330,41
1784722330.3492,20:12:10,717525409946,116433,100,24039,330,41
1784722330.5492,20:12:10,717525431213,116944,100,24039,330,41
1784722330.7492,20:12:10,717525452456,116944,100,24039,330,41
1784722330.9492,20:12:10,717525473612,116944,100,24039,330,41
1784722331.1492,20:12:11,717525494797,117285,100,24039,330,41
1784722331.3492,20:12:11,717525515684,117285,100,24039,330,41
1784722331.5492,20:12:11,717525536929,116965,100,24039,330,41
1784722331.7492,20:12:11,717525558182,116965,100,24039,330,41
1784722331.9492,20:12:11,717525579449,116965,100,24039,330,41
1784722332.1492,20:12:12,717525600722,117238,100,24039,330,41
1784722332.3492,20:12:12,717525621845,117238,100,24039,330,41
1784722332.5492,20:12:12,717525643041,117572,100,24039,330,41
1784722332.7492,20:12:12,717525664272,117572,100,24039,330,41
1784722332.9492,20:12:12,717525685418,117572,100,24039,330,41
1784722333.1492,20:12:13,717525706358,117421,100,24039,315,41
1784722333.3492,20:12:13,717525727250,117421,100,24039,315,41
1784722333.5492,20:12:13,717525748442,117064,100,24039,330,41
1784722333.7492,20:12:13,717525769517,117064,100,24039,330,41
1784722333.9492,20:12:13,717525790664,117064,100,24039,330,41
1784722334.1492,20:12:14,717525811774,116879,100,24039,330,41
1784722334.3492,20:12:14,717525834599,116879,100,24039,330,41
1784722334.5492,20:12:14,717525855596,117274,100,24039,330,41
1784722334.7492,20:12:14,717525878466,117274,100,24039,330,41
1784722334.9492,20:12:14,717525901527,117274,100,24039,330,41
1784722335.1492,20:12:15,717525924508,117494,100,24039,330,41
1784722335.3492,20:12:15,717525947681,117494,100,24039,330,41
1784722335.5492,20:12:15,717525970855,118126,100,24039,330,41
1784722335.7492,20:12:15,717525994039,118126,100,24039,330,41
1784722335.9492,20:12:15,717526017248,118126,100,24039,330,41
1784722336.1492,20:12:16,717526040511,118831,100,24039,330,41
1784722336.3492,20:12:16,717526063685,118831,100,24039,330,41
1784722336.5492,20:12:16,717526086823,119024,100,24039,330,41
1784722336.7492,20:12:16,717526110005,119024,100,24039,330,41
1784722336.9492,20:12:16,717526133222,119024,100,24039,330,41
1784722337.1492,20:12:17,717526156439,118968,100,24039,330,41
1784722337.3492,20:12:17,717526179605,118968,100,24039,330,41
1784722337.5492,20:12:17,717526202819,118937,100,24039,330,41
1784722337.7492,20:12:17,717526226026,118937,100,24039,330,41
1784722337.9492,20:12:17,717526249235,118937,100,24039,330,41
1784722338.1492,20:12:18,717526272431,118935,100,24039,330,41
1784722338.3492,20:12:18,717526295697,118935,100,24039,330,41
1784722338.5492,20:12:18,717526318880,118961,100,24039,330,41
1784722338.7492,20:12:18,717526342064,118961,100,24039,330,41
1784722338.9492,20:12:18,717526365178,118961,100,24039,330,41
1784722339.1492,20:12:19,717526388222,118947,100,24039,330,41
1784722339.3492,20:12:19,717526411615,118947,100,24039,330,41
1784722339.5492,20:12:19,717526435269,119288,100,24039,255,41
1784722339.7492,20:12:19,717526457388,119288,100,24039,255,41
1784722339.9492,20:12:19,717526479486,119288,100,24039,255,41
1784722340.1492,20:12:20,717526501597,116910,100,24039,255,41
1784722340.3492,20:12:20,717526523422,116910,100,24039,255,41
1784722340.5492,20:12:20,717526545045,112919,100,24039,240,41
1784722340.7492,20:12:20,717526566656,112919,100,24039,240,41
1784722340.9492,20:12:20,717526588414,112919,100,24039,240,41
1784722341.1492,20:12:21,717526612138,112791,100,24039,300,41
1784722341.3492,20:12:21,717526636036,112791,100,24039,300,41
1784722341.5492,20:12:21,717526659962,117458,100,24039,300,41
1784722341.7492,20:12:21,717526683809,117458,100,24039,300,41
1784722341.9492,20:12:21,717526707656,117458,100,24039,300,41
1784722342.1492,20:12:22,717526731505,122491,100,24039,300,41
1784722342.3492,20:12:22,717526755588,122491,100,24039,300,41
1784722342.5492,20:12:22,717526779606,122894,100,24039,300,41
1784722342.7492,20:12:22,717526803670,122894,100,24039,300,41
1784722342.9492,20:12:22,717526827749,122894,100,24039,300,41
1784722343.1492,20:12:23,717526851786,123225,100,24039,300,41
1784722343.3492,20:12:23,717526875798,123225,100,24039,300,41
1784722343.5492,20:12:23,717526899624,123147,100,24039,300,41
1784722343.7492,20:12:23,717526923615,123147,100,24039,300,41
1784722343.9492,20:12:23,717526946333,123147,100,24039,300,41
1784722344.1492,20:12:24,717526966897,120334,100,24039,210,41
1784722344.3492,20:12:24,717526987324,120334,100,24039,210,41
1784722344.5492,20:12:24,717527007607,111788,100,24039,210,40
1784722344.7492,20:12:24,717527027963,111788,100,24039,210,40
1784722344.9492,20:12:24,717527048201,111788,100,24039,210,40
1784722345.1492,20:12:25,717527069312,104561,100,24039,240,40
1784722345.3492,20:12:25,717527091272,104561,100,24039,240,40
1784722345.5492,20:12:25,717527113248,108045,100,24039,255,41
1784722345.7492,20:12:25,717527135127,108045,100,24039,255,41
1784722345.9492,20:12:25,717527159300,108045,100,24039,255,41
1784722346.1492,20:12:26,717527183964,115390,100,24039,210,41
1784722346.3492,20:12:26,717527208577,115390,100,24039,210,41
1784722346.5492,20:12:26,717527233251,122335,100,24039,210,41
1784722346.7492,20:12:26,717527257871,122335,100,24039,210,41
1784722346.9492,20:12:26,717527282459,122335,100,24039,210,41
1784722347.1492,20:12:27,717527307055,126369,100,24039,210,41
1784722347.3492,20:12:27,717527331711,126369,100,24039,210,41
1784722347.5492,20:12:27,717527356393,126299,100,24039,210,41
1784722347.7492,20:12:27,717527381007,126299,100,24039,210,41
1784722347.9492,20:12:27,717527405571,126299,100,24039,210,41
1784722348.1492,20:12:28,717527415416,118957,100,24039,2490,40
1784722348.3492,20:12:28,717527425022,118957,100,24039,2490,40
1784722348.5492,20:12:28,717527435854,85163,0,24039,2520,39
1784722348.7492,20:12:28,717527447816,85163,0,24039,2520,39
1784722348.9492,20:12:28,717527459824,85163,0,24039,2520,39
1784722349.1492,20:12:29,717527466741,67557,0,24039,2520,39
1784722349.3493,20:12:29,717527473613,67557,0,24039,2520,39
1784722349.5492,20:12:29,717527480495,67557,0,24039,2520,39
1784722349.7492,20:12:29,717527487401,67557,0,24039,2520,39
1784722349.9492,20:12:29,717527494287,67557,0,24039,2520,39
1784722350.1492,20:12:30,717527501083,61343,0,24039,2520,39
1784722350.3492,20:12:30,717527507865,61343,0,24039,2520,39
1784722350.5492,20:12:30,717527514650,61343,0,24039,2520,39
1784722350.7492,20:12:30,717527521418,61343,0,24039,2520,39
1784722350.9492,20:12:30,717527528212,61343,0,24039,2520,39
1784722351.1492,20:12:31,717527535020,60973,0,24039,2520,39
1784722351.3492,20:12:31,717527541758,60973,0,24039,2520,39
1784722351.5492,20:12:31,717527548482,60973,0,24039,2520,39
1784722351.7492,20:12:31,717527555268,60973,0,24039,2520,39
1784722351.9492,20:12:31,717527562046,60973,0,24039,2520,39
1784722352.1492,20:12:32,717527568829,60584,0,24039,2520,39
1784722352.3492,20:12:32,717527575582,60584,0,24039,2520,39
1784722352.5492,20:12:32,717527582278,60584,0,24039,2520,39
1784722352.7492,20:12:32,717527589031,60584,0,24039,2520,39
1784722352.9492,20:12:32,717527595798,60584,0,24039,2520,39
1784722353.1492,20:12:33,717527602619,60516,0,24039,2520,39
1784722353.3492,20:12:33,717527609415,60516,0,24039,2520,39
1784722353.5492,20:12:33,717527616179,60516,0,24039,2520,39
1784722353.7492,20:12:33,717527622925,60516,0,24039,2520,39
1784722353.9492,20:12:33,717527629708,60516,0,24039,2520,39
1784722354.1492,20:12:34,717527636388,60794,0,24039,2520,39
1784722354.3492,20:12:34,717527643053,60794,0,24039,2520,39
1784722354.5492,20:12:34,717527649793,60794,0,24039,2520,39
1784722354.7492,20:12:34,717527656489,60794,0,24039,2520,39
1784722354.9492,20:12:34,717527663182,60794,0,24039,2520,39
1784722355.1492,20:12:35,717527669838,60795,0,24039,2520,39
1784722355.3492,20:12:35,717527676568,60795,0,24039,2520,39
1784722355.5492,20:12:35,717527683280,60795,0,24039,2520,39
1784722355.7492,20:12:35,717527689958,60795,0,24039,2520,39
1784722355.9492,20:12:35,717527696661,60795,0,24039,2520,39
1784722356.1492,20:12:36,717527703382,60594,0,24039,2520,39
1784722356.3492,20:12:36,717527710066,60594,0,24039,2520,39
1784722356.5492,20:12:36,717527716786,60594,0,24039,2520,39
1784722356.7492,20:12:36,717527723394,60594,0,24039,2520,39
1784722356.9492,20:12:36,717527730054,60594,0,24039,2520,39
1784722357.1492,20:12:37,717527736672,60654,0,24039,2520,39
1784722357.3492,20:12:37,717527743261,60654,0,24039,2520,39
1784722357.5492,20:12:37,717527749877,60654,0,24039,2520,39
1784722357.7492,20:12:37,717527756461,60654,0,24039,2520,39
1784722357.9492,20:12:37,717527763077,60654,0,24039,2520,39
1784722358.1492,20:12:38,717527769744,60398,0,24039,2520,39
1784722358.3492,20:12:38,717527776374,60398,0,24039,2520,39
1784722358.5492,20:12:38,717527783009,60398,0,24039,2520,39
1784722358.7492,20:12:38,717527789641,60398,0,24039,2520,39
1784722358.9492,20:12:38,717527796261,60398,0,24039,2520,39
1784722359.1492,20:12:39,717527802879,60391,0,24039,2520,38
1784722359.3492,20:12:39,717527809482,60391,0,24039,2520,38
1784722359.5492,20:12:39,717527816091,60391,0,24039,2520,38
1784722359.7492,20:12:39,717527822728,60391,0,24039,2520,38
1784722359.9492,20:12:39,717527829347,60391,0,24039,2520,38
1784722360.1492,20:12:40,717527836028,60617,0,24039,2520,38
1784722360.3492,20:12:40,717527842597,60617,0,24039,2520,38
1784722360.5492,20:12:40,717527849185,60617,0,24039,2520,38
1784722360.7492,20:12:40,717527855817,60617,0,24039,2520,38
1784722360.9492,20:12:40,717527862415,60617,0,24039,2520,38
1784722361.1492,20:12:41,717527869030,60690,0,24039,2520,38
1784722361.3492,20:12:41,717527875633,60690,0,24039,2520,38
1784722361.5492,20:12:41,717527882196,60690,0,24039,2520,38
1784722361.7492,20:12:41,717527888768,60690,0,24039,2520,38
1784722361.9492,20:12:41,717527895338,60690,0,24039,2520,38
1784722362.1492,20:12:42,717527901888,60728,0,24039,2520,38
1784722362.3492,20:12:42,717527908470,60728,0,24039,2520,38
1784722362.5492,20:12:42,717527915025,60728,0,24039,2520,38
1784722362.7492,20:12:42,717527921555,60728,0,24039,2520,38
1784722362.9492,20:12:42,717527928112,60728,0,24039,2520,38
1784722363.1492,20:12:43,717527936756,60690,0,24039,2520,38
1784722363.3492,20:12:43,717528001628,60690,0,24039,2520,38
1784722363.5492,20:12:43,717528091302,145243,100,24039,2565,60
1784722363.7492,20:12:43,717528182042,145243,100,24039,2565,60
1784722363.9492,20:12:43,717528273326,145243,100,24039,2565,60
1784722364.1492,20:12:44,717528363543,355227,100,24039,2565,63
1784722364.3492,20:12:44,717528446066,355227,100,24039,2565,63
1784722364.5492,20:12:44,717528520644,452460,100,24039,2505,57
1784722364.7492,20:12:44,717528584842,452460,100,24039,2505,57
1784722364.9492,20:12:44,717528649186,452460,100,24039,2505,57
1784722365.1492,20:12:45,717528712620,389198,100,24039,2685,52
1784722365.3492,20:12:45,717528776171,389198,100,24039,2685,52
1784722365.5492,20:12:45,717528839601,343706,100,24039,2685,51
1784722365.7492,20:12:45,717528903112,343706,100,24039,2685,51
1784722365.9492,20:12:45,717528966763,343706,100,24039,2685,51
1784722366.1492,20:12:46,717529030056,336630,100,24039,2685,51
1784722366.3492,20:12:46,717529092938,336630,100,24039,2685,51
1784722366.5492,20:12:46,717529154500,334282,100,24039,2625,51
1784722366.7492,20:12:46,717529214086,334282,100,24039,2625,51
1784722366.9492,20:12:46,717529270380,334282,100,24039,2625,51
1784722367.1492,20:12:47,717529322780,318458,100,24039,2460,49
1784722367.3492,20:12:47,717529372484,318458,100,24039,2460,49
1784722367.5492,20:12:47,717529418966,284849,100,24039,1635,47
1784722367.7492,20:12:47,717529462510,284849,100,24039,1635,47
1784722367.9492,20:12:47,717529502243,284849,100,24039,1635,47
1784722368.1492,20:12:48,717529536268,240326,100,24039,660,45
1784722368.3492,20:12:48,717529565502,240326,100,24039,660,45
1784722368.5492,20:12:48,717529592627,189500,100,24039,315,43
1784722368.7492,20:12:48,717529614691,189500,100,24039,315,43
1784722368.9492,20:12:48,717529634229,189500,100,24039,315,43
1784722369.1492,20:12:49,717529654797,136926,100,24039,270,42
1784722369.3492,20:12:49,717529677191,136926,100,24039,270,42
1784722369.5492,20:12:49,717529726145,142920,100,24039,2700,47
1784722369.7492,20:12:49,717529787322,142920,100,24039,2700,47
1784722369.9492,20:12:49,717529839886,142920,100,24039,2700,47
1784722370.1492,20:12:50,717529892459,225867,100,24039,2520,49
1784722370.3492,20:12:50,717529941928,225867,100,24039,2520,49
1784722370.5492,20:12:50,717529989096,280718,100,24039,2280,48
1784722370.7492,20:12:50,717530033565,280718,100,24039,2280,48
1784722370.9492,20:12:50,717530075505,280718,100,24039,2280,48
1784722371.1492,20:12:51,717530112852,247545,100,24039,885,46
1784722371.3492,20:12:51,717530145496,247545,100,24039,885,46
1784722371.5492,20:12:51,717530172815,201540,100,24039,420,44
1784722371.7492,20:12:51,717530194741,201540,100,24039,420,44
1784722371.9492,20:12:51,717530213351,201540,100,24039,420,44
1784722372.1492,20:12:52,717530231204,142817,100,24039,210,42
1784722372.3492,20:12:52,717530248980,142817,100,24039,210,42
1784722372.5492,20:12:52,717530266802,103651,100,24039,210,41
1784722372.7492,20:12:52,717530284596,103651,100,24039,210,41
1784722372.9492,20:12:52,717530302783,103651,100,24039,210,41
1784722373.1492,20:12:53,717530322788,96715,100,24039,285,41
1784722373.3492,20:12:53,717530344738,96715,100,24039,285,41
1784722373.5492,20:12:53,717530368488,107985,100,24039,420,42
1784722373.7492,20:12:53,717530393551,107985,100,24039,420,42
1784722373.9492,20:12:53,717530420097,107985,100,24039,420,42
1784722374.1492,20:12:54,717530446602,127529,100,24039,480,43
1784722374.3492,20:12:54,717530473186,127529,100,24039,480,43
1784722374.5492,20:12:54,717530500057,140457,100,24039,510,43
1784722374.7492,20:12:54,717530527174,140457,100,24039,510,43
1784722374.9492,20:12:54,717530554109,140457,100,24039,510,43
1784722375.1492,20:12:55,717530578963,143281,100,24039,435,42
1784722375.3492,20:12:55,717530602331,143281,100,24039,435,42
1784722375.5492,20:12:55,717530625411,135631,100,24039,360,42
1784722375.7492,20:12:55,717530648471,135631,100,24039,360,42
1784722375.9492,20:12:55,717530671656,135631,100,24039,360,42
1784722376.1493,20:12:56,717530694936,126324,100,24039,375,42
1784722376.3492,20:12:56,717530718167,126324,100,24039,375,42
1784722376.5492,20:12:56,717530741250,124984,100,24039,375,42
1784722376.7492,20:12:56,717530764434,124984,100,24039,375,42
1784722376.9492,20:12:56,717530787671,124984,100,24039,375,42
1784722377.1492,20:12:57,717530810778,125162,100,24039,375,42
1784722377.3492,20:12:57,717530833925,125162,100,24039,375,42
1784722377.5492,20:12:57,717530856954,124991,100,24039,390,42
1784722377.7492,20:12:57,717530881297,124991,100,24039,390,42
1784722377.9492,20:12:57,717530906255,124991,100,24039,390,42
1784722378.1492,20:12:58,717530931126,128885,100,24039,420,42
1784722378.3492,20:12:58,717530955932,128885,100,24039,420,42
1784722378.5492,20:12:58,717530980826,133194,100,24039,435,42
1784722378.7492,20:12:58,717531004263,133194,100,24039,435,42
1784722378.9492,20:12:58,717531027319,133194,100,24039,435,42
1784722379.1492,20:12:59,717531050513,130590,100,24039,375,42
1784722379.3492,20:12:59,717531073606,130590,100,24039,375,42
1784722379.5492,20:12:59,717531097468,127220,100,24039,330,42
1784722379.7492,20:12:59,717531120072,127220,100,24039,330,42
1784722379.9492,20:12:59,717531141831,127220,100,24039,330,42
1784722380.1492,20:13:00,717531164139,123504,100,24039,300,41
1784722380.3492,20:13:00,717531187216,123504,100,24039,300,41
1784722380.5492,20:13:00,717531210562,123203,100,24039,315,42
1784722380.7492,20:13:00,717531233581,123203,100,24039,315,42
1784722380.9492,20:13:00,717531257126,123203,100,24039,315,42
1784722381.1492,20:13:01,717531280704,125667,100,24039,330,42
1784722381.3492,20:13:01,717531303225,125667,100,24039,330,42
1784722381.5492,20:13:01,717531324494,124207,100,24039,285,41
1784722381.7492,20:13:01,717531346190,124207,100,24039,285,41
1784722381.9492,20:13:01,717531367435,124207,100,24039,285,41
1784722382.1492,20:13:02,717531388674,119729,100,24039,270,41
1784722382.3492,20:13:02,717531409887,119729,100,24039,270,41
1784722382.5492,20:13:02,717531431162,116246,100,24039,285,41
1784722382.7492,20:13:02,717531453246,116246,100,24039,285,41
1784722382.9492,20:13:02,717531476139,116246,100,24039,285,41
1784722383.1492,20:13:03,717531499451,119333,100,24039,330,41
1784722383.3492,20:13:03,717531522705,119333,100,24039,330,41
1784722383.5492,20:13:03,717531546127,124777,100,24039,330,41
1784722383.7492,20:13:03,717531569209,124777,100,24039,330,41
1784722383.9492,20:13:03,717531592421,124777,100,24039,330,41
1784722384.1492,20:13:04,717531615092,126955,100,24039,315,41
1784722384.3492,20:13:04,717531635611,126955,100,24039,315,41
1784722384.5492,20:13:04,717531665011,119305,100,24039,210,41
1784722384.7492,20:13:04,717531685842,119305,100,24039,210,41
1784722384.9492,20:13:04,717531706777,119305,100,24039,210,41
1784722385.1492,20:13:05,717531727969,109174,100,24039,210,41
1784722385.3492,20:13:05,717531750683,109174,100,24039,210,41
1784722385.5492,20:13:05,717531774987,108065,100,24039,300,41
1784722385.7492,20:13:05,717531799919,108065,100,24039,300,41
1784722385.9492,20:13:05,717531824963,108065,100,24039,300,41
1784722386.1492,20:13:06,717531849523,117369,100,24039,300,41
1784722386.3492,20:13:06,717531873933,117369,100,24039,300,41
1784722386.5492,20:13:06,717531899094,124039,100,24039,315,41
1784722386.7492,20:13:06,717531923849,124039,100,24039,315,41
1784722386.9492,20:13:06,717531948638,124039,100,24039,315,41
1784722387.1492,20:13:07,717531973468,124236,100,24039,315,41
1784722387.3492,20:13:07,717531998283,124236,100,24039,315,41
1784722387.5492,20:13:07,717532022720,124618,100,24039,315,41
1784722387.7492,20:13:07,717532045322,124618,100,24039,315,41
1784722387.9492,20:13:07,717532067836,124618,100,24039,315,41
1784722388.1492,20:13:08,717532090224,119731,100,24039,255,41
1784722388.3492,20:13:08,717532112606,119731,100,24039,255,41
1784722388.5492,20:13:08,717532134970,114323,100,24039,255,41
1784722388.7492,20:13:08,717532157229,114323,100,24039,255,41
1784722388.9492,20:13:08,717532181570,114323,100,24039,255,41
1784722389.1492,20:13:09,717532206417,114329,100,24039,210,41
1784722389.3492,20:13:09,717532231405,114329,100,24039,210,41
1784722389.5492,20:13:09,717532256331,120297,100,24039,210,41
1784722389.7492,20:13:09,717532281383,120297,100,24039,210,41
1784722389.9492,20:13:09,717532306365,120297,100,24039,210,41
1784722390.1492,20:13:10,717532328648,125667,100,24039,210,41
1784722390.3492,20:13:10,717532337911,125667,100,24039,210,41
1784722390.5492,20:13:10,717532347107,101050,0,24039,240,39
1784722390.7492,20:13:10,717532358427,101050,0,24039,240,39
1784722390.9492,20:13:10,717532370702,101050,0,24039,240,39
1784722391.1492,20:13:11,717532382955,69926,0,24039,2520,39
1784722391.3492,20:13:11,717532395118,69926,0,24039,2520,39
1784722391.5492,20:13:11,717532407297,64108,0,24039,2520,39
1784722391.7492,20:13:11,717532419404,64108,0,24039,2520,39
1784722391.9492,20:13:11,717532431557,64108,0,24039,2520,39
1784722392.1492,20:13:12,717532443720,64108,0,24039,2520,39
1784722392.3492,20:13:12,717532455817,64108,0,24039,2520,39
1784722392.5492,20:13:12,717532467893,61582,0,24039,2520,39
1784722392.7492,20:13:12,717532479982,61582,0,24039,2520,39
1784722392.9492,20:13:12,717532492098,61582,0,24039,2520,39
1784722393.1492,20:13:13,717532504184,61582,0,24039,2520,39
1784722393.3492,20:13:13,717532516238,61582,0,24039,2520,39
1784722393.5492,20:13:13,717532528261,61441,0,24039,2520,39
1784722393.7492,20:13:13,717532540289,61441,0,24039,2520,39
1784722393.9492,20:13:13,717532552391,61441,0,24039,2520,39
1784722394.1492,20:13:14,717532564424,61441,0,24039,2520,39
1784722394.3492,20:13:14,717532576414,61441,0,24039,2520,39
1784722394.5492,20:13:14,717532588460,61281,0,24039,2520,39
1784722394.7492,20:13:14,717532600482,61281,0,24039,2520,39
1784722394.9492,20:13:14,717532612562,61281,0,24039,2520,39
1784722395.1492,20:13:15,717532624637,61281,0,24039,2520,39
1784722395.3492,20:13:15,717532636719,61281,0,24039,2520,39
1784722395.5492,20:13:15,717532648783,61212,0,24039,2520,39
1784722395.7492,20:13:15,717532660796,61212,0,24039,2520,39
1784722395.9492,20:13:15,717532672792,61212,0,24039,2520,39
1784722396.1492,20:13:16,717532684773,61212,0,24039,2520,39
1784722396.3492,20:13:16,717532696723,61212,0,24039,2520,39
1784722396.5492,20:13:16,717532708727,61281,0,24039,2520,39
1784722396.7492,20:13:16,717532720745,61281,0,24039,2520,39
1784722396.9492,20:13:16,717532732745,61281,0,24039,2520,39
1784722397.1492,20:13:17,717532744738,61281,0,24039,2520,39
1784722397.3492,20:13:17,717532756702,61281,0,24039,2520,39
1784722397.5492,20:13:17,717532768720,61305,0,24039,2520,39
1784722397.7492,20:13:17,717532780663,61305,0,24039,2520,39
1784722397.9492,20:13:17,717532792619,61305,0,24039,2520,39
1784722398.1492,20:13:18,717532804577,61305,0,24039,2520,39
1784722398.3492,20:13:18,717532816487,61305,0,24039,2520,39
1784722398.5492,20:13:18,717532828476,61226,0,24039,2520,39
1784722398.7492,20:13:18,717532840425,61226,0,24039,2520,39
1784722398.9492,20:13:18,717532852298,61226,0,24039,2520,39
1784722399.1492,20:13:19,717532864210,61226,0,24039,2520,39
1784722399.3492,20:13:19,717532876075,61226,0,24039,2520,39
1784722399.5492,20:13:19,717532887916,61163,0,24039,2520,39
1784722399.7493,20:13:19,717532899779,61163,0,24039,2520,39
1784722399.9492,20:13:19,717532911646,61163,0,24039,2520,39
1784722400.1492,20:13:20,717532923524,61163,0,24039,2520,39
1784722400.3492,20:13:20,717532935385,61163,0,24039,2520,39
1784722400.5492,20:13:20,717532947209,61021,0,24039,2520,39
1784722400.7492,20:13:20,717532959020,61021,0,24039,2520,39
1784722400.9492,20:13:20,717532970826,61021,0,24039,2520,39
1784722401.1492,20:13:21,717532982647,61021,0,24039,2520,39
1784722401.3492,20:13:21,717532994480,61021,0,24039,2520,39
1784722401.5492,20:13:21,717533006267,60871,0,24039,2520,39
1784722401.7492,20:13:21,717533018118,60871,0,24039,2520,39
1784722401.9492,20:13:21,717533029948,60871,0,24039,2520,39
1784722402.1492,20:13:22,717533041743,60871,0,24039,2520,39
1784722402.3492,20:13:22,717533053515,60871,0,24039,2520,39
1784722402.5492,20:13:22,717533065326,60859,0,24039,2520,38
1784722402.7492,20:13:22,717533077242,60859,0,24039,2520,38
1784722402.9492,20:13:22,717533089061,60859,0,24039,2520,38
1784722403.1492,20:13:23,717533100829,60859,0,24039,2520,38
1784722403.3492,20:13:23,717533112627,60859,0,24039,2520,38
1784722403.5492,20:13:23,717533124392,60922,0,24039,2520,38
1784722403.7492,20:13:23,717533136138,60922,0,24039,2520,38
1784722403.9492,20:13:23,717533147940,60922,0,24039,2520,38
1784722404.1492,20:13:24,717533159726,60922,0,24039,2520,38
1784722404.3492,20:13:24,717533171515,60922,0,24039,2520,38
1784722404.5492,20:13:24,717533183314,60896,0,24039,2520,38
1784722404.7492,20:13:24,717533195057,60896,0,24039,2520,38
1784722404.9492,20:13:24,717533206880,60896,0,24039,2520,38
1784722405.1492,20:13:25,717533218726,60896,0,24039,2520,38
1784722405.3492,20:13:25,717533230482,60896,0,24039,2520,38
1784722405.5492,20:13:25,717533242207,60953,0,24039,2520,38
1784722405.7492,20:13:25,717533253891,60953,0,24039,2520,38
1784722405.9492,20:13:25,717533269452,60953,0,24039,2520,38
1784722406.1492,20:13:26,717533322243,64749,0,24039,2520,38
1784722406.3492,20:13:26,717533392803,64749,0,24039,2520,38
1784722406.5492,20:13:26,717533471485,161092,100,24039,2685,51
1784722406.7492,20:13:26,717533553053,161092,100,24039,2685,51
1784722406.9492,20:13:26,717533633924,161092,100,24039,2685,51
1784722407.1492,20:13:27,717533715102,370183,100,24039,2685,56
1784722407.3492,20:13:27,717533784377,370183,100,24039,2685,56
1784722407.5492,20:13:27,717533860114,409012,100,24039,2610,59
1784722407.7492,20:13:27,717533935886,409012,100,24039,2610,59
1784722407.9492,20:13:27,717534003474,409012,100,24039,2610,59
1784722408.1492,20:13:28,717534080963,379356,100,24039,2685,53
1784722408.3492,20:13:28,717534153424,379356,100,24039,2685,53
1784722408.5492,20:13:28,717534231575,387388,100,24039,2640,59
1784722408.7492,20:13:28,717534306831,387388,100,24039,2640,59
1784722408.9492,20:13:28,717534382070,387388,100,24039,2640,59
1784722409.1492,20:13:29,717534452030,390516,100,24039,2685,54
1784722409.3492,20:13:29,717534528064,390516,100,24039,2685,54
1784722409.5492,20:13:29,717534605337,387891,100,24039,2685,56
1784722409.7492,20:13:29,717534670201,387891,100,24039,2685,56
1784722409.9492,20:13:29,717534727367,387891,100,24039,2685,56
1784722410.1492,20:13:30,717534786127,354620,100,24039,2265,52
1784722410.3492,20:13:30,717534853221,354620,100,24039,2265,52
1784722410.5492,20:13:30,717534905369,328752,100,24039,2160,51
1784722410.7492,20:13:30,717534953927,328752,100,24039,2160,51
1784722410.9492,20:13:30,717534991195,328752,100,24039,2160,51
1784722411.1492,20:13:31,717535029948,272750,100,24039,945,47
1784722411.3492,20:13:31,717535071403,272750,100,24039,945,47
1784722411.5492,20:13:31,717535110606,223245,100,24039,915,47
1784722411.7492,20:13:31,717535151079,223245,100,24039,915,47
1784722411.9492,20:13:31,717535188855,223245,100,24039,915,47
1784722412.1492,20:13:32,717535224212,204903,100,24039,1050,47
1784722412.3492,20:13:32,717535263947,204903,100,24039,1050,47
1784722412.5492,20:13:32,717535301510,198827,100,24039,1050,48
1784722412.7492,20:13:32,717535342346,198827,100,24039,1050,48
1784722412.9492,20:13:32,717535388167,198827,100,24039,1050,48
1784722413.1492,20:13:33,717535435546,205825,100,24039,1470,47
1784722413.3492,20:13:33,717535481164,205825,100,24039,1470,47
1784722413.5492,20:13:33,717535521504,223807,100,24039,960,47
1784722413.7492,20:13:33,717535559251,223807,100,24039,960,47
1784722413.9492,20:13:33,717535587616,223807,100,24039,960,47
1784722414.1492,20:13:34,717535621812,210522,100,24039,765,46
1784722414.3492,20:13:34,717535655718,210522,100,24039,765,46
1784722414.5492,20:13:34,717535681023,176993,100,24039,660,45
1784722414.7492,20:13:34,717535707798,176993,100,24039,660,45
1784722414.9492,20:13:34,717535768575,176993,100,24039,660,45
1784722415.1493,20:13:35,717535833572,184414,100,24039,2685,50
1784722415.3492,20:13:35,717535898344,184414,100,24039,2685,50
1784722415.5492,20:13:35,717535959160,261555,100,24039,2595,52
1784722415.7492,20:13:35,717536013116,261555,100,24039,2595,52
1784722415.9492,20:13:35,717536055275,261555,100,24039,2595,52
1784722416.1492,20:13:36,717536097282,306896,100,24039,1485,48
1784722416.3492,20:13:36,717536132605,306896,100,24039,1485,48
1784722416.5492,20:13:36,717536162659,237540,100,24039,510,46
1784722416.7492,20:13:36,717536188412,237540,100,24039,510,46
1784722416.9492,20:13:36,717536208859,237540,100,24039,510,46
1784722417.1493,20:13:37,717536227707,165484,100,24039,210,43
1784722417.3492,20:13:37,717536246549,165484,100,24039,210,43
1784722417.5492,20:13:37,717536262287,115403,100,24039,210,42
1784722417.7492,20:13:37,717536280988,115403,100,24039,210,42
1784722417.9492,20:13:37,717536321580,115403,100,24039,210,42
1784722418.1493,20:13:38,717536391536,118916,100,24039,2520,46
1784722418.3492,20:13:38,717536458031,118916,100,24039,2520,46
1784722418.5492,20:13:38,717536514170,230709,100,24039,2430,51
1784722418.7492,20:13:38,717536567266,230709,100,24039,2430,51
1784722418.9492,20:13:38,717536617756,230709,100,24039,2430,51
1784722419.1492,20:13:39,717536662727,311143,100,24039,1470,49
1784722419.3492,20:13:39,717536698577,311143,100,24039,1470,49
1784722419.5492,20:13:39,717536732964,245850,100,24039,660,47
1784722419.7492,20:13:39,717536764616,245850,100,24039,660,47
1784722419.9492,20:13:39,717536789529,245850,100,24039,660,47
1784722420.1492,20:13:40,717536806354,185490,100,24039,300,44
1784722420.3492,20:13:40,717536821855,185490,100,24039,300,44
1784722420.5492,20:13:40,717536839232,125647,100,24039,210,42
1784722420.7492,20:13:40,717536857924,125647,100,24039,210,42
1784722420.9492,20:13:40,717536882870,125647,100,24039,210,42
1784722421.1492,20:13:41,717536944211,102962,100,24039,2520,42
1784722421.3493,20:13:41,717537008683,102962,100,24039,2520,42
1784722421.5492,20:13:41,717537070996,210077,100,24039,2580,52
1784722421.7492,20:13:41,717537123842,210077,100,24039,2580,52
1784722421.9492,20:13:41,717537190263,210077,100,24039,2580,52
1784722422.1492,20:13:42,717537246573,312094,100,24039,2685,53
1784722422.3493,20:13:42,717537289090,312094,100,24039,2685,53
1784722422.5492,20:13:42,717537320238,282054,100,24039,720,48
1784722422.7492,20:13:42,717537344508,282054,100,24039,720,48
1784722422.9492,20:13:42,717537364940,282054,100,24039,720,48
1784722423.1492,20:13:43,717537379400,200884,100,24039,210,44
1784722423.3492,20:13:43,717537393847,200884,100,24039,210,44
1784722423.5492,20:13:43,717537408241,107408,100,24039,210,42
1784722423.7492,20:13:43,717537424551,107408,100,24039,210,42
1784722423.9492,20:13:43,717537444050,107408,100,24039,210,42
1784722424.1492,20:13:44,717537465154,84049,100,24039,255,42
1784722424.3492,20:13:44,717537486515,84049,100,24039,255,42
1784722424.5492,20:13:44,717537507908,99359,100,24039,285,42
1784722424.7492,20:13:44,717537529293,99359,100,24039,285,42
1784722424.9492,20:13:44,717537550600,99359,100,24039,285,42
1784722425.1492,20:13:45,717537572836,112115,100,24039,285,42
1784722425.3492,20:13:45,717537593480,112115,100,24039,285,42
1784722425.5492,20:13:45,717537615769,112745,100,24039,390,43
1784722425.7492,20:13:45,717537640611,112745,100,24039,390,43
1784722425.9492,20:13:45,717537665345,112745,100,24039,390,43
1784722426.1492,20:13:46,717537690150,121157,100,24039,390,43
1784722426.3492,20:13:46,717537711035,121157,100,24039,390,43
1784722426.5492,20:13:46,717537733700,124275,100,24039,330,43
1784722426.7492,20:13:46,717537754227,124275,100,24039,330,43
1784722426.9492,20:13:46,717537772343,124275,100,24039,330,43
1784722427.1492,20:13:47,717537791377,114990,100,24039,375,42
1784722427.3492,20:13:47,717537830880,114990,100,24039,375,42
1784722427.5492,20:13:47,717537891470,145712,100,24039,2520,48
1784722427.7492,20:13:47,717537961413,145712,100,24039,2520,48
1784722427.9492,20:13:47,717538010654,145712,100,24039,2520,48
1784722428.1492,20:13:48,717538045487,239766,100,24039,1110,50
1784722428.3492,20:13:48,717538080565,239766,100,24039,1110,50
1784722428.5492,20:13:48,717538114215,256888,100,24039,660,47
1784722428.7493,20:13:48,717538141935,256888,100,24039,660,47
1784722428.9492,20:13:48,717538165024,256888,100,24039,660,47
1784722429.1492,20:13:49,717538189722,172812,100,24039,435,44
1784722429.3493,20:13:49,717538208188,172812,100,24039,435,44
1784722429.5492,20:13:49,717538226050,132035,100,24039,315,43
1784722429.7492,20:13:49,717538247347,132035,100,24039,315,43
1784722429.9492,20:13:49,717538268140,132035,100,24039,315,43
1784722430.1492,20:13:50,717538289162,112195,100,24039,480,43
1784722430.3492,20:13:50,717538314721,112195,100,24039,480,43
1784722430.5492,20:13:50,717538341058,117522,100,24039,630,44
1784722430.7492,20:13:50,717538368910,117522,100,24039,630,44
1784722430.9492,20:13:50,717538402402,117522,100,24039,630,44
1784722431.1492,20:13:51,717538433185,140575,100,24039,660,44
1784722431.3492,20:13:51,717538462225,140575,100,24039,660,44
1784722431.5492,20:13:51,717538493177,158378,100,24039,570,44
1784722431.7492,20:13:51,717538522362,158378,100,24039,570,44
1784722431.9492,20:13:51,717538549768,158378,100,24039,570,44
1784722432.1492,20:13:52,717538574061,159780,100,24039,405,44
1784722432.3492,20:13:52,717538591942,159780,100,24039,405,44
1784722432.5492,20:13:52,717538608644,134823,100,24039,330,42
1784722432.7492,20:13:52,717538625424,134823,100,24039,330,42
1784722432.9492,20:13:52,717538684399,134823,100,24039,330,42
1784722433.1492,20:13:53,717538749910,141946,100,24039,2580,51
1784722433.3492,20:13:53,717538807934,141946,100,24039,2580,51
1784722433.5493,20:13:53,717538852755,232085,100,24039,1710,50
1784722433.7492,20:13:53,717538884236,232085,100,24039,1710,50
1784722433.9492,20:13:53,717538914754,232085,100,24039,1710,50
1784722434.1492,20:13:54,717538941976,259689,100,24039,795,46
1784722434.3492,20:13:54,717538974640,259689,100,24039,795,46
1784722434.5492,20:13:54,717539006712,179514,100,24039,690,45
1784722434.7492,20:13:54,717539038200,179514,100,24039,690,45
1784722434.9492,20:13:54,717539066656,179514,100,24039,690,45
1784722435.1492,20:13:55,717539092267,164513,100,24039,525,44
1784722435.3492,20:13:55,717539113064,164513,100,24039,525,44
1784722435.5492,20:13:55,717539130129,145340,100,24039,255,43
1784722435.7492,20:13:55,717539148049,145340,100,24039,255,43
1784722435.9492,20:13:55,717539167230,145340,100,24039,255,43
1784722436.1493,20:13:56,717539187525,111307,100,24039,330,42
1784722436.3492,20:13:56,717539209622,111307,100,24039,330,42
1784722436.5492,20:13:56,717539232303,106127,100,24039,330,42
1784722436.7493,20:13:56,717539252790,106127,100,24039,330,42
1784722436.9493,20:13:56,717539271186,106127,100,24039,330,42
1784722437.1492,20:13:57,717539290065,111576,100,24039,375,42
1784722437.3492,20:13:57,717539323693,111576,100,24039,375,42
1784722437.5492,20:13:57,717539389785,143657,100,24039,2685,49
1784722437.7493,20:13:57,717539461547,143657,100,24039,2685,49
1784722437.9492,20:13:57,717539520582,143657,100,24039,2685,49
1784722438.1492,20:13:58,717539572487,254082,100,24039,2385,52
1784722438.3492,20:13:58,717539607418,254082,100,24039,2385,52
1784722438.5492,20:13:58,717539647594,296295,100,24039,1245,48
1784722438.7492,20:13:58,717539675854,296295,100,24039,1245,48
1784722438.9493,20:13:58,717539707963,296295,100,24039,1245,48
1784722439.1493,20:13:59,717539730142,208229,100,24039,555,46
1784722439.3493,20:13:59,717539758227,208229,100,24039,555,46
1784722439.5493,20:13:59,717539781789,159747,100,24039,510,44
1784722439.7493,20:13:59,717539806180,159747,100,24039,510,44
1784722439.9493,20:13:59,717539825179,159747,100,24039,510,44
1784722440.1492,20:14:00,717539849425,130747,100,24039,390,43
1784722440.3492,20:14:00,717539874026,130747,100,24039,390,43
1784722440.5492,20:14:00,717539894195,124432,100,24039,435,43
1784722440.7493,20:14:00,717539916795,124432,100,24039,435,43
1784722440.9493,20:14:00,717539941281,124432,100,24039,435,43
1784722441.1493,20:14:01,717539965768,124629,100,24039,390,43
1784722441.3493,20:14:01,717539985982,124629,100,24039,390,43
1784722441.5493,20:14:01,717540007128,121151,100,24039,345,43
1784722441.7492,20:14:01,717540030014,121151,100,24039,345,43
1784722441.9492,20:14:01,717540052590,121151,100,24039,345,43
1784722442.1492,20:14:02,717540072272,122819,100,24039,330,42
1784722442.3492,20:14:02,717540089985,122819,100,24039,330,42
1784722442.5492,20:14:02,717540109216,112186,100,24039,375,42
1784722442.7492,20:14:02,717540132478,112186,100,24039,375,42
1784722442.9492,20:14:02,717540158885,112186,100,24039,375,42
1784722443.1492,20:14:03,717540179918,116953,100,24039,465,43
1784722443.3493,20:14:03,717540201359,116953,100,24039,465,43
1784722443.5492,20:14:03,717540230643,125597,100,24039,570,44
1784722443.7492,20:14:03,717540258662,125597,100,24039,570,44
1784722443.9492,20:14:03,717540288193,125597,100,24039,570,44
1784722444.1492,20:14:04,717540318257,142103,100,24039,570,44
1784722444.3492,20:14:04,717540345821,142103,100,24039,570,44
1784722444.5493,20:14:04,717540366859,153928,100,24039,495,44
1784722444.7493,20:14:04,717540394522,153928,100,24039,495,44
1784722444.9493,20:14:04,717540420031,153928,100,24039,495,44
1784722445.1492,20:14:05,717540447601,146439,100,24039,510,44
1784722445.3492,20:14:05,717540475862,146439,100,24039,510,44
1784722445.5492,20:14:05,717540504279,143679,100,24039,510,44
1784722445.7492,20:14:05,717540532081,143679,100,24039,510,44
1784722445.9492,20:14:05,717540555959,143679,100,24039,510,44
1784722446.1492,20:14:06,717540575159,149436,100,24039,420,43
1784722446.3493,20:14:06,717540595416,149436,100,24039,420,43
1784722446.5492,20:14:06,717540616251,130880,100,24039,510,43
1784722446.7493,20:14:06,717540641958,130880,100,24039,510,43
1784722446.9493,20:14:06,717540668887,130880,100,24039,510,43
1784722447.1493,20:14:07,717540696041,124624,100,24039,570,44
1784722447.3493,20:14:07,717540723615,124624,100,24039,570,44
1784722447.5493,20:14:07,717540750794,143392,100,24039,630,44
1784722447.7492,20:14:07,717540775359,143392,100,24039,630,44
1784722447.9492,20:14:07,717540799994,143392,100,24039,630,44
1784722448.1492,20:14:08,717540830127,146613,100,24039,615,44
1784722448.3492,20:14:08,717540859263,146613,100,24039,615,44
1784722448.5492,20:14:08,717540886652,150608,100,24039,570,44
1784722448.7492,20:14:08,717540909209,150608,100,24039,570,44
1784722448.9492,20:14:08,717540930271,150608,100,24039,570,44
1784722449.1492,20:14:09,717540958357,144173,100,24039,540,44
1784722449.3492,20:14:09,717540988777,144173,100,24039,540,44
1784722449.5493,20:14:09,717541012196,142934,100,24039,525,44
1784722449.7492,20:14:09,717541035859,142934,100,24039,525,44
1784722449.9492,20:14:09,717541058716,142934,100,24039,525,44
1784722450.1492,20:14:10,717541088415,140887,100,24039,630,44
1784722450.3492,20:14:10,717541115212,140887,100,24039,630,44
1784722450.5492,20:14:10,717541147584,144988,100,24039,735,45
1784722450.7492,20:14:10,717541182557,144988,100,24039,735,45
1784722450.9492,20:14:10,717541212120,144988,100,24039,735,45
1784722451.1492,20:14:11,717541239461,163708,100,24039,705,45
1784722451.3492,20:14:11,717541263569,163708,100,24039,705,45
1784722451.5492,20:14:11,717541294577,158352,100,24039,555,44
1784722451.7493,20:14:11,717541318674,158352,100,24039,555,44
1784722451.9492,20:14:11,717541346229,158352,100,24039,555,44
1784722452.1493,20:14:12,717541375965,138296,100,24039,615,44
1784722452.3492,20:14:12,717541411360,138296,100,24039,615,44
1784722452.5493,20:14:12,717541445924,155255,100,24039,615,44
1784722452.7493,20:14:12,717541475116,155255,100,24039,615,44
1784722452.9493,20:14:12,717541497763,155255,100,24039,615,44
1784722453.1493,20:14:13,717541523696,156248,100,24039,495,43
1784722453.3493,20:14:13,717541551487,156248,100,24039,495,43
1784722453.5493,20:14:13,717541577793,143524,100,24039,570,44
1784722453.7493,20:14:13,717541602055,143524,100,24039,570,44
1784722453.9493,20:14:13,717541634806,143524,100,24039,570,44
1784722454.1493,20:14:14,717541664349,138050,100,24039,630,44
1784722454.3493,20:14:14,717541691684,138050,100,24039,630,44
1784722454.5493,20:14:14,717541717794,141869,100,24039,675,44
1784722454.7493,20:14:14,717541748963,141869,100,24039,675,44
1784722454.9493,20:14:14,717541782723,141869,100,24039,675,44
1784722455.1493,20:14:15,717541817989,153354,100,24039,765,45
1784722455.3493,20:14:15,717541853656,153354,100,24039,765,45
1784722455.5493,20:14:15,717541885947,168388,100,24039,705,45
1784722455.7493,20:14:15,717541917516,168388,100,24039,705,45
1784722455.9493,20:14:15,717541949754,168388,100,24039,705,45
1784722456.1493,20:14:16,717541976226,172119,100,24039,525,44
1784722456.3493,20:14:16,717541998274,172119,100,24039,525,44
1784722456.5493,20:14:16,717542024442,147909,100,24039,510,43
1784722456.7493,20:14:16,717542054143,147909,100,24039,510,43
1784722456.9493,20:14:16,717542083729,147909,100,24039,510,43
1784722457.1493,20:14:17,717542107739,140263,100,24039,465,43
1784722457.3493,20:14:17,717542134326,140263,100,24039,465,43
1784722457.5493,20:14:17,717542159107,139469,100,24039,525,43
1784722457.7493,20:14:17,717542187465,139469,100,24039,525,43
1784722457.9493,20:14:17,717542210541,139469,100,24039,525,43
1784722458.1493,20:14:18,717542238487,132237,100,24039,495,43
1784722458.3492,20:14:18,717542268602,132237,100,24039,495,43
1784722458.5493,20:14:18,717542295825,139019,100,24039,630,44
1784722458.7493,20:14:18,717542330477,139019,100,24039,630,44
1784722458.9493,20:14:18,717542362682,139019,100,24039,630,44
1784722459.1493,20:14:19,717542393438,152224,100,24039,645,45
1784722459.3493,20:14:19,717542425657,152224,100,24039,645,45
1784722459.5492,20:14:19,717542455177,159643,100,24039,690,45
1784722459.7493,20:14:19,717542484416,159643,100,24039,690,45
1784722459.9493,20:14:19,717542514564,159643,100,24039,690,45
1784722460.1493,20:14:20,717542547267,157360,100,24039,645,44
1784722460.3493,20:14:20,717542576347,157360,100,24039,645,44
1784722460.5493,20:14:20,717542607699,156680,100,24039,615,44
1784722460.7493,20:14:20,717542637601,156680,100,24039,615,44
1784722460.9493,20:14:20,717542662965,156680,100,24039,615,44
1784722461.1493,20:14:21,717542695852,154551,100,24039,570,44
1784722461.3493,20:14:21,717542729133,154551,100,24039,570,44
1784722461.5493,20:14:21,717542760898,157780,100,24039,525,44
1784722461.7493,20:14:21,717542790835,157780,100,24039,525,44
1784722461.9493,20:14:21,717542817353,157780,100,24039,525,44
1784722462.1493,20:14:22,717542843495,155616,100,24039,405,43
1784722462.3493,20:14:22,717542867877,155616,100,24039,405,43
1784722462.5493,20:14:22,717542890693,139922,100,24039,285,42
1784722462.7493,20:14:22,717542912253,139922,100,24039,285,42
1784722462.9493,20:14:22,717542930807,139922,100,24039,285,42
1784722463.1493,20:14:23,717542950241,118495,100,24039,210,41
1784722463.3493,20:14:23,717542969810,118495,100,24039,210,41
1784722463.5493,20:14:23,717542990568,104667,100,24039,240,41
1784722463.7493,20:14:23,717543013153,104667,100,24039,240,41
1784722463.9492,20:14:23,717543037728,104667,100,24039,240,41
1784722464.1493,20:14:24,717543063937,108806,100,24039,390,42
1784722464.3493,20:14:24,717543090154,108806,100,24039,390,42
1784722464.5493,20:14:24,717543119275,126131,100,24039,465,43
1784722464.7493,20:14:24,717543148643,126131,100,24039,465,43
1784722464.9493,20:14:24,717543178208,126131,100,24039,465,43
1784722465.1493,20:14:25,717543204559,142704,100,24039,435,43
1784722465.3493,20:14:25,717543230229,142704,100,24039,435,43
1784722465.5493,20:14:25,717543251408,140416,100,24039,450,43
1784722465.7493,20:14:25,717543274965,140416,100,24039,450,43
1784722465.9493,20:14:25,717543304021,140416,100,24039,450,43
1784722466.1493,20:14:26,717543333309,131162,100,24039,480,43
1784722466.3493,20:14:26,717543361358,131162,100,24039,480,43
1784722466.5493,20:14:26,717543390613,136344,100,24039,480,43
1784722466.7493,20:14:26,717543412552,136344,100,24039,480,43
1784722466.9493,20:14:26,717543437820,136344,100,24039,480,43
1784722467.1493,20:14:27,717543465276,138968,100,24039,420,43
1784722467.3493,20:14:27,717543490785,138968,100,24039,420,43
1784722467.5493,20:14:27,717543511254,130962,100,24039,405,43
1784722467.7493,20:14:27,717543534776,130962,100,24039,405,43
1784722467.9493,20:14:27,717543558936,130962,100,24039,405,43
1784722468.1493,20:14:28,717543589091,127165,100,24039,510,43
1784722468.3493,20:14:28,717543616984,127165,100,24039,510,43
1784722468.5493,20:14:28,717543650204,134368,100,24039,615,44
1784722468.7493,20:14:28,717543679177,134368,100,24039,615,44
1784722468.9493,20:14:28,717543705254,134368,100,24039,615,44
1784722469.1493,20:14:29,717543733928,148988,100,24039,645,44
1784722469.3493,20:14:29,717543769573,148988,100,24039,645,44
1784722469.5493,20:14:29,717543798933,157684,100,24039,660,45
1784722469.7493,20:14:29,717543830418,157684,100,24039,660,45
1784722469.9492,20:14:29,717543856967,157684,100,24039,660,45
1784722470.1493,20:14:30,717543886668,155949,100,24039,690,44
1784722470.3493,20:14:30,717543919757,155949,100,24039,690,44
1784722470.5493,20:14:30,717543953746,158584,100,24039,600,44
1784722470.7493,20:14:30,717543984796,158584,100,24039,600,44
1784722470.9493,20:14:30,717544011733,158584,100,24039,600,44
1784722471.1493,20:14:31,717544040040,158796,100,24039,510,44
1784722471.3493,20:14:31,717544062139,158796,100,24039,510,44
1784722471.5493,20:14:31,717544084117,144081,100,24039,480,43
1784722471.7493,20:14:31,717544113476,144081,100,24039,480,43
1784722471.9493,20:14:31,717544142904,144081,100,24039,480,43
1784722472.1493,20:14:32,717544172259,136567,100,24039,495,43
1784722472.3493,20:14:32,717544198182,136567,100,24039,495,43
1784722472.5493,20:14:32,717544225740,141874,100,24039,435,43
1784722472.7492,20:14:32,717544253252,141874,100,24039,435,43
1784722472.9493,20:14:32,717544275371,141874,100,24039,435,43
1784722473.1493,20:14:33,717544296687,138773,100,24039,465,43
1784722473.3493,20:14:33,717544322315,138773,100,24039,465,43
1784722473.5493,20:14:33,717544351390,131484,100,24039,480,43
1784722473.7493,20:14:33,717544379189,131484,100,24039,480,43
1784722473.9493,20:14:33,717544408306,131484,100,24039,480,43
1784722474.1493,20:14:34,717544433598,136111,100,24039,435,43
1784722474.3493,20:14:34,717544453915,136111,100,24039,435,43
1784722474.5493,20:14:34,717544475332,134249,100,24039,495,43
1784722474.7493,20:14:34,717544529205,134249,100,24039,495,43
1784722474.9493,20:14:34,717544601695,134249,100,24039,495,43
1784722475.1493,20:14:35,717544663155,196660,100,24039,2385,53
1784722475.3493,20:14:35,717544710417,196660,100,24039,2385,53
1784722475.5493,20:14:35,717544752911,263272,100,24039,1335,48
1784722475.7493,20:14:35,717544788142,263272,100,24039,1335,48
1784722475.9493,20:14:35,717544819402,263272,100,24039,1335,48
1784722476.1493,20:14:36,717544850141,243009,100,24039,705,45
1784722476.3492,20:14:36,717544877232,243009,100,24039,705,45
1784722476.5493,20:14:36,717544898983,168201,100,24039,300,43
1784722476.7493,20:14:36,717544918682,168201,100,24039,300,43
1784722476.9493,20:14:36,717544936580,168201,100,24039,300,43
1784722477.1493,20:14:37,717544953152,125013,100,24039,225,42
1784722477.3493,20:14:37,717544995295,125013,100,24039,225,42
1784722477.5493,20:14:37,717545061495,143428,100,24039,2685,53
1784722477.7493,20:14:37,717545126926,143428,100,24039,2685,53
1784722477.9493,20:14:37,717545185517,143428,100,24039,2685,53
1784722478.1493,20:14:38,717545240274,248852,100,24039,1770,54
1784722478.3493,20:14:38,717545274292,248852,100,24039,1770,54
1784722478.5493,20:14:38,717545308618,284787,100,24039,630,46
1784722478.7493,20:14:38,717545339880,284787,100,24039,630,46
1784722478.9493,20:14:38,717545363985,284787,100,24039,630,46
1784722479.1493,20:14:39,717545384898,195674,100,24039,390,44
1784722479.3493,20:14:39,717545404232,195674,100,24039,390,44
1784722479.5493,20:14:39,717545423031,132730,100,24039,210,42
1784722479.7493,20:14:39,717545439629,132730,100,24039,210,42
1784722479.9493,20:14:39,717545457132,132730,100,24039,210,42
1784722480.1493,20:14:40,717545474976,98875,100,24039,210,41
1784722480.3493,20:14:40,717545493796,98875,100,24039,210,41
1784722480.5493,20:14:40,717545515203,94518,100,24039,270,42
1784722480.7493,20:14:40,717545584042,94518,100,24039,270,42
1784722480.9493,20:14:40,717545655348,94518,100,24039,270,42
1784722481.1493,20:14:41,717545708142,210052,100,24039,2100,55
1784722481.3493,20:14:41,717545751271,210052,100,24039,2100,55
1784722481.5493,20:14:41,717545784025,267374,100,24039,765,47
1784722481.7493,20:14:41,717545815512,267374,100,24039,765,47
1784722481.9493,20:14:41,717545843336,267374,100,24039,765,47
1784722482.1493,20:14:42,717545861865,217958,100,24039,315,43
1784722482.3493,20:14:42,717545877435,217958,100,24039,315,43
1784722482.5493,20:14:42,717545894035,128111,100,24039,240,42
1784722482.7493,20:14:42,717545913632,128111,100,24039,240,42
1784722482.9493,20:14:42,717545937111,128111,100,24039,240,42
1784722483.1493,20:14:43,717545960804,103528,100,24039,345,42
1784722483.3493,20:14:43,717545978893,103528,100,24039,345,42
1784722483.5493,20:14:43,717545996671,106255,100,24039,345,42
1784722483.7493,20:14:43,717546017686,106255,100,24039,345,42
1784722483.9493,20:14:43,717546079867,106255,100,24039,345,42
1784722484.1493,20:14:44,717546151710,149410,100,24039,2685,54
1784722484.3493,20:14:44,717546208354,149410,100,24039,2685,54
1784722484.5493,20:14:44,717546262328,249716,100,24039,2295,50
1784722484.7493,20:14:44,717546314668,249716,100,24039,2295,50
1784722484.9493,20:14:44,717546362173,249716,100,24039,2295,50
1784722485.1493,20:14:45,717546404700,307884,100,24039,1410,48
1784722485.3493,20:14:45,717546442006,307884,100,24039,1410,48
1784722485.5493,20:14:45,717546469425,237521,100,24039,585,45
1784722485.7493,20:14:45,717546492225,237521,100,24039,585,45
1784722485.9493,20:14:45,717546516199,237521,100,24039,585,45
1784722486.1493,20:14:46,717546541113,168301,100,24039,405,44
1784722486.3493,20:14:46,717546557873,168301,100,24039,405,44
1784722486.5493,20:14:46,717546572746,118383,100,24039,210,42
1784722486.7493,20:14:46,717546591452,118383,100,24039,210,42
1784722486.9493,20:14:46,717546610179,118383,100,24039,210,42
1784722487.1493,20:14:47,717546626895,103430,100,24039,210,42
1784722487.3493,20:14:47,717546644975,103430,100,24039,210,42
1784722487.5493,20:14:47,717546664994,94106,100,24039,285,42
1784722487.7493,20:14:47,717546686415,94106,100,24039,285,42
1784722487.9493,20:14:47,717546706183,94106,100,24039,285,42
1784722488.1493,20:14:48,717546728276,102314,100,24039,300,42
1784722488.3493,20:14:48,717546750241,102314,100,24039,300,42
1784722488.5493,20:14:48,717546772034,113051,100,24039,285,42
1784722488.7493,20:14:48,717546793549,113051,100,24039,285,42
1784722488.9493,20:14:48,717546815019,113051,100,24039,285,42
1784722489.1493,20:14:49,717546836436,115025,100,24039,285,42
1784722489.3493,20:14:49,717546858052,115025,100,24039,285,42
1784722489.5493,20:14:49,717546880027,115713,100,24039,300,42
1784722489.7493,20:14:49,717546903703,115713,100,24039,300,42
1784722489.9493,20:14:49,717546927502,115713,100,24039,300,42
1784722490.1493,20:14:50,717546951319,120182,100,24039,360,42
1784722490.3493,20:14:50,717546975157,120182,100,24039,360,42
1784722490.5493,20:14:50,717546998927,125798,100,24039,360,42
1784722490.7493,20:14:50,717547022831,125798,100,24039,360,42
1784722490.9493,20:14:50,717547046769,125798,100,24039,360,42
1784722491.1493,20:14:51,717547069117,127997,100,24039,315,42
1784722491.3493,20:14:51,717547090901,127997,100,24039,315,42
1784722491.5493,20:14:51,717547112654,123624,100,24039,300,42
1784722491.7493,20:14:51,717547134342,123624,100,24039,300,42
1784722491.9493,20:14:51,717547156080,123624,100,24039,300,42
1784722492.1493,20:14:52,717547177873,118426,100,24039,300,42
1784722492.3493,20:14:52,717547199896,118426,100,24039,300,42
1784722492.5493,20:14:52,717547221931,117473,100,24039,300,42
1784722492.7493,20:14:52,717547243828,117473,100,24039,300,42
1784722492.9493,20:14:52,717547265791,117473,100,24039,300,42
1784722493.1493,20:14:53,717547287791,118129,100,24039,300,42
1784722493.3493,20:14:53,717547310537,118129,100,24039,300,42
1784722493.5493,20:14:53,717547334145,119959,100,24039,360,42
1784722493.7493,20:14:53,717547357983,119959,100,24039,360,42
1784722493.9493,20:14:53,717547381621,119959,100,24039,360,42
1784722494.1493,20:14:54,717547405226,124466,100,24039,360,42
1784722494.3493,20:14:54,717547428812,124466,100,24039,360,42
1784722494.5493,20:14:54,717547452383,127969,100,24039,360,42
1784722494.7493,20:14:54,717547476171,127969,100,24039,360,42
1784722494.9493,20:14:54,717547499150,127969,100,24039,360,42
1784722495.1493,20:14:55,717547521196,127546,100,24039,315,42
1784722495.3493,20:14:55,717547543199,127546,100,24039,315,42
1784722495.5493,20:14:55,717547565284,123543,100,24039,315,42
1784722495.7493,20:14:55,717547587151,123543,100,24039,315,42
1784722495.9493,20:14:55,717547609239,123543,100,24039,315,42
1784722496.1493,20:14:56,717547631103,119190,100,24039,315,42
1784722496.3493,20:14:56,717547653153,119190,100,24039,315,42
1784722496.5493,20:14:56,717547675061,119013,100,24039,315,42
1784722496.7493,20:14:56,717547697101,119013,100,24039,315,42
1784722496.9493,20:14:56,717547719015,119013,100,24039,315,42
1784722497.1493,20:14:57,717547741318,119274,100,24039,300,41
1784722497.3493,20:14:57,717547762757,119274,100,24039,300,41
1784722497.5493,20:14:57,717547782148,117071,100,24039,240,41
1784722497.7493,20:14:57,717547801827,117071,100,24039,240,41
1784722497.9493,20:14:57,717547820757,117071,100,24039,240,41
1784722498.1493,20:14:58,717547841064,110601,100,24039,285,41
1784722498.3493,20:14:58,717547862088,110601,100,24039,285,41
1784722498.5493,20:14:58,717547883076,108721,100,24039,315,41
1784722498.7493,20:14:58,717547903931,108721,100,24039,315,41
1784722498.9493,20:14:58,717547924857,108721,100,24039,315,41
1784722499.1493,20:14:59,717547947169,112575,100,24039,360,41
1784722499.3493,20:14:59,717547971291,112575,100,24039,360,41
1784722499.5493,20:14:59,717547995519,120388,100,24039,405,42
1784722499.7493,20:14:59,717548019919,120388,100,24039,405,42
1784722499.9493,20:14:59,717548042704,120388,100,24039,405,42
1784722500.1493,20:15:00,717548065141,127258,100,24039,375,42
1784722500.3493,20:15:00,717548087749,127258,100,24039,375,42
1784722500.5493,20:15:00,717548110206,126713,100,24039,360,42
1784722500.7493,20:15:00,717548132799,126713,100,24039,360,42
1784722500.9493,20:15:00,717548155160,126713,100,24039,360,42
1784722501.1493,20:15:01,717548177540,122852,100,24039,360,42
1784722501.3493,20:15:01,717548200036,122852,100,24039,360,42
1784722501.5493,20:15:01,717548222841,123003,100,24039,375,42
1784722501.7493,20:15:01,717548245665,123003,100,24039,375,42
1784722501.9493,20:15:01,717548268457,123003,100,24039,375,42
1784722502.1493,20:15:02,717548290965,123892,100,24039,375,42
1784722502.3493,20:15:02,717548313382,123892,100,24039,375,42
1784722502.5493,20:15:02,717548336149,124279,100,24039,375,42
1784722502.7493,20:15:02,717548358825,124279,100,24039,375,42
1784722502.9493,20:15:02,717548381164,124279,100,24039,375,42
1784722503.1493,20:15:03,717548403475,123782,100,24039,360,41
1784722503.3493,20:15:03,717548425840,123782,100,24039,360,41
1784722503.5493,20:15:03,717548448168,123432,100,24039,360,41
1784722503.7493,20:15:03,717548470249,123432,100,24039,360,41
1784722503.9493,20:15:03,717548491486,123432,100,24039,360,41
1784722504.1493,20:15:04,717548512820,121468,100,24039,330,41
1784722504.3493,20:15:04,717548534071,121468,100,24039,330,41
1784722504.5493,20:15:04,717548555335,118931,100,24039,330,41
1784722504.7493,20:15:04,717548576532,118931,100,24039,330,41
1784722504.9493,20:15:04,717548597611,118931,100,24039,330,41
1784722505.1493,20:15:05,717548618927,116827,100,24039,330,41
1784722505.3493,20:15:05,717548641752,116827,100,24039,330,41
1784722505.5493,20:15:05,717548665884,120107,100,24039,420,42
1784722505.7493,20:15:05,717548689967,120107,100,24039,420,42
1784722505.9493,20:15:05,717548714098,120107,100,24039,420,42
1784722506.1493,20:15:06,717548738678,127626,100,24039,435,42
1784722506.3493,20:15:06,717548763533,127626,100,24039,435,42
1784722506.5493,20:15:06,717548787186,134163,100,24039,405,42
1784722506.7493,20:15:06,717548810367,134163,100,24039,405,42
1784722506.9493,20:15:06,717548833458,134163,100,24039,405,42
1784722507.1493,20:15:07,717548854697,132035,100,24039,330,41
1784722507.3493,20:15:07,717548875905,132035,100,24039,330,41
1784722507.5493,20:15:07,717548897139,123669,100,24039,330,41
1784722507.7493,20:15:07,717548918286,123669,100,24039,330,41
1784722507.9493,20:15:07,717548939409,123669,100,24039,330,41
1784722508.1493,20:15:08,717548960603,118324,100,24039,330,41
1784722508.3493,20:15:08,717548981729,118324,100,24039,330,41
1784722508.5493,20:15:08,717549002893,117324,100,24039,330,41
1784722508.7493,20:15:08,717549025460,117324,100,24039,330,41
1784722508.9493,20:15:08,717549048406,117324,100,24039,330,41
1784722509.1493,20:15:09,717549071218,120612,100,24039,375,41
1784722509.3493,20:15:09,717549093797,120612,100,24039,375,41
1784722509.5493,20:15:09,717549116537,124710,100,24039,390,41
1784722509.7493,20:15:09,717549142297,124710,100,24039,390,41
1784722509.9493,20:15:09,717549168018,124710,100,24039,390,41
1784722510.1493,20:15:10,717549193790,128451,100,24039,345,41
1784722510.3493,20:15:10,717549217791,128451,100,24039,345,41
1784722510.5493,20:15:10,717549239769,127974,100,24039,225,41
1784722510.7493,20:15:10,717549260306,127974,100,24039,225,41
1784722510.9493,20:15:10,717549280537,127974,100,24039,225,41
1784722511.1493,20:15:11,717549301607,116717,100,24039,210,41
1784722511.3493,20:15:11,717549323720,116717,100,24039,210,41
1784722511.5493,20:15:11,717549346191,109302,100,24039,255,41
1784722511.7493,20:15:11,717549368960,109302,100,24039,255,41
1784722511.9493,20:15:11,717549391637,109302,100,24039,255,41
1784722512.1493,20:15:12,717549414329,113323,100,24039,270,41
1784722512.3493,20:15:12,717549437112,113323,100,24039,270,41
1784722512.5493,20:15:12,717549460377,116838,100,24039,285,41
1784722512.7493,20:15:12,717549483662,116838,100,24039,285,41
1784722512.9493,20:15:12,717549506319,116838,100,24039,285,41
1784722513.1493,20:15:13,717549528950,117551,100,24039,270,41
1784722513.3493,20:15:13,717549551609,117551,100,24039,270,41
1784722513.5493,20:15:13,717549574350,117357,100,24039,270,41
1784722513.7493,20:15:13,717549596909,117357,100,24039,270,41
1784722513.9493,20:15:13,717549619934,117357,100,24039,270,41
1784722514.1493,20:15:14,717549642912,116561,100,24039,285,41
1784722514.3493,20:15:14,717549665933,116561,100,24039,285,41
1784722514.5493,20:15:14,717549688982,117401,100,24039,285,41
1784722514.7493,20:15:14,717549711957,117401,100,24039,285,41
1784722514.9493,20:15:14,717549732913,117401,100,24039,285,41
1784722515.1493,20:15:15,717549753850,116000,100,24039,225,41
1784722515.3493,20:15:15,717549774764,116000,100,24039,225,41
1784722515.5493,20:15:15,717549795594,110970,100,24039,225,40
1784722515.7493,20:15:15,717549816522,110970,100,24039,225,40
1784722515.9493,20:15:15,717549837412,110970,100,24039,225,40
1784722516.1493,20:15:16,717549858163,106942,100,24039,225,40
1784722516.3493,20:15:16,717549879010,106942,100,24039,225,40
1784722516.5493,20:15:16,717549899874,106826,100,24039,225,40
1784722516.7493,20:15:16,717549922041,106826,100,24039,225,40
1784722516.9493,20:15:16,717549946232,106826,100,24039,225,40
1784722517.1493,20:15:17,717549972257,111262,100,24039,330,41
1784722517.3493,20:15:17,717549991642,111262,100,24039,330,41
1784722517.5493,20:15:17,717550003662,110716,0,24039,2520,40
1784722517.7493,20:15:17,717550015723,110716,0,24039,2520,40
1784722517.9493,20:15:17,717550027802,110716,0,24039,2520,40
1784722518.1493,20:15:18,717550039885,87517,0,24039,2520,39
1784722518.3493,20:15:18,717550051942,87517,0,24039,2520,39
1784722518.5493,20:15:18,717550061433,68619,0,24039,2520,39
1784722518.7493,20:15:18,717550070928,68619,0,24039,2520,39
1784722518.9493,20:15:18,717550080422,68619,0,24039,2520,39
1784722519.1493,20:15:19,717550089842,68619,0,24039,2520,39
1784722519.3493,20:15:19,717550099282,68619,0,24039,2520,39
1784722519.5493,20:15:19,717550108781,61463,0,24039,2520,39
1784722519.7493,20:15:19,717550118248,61463,0,24039,2520,39
1784722519.9493,20:15:19,717550127707,61463,0,24039,2520,39
1784722520.1493,20:15:20,717550137127,61463,0,24039,2520,39
1784722520.3493,20:15:20,717550146556,61463,0,24039,2520,39
1784722520.5493,20:15:20,717550155975,61443,0,24039,2520,39
1784722520.7493,20:15:20,717550165372,61443,0,24039,2520,39
1784722520.9493,20:15:20,717550174795,61443,0,24039,2520,39
1784722521.1493,20:15:21,717550184184,61443,0,24039,2520,39
1784722521.3493,20:15:21,717550193587,61443,0,24039,2520,39
1784722521.5493,20:15:21,717550202959,61322,0,24039,2520,39
1784722521.7493,20:15:21,717550212242,61322,0,24039,2520,39
1784722521.9493,20:15:21,717550221587,61322,0,24039,2520,39
1784722522.1493,20:15:22,717550230978,61322,0,24039,2520,39
1784722522.3493,20:15:22,717550240348,61322,0,24039,2520,39
1784722522.5493,20:15:22,717550249726,61105,0,24039,2520,39
1784722522.7493,20:15:22,717550259076,61105,0,24039,2520,39
1784722522.9493,20:15:22,717550268452,61105,0,24039,2520,39
1784722523.1493,20:15:23,717550277799,61105,0,24039,2520,39
1784722523.3493,20:15:23,717550287091,61105,0,24039,2520,39
1784722523.5493,20:15:23,717550296376,61110,0,24039,2520,39
1784722523.7493,20:15:23,717550305656,61110,0,24039,2520,39
1784722523.9493,20:15:23,717550314872,61110,0,24039,2520,39
1784722524.1493,20:15:24,717550324137,61110,0,24039,2520,39
1784722524.3493,20:15:24,717550333384,61110,0,24039,2520,39
1784722524.5493,20:15:24,717550342606,60918,0,24039,2520,39
1784722524.7493,20:15:24,717550351818,60918,0,24039,2520,39
1784722524.9493,20:15:24,717550361039,60918,0,24039,2520,39
1784722525.1493,20:15:25,717550370296,60918,0,24039,2520,39
1784722525.3493,20:15:25,717550379493,60918,0,24039,2520,39
1784722525.5493,20:15:25,717550388647,60610,0,24039,2520,39
1784722525.7493,20:15:25,717550397841,60610,0,24039,2520,39
1784722525.9493,20:15:25,717550407047,60610,0,24039,2520,39
1784722526.1493,20:15:26,717550416271,60610,0,24039,2520,39
1784722526.3493,20:15:26,717550425530,60610,0,24039,2520,39
1784722526.5493,20:15:26,717550434769,60596,0,24039,2520,39
1784722526.7493,20:15:26,717550443975,60596,0,24039,2520,39
1784722526.9493,20:15:26,717550453193,60596,0,24039,2520,39
1784722527.1493,20:15:27,717550462377,60596,0,24039,2520,39
1784722527.3493,20:15:27,717550471602,60596,0,24039,2520,39
1784722527.5493,20:15:27,717550480805,60708,0,24039,2520,38
1784722527.7493,20:15:27,717550489937,60708,0,24039,2520,38
1784722527.9493,20:15:27,717550499151,60708,0,24039,2520,38
1784722528.1493,20:15:28,717550508269,60708,0,24039,2520,38
1784722528.3493,20:15:28,717550517487,60708,0,24039,2520,38
1784722528.5493,20:15:28,717550526683,60719,0,24039,2520,38
1784722528.7493,20:15:28,717550535855,60719,0,24039,2520,38
1784722528.9493,20:15:28,717550545001,60719,0,24039,2520,38
1784722529.1493,20:15:29,717550554146,60719,0,24039,2520,38
1784722529.3493,20:15:29,717550563252,60719,0,24039,2520,38
1784722529.5493,20:15:29,717550572427,60705,0,24039,2520,38
1784722529.7493,20:15:29,717550581575,60705,0,24039,2520,38
1784722529.9493,20:15:29,717550590768,60705,0,24039,2520,38
1784722530.1493,20:15:30,717550599944,60705,0,24039,2520,38
1784722530.3493,20:15:30,717550609061,60705,0,24039,2520,38
1784722530.5493,20:15:30,717550618256,60771,0,24039,2520,38
1784722530.7493,20:15:30,717550627406,60771,0,24039,2520,38
1784722530.9493,20:15:30,717550636521,60771,0,24039,2520,38
1784722531.1493,20:15:31,717550645675,60771,0,24039,2520,38
1784722531.3493,20:15:31,717550654827,60771,0,24039,2520,38
1784722531.5493,20:15:31,717550663998,60814,0,24039,2520,38
1784722531.7493,20:15:31,717550673158,60814,0,24039,2520,38
1784722531.9493,20:15:31,717550682288,60814,0,24039,2520,38
1784722532.1493,20:15:32,717550691383,60814,0,24039,2520,38
1784722532.3493,20:15:32,717550700503,60814,0,24039,2520,38
1784722532.5493,20:15:32,717550714322,60989,0,24039,2520,38
1784722532.7493,20:15:32,717550786030,60989,0,24039,2520,38
1784722532.9493,20:15:32,717550871285,60989,0,24039,2520,38
1784722533.1493,20:15:33,717550964097,147548,0,24039,2565,62
1784722533.3493,20:15:33,717551056621,147548,0,24039,2565,62
1784722533.5493,20:15:33,717551145405,359540,100,24039,2475,62
1784722533.7493,20:15:33,717551228537,359540,100,24039,2475,62
1784722533.9493,20:15:33,717551297250,359540,100,24039,2475,62
1784722534.1493,20:15:34,717551362682,443195,100,24039,2685,53
1784722534.3493,20:15:34,717551427537,443195,100,24039,2685,53
1784722534.5493,20:15:34,717551491857,382380,100,24039,2685,51
1784722534.7493,20:15:34,717551556013,382380,100,24039,2685,51
1784722534.9493,20:15:34,717551620240,382380,100,24039,2685,51
1784722535.1493,20:15:35,717551684403,339286,100,24039,2685,51
1784722535.3493,20:15:35,717551748561,339286,100,24039,2685,51
1784722535.5493,20:15:35,717551812455,336402,100,24039,2685,51
1784722535.7493,20:15:35,717551875288,336402,100,24039,2685,51
1784722535.9493,20:15:35,717551935389,336402,100,24039,2685,51
1784722536.1493,20:15:36,717551993034,331152,100,24039,2595,50
1784722536.3493,20:15:36,717552048445,331152,100,24039,2595,50
1784722536.5493,20:15:36,717552100772,311851,100,24039,2355,49
1784722536.7493,20:15:36,717552149937,311851,100,24039,2355,49
1784722536.9493,20:15:36,717552196570,311851,100,24039,2355,49
1784722537.1493,20:15:37,717552240207,277440,100,24039,1575,47
1784722537.3493,20:15:37,717552279512,277440,100,24039,1575,47
1784722537.5493,20:15:37,717552313426,237969,100,24039,555,45
1784722537.7493,20:15:37,717552341014,237969,100,24039,555,45
1784722537.9493,20:15:37,717552364807,237969,100,24039,555,45
1784722538.1493,20:15:38,717552387057,182698,100,24039,300,43
1784722538.3493,20:15:38,717552409563,182698,100,24039,300,43
1784722538.5493,20:15:38,717552433974,135989,100,24039,390,42
1784722538.7493,20:15:38,717552464082,135989,100,24039,390,42
1784722538.9493,20:15:38,717552519853,135989,100,24039,390,42
1784722539.1493,20:15:39,717552577901,160413,100,24039,2700,49
1784722539.3493,20:15:39,717552635123,160413,100,24039,2700,49
1784722539.5493,20:15:39,717552689731,244276,100,24039,2505,50
1784722539.7493,20:15:39,717552741098,244276,100,24039,2505,50
1784722539.9493,20:15:39,717552789199,244276,100,24039,2505,50
1784722540.1493,20:15:40,717552834682,286621,100,24039,2235,47
1784722540.3493,20:15:40,717552877572,286621,100,24039,2235,47
1784722540.5493,20:15:40,717552916750,251372,100,24039,1035,46
1784722540.7493,20:15:40,717552951087,251372,100,24039,1035,46
1784722540.9493,20:15:40,717552979892,251372,100,24039,1035,46
1784722541.1493,20:15:41,717553003572,205292,100,24039,375,43
1784722541.3493,20:15:41,717553021993,205292,100,24039,375,43
1784722541.5493,20:15:41,717553039858,146396,100,24039,210,42
1784722541.7493,20:15:41,717553057722,146396,100,24039,210,42
1784722541.9493,20:15:41,717553075530,146396,100,24039,210,42
1784722542.1493,20:15:42,717553093387,105280,100,24039,210,41
1784722542.3493,20:15:42,717553111274,105280,100,24039,210,41
1784722542.5493,20:15:42,717553129614,94832,100,24039,225,41
1784722542.7493,20:15:42,717553172815,94832,100,24039,225,41
1784722542.9493,20:15:42,717553227470,94832,100,24039,225,41
1784722543.1493,20:15:43,717553283418,156321,100,24039,2640,49
1784722543.3493,20:15:43,717553337033,156321,100,24039,2640,49
1784722543.5493,20:15:43,717553387655,243852,100,24039,2520,48
1784722543.7493,20:15:43,717553435765,243852,100,24039,2520,48
1784722543.9493,20:15:43,717553481140,243852,100,24039,2520,48
1784722544.1493,20:15:44,717553523763,272954,100,24039,2010,47
1784722544.3493,20:15:44,717553563016,272954,100,24039,2010,47
1784722544.5493,20:15:44,717553597353,235956,100,24039,720,45
1784722544.7493,20:15:44,717553626413,235956,100,24039,720,45
1784722544.9493,20:15:44,717553649150,235956,100,24039,720,45
1784722545.1493,20:15:45,717553668357,184319,100,24039,285,42
1784722545.3493,20:15:45,717553686414,184319,100,24039,285,42
1784722545.5493,20:15:45,717553704363,128613,100,24039,210,41
1784722545.7493,20:15:45,717553722222,128613,100,24039,210,41
1784722545.9493,20:15:45,717553740188,128613,100,24039,210,41
1784722546.1493,20:15:46,717553758196,98249,100,24039,210,41
1784722546.3493,20:15:46,717553776121,98249,100,24039,210,41
1784722546.5493,20:15:46,717553793993,95624,100,24039,210,41
1784722546.7493,20:15:46,717553812220,95624,100,24039,210,41
1784722546.9493,20:15:46,717553832372,95624,100,24039,210,41
1784722547.1493,20:15:47,717553853595,98391,100,24039,255,41
1784722547.3493,20:15:47,717553875256,98391,100,24039,255,41
1784722547.5493,20:15:47,717553896887,106981,100,24039,270,41
1784722547.7493,20:15:47,717553918960,106981,100,24039,270,41
1784722547.9493,20:15:47,717553940665,106981,100,24039,270,41
1784722548.1493,20:15:48,717553960219,115230,100,24039,210,41
1784722548.3493,20:15:48,717553979625,115230,100,24039,210,41
1784722548.5493,20:15:48,717554000627,111755,100,24039,255,41
1784722548.7493,20:15:48,717554021930,111755,100,24039,255,41
1784722548.9493,20:15:48,717554043536,111755,100,24039,255,41
1784722549.1493,20:15:49,717554065147,110753,100,24039,270,41
1784722549.3493,20:15:49,717554086461,110753,100,24039,270,41
1784722549.5493,20:15:49,717554107626,114680,100,24039,270,41
1784722549.7493,20:15:49,717554129215,114680,100,24039,270,41
1784722549.9493,20:15:49,717554150706,114680,100,24039,270,41
1784722550.1493,20:15:50,717554172212,115233,100,24039,270,41
1784722550.3493,20:15:50,717554193698,115233,100,24039,270,41
1784722550.5493,20:15:50,717554215184,115260,100,24039,255,41
1784722550.7493,20:15:50,717554236647,115260,100,24039,255,41
1784722550.9493,20:15:50,717554258185,115260,100,24039,255,41
1784722551.1493,20:15:51,717554279708,115573,100,24039,270,41
1784722551.3493,20:15:51,717554301210,115573,100,24039,270,41
1784722551.5493,20:15:51,717554323144,115952,100,24039,285,41
1784722551.7493,20:15:51,717554345055,115952,100,24039,285,41
1784722551.9493,20:15:51,717554366962,115952,100,24039,285,41
1784722552.1493,20:15:52,717554388958,117142,100,24039,285,41
1784722552.3493,20:15:52,717554410646,117142,100,24039,285,41
1784722552.5493,20:15:52,717554432207,117776,100,24039,270,41
1784722552.7493,20:15:52,717554453728,117776,100,24039,270,41
1784722552.9493,20:15:52,717554473907,117776,100,24039,270,41
1784722553.1493,20:15:53,717554493241,115561,100,24039,210,41
1784722553.3493,20:15:53,717554512404,115561,100,24039,210,41
1784722553.5493,20:15:53,717554531622,109321,100,24039,210,41
1784722553.7493,20:15:53,717554550776,109321,100,24039,210,41
1784722553.9493,20:15:53,717554570528,109321,100,24039,210,41
1784722554.1493,20:15:54,717554591713,104505,100,24039,240,41
1784722554.3493,20:15:54,717554614211,104505,100,24039,240,41
1784722554.5493,20:15:54,717554637181,111502,100,24039,315,41
1784722554.7493,20:15:54,717554659924,111502,100,24039,315,41
1784722554.9493,20:15:54,717554683251,111502,100,24039,315,41
1784722555.1493,20:15:55,717554705537,120952,100,24039,315,41
1784722555.3493,20:15:55,717554725950,120952,100,24039,315,41
1784722555.5493,20:15:55,717554744897,119449,100,24039,210,41
1784722555.7493,20:15:55,717554763777,119449,100,24039,210,41
1784722555.9493,20:15:55,717554782864,119449,100,24039,210,41
1784722556.1493,20:15:56,717554803209,109985,100,24039,240,41
1784722556.3493,20:15:56,717554823805,109985,100,24039,240,41
1784722556.5493,20:15:56,717554844254,106872,100,24039,255,41
1784722556.7493,20:15:56,717554864904,106872,100,24039,255,41
1784722556.9493,20:15:56,717554885508,106872,100,24039,255,41
1784722557.1493,20:15:57,717554906038,111050,100,24039,255,41
1784722557.3493,20:15:57,717554926617,111050,100,24039,255,41
1784722557.5493,20:15:57,717554949621,113086,100,24039,210,41
1784722557.7493,20:15:57,717554972604,113086,100,24039,210,41
1784722557.9493,20:15:57,717554995668,113086,100,24039,210,41
1784722558.1493,20:15:58,717555018646,119197,100,24039,210,41
1784722558.3493,20:15:58,717555041638,119197,100,24039,210,41
1784722558.5493,20:15:58,717555064553,125319,100,24039,210,41
1784722558.7493,20:15:58,717555081461,125319,100,24039,210,41
1784722558.9493,20:15:58,717555092749,125319,100,24039,210,41
1784722559.1493,20:15:59,717555104144,108125,100,24039,2520,40
1784722559.3493,20:15:59,717555115438,108125,100,24039,2520,40
1784722559.5493,20:15:59,717555126708,79225,0,24039,2520,39
1784722559.7493,20:15:59,717555137971,79225,0,24039,2520,39
1784722559.9493,20:15:59,717555146537,79225,0,24039,2520,39
1784722560.1493,20:16:00,717555155129,67684,0,24039,2520,39
1784722560.3493,20:16:00,717555163677,67684,0,24039,2520,39
1784722560.5493,20:16:00,717555172254,67684,0,24039,2520,39
1784722560.7493,20:16:00,717555180851,67684,0,24039,2520,39
1784722560.9493,20:16:00,717555189466,67684,0,24039,2520,39
1784722561.1493,20:16:01,717555198009,61198,0,24039,2520,39
1784722561.3493,20:16:01,717555206525,61198,0,24039,2520,39
1784722561.5493,20:16:01,717555215067,61198,0,24039,2520,39
1784722561.7493,20:16:01,717555223585,61198,0,24039,2520,39
1784722561.9493,20:16:01,717555232114,61198,0,24039,2520,39
1784722562.1493,20:16:02,717555240662,61117,0,24039,2520,39
1784722562.3493,20:16:02,717555249136,61117,0,24039,2520,39
1784722562.5493,20:16:02,717555257574,61117,0,24039,2520,39
1784722562.7493,20:16:02,717555266019,61117,0,24039,2520,39
1784722562.9493,20:16:02,717555274504,61117,0,24039,2520,39
1784722563.1493,20:16:03,717555283000,60978,0,24039,2520,39
1784722563.3493,20:16:03,717555291489,60978,0,24039,2520,39
1784722563.5493,20:16:03,717555300038,60978,0,24039,2520,39
1784722563.7493,20:16:03,717555308640,60978,0,24039,2520,39
1784722563.9493,20:16:03,717555317175,60978,0,24039,2520,39
1784722564.1493,20:16:04,717555325714,60935,0,24039,2520,39
1784722564.3493,20:16:04,717555334203,60935,0,24039,2520,39
1784722564.5493,20:16:04,717555342695,60935,0,24039,2520,39
1784722564.7493,20:16:04,717555351235,60935,0,24039,2520,39
1784722564.9493,20:16:04,717555359717,60935,0,24039,2520,39
1784722565.1493,20:16:05,717555368267,61199,0,24039,2520,39
1784722565.3493,20:16:05,717555376717,61199,0,24039,2520,39
1784722565.5493,20:16:05,717555385181,61199,0,24039,2520,39
1784722565.7493,20:16:05,717555393679,61199,0,24039,2520,39
1784722565.9493,20:16:05,717555402154,61199,0,24039,2520,39
1784722566.1493,20:16:06,717555410581,61345,0,24039,2520,39
1784722566.3493,20:16:06,717555419039,61345,0,24039,2520,39
1784722566.5493,20:16:06,717555427529,61345,0,24039,2520,39
1784722566.7493,20:16:06,717555435966,61345,0,24039,2520,39
1784722566.9493,20:16:06,717555444411,61345,0,24039,2520,39
1784722567.1493,20:16:07,717555452846,61273,0,24039,2520,39
1784722567.3493,20:16:07,717555461266,61273,0,24039,2520,39
1784722567.5493,20:16:07,717555469711,61273,0,24039,2520,39
1784722567.7493,20:16:07,717555478139,61273,0,24039,2520,39
1784722567.9493,20:16:07,717555486551,61273,0,24039,2520,39
1784722568.1493,20:16:08,717555494936,61183,0,24039,2520,39
1784722568.3493,20:16:08,717555503338,61183,0,24039,2520,39
1784722568.5493,20:16:08,717555511719,61183,0,24039,2520,39
1784722568.7493,20:16:08,717555520110,61183,0,24039,2520,39
1784722568.9493,20:16:08,717555528493,61183,0,24039,2520,39
1784722569.1493,20:16:09,717555536860,61089,0,24039,2520,39
1784722569.3493,20:16:09,717555545223,61089,0,24039,2520,39
1784722569.5493,20:16:09,717555553579,61089,0,24039,2520,39
1784722569.7493,20:16:09,717555561916,61089,0,24039,2520,39
1784722569.9493,20:16:09,717555570281,61089,0,24039,2520,39
1784722570.1493,20:16:10,717555578639,61019,0,24039,2520,39
1784722570.3493,20:16:10,717555587012,61019,0,24039,2520,39
1784722570.5493,20:16:10,717555595375,61019,0,24039,2520,39
1784722570.7493,20:16:10,717555603747,61019,0,24039,2520,39
1784722570.9493,20:16:10,717555612084,61019,0,24039,2520,39
1784722571.1493,20:16:11,717555620409,61029,0,24039,2520,38
1784722571.3493,20:16:11,717555628694,61029,0,24039,2520,38
1784722571.5493,20:16:11,717555637017,61029,0,24039,2520,38
1784722571.7493,20:16:11,717555645373,61029,0,24039,2520,38
1784722571.9493,20:16:11,717555653755,61029,0,24039,2520,38
1784722572.1493,20:16:12,717555662093,61029,0,24039,2520,38
1784722572.3493,20:16:12,717555670374,61029,0,24039,2520,38
1784722572.5493,20:16:12,717555678642,61029,0,24039,2520,38
1784722572.7493,20:16:12,717555686936,61029,0,24039,2520,38
1784722572.9493,20:16:12,717555695239,61029,0,24039,2520,38
1784722573.1493,20:16:13,717555703540,61055,0,24039,2520,38
1784722573.3493,20:16:13,717555711863,61055,0,24039,2520,38
1784722573.5493,20:16:13,717555720119,61055,0,24039,2520,38
1784722573.7493,20:16:13,717555728365,61055,0,24039,2520,38
1784722573.9493,20:16:13,717555736544,61055,0,24039,2520,38
1784722574.1493,20:16:14,717555744732,61052,0,24039,2520,38
1784722574.3493,20:16:14,717555752958,61052,0,24039,2520,38
1784722574.5493,20:16:14,717555761092,61052,0,24039,2520,38
1784722574.7493,20:16:14,717555802653,61052,0,24039,2520,38
1784722574.9493,20:16:14,717555859305,61052,0,24039,2520,38
1784722575.1493,20:16:15,717555946962,123713,0,24039,2580,57
1784722575.3493,20:16:15,717556026663,123713,0,24039,2580,57
1784722575.5493,20:16:15,717556115108,211948,100,24039,2595,57
1784722575.7493,20:16:15,717556196416,211948,100,24039,2595,57
1784722575.9493,20:16:15,717556274312,211948,100,24039,2595,57
1784722576.1493,20:16:16,717556359507,419466,100,24039,2580,57
1784722576.3493,20:16:16,717556437321,419466,100,24039,2580,57
1784722576.5493,20:16:16,717556517118,418731,100,24039,2670,54
1784722576.7493,20:16:16,717556590245,418731,100,24039,2670,54
1784722576.9493,20:16:16,717556665234,418731,100,24039,2670,54
1784722577.1493,20:16:17,717556733933,399105,100,24039,2685,54
1784722577.3493,20:16:17,717556806812,399105,100,24039,2685,54
1784722577.5493,20:16:17,717556882452,383864,100,24039,2625,59
1784722577.7493,20:16:17,717556956388,383864,100,24039,2625,59
1784722577.9493,20:16:17,717557034998,383864,100,24039,2625,59
1784722578.1493,20:16:18,717557118311,388399,100,24039,2595,60
1784722578.3493,20:16:18,717557197052,388399,100,24039,2595,60
1784722578.5493,20:16:18,717557271440,403503,100,24039,2670,56
1784722578.7493,20:16:18,717557345462,403503,100,24039,2670,56
1784722578.9493,20:16:18,717557415947,403503,100,24039,2670,56
1784722579.1493,20:16:19,717557478431,389186,100,24039,2640,53
1784722579.3493,20:16:19,717557537018,389186,100,24039,2640,53
1784722579.5493,20:16:19,717557583760,337960,100,24039,1995,49
1784722579.7493,20:16:19,717557633201,337960,100,24039,1995,49
1784722579.9493,20:16:19,717557678002,337960,100,24039,1995,49
1784722580.1493,20:16:20,717557726101,273786,100,24039,1650,50
1784722580.3493,20:16:20,717557781272,273786,100,24039,1650,50
1784722580.5493,20:16:20,717557823463,247436,100,24039,1320,50
1784722580.7493,20:16:20,717557874426,247436,100,24039,1320,50
1784722580.9493,20:16:20,717557923379,247436,100,24039,1320,50
1784722581.1493,20:16:21,717557974908,249955,100,24039,2265,49
1784722581.3493,20:16:21,717558015285,249955,100,24039,2265,49
1784722581.5493,20:16:21,717558056965,239574,100,24039,1050,48
1784722581.7493,20:16:21,717558098235,239574,100,24039,1050,48
1784722581.9493,20:16:21,717558136842,239574,100,24039,1050,48
1784722582.1493,20:16:22,717558175395,222726,100,24039,840,47
1784722582.3493,20:16:22,717558201599,222726,100,24039,840,47
1784722582.5493,20:16:22,717558229290,186313,100,24039,600,45
1784722582.7493,20:16:22,717558255663,186313,100,24039,600,45
1784722582.9493,20:16:22,717558288737,186313,100,24039,600,45
1784722583.1493,20:16:23,717558323503,159964,100,24039,690,45
1784722583.3493,20:16:23,717558356483,159964,100,24039,690,45
1784722583.5493,20:16:23,717558385847,160416,100,24039,645,45
1784722583.7493,20:16:23,717558411847,160416,100,24039,645,45
1784722583.9493,20:16:23,717558440941,160416,100,24039,645,45
1784722584.1493,20:16:24,717558476603,157769,100,24039,735,45
1784722584.3493,20:16:24,717558509185,157769,100,24039,735,45
1784722584.5493,20:16:24,717558538679,156503,100,24039,810,45
1784722584.7493,20:16:24,717558574994,156503,100,24039,810,45
1784722584.9493,20:16:24,717558612376,156503,100,24039,810,45
1784722585.1493,20:16:25,717558648532,174378,100,24039,780,46
1784722585.3493,20:16:25,717558680517,174378,100,24039,780,46
1784722585.5493,20:16:25,717558713942,175557,100,24039,720,45
1784722585.7493,20:16:25,717558745476,175557,100,24039,720,45
1784722585.9493,20:16:25,717558773814,175557,100,24039,720,45
1784722586.1493,20:16:26,717558804505,167665,100,24039,615,45
1784722586.3493,20:16:26,717558834392,167665,100,24039,615,45
1784722586.5493,20:16:26,717558859529,154643,100,24039,705,45
1784722586.7493,20:16:26,717558901390,154643,100,24039,705,45
1784722586.9493,20:16:26,717558971496,154643,100,24039,705,45
1784722587.1493,20:16:27,717559045905,197073,100,24039,2685,56
1784722587.3493,20:16:27,717559109643,197073,100,24039,2685,56
1784722587.5493,20:16:27,717559172701,290461,100,24039,1665,55
1784722587.7493,20:16:27,717559221600,290461,100,24039,1665,55
1784722587.9493,20:16:27,717559267150,290461,100,24039,1665,55
1784722588.1493,20:16:28,717559299335,315116,100,24039,960,48
1784722588.3493,20:16:28,717559326894,315116,100,24039,960,48
1784722588.5493,20:16:28,717559354722,216964,100,24039,675,45
1784722588.7493,20:16:28,717559388011,216964,100,24039,675,45
1784722588.9493,20:16:28,717559413412,216964,100,24039,675,45
1784722589.1493,20:16:29,717559435836,159080,100,24039,495,44
1784722589.3493,20:16:29,717559457887,159080,100,24039,495,44
1784722589.5493,20:16:29,717559485774,137805,100,24039,600,44
1784722589.7493,20:16:29,717559512112,137805,100,24039,600,44
1784722589.9493,20:16:29,717559538483,137805,100,24039,600,44
1784722590.1493,20:16:30,717559572392,129655,100,24039,765,45
1784722590.3493,20:16:30,717559607299,129655,100,24039,765,45
1784722590.5493,20:16:30,717559644108,159502,100,24039,720,46
1784722590.7493,20:16:30,717559672038,159502,100,24039,720,46
1784722590.9493,20:16:30,717559707246,159502,100,24039,720,46
1784722591.1493,20:16:31,717559739386,172150,100,24039,780,45
1784722591.3493,20:16:31,717559773455,172150,100,24039,780,45
1784722591.5493,20:16:31,717559804380,172716,100,24039,660,45
1784722591.7493,20:16:31,717559830824,172716,100,24039,660,45
1784722591.9493,20:16:31,717559851145,172716,100,24039,660,45
1784722592.1493,20:16:32,717559871280,152854,100,24039,450,44
1784722592.3493,20:16:32,717559893687,152854,100,24039,450,44
1784722592.5493,20:16:32,717559957912,140380,100,24039,2700,52
1784722592.7493,20:16:32,717560024686,140380,100,24039,2700,52
1784722592.9493,20:16:32,717560094055,140380,100,24039,2700,52
1784722593.1493,20:16:33,717560160042,241258,100,24039,2625,53
1784722593.3493,20:16:33,717560209127,241258,100,24039,2625,53
1784722593.5493,20:16:33,717560258747,321929,100,24039,2145,50
1784722593.7493,20:16:33,717560311629,321929,100,24039,2145,50
1784722593.9493,20:16:33,717560371890,321929,100,24039,2145,50
1784722594.1493,20:16:34,717560426136,295248,100,24039,2340,51
1784722594.3493,20:16:34,717560477348,295248,100,24039,2340,51
1784722594.5493,20:16:34,717560519869,277507,100,24039,1335,50
1784722594.7493,20:16:34,717560558596,277507,100,24039,1335,50
1784722594.9493,20:16:34,717560590238,277507,100,24039,1335,50
1784722595.1493,20:16:35,717560622438,240128,100,24039,810,47
1784722595.3493,20:16:35,717560647670,240128,100,24039,810,47
1784722595.5493,20:16:35,717560671524,174329,100,24039,585,45
1784722595.7493,20:16:35,717560695018,174329,100,24039,585,45
1784722595.9493,20:16:35,717560718567,174329,100,24039,585,45
1784722596.1493,20:16:36,717560744729,137186,100,24039,630,45
1784722596.3493,20:16:36,717560772977,137186,100,24039,630,45
1784722596.5493,20:16:36,717560806451,135676,100,24039,780,46
1784722596.7493,20:16:36,717560839197,135676,100,24039,780,46
1784722596.9493,20:16:36,717560871504,135676,100,24039,780,46
1784722597.1493,20:16:37,717560906553,157733,100,24039,750,46
1784722597.3493,20:16:37,717560939339,157733,100,24039,750,46
1784722597.5493,20:16:37,717560965876,171904,100,24039,675,46
1784722597.7493,20:16:37,717560991731,171904,100,24039,675,46
1784722597.9493,20:16:37,717561018140,171904,100,24039,675,46
1784722598.1493,20:16:38,717561052115,155057,100,24039,690,45
1784722598.3493,20:16:38,717561083845,155057,100,24039,690,45
1784722598.5493,20:16:38,717561114499,155258,100,24039,615,45
1784722598.7493,20:16:38,717561138983,155258,100,24039,615,45
1784722598.9493,20:16:38,717561167185,155258,100,24039,615,45
1784722599.1493,20:16:39,717561196554,157176,100,24039,615,45
1784722599.3493,20:16:39,717561221314,157176,100,24039,615,45
1784722599.5493,20:16:39,717561250674,147184,100,24039,660,45
1784722599.7493,20:16:39,717561276025,147184,100,24039,660,45
1784722599.9493,20:16:39,717561303284,147184,100,24039,660,45
1784722600.1493,20:16:40,717561337534,143920,100,24039,690,45
1784722600.3493,20:16:40,717561371534,143920,100,24039,690,45
1784722600.5493,20:16:40,717561401252,160734,100,24039,690,45
1784722600.7493,20:16:40,717561429234,160734,100,24039,690,45
1784722600.9493,20:16:40,717561459999,160734,100,24039,690,45
1784722601.1493,20:16:41,717561489141,165236,100,24039,585,44
1784722601.3493,20:16:41,717561511090,165236,100,24039,585,44
1784722601.5493,20:16:41,717561539184,148074,100,24039,495,44
1784722601.7493,20:16:41,717561565237,148074,100,24039,495,44
1784722601.9493,20:16:41,717561591600,148074,100,24039,495,44
1784722602.1493,20:16:42,717561616786,141507,100,24039,495,44
1784722602.3493,20:16:42,717561645196,141507,100,24039,495,44
1784722602.5493,20:16:42,717561672463,142624,100,24039,450,44
1784722602.7493,20:16:42,717561695700,142624,100,24039,450,44
1784722602.9493,20:16:42,717561720847,142624,100,24039,450,44
1784722603.1493,20:16:43,717561744750,137211,100,24039,360,43
1784722603.3493,20:16:43,717561766336,137211,100,24039,360,43
1784722603.5493,20:16:43,717561786447,126218,100,24039,255,42
1784722603.7493,20:16:43,717561806482,126218,100,24039,255,42
1784722603.9493,20:16:43,717561826720,126218,100,24039,255,42
1784722604.1493,20:16:44,717561846910,114191,100,24039,255,42
1784722604.3493,20:16:44,717561863187,114191,100,24039,255,42
1784722604.5493,20:16:44,717561879807,101486,100,24039,330,42
1784722604.7493,20:16:44,717561916493,101486,100,24039,330,42
1784722604.9493,20:16:44,717561977651,101486,100,24039,330,42
1784722605.1493,20:16:45,717562057491,156640,100,24039,2610,57
1784722605.3493,20:16:45,717562121457,156640,100,24039,2610,57
1784722605.5493,20:16:45,717562183067,283688,100,24039,2025,52
1784722605.7493,20:16:45,717562227147,283688,100,24039,2025,52
1784722605.9493,20:16:45,717562261992,283688,100,24039,2025,52
1784722606.1493,20:16:46,717562292311,305522,100,24039,720,47
1784722606.3493,20:16:46,717562320758,305522,100,24039,720,47
1784722606.5493,20:16:46,717562346877,203750,100,24039,585,45
1784722606.7493,20:16:46,717562371948,203750,100,24039,585,45
1784722606.9493,20:16:46,717562397102,203750,100,24039,585,45
1784722607.1493,20:16:47,717562420323,149153,100,24039,450,44
1784722607.3493,20:16:47,717562440981,149153,100,24039,450,44
1784722607.5493,20:16:47,717562457892,125368,100,24039,315,42
1784722607.7493,20:16:47,717562475052,125368,100,24039,315,42
1784722607.9493,20:16:47,717562493666,125368,100,24039,315,42
1784722608.1493,20:16:48,717562565599,108145,100,24039,2520,47
1784722608.3493,20:16:48,717562640306,108145,100,24039,2520,47
1784722608.5493,20:16:48,717562714376,227812,100,24039,2685,56
1784722608.7493,20:16:48,717562781644,227812,100,24039,2685,56
1784722608.9493,20:16:48,717562839562,227812,100,24039,2685,56
1784722609.1493,20:16:49,717562894529,359042,100,24039,2355,53
1784722609.3493,20:16:49,717562942816,359042,100,24039,2355,53
1784722609.5493,20:16:49,717562985763,298886,100,24039,1065,49
1784722609.7493,20:16:49,717563024368,298886,100,24039,1065,49
1784722609.9493,20:16:49,717563056190,298886,100,24039,1065,49
1784722610.1493,20:16:50,717563088607,238220,100,24039,615,46
1784722610.3493,20:16:50,717563113810,238220,100,24039,615,46
1784722610.5493,20:16:50,717563132081,161060,100,24039,240,43
1784722610.7493,20:16:50,717563147689,161060,100,24039,240,43
1784722610.9493,20:16:50,717563161835,161060,100,24039,240,43
1784722611.1493,20:16:51,717563175845,108644,100,24039,210,42
1784722611.3493,20:16:51,717563189932,108644,100,24039,210,42
1784722611.5493,20:16:51,717563230875,107201,100,24039,2520,49
1784722611.7493,20:16:51,717563294864,107201,100,24039,2520,49
1784722611.9493,20:16:51,717563357507,107201,100,24039,2520,49
1784722612.1493,20:16:52,717563417234,225284,100,24039,1995,55
1784722612.3493,20:16:52,717563479853,225284,100,24039,1995,55
1784722612.5493,20:16:52,717563547597,343646,100,24039,2685,54
1784722612.7493,20:16:52,717563610785,343646,100,24039,2685,54
1784722612.9493,20:16:52,717563657985,343646,100,24039,2685,54
1784722613.1493,20:16:53,717563701339,316063,100,24039,1035,49
1784722613.3493,20:16:53,717563746004,316063,100,24039,1035,49
1784722613.5493,20:16:53,717563791043,269543,100,24039,1245,49
1784722613.7493,20:16:53,717563833043,269543,100,24039,1245,49
1784722613.9493,20:16:53,717563867539,269543,100,24039,1245,49
1784722614.1493,20:16:54,717563899241,223858,100,24039,765,47
1784722614.3493,20:16:54,717563925321,223858,100,24039,765,47
1784722614.5493,20:16:54,717563949240,177119,100,24039,240,44
1784722614.7493,20:16:54,717563968394,177119,100,24039,240,44
1784722614.9493,20:16:54,717563986523,177119,100,24039,240,44
1784722615.1493,20:16:55,717564002332,125092,100,24039,210,43
1784722615.3493,20:16:55,717564016168,125092,100,24039,210,43
1784722615.5493,20:16:55,717564029993,90813,100,24039,210,42
1784722615.7493,20:16:55,717564045949,90813,100,24039,210,42
1784722615.9493,20:16:55,717564063805,90813,100,24039,210,42
1784722616.1493,20:16:56,717564079960,85459,100,24039,210,42
1784722616.3493,20:16:56,717564093891,85459,100,24039,210,42
1784722616.5493,20:16:56,717564107783,84151,100,24039,225,42
1784722616.7493,20:16:56,717564125024,84151,100,24039,225,42
1784722616.9493,20:16:56,717564141658,84151,100,24039,225,42
1784722617.1493,20:16:57,717564161318,86946,100,24039,285,42
1784722617.3493,20:16:57,717564182644,86946,100,24039,285,42
1784722617.5493,20:16:57,717564204247,102887,100,24039,315,42
1784722617.7493,20:16:57,717564221255,102887,100,24039,315,42
1784722617.9493,20:16:57,717564239083,102887,100,24039,315,42
1784722618.1493,20:16:58,717564258678,106559,100,24039,420,43
1784722618.3493,20:16:58,717564309821,106559,100,24039,420,43
1784722618.5493,20:16:58,717564377473,182942,100,24039,2685,52
1784722618.7493,20:16:58,717564436896,182942,100,24039,2685,52
1784722618.9493,20:16:58,717564494313,182942,100,24039,2685,52
1784722619.1493,20:16:59,717564544336,281018,100,24039,2310,51
1784722619.3493,20:16:59,717564586525,281018,100,24039,2310,51
1784722619.5493,20:16:59,717564625114,294064,100,24039,945,48
1784722619.7493,20:16:59,717564655971,294064,100,24039,945,48
1784722619.9493,20:16:59,717564688738,294064,100,24039,945,48
1784722620.1493,20:17:00,717564711980,205805,100,24039,450,45
1784722620.3493,20:17:00,717564731592,205805,100,24039,450,45
1784722620.5493,20:17:00,717564748806,139873,100,24039,270,43
1784722620.7493,20:17:00,717564763384,139873,100,24039,270,43
1784722620.9493,20:17:00,717564777945,139873,100,24039,270,43
1784722621.1493,20:17:01,717564791733,94792,100,24039,225,42
1784722621.3493,20:17:01,717564808859,94792,100,24039,225,42
1784722621.5493,20:17:01,717564825071,84661,100,24039,315,42
1784722621.7493,20:17:01,717564858299,84661,100,24039,315,42
1784722621.9493,20:17:01,717564933034,84661,100,24039,315,42
1784722622.1493,20:17:02,717564997483,189143,100,24039,2685,54
1784722622.3493,20:17:02,717565055038,189143,100,24039,2685,54
1784722622.5493,20:17:02,717565092379,273121,100,24039,885,49
1784722622.7493,20:17:02,717565126738,273121,100,24039,885,49
1784722622.9493,20:17:02,717565154498,273121,100,24039,885,49
1784722623.1493,20:17:03,717565178127,232732,100,24039,540,45
1784722623.3493,20:17:03,717565199838,232732,100,24039,540,45
1784722623.5493,20:17:03,717565217737,143900,100,24039,210,43
1784722623.7493,20:17:03,717565234584,143900,100,24039,210,43
1784722623.9493,20:17:03,717565248764,143900,100,24039,210,43
1784722624.1493,20:17:04,717565262857,101341,100,24039,210,42
1784722624.3493,20:17:04,717565277585,101341,100,24039,210,42
1784722624.5493,20:17:04,717565295997,88048,100,24039,270,42
1784722624.7493,20:17:04,717565316778,88048,100,24039,270,42
1784722624.9493,20:17:04,717565335325,88048,100,24039,270,42
1784722625.1493,20:17:05,717565356104,98558,100,24039,345,43
1784722625.3493,20:17:05,717565379339,98558,100,24039,345,43
1784722625.5493,20:17:05,717565402383,116269,100,24039,465,43
1784722625.7493,20:17:05,717565422880,116269,100,24039,465,43
1784722625.9493,20:17:05,717565443934,116269,100,24039,465,43
1784722626.1493,20:17:06,717565467808,121453,100,24039,555,44
1784722626.3493,20:17:06,717565490896,121453,100,24039,555,44
1784722626.5493,20:17:06,717565520964,132769,100,24039,660,44
1784722626.7493,20:17:06,717565550428,132769,100,24039,660,44
1784722626.9493,20:17:06,717565579913,132769,100,24039,660,44
1784722627.1493,20:17:07,717565612773,155438,100,24039,645,45
1784722627.3493,20:17:07,717565646051,155438,100,24039,645,45
1784722627.5493,20:17:07,717565669736,160011,100,24039,465,44
1784722627.7493,20:17:07,717565690066,160011,100,24039,465,44
1784722627.9493,20:17:07,717565711152,160011,100,24039,465,44
1784722628.1493,20:17:08,717565732987,133122,100,24039,375,43
1784722628.3493,20:17:08,717565752683,133122,100,24039,375,43
1784722628.5493,20:17:08,717565777353,110170,100,24039,465,43
1784722628.7493,20:17:08,717565806687,110170,100,24039,465,43
1784722628.9493,20:17:08,717565836274,110170,100,24039,465,43
1784722629.1493,20:17:09,717565860660,127964,100,24039,540,44
1784722629.3493,20:17:09,717565884750,127964,100,24039,540,44
1784722629.5493,20:17:09,717565913011,139616,100,24039,630,44
1784722629.7493,20:17:09,717565941786,139616,100,24039,630,44
1784722629.9493,20:17:09,717565975090,139616,100,24039,630,44
1784722630.1493,20:17:10,717566001725,142517,100,24039,645,44
1784722630.3493,20:17:10,717566026861,142517,100,24039,645,44
1784722630.5493,20:17:10,717566058608,149957,100,24039,675,44
1784722630.7493,20:17:10,717566093065,149957,100,24039,675,44
1784722630.9493,20:17:10,717566121017,149957,100,24039,675,44
1784722631.1493,20:17:11,717566150227,147292,100,24039,630,45
1784722631.3493,20:17:11,717566181677,147292,100,24039,630,45
1784722631.5493,20:17:11,717566208583,154924,100,24039,645,44
1784722631.7493,20:17:11,717566234745,154924,100,24039,645,44
1784722631.9493,20:17:11,717566262438,154924,100,24039,645,44
1784722632.1493,20:17:12,717566289554,144718,100,24039,585,44
1784722632.3493,20:17:12,717566318209,144718,100,24039,585,44
1784722632.5493,20:17:12,717566349285,143270,100,24039,750,45
1784722632.7493,20:17:12,717566383487,143270,100,24039,750,45
1784722632.9493,20:17:12,717566415784,143270,100,24039,750,45
1784722633.1493,20:17:13,717566445755,157726,100,24039,765,45
1784722633.3493,20:17:13,717566479246,157726,100,24039,765,45
1784722633.5493,20:17:13,717566511386,167156,100,24039,735,45
1784722633.7493,20:17:13,717566544929,167156,100,24039,735,45
1784722633.9493,20:17:13,717566582407,167156,100,24039,735,45
1784722634.1493,20:17:14,717566618125,171985,100,24039,690,45
1784722634.3493,20:17:14,717566652294,171985,100,24039,690,45
1784722634.5493,20:17:14,717566681582,172008,100,24039,465,44
1784722634.7493,20:17:14,717566706164,172008,100,24039,465,44
1784722634.9493,20:17:14,717566728636,172008,100,24039,465,44
1784722635.1493,20:17:15,717566749161,145786,100,24039,240,42
1784722635.3493,20:17:15,717566769282,145786,100,24039,240,42
1784722635.5493,20:17:15,717566789358,113695,100,24039,240,42
1784722635.7493,20:17:15,717566809389,113695,100,24039,240,42
1784722635.9493,20:17:15,717566830321,113695,100,24039,240,42
1784722636.1493,20:17:16,717566852843,105016,100,24039,315,42
1784722636.3493,20:17:16,717566877300,105016,100,24039,315,42
1784722636.5493,20:17:16,717566903033,115551,100,24039,390,42
1784722636.7493,20:17:16,717566928662,115551,100,24039,390,42
1784722636.9493,20:17:16,717566953848,115551,100,24039,390,42
1784722637.1493,20:17:17,717566979000,127021,100,24039,375,42
1784722637.3493,20:17:17,717567004470,127021,100,24039,375,42
1784722637.5493,20:17:17,717567030097,130428,100,24039,390,43
1784722637.7493,20:17:17,717567055795,130428,100,24039,390,43
1784722637.9493,20:17:17,717567081473,130428,100,24039,390,43
1784722638.1493,20:17:18,717567106970,130756,100,24039,375,42
1784722638.3493,20:17:18,717567132449,130756,100,24039,375,42
1784722638.5493,20:17:18,717567157998,131131,100,24039,375,42
1784722638.7493,20:17:18,717567183623,131131,100,24039,375,42
1784722638.9493,20:17:18,717567209481,131131,100,24039,375,42
1784722639.1493,20:17:19,717567235454,131334,100,24039,390,42
1784722639.3493,20:17:19,717567261548,131334,100,24039,390,42
1784722639.5493,20:17:19,717567287168,132211,100,24039,375,42
1784722639.7493,20:17:19,717567312677,132211,100,24039,375,42
1784722639.9493,20:17:19,717567337963,132211,100,24039,375,42
1784722640.1493,20:17:20,717567361328,130823,100,24039,330,42
1784722640.3493,20:17:20,717567382886,130823,100,24039,330,42
1784722640.5493,20:17:20,717567404365,121035,100,24039,270,42
1784722640.7493,20:17:20,717567425863,121035,100,24039,270,42
1784722640.9493,20:17:20,717567447296,121035,100,24039,270,42
1784722641.1493,20:17:21,717567468754,111973,100,24039,270,41
1784722641.3493,20:17:21,717567490255,111973,100,24039,270,41
1784722641.5493,20:17:21,717567511867,110429,100,24039,285,41
1784722641.7493,20:17:21,717567534482,110429,100,24039,285,41
1784722641.9493,20:17:21,717567557502,110429,100,24039,285,41
1784722642.1493,20:17:22,717567580812,113767,100,24039,300,42
1784722642.3493,20:17:22,717567604275,113767,100,24039,300,42
1784722642.5493,20:17:22,717567629119,119489,100,24039,360,42
1784722642.7493,20:17:22,717567654151,119489,100,24039,360,42
1784722642.9493,20:17:22,717567679023,119489,100,24039,360,42
1784722643.1493,20:17:23,717567704175,125205,100,24039,375,42
1784722643.3493,20:17:23,717567729345,125205,100,24039,375,42
1784722643.5493,20:17:23,717567754456,129203,100,24039,375,42
1784722643.7493,20:17:23,717567779592,129203,100,24039,375,42
1784722643.9493,20:17:23,717567803186,129203,100,24039,375,42
1784722644.1493,20:17:24,717567826401,127392,100,24039,315,42
1784722644.3493,20:17:24,717567849570,127392,100,24039,315,42
1784722644.5493,20:17:24,717567872734,122664,100,24039,315,42
1784722644.7493,20:17:24,717567895802,122664,100,24039,315,42
1784722644.9493,20:17:24,717567918862,122664,100,24039,315,42
1784722645.1493,20:17:25,717567941939,119239,100,24039,315,42
1784722645.3493,20:17:25,717567965035,119239,100,24039,315,42
1784722645.5493,20:17:25,717567988471,119263,100,24039,330,41
1784722645.7493,20:17:25,717568011797,119263,100,24039,330,41
1784722645.9493,20:17:25,717568035369,119263,100,24039,330,41
1784722646.1493,20:17:26,717568058486,119992,100,24039,315,42
1784722646.3493,20:17:26,717568081542,119992,100,24039,315,42
1784722646.5493,20:17:26,717568104592,119965,100,24039,315,42
1784722646.7493,20:17:26,717568127662,119965,100,24039,315,42
1784722646.9493,20:17:26,717568149967,119965,100,24039,315,42
1784722647.1493,20:17:27,717568170853,117459,100,24039,255,41
1784722647.3493,20:17:27,717568191457,117459,100,24039,255,41
1784722647.5493,20:17:27,717568212356,112129,100,24039,330,41
1784722647.7493,20:17:27,717568235080,112129,100,24039,330,41
1784722647.9493,20:17:27,717568257978,112129,100,24039,330,41
1784722648.1493,20:17:28,717568280874,112363,100,24039,345,41
1784722648.3493,20:17:28,717568303730,112363,100,24039,345,41
1784722648.5493,20:17:28,717568326667,117591,100,24039,390,41
1784722648.7493,20:17:28,717568351435,117591,100,24039,390,41
1784722648.9493,20:17:28,717568375916,117591,100,24039,390,41
1784722649.1493,20:17:29,717568400372,122627,100,24039,390,42
1784722649.3493,20:17:29,717568424793,122627,100,24039,390,42
1784722649.5493,20:17:29,717568449199,126425,100,24039,390,42
1784722649.7493,20:17:29,717568473775,126425,100,24039,390,42
1784722649.9493,20:17:29,717568498149,126425,100,24039,390,42
1784722650.1493,20:17:30,717568522580,126706,100,24039,390,42
1784722650.3493,20:17:30,717568546966,126706,100,24039,390,42
1784722650.5493,20:17:30,717568569266,124620,100,24039,330,41
1784722650.7493,20:17:30,717568591505,124620,100,24039,330,41
1784722650.9493,20:17:30,717568613717,124620,100,24039,330,41
1784722651.1493,20:17:31,717568635961,119499,100,24039,330,41
1784722651.3493,20:17:31,717568658106,119499,100,24039,330,41
1784722651.5493,20:17:31,717568680390,115616,100,24039,330,41
1784722651.7493,20:17:31,717568703667,115616,100,24039,330,41
1784722651.9493,20:17:31,717568726030,115616,100,24039,330,41
1784722652.1493,20:17:32,717568747930,116714,100,24039,315,41
1784722652.3493,20:17:32,717568769777,116714,100,24039,315,41
1784722652.5493,20:17:32,717568791588,115835,100,24039,315,41
1784722652.7493,20:17:32,717568813374,115835,100,24039,315,41
1784722652.9493,20:17:32,717568835064,115835,100,24039,315,41
1784722653.1493,20:17:33,717568856763,113596,100,24039,315,41
1784722653.3493,20:17:33,717568878465,113596,100,24039,315,41
1784722653.5493,20:17:33,717568901113,114207,100,24039,360,41
1784722653.7493,20:17:33,717568925478,114207,100,24039,360,41
1784722653.9493,20:17:33,717568950796,114207,100,24039,360,41
1784722654.1493,20:17:34,717568976146,121985,100,24039,420,42
1784722654.3493,20:17:34,717569001550,121985,100,24039,420,42
1784722654.5493,20:17:34,717569026916,130577,100,24039,420,42
1784722654.7493,20:17:34,717569051528,130577,100,24039,420,42
1784722654.9493,20:17:34,717569075436,130577,100,24039,420,42
1784722655.1493,20:17:35,717569099722,129903,100,24039,390,42
1784722655.3493,20:17:35,717569124121,129903,100,24039,390,42
1784722655.5493,20:17:35,717569148516,127682,100,24039,390,41
1784722655.7493,20:17:35,717569172867,127682,100,24039,390,41
1784722655.9493,20:17:35,717569197210,127682,100,24039,390,41
1784722656.1493,20:17:36,717569221646,127557,100,24039,390,41
1784722656.3493,20:17:36,717569246049,127557,100,24039,390,41
1784722656.5493,20:17:36,717569270492,127776,100,24039,390,41
1784722656.7493,20:17:36,717569294764,127776,100,24039,390,41
1784722656.9493,20:17:36,717569318674,127776,100,24039,390,41
1784722657.1493,20:17:37,717569340989,126340,100,24039,330,41
1784722657.3493,20:17:37,717569363199,126340,100,24039,330,41
1784722657.5493,20:17:37,717569385674,121376,100,24039,330,41
1784722657.7493,20:17:37,717569407884,121376,100,24039,330,41
1784722657.9493,20:17:37,717569429998,121376,100,24039,330,41
1784722658.1493,20:17:38,717569452156,116805,100,24039,330,41
1784722658.3493,20:17:38,717569474279,116805,100,24039,330,41
1784722658.5493,20:17:38,717569496505,116657,100,24039,330,41
1784722658.7493,20:17:38,717569518622,116657,100,24039,330,41
1784722658.9493,20:17:38,717569540755,116657,100,24039,330,41
1784722659.1493,20:17:39,717569562910,116479,100,24039,330,41
1784722659.3493,20:17:39,717569585960,116479,100,24039,330,41
1784722659.5493,20:17:39,717569609037,118313,100,24039,300,41
1784722659.7493,20:17:39,717569632058,118313,100,24039,300,41
1784722659.9493,20:17:39,717569654966,118313,100,24039,300,41
1784722660.1493,20:17:40,717569677811,120316,100,24039,300,41
1784722660.3493,20:17:40,717569700839,120316,100,24039,300,41
1784722660.5493,20:17:40,717569723878,120979,100,24039,300,41
1784722660.7493,20:17:40,717569746841,120979,100,24039,300,41
1784722660.9493,20:17:40,717569768190,120979,100,24039,300,41
1784722661.1493,20:17:41,717569788462,118213,100,24039,225,41
1784722661.3493,20:17:41,717569808661,118213,100,24039,225,41
1784722661.5493,20:17:41,717569828904,111718,100,24039,225,41
1784722661.7493,20:17:41,717569850004,111718,100,24039,225,41
1784722661.9493,20:17:41,717569873242,111718,100,24039,225,41
1784722662.1493,20:17:42,717569897343,112547,100,24039,330,41
1784722662.3493,20:17:42,717569921977,112547,100,24039,330,41
1784722662.5493,20:17:42,717569946382,122688,100,24039,330,41
1784722662.7493,20:17:42,717569970546,122688,100,24039,330,41
1784722662.9493,20:17:42,717569994671,122688,100,24039,330,41
1784722663.1493,20:17:43,717570018861,128380,100,24039,330,41
1784722663.3493,20:17:43,717570043027,128380,100,24039,330,41
1784722663.5493,20:17:43,717570066228,126936,100,24039,285,41
1784722663.7493,20:17:43,717570087317,126936,100,24039,285,41
1784722663.9493,20:17:43,717570106903,126936,100,24039,285,41
1784722664.1493,20:17:44,717570126274,117493,100,24039,210,41
1784722664.3493,20:17:44,717570145556,117493,100,24039,210,41
1784722664.5493,20:17:44,717570164799,105917,100,24039,210,40
1784722664.7493,20:17:44,717570184021,105917,100,24039,210,40
1784722664.9493,20:17:44,717570203713,105917,100,24039,210,40
1784722665.1493,20:17:45,717570224720,102989,100,24039,210,40
1784722665.3493,20:17:45,717570248194,102989,100,24039,210,40
1784722665.5493,20:17:45,717570272064,112849,100,24039,225,41
1784722665.7493,20:17:45,717570296593,112849,100,24039,225,41
1784722665.9493,20:17:45,717570320743,112849,100,24039,225,41
1784722666.1493,20:17:46,717570344872,124649,100,24039,225,41
1784722666.3493,20:17:46,717570360685,124649,100,24039,225,41
1784722666.5493,20:17:46,717570369368,104834,0,24039,570,39
1784722666.7493,20:17:46,717570378461,104834,0,24039,570,39
1784722666.9493,20:17:46,717570390015,104834,0,24039,570,39
1784722667.1493,20:17:47,717570401492,71872,0,24039,2520,39
1784722667.3493,20:17:47,717570411731,71872,0,24039,2520,39
1784722667.5493,20:17:47,717570418147,65724,0,24039,2520,39
1784722667.7493,20:17:47,717570424582,65724,0,24039,2520,39
1784722667.9493,20:17:47,717570431019,65724,0,24039,2520,39
1784722668.1493,20:17:48,717570437435,65724,0,24039,2520,39
1784722668.3493,20:17:48,717570447629,65724,0,24039,2520,39
1784722668.5493,20:17:48,717570454023,60982,0,24039,2520,39
1784722668.7493,20:17:48,717570460443,60982,0,24039,2520,39
1784722668.9493,20:17:48,717570466841,60982,0,24039,2520,39
1784722669.1493,20:17:49,717570473189,60982,0,24039,2520,39
1784722669.3493,20:17:49,717570483302,60982,0,24039,2520,39
1784722669.5493,20:17:49,717570489675,60926,0,24039,2520,39
